ACCNUM,ObjectId,INVTYPE,INVAGE,INJURY,VEHTYPE,MANOEUVER,PEDESTRIAN,CYCLIST,AUTOMOBILE,MOTORCYCLE,TRUCK,TRSN_CITY_VEH,EMERG_VEH,PASSENGER,SPEEDING,AG_DRIV,REDLIGHT,ALCOHOL,DISABILITY,HOUR,TIME,VISIBILITY,LIGHT,collision_lat,collision_long
128407,4456,Driver,15 to 19,Major,"Automobile, Station Wagon",Going Ahead,0,0,1,0,0,0,0,1,1,1,0,0,0,21,2140,Clear,Dark,-79.1696,43.8541
128407,4457,Passenger,15 to 19,Major,"Automobile, Station Wagon",NULL,0,0,1,0,0,0,0,1,1,1,0,0,0,21,2140,Clear,Dark,-79.1696,43.8541
128407,4458,Passenger,15 to 19,Major,"Automobile, Station Wagon",NULL,0,0,1,0,0,0,0,1,1,1,0,0,0,21,2140,Clear,Dark,-79.1696,43.8541
180484,16557,Driver,55 to 59,None,"Automobile, Station Wagon",Going Ahead,1,0,1,0,0,0,0,1,0,0,0,0,0,19,1932,Rain,"Dark, artificial",-79.1817,43.7742
180484,16558,Passenger,50 to 54,None,NULL,NULL,1,0,1,0,0,0,0,1,0,0,0,0,0,19,1932,Rain,"Dark, artificial",-79.1817,43.7742
180484,16559,Pedestrian,75 to 79,Major,NULL,NULL,1,0,1,0,0,0,0,1,0,0,0,0,0,19,1932,Rain,"Dark, artificial",-79.1817,43.7742
484297,16189,Driver,40 to 44,Major,Municipal Transit Bus (TTC),Going Ahead,0,0,0,0,0,1,0,1,0,0,0,0,0,19,1940,Clear,"Dark, artificial",-79.482,43.6805
484297,16190,Passenger,60 to 64,Minor,NULL,NULL,0,0,0,0,0,1,0,1,0,0,0,0,0,19,1940,Clear,"Dark, artificial",-79.482,43.6805
568837,16210,Driver,20 to 24,None,"Automobile, Station Wagon",Going Ahead,1,0,1,0,0,0,0,0,0,1,0,0,0,21,2110,Rain,"Dark, artificial",-79.4173,43.7869
568837,16211,Pedestrian,70 to 74,Major,NULL,NULL,1,0,1,0,0,0,0,0,0,1,0,0,0,21,2110,Rain,"Dark, artificial",-79.4173,43.7869
656670,16224,Driver,25 to 29,Fatal,"Automobile, Station Wagon",Making U Turn,0,0,1,0,0,0,0,1,0,0,0,0,0,23,2310,Clear,"Dark, artificial",-79.5798,43.7622
656670,16225,Driver,50 to 54,Minor,"Automobile, Station Wagon",Going Ahead,0,0,1,0,0,0,0,1,0,0,0,0,0,23,2310,Clear,"Dark, artificial",-79.5798,43.7622
656670,16226,Passenger,50 to 54,Major,NULL,NULL,0,0,1,0,0,0,0,1,0,0,0,0,0,23,2310,Clear,"Dark, artificial",-79.5798,43.7622
656670,16227,Driver,35 to 39,Minor,"Automobile, Station Wagon",Going Ahead,0,0,1,0,0,0,0,1,0,0,0,0,0,23,2310,Clear,"Dark, artificial",-79.5798,43.7622
882079,641,Driver,50 to 54,None,"Automobile, Station Wagon",Going Ahead,1,0,1,0,0,0,0,0,0,0,0,0,0,22,2210,Clear,"Dark, artificial",-79.3478,43.777
882079,642,Pedestrian,25 to 29,Major,NULL,NULL,1,0,1,0,0,0,0,0,0,0,0,0,0,22,2210,Clear,"Dark, artificial",-79.3478,43.777
882497,650,Passenger,20 to 24,None,Other,NULL,1,0,1,0,0,0,0,1,0,1,0,0,0,18,1828,Clear,Dark,-79.558,43.7214
882497,651,Passenger,20 to 24,None,Other,NULL,1,0,1,0,0,0,0,1,0,1,0,0,0,18,1828,Clear,Dark,-79.558,43.7214
882497,652,Passenger,10 to 14,None,Other,NULL,1,0,1,0,0,0,0,1,0,1,0,0,0,18,1828,Clear,Dark,-79.558,43.7214
882497,654,Driver,20 to 24,None,"Automobile, Station Wagon",Going Ahead,1,0,1,0,0,0,0,1,0,1,0,0,0,18,1828,Clear,Dark,-79.558,43.7214
882497,655,Pedestrian,10 to 14,Fatal,Other,NULL,1,0,1,0,0,0,0,1,0,1,0,0,0,18,1828,Clear,Dark,-79.558,43.7214
884135,662,Driver,80 to 84,Minor,"Automobile, Station Wagon",Going Ahead,0,0,1,0,0,0,0,0,0,0,0,0,1,8,804,Clear,Daylight,-79.2512,43.7436
884135,663,Driver,55 to 59,Major,"Automobile, Station Wagon",Going Ahead,0,0,1,0,0,0,0,0,0,0,0,0,1,8,804,Clear,Daylight,-79.2512,43.7436
884310,687,Pedestrian,20 to 24,Major,Other,NULL,1,0,1,0,0,0,0,0,0,1,0,0,0,2,230,Clear,Dark,-79.1703,43.765
884310,689,Driver,30 to 34,None,"Automobile, Station Wagon",Going Ahead,1,0,1,0,0,0,0,0,0,1,0,0,0,2,230,Clear,Dark,-79.1703,43.765
885782,639,Driver,25 to 29,None,"Automobile, Station Wagon",Going Ahead,1,0,1,0,0,0,0,0,0,0,0,0,0,19,1940,Rain,Dark,-79.4335,43.6551
885782,640,Pedestrian,75 to 79,Major,Other,NULL,1,0,1,0,0,0,0,0,0,0,0,0,0,19,1940,Rain,Dark,-79.4335,43.6551
886175,16018,Motorcycle Driver,30 to 34,Fatal,Motorcycle,Going Ahead,0,0,0,1,0,0,0,0,0,0,0,0,0,21,2109,Clear,"Dark, artificial",-79.2341,43.8079
887427,314,Driver,50 to 54,None,"Automobile, Station Wagon",Going Ahead,1,0,1,0,0,0,0,0,0,0,0,0,0,13,1330,Clear,Daylight,-79.4903,43.6637
887427,315,Pedestrian,80 to 84,Major,Other,NULL,1,0,1,0,0,0,0,0,0,0,0,0,0,13,1330,Clear,Daylight,-79.4903,43.6637
888231,334,Pedestrian,55 to 59,Major,Other,NULL,1,0,1,0,0,0,0,0,0,1,0,0,0,9,925,Clear,Daylight,-79.3003,43.7125
888231,335,Vehicle Owner,unknown,None,Other,NULL,1,0,1,0,0,0,0,0,0,1,0,0,0,9,925,Clear,Daylight,-79.3003,43.7125
888231,336,Driver,70 to 74,None,"Automobile, Station Wagon",Turning Left,1,0,1,0,0,0,0,0,0,1,0,0,0,9,925,Clear,Daylight,-79.3003,43.7125
888497,343,Pedestrian,70 to 74,Fatal,Other,NULL,1,0,0,0,0,0,0,0,0,1,0,0,0,9,935,Clear,Daylight,-79.3446,43.6873
888497,345,Driver,50 to 54,None,NULL,Turning Left,1,0,0,0,0,0,0,0,0,1,0,0,0,9,935,Clear,Daylight,-79.3446,43.6873
891189,328,Vehicle Owner,unknown,None,Other,NULL,0,0,1,0,0,0,0,0,1,1,0,0,0,9,856,Clear,Daylight,-79.346,43.6823
891189,329,Driver,50 to 54,Major,"Automobile, Station Wagon",Going Ahead,0,0,1,0,0,0,0,0,1,1,0,0,0,9,856,Clear,Daylight,-79.346,43.6823
891189,330,Vehicle Owner,unknown,None,Other,NULL,0,0,1,0,0,0,0,0,1,1,0,0,0,9,856,Clear,Daylight,-79.346,43.6823
891189,331,Driver,45 to 49,Minimal,"Automobile, Station Wagon",Going Ahead,0,0,1,0,0,0,0,0,1,1,0,0,0,9,856,Clear,Daylight,-79.346,43.6823
891189,332,Other Property Owner,unknown,None,Other,NULL,0,0,1,0,0,0,0,0,1,1,0,0,0,9,856,Clear,Daylight,-79.346,43.6823
891189,333,Other Property Owner,unknown,None,Other,NULL,0,0,1,0,0,0,0,0,1,1,0,0,0,9,856,Clear,Daylight,-79.346,43.6823
893520,360,Vehicle Owner,unknown,None,Other,NULL,0,0,1,0,0,0,0,0,0,1,1,0,0,7,700,Clear,Daylight,-79.5588,43.628
893520,361,Driver,20 to 24,None,"Automobile, Station Wagon",Turning Left,0,0,1,0,0,0,0,0,0,1,1,0,0,7,700,Clear,Daylight,-79.5588,43.628
893520,362,Driver,25 to 29,Major,"Automobile, Station Wagon",Going Ahead,0,0,1,0,0,0,0,0,0,1,1,0,0,7,700,Clear,Daylight,-79.5588,43.628
893720,27,Driver,25 to 29,None,"Automobile, Station Wagon",Going Ahead,0,0,1,0,0,0,0,1,0,1,0,0,0,3,343,Clear,Dark,-79.4042,43.7749
893720,28,Passenger,15 to 19,Minimal,Other,Other,0,0,1,0,0,0,0,1,0,1,0,0,0,3,343,Clear,Dark,-79.4042,43.7749
893720,29,Passenger,20 to 24,Major,Other,Other,0,0,1,0,0,0,0,1,0,1,0,0,0,3,343,Clear,Dark,-79.4042,43.7749
893720,30,Passenger,15 to 19,Major,Other,Other,0,0,1,0,0,0,0,1,0,1,0,0,0,3,343,Clear,Dark,-79.4042,43.7749
893720,31,Vehicle Owner,unknown,None,Other,Other,0,0,1,0,0,0,0,1,0,1,0,0,0,3,343,Clear,Dark,-79.4042,43.7749
893720,32,Driver,15 to 19,Minimal,"Automobile, Station Wagon",Going Ahead,0,0,1,0,0,0,0,1,0,1,0,0,0,3,343,Clear,Dark,-79.4042,43.7749
895926,80,Driver,40 to 44,Major,"Automobile, Station Wagon",Going Ahead,0,0,1,0,0,0,0,0,0,0,0,1,0,2,230,Clear,Dark,-79.3555,43.7327
897664,529,Driver,55 to 59,None,Taxi,Going Ahead,1,0,1,0,0,0,0,0,0,0,0,0,0,20,2000,Clear,Dark,-79.384,43.6637
897664,531,Pedestrian,40 to 44,Fatal,Other,NULL,1,0,1,0,0,0,0,0,0,0,0,0,0,20,2000,Clear,Dark,-79.384,43.6637
898350,833,Cyclist,15 to 19,Fatal,Bicycle,Making U Turn,0,1,0,0,1,0,0,0,0,0,0,0,0,21,2053,Clear,Dark,-79.4909,43.7634
898350,835,Truck Driver,45 to 49,None,Truck - Open,Turning Right,0,1,0,0,1,0,0,0,0,0,0,0,0,21,2053,Clear,Dark,-79.4909,43.7634
900120,877,Driver,40 to 44,Minimal,"Automobile, Station Wagon",Going Ahead,0,0,1,0,0,0,0,1,1,1,0,0,0,21,2136,Clear,Dark,-79.5595,43.7581
900120,879,Passenger,40 to 44,Fatal,Other,NULL,0,0,1,0,0,0,0,1,1,1,0,0,0,21,2136,Clear,Dark,-79.5595,43.7581
900120,880,Passenger,40 to 44,Minor,"Automobile, Station Wagon",NULL,0,0,1,0,0,0,0,1,1,1,0,0,0,21,2136,Clear,Dark,-79.5595,43.7581
900756,894,Driver,65 to 69,None,"Automobile, Station Wagon",Turning Left,1,0,1,0,0,0,0,0,0,1,0,0,0,10,1032,Clear,Daylight,-79.4182,43.6498
900756,895,Pedestrian,70 to 74,Fatal,Other,NULL,1,0,1,0,0,0,0,0,0,1,0,0,0,10,1032,Clear,Daylight,-79.4182,43.6498
903839,888,Driver,40 to 44,Major,"Automobile, Station Wagon",Going Ahead,0,0,1,0,0,0,0,0,0,0,0,0,0,19,1900,Clear,Daylight,-79.4864,43.6952
903914,148,Passenger,15 to 19,None,Other,NULL,1,0,1,0,0,0,0,1,1,1,0,0,0,2,150,Rain,Dark,-79.3112,43.6819
903914,149,Passenger,25 to 29,None,Other,NULL,1,0,1,0,0,0,0,1,1,1,0,0,0,2,150,Rain,Dark,-79.3112,43.6819
903914,150,Vehicle Owner,unknown,None,Other,NULL,1,0,1,0,0,0,0,1,1,1,0,0,0,2,150,Rain,Dark,-79.3112,43.6819
903914,151,Driver,20 to 24,None,"Automobile, Station Wagon",Going Ahead,1,0,1,0,0,0,0,1,1,1,0,0,0,2,150,Rain,Dark,-79.3112,43.6819
903914,152,Pedestrian,20 to 24,Major,Other,NULL,1,0,1,0,0,0,0,1,1,1,0,0,0,2,150,Rain,Dark,-79.3112,43.6819
904107,899,Driver,40 to 44,Major,"Automobile, Station Wagon",Going Ahead,0,0,1,0,0,0,0,0,0,0,0,0,1,15,1520,Clear,Daylight,-79.2387,43.7938
904107,900,Other Property Owner,unknown,None,Other,NULL,0,0,1,0,0,0,0,0,0,0,0,0,1,15,1520,Clear,Daylight,-79.2387,43.7938
904441,107,Passenger,55 to 59,Minor,Other,NULL,0,0,1,0,0,0,0,1,0,0,0,0,0,15,1452,Clear,Daylight,-79.5275,43.6675
904441,108,Driver,65 to 69,Major,"Automobile, Station Wagon",Going Ahead,0,0,1,0,0,0,0,1,0,0,0,0,0,15,1452,Clear,Daylight,-79.5275,43.6675
905761,188,Motorcycle Driver,25 to 29,Fatal,Motorcycle,Going Ahead,0,0,0,1,0,0,0,0,0,1,0,0,0,23,2328,Clear,Dark,-79.366,43.6716
909071,484,Driver,30 to 34,Major,"Automobile, Station Wagon",Changing Lanes,0,0,1,0,0,0,0,0,0,0,0,0,0,23,2308,Clear,Dark,-79.6022,43.7188
909071,485,Driver,unknown,None,"Automobile, Station Wagon",Changing Lanes,0,0,1,0,0,0,0,0,0,0,0,0,0,23,2308,Clear,Dark,-79.6022,43.7188
909380,430,Passenger,40 to 44,Minor,Other,NULL,0,0,1,0,1,0,0,1,0,0,0,0,1,8,831,Clear,Daylight,-79.2428,43.8112
26294,16402,Pedestrian,65 to 69,Fatal,NULL,NULL,1,0,1,0,0,0,0,0,0,0,0,0,0,22,2214,Clear,"Dark, artificial",-79.3755,43.6595
26294,16407,Driver,20 to 24,None,"Automobile, Station Wagon",Going Ahead,1,0,1,0,0,0,0,0,0,0,0,0,0,22,2214,Clear,"Dark, artificial",-79.3755,43.6595
74293,16524,Driver,40 to 44,None,"Automobile, Station Wagon",Turning Left,1,0,1,0,0,0,0,0,0,1,0,0,0,19,1938,Rain,"Dark, artificial",-79.5027,43.6919
74293,16525,Pedestrian,70 to 74,Major,NULL,NULL,1,0,1,0,0,0,0,0,0,1,0,0,0,19,1938,Rain,"Dark, artificial",-79.5027,43.6919
139578,16552,Truck Driver,50 to 54,None,Truck-Tractor,Turning Right,1,0,0,0,1,0,0,0,0,1,0,0,0,7,701,Clear,"Dark, artificial",-79.4744,43.7767
139578,16553,Pedestrian,25 to 29,Fatal,NULL,NULL,1,0,0,0,1,0,0,0,0,1,0,0,0,7,701,Clear,"Dark, artificial",-79.4744,43.7767
202070,16564,Pedestrian,60 to 64,Fatal,NULL,NULL,1,0,1,0,0,0,0,0,0,0,0,0,0,16,1634,Clear,Daylight,-79.3445,43.7368
202070,16565,Driver,25 to 29,Minimal,"Automobile, Station Wagon",Going Ahead,1,0,1,0,0,0,0,0,0,0,0,0,0,16,1634,Clear,Daylight,-79.3445,43.7368
450742,16179,Driver,55 to 59,None,"Automobile, Station Wagon",Going Ahead,1,0,1,0,0,0,0,0,0,1,0,0,0,15,1520,Rain,Daylight,-79.3028,43.6832
450742,16180,Pedestrian,10 to 14,Major,NULL,NULL,1,0,1,0,0,0,0,0,0,1,0,0,0,15,1520,Rain,Daylight,-79.3028,43.6832
450834,16181,Driver,35 to 39,None,"Automobile, Station Wagon",Turning Left,1,0,1,0,0,0,0,1,0,0,0,0,0,15,1532,Rain,Daylight,-79.5135,43.6468
450834,16183,Pedestrian,25 to 29,Major,NULL,NULL,1,0,1,0,0,0,0,1,0,0,0,0,0,15,1532,Rain,Daylight,-79.5135,43.6468
450834,16182,Passenger,5 to 9,None,NULL,NULL,1,0,1,0,0,0,0,1,0,0,0,0,0,15,1532,Rain,Daylight,-79.5135,43.6468
500879,16192,Driver,40 to 44,None,"Automobile, Station Wagon",Going Ahead,1,0,1,0,0,0,0,0,0,0,0,0,0,6,632,Rain,"Dark, artificial",-79.4256,43.6816
500879,16193,Pedestrian,20 to 24,Major,NULL,NULL,1,0,1,0,0,0,0,0,0,0,0,0,0,6,632,Rain,"Dark, artificial",-79.4256,43.6816
562879,16202,Driver,unknown,None,"Automobile, Station Wagon",Going Ahead,1,0,1,0,0,0,0,1,0,0,0,0,0,21,2105,Rain,Dark,-79.1735,43.7764
562879,16203,Pedestrian,55 to 59,Major,NULL,NULL,1,0,1,0,0,0,0,1,0,0,0,0,0,21,2105,Rain,Dark,-79.1735,43.7764
562879,16204,Passenger,20 to 24,None,NULL,NULL,1,0,1,0,0,0,0,1,0,0,0,0,0,21,2105,Rain,Dark,-79.1735,43.7764
887637,318,Driver,50 to 54,None,"Automobile, Station Wagon",Turning Left,1,0,1,0,0,0,0,0,0,0,0,0,0,15,1500,Clear,Daylight,-79.5955,43.6867
887637,319,Pedestrian,80 to 84,Major,Other,NULL,1,0,1,0,0,0,0,0,0,0,0,0,0,15,1500,Clear,Daylight,-79.5955,43.6867
888639,346,Driver,40 to 44,Major,"Automobile, Station Wagon",Going Ahead,0,0,1,0,0,0,0,0,1,1,0,0,0,6,620,Snow,Daylight,-79.56,43.7255
888639,347,Other Property Owner,unknown,None,Other,NULL,0,0,1,0,0,0,0,0,1,1,0,0,0,6,620,Snow,Daylight,-79.56,43.7255
892658,1,Driver,unknown,None,"Automobile, Station Wagon",Turning Left,1,0,1,0,0,0,0,0,0,1,0,0,0,9,852,Clear,Daylight,-79.4524,43.6563
892658,2,Pedestrian,65 to 69,Fatal,Other,NULL,1,0,1,0,0,0,0,0,0,1,0,0,0,9,852,Clear,Daylight,-79.4524,43.6563
892810,3,Motorcycle Driver,45 to 49,Fatal,Motorcycle,Turning Right,0,0,1,1,0,0,0,0,0,1,1,0,0,9,915,Clear,Daylight,-79.1997,43.8019
892810,4,Driver,unknown,None,"Automobile, Station Wagon",Going Ahead,0,0,1,1,0,0,0,0,0,1,1,0,0,9,915,Clear,Daylight,-79.1997,43.8019
894030,46,Passenger,20 to 24,Minimal,Other,NULL,0,0,1,0,0,0,0,1,0,1,0,0,0,21,2100,Clear,Dark,-79.494,43.7049
894030,47,Driver,25 to 29,Major,"Automobile, Station Wagon",Slowing or Stopping,0,0,1,0,0,0,0,1,0,1,0,0,0,21,2100,Clear,Dark,-79.494,43.7049
894030,48,Driver,30 to 34,None,"Automobile, Station Wagon",Going Ahead,0,0,1,0,0,0,0,1,0,1,0,0,0,21,2100,Clear,Dark,-79.494,43.7049
895818,75,Driver,55 to 59,Major,"Automobile, Station Wagon",Going Ahead,0,0,1,0,0,0,0,0,0,0,0,0,1,17,1717,Clear,Daylight,-79.3357,43.713
895818,76,Other Property Owner,unknown,None,Other,NULL,0,0,1,0,0,0,0,0,0,0,0,0,1,17,1717,Clear,Daylight,-79.3357,43.713
897313,414,Pedestrian,40 to 44,Major,Other,NULL,1,0,1,0,0,0,0,0,0,0,0,0,0,18,1813,Rain,Dark,-79.5978,43.7223
897313,308,Vehicle Owner,unknown,None,Other,NULL,1,0,1,0,0,0,0,0,0,0,0,0,0,18,1813,Rain,Dark,-79.5978,43.7223
897313,311,Driver,25 to 29,None,"Automobile, Station Wagon",Going Ahead,1,0,1,0,0,0,0,0,0,0,0,0,0,18,1813,Rain,Dark,-79.5978,43.7223
897456,37,Other Property Owner,unknown,None,Other,NULL,0,0,1,0,0,0,0,1,1,1,0,0,0,2,207,Clear,Dark,-79.4586,43.6744
897456,35,Passenger,25 to 29,Major,Other,NULL,0,0,1,0,0,0,0,1,1,1,0,0,0,2,207,Clear,Dark,-79.4586,43.6744
897456,36,Driver,25 to 29,Minor,"Automobile, Station Wagon",Going Ahead,0,0,1,0,0,0,0,1,1,1,0,0,0,2,207,Clear,Dark,-79.4586,43.6744
898340,830,Truck Driver,50 to 54,None,Truck - Open,Turning Right,0,1,0,0,1,0,0,0,0,0,0,0,0,8,843,Clear,Daylight,-79.4117,43.713
898340,831,Cyclist,45 to 49,Fatal,Bicycle,Going Ahead,0,1,0,0,1,0,0,0,0,0,0,0,0,8,843,Clear,Daylight,-79.4117,43.713
898801,840,Passenger,25 to 29,Major,Other,Other,0,0,1,0,0,0,0,1,0,0,0,0,0,1,119,Clear,Dark,-79.1916,43.7995
898801,839,Passenger,20 to 24,Minimal,Other,Other,0,0,1,0,0,0,0,1,0,0,0,0,0,1,119,Clear,Dark,-79.1916,43.7995
898801,841,Vehicle Owner,unknown,None,Other,Going Ahead,0,0,1,0,0,0,0,1,0,0,0,0,0,1,119,Clear,Dark,-79.1916,43.7995
898801,842,Driver,25 to 29,Minimal,"Automobile, Station Wagon",Going Ahead,0,0,1,0,0,0,0,1,0,0,0,0,0,1,119,Clear,Dark,-79.1916,43.7995
899126,59,Driver,35 to 39,Major,"Automobile, Station Wagon",Going Ahead,0,0,1,0,0,0,0,0,0,0,0,0,0,16,1614,Clear,Daylight,-79.4557,43.6777
899126,60,Other Property Owner,unknown,None,Other,NULL,0,0,1,0,0,0,0,0,0,0,0,0,0,16,1614,Clear,Daylight,-79.4557,43.6777
899126,61,Other Property Owner,unknown,None,Other,NULL,0,0,1,0,0,0,0,0,0,0,0,0,0,16,1614,Clear,Daylight,-79.4557,43.6777
899369,62,Driver,45 to 49,None,"Automobile, Station Wagon",Going Ahead,1,0,1,0,0,0,0,0,0,0,0,0,0,16,1640,Clear,Daylight,-79.4176,43.6637
899369,63,Pedestrian,70 to 74,Major,Other,NULL,1,0,1,0,0,0,0,0,0,0,0,0,0,16,1640,Clear,Daylight,-79.4176,43.6637
901141,101,Driver,40 to 44,Minor,"Automobile, Station Wagon",Stopped,0,0,1,0,0,0,0,1,0,0,0,0,1,18,1830,Clear,Daylight,-79.4066,43.7441
901141,103,Driver,25 to 29,Minor,"Automobile, Station Wagon",Going Ahead,0,0,1,0,0,0,0,1,0,0,0,0,1,18,1830,Clear,Daylight,-79.4066,43.7441
901141,104,Driver,90 to 94,Major,"Automobile, Station Wagon",Turning Left,0,0,1,0,0,0,0,1,0,0,0,0,1,18,1830,Clear,Daylight,-79.4066,43.7441
901141,911,Passenger,65 to 69,Minor,Other,NULL,0,0,1,0,0,0,0,1,0,0,0,0,1,18,1830,Clear,Daylight,-79.4066,43.7441
901382,111,Vehicle Owner,unknown,None,Other,NULL,0,0,1,0,0,0,0,0,0,0,0,0,0,20,1950,Clear,Dark,-79.3861,43.7091
901382,112,Driver,55 to 59,Major,"Automobile, Station Wagon",Going Ahead,0,0,1,0,0,0,0,0,0,0,0,0,0,20,1950,Clear,Dark,-79.3861,43.7091
901382,113,Driver,55 to 59,None,"Automobile, Station Wagon",Slowing or Stopping,0,0,1,0,0,0,0,0,0,0,0,0,0,20,1950,Clear,Dark,-79.3861,43.7091
901809,536,Driver,45 to 49,Major,"Automobile, Station Wagon",Going Ahead,0,0,1,0,0,0,0,1,0,0,0,0,0,0,10,Clear,Dark,-79.5111,43.7585
901809,541,Passenger,15 to 19,Minor,Other,Other,0,0,1,0,0,0,0,1,0,0,0,0,0,0,10,Clear,Dark,-79.5111,43.7585
901809,633,Driver,20 to 24,Minimal,"Automobile, Station Wagon",Going Ahead,0,0,1,0,0,0,0,1,0,0,0,0,0,0,10,Clear,Dark,-79.5111,43.7585
907900,159,Driver,45 to 49,Minor,"Automobile, Station Wagon",Turning Left,0,0,1,0,0,0,0,0,0,1,1,0,0,6,622,Clear,Daylight,-79.5932,43.6721
907900,160,Driver,20 to 24,Major,"Automobile, Station Wagon",Going Ahead,0,0,1,0,0,0,0,0,0,1,1,0,0,6,622,Clear,Daylight,-79.5932,43.6721
908702,167,Passenger,10 to 14,Major,Other,NULL,0,0,1,0,0,0,0,1,1,1,0,1,0,24,2358,Clear,Dark,-79.5211,43.7633
908702,168,Passenger,20 to 24,Minor,Other,NULL,0,0,1,0,0,0,0,1,1,1,0,1,0,24,2358,Clear,Dark,-79.5211,43.7633
908702,169,Other Property Owner,unknown,None,Other,NULL,0,0,1,0,0,0,0,1,1,1,0,1,0,24,2358,Clear,Dark,-79.5211,43.7633
908702,170,Other Property Owner,unknown,None,Other,NULL,0,0,1,0,0,0,0,1,1,1,0,1,0,24,2358,Clear,Dark,-79.5211,43.7633
908702,171,Driver,25 to 29,Minor,"Automobile, Station Wagon",Going Ahead,0,0,1,0,0,0,0,1,1,1,0,1,0,24,2358,Clear,Dark,-79.5211,43.7633
909606,189,Passenger,15 to 19,Minor,Other,NULL,0,0,1,0,0,0,0,1,0,1,0,1,0,12,1203,Clear,Daylight,-79.2383,43.7388
909606,190,Passenger,15 to 19,Minor,Other,NULL,0,0,1,0,0,0,0,1,0,1,0,1,0,12,1203,Clear,Daylight,-79.2383,43.7388
909606,191,Passenger,15 to 19,Major,Other,NULL,0,0,1,0,0,0,0,1,0,1,0,1,0,12,1203,Clear,Daylight,-79.2383,43.7388
909606,192,Driver,20 to 24,Major,"Automobile, Station Wagon",Going Ahead,0,0,1,0,0,0,0,1,0,1,0,1,0,12,1203,Clear,Daylight,-79.2383,43.7388
909606,193,Driver,25 to 29,None,"Automobile, Station Wagon",Turning Left,0,0,1,0,0,0,0,1,0,1,0,1,0,12,1203,Clear,Daylight,-79.2383,43.7388
910258,441,Motorcycle Driver,50 to 54,Major,Motorcycle,Changing Lanes,0,0,0,1,0,0,0,0,0,0,0,0,0,23,2340,Rain,Dark,-79.3574,43.6561
910951,458,Driver,30 to 34,None,"Automobile, Station Wagon",Turning Left,1,0,1,0,0,0,0,0,1,1,0,0,0,21,2124,Clear,Dark,-79.6,43.7429
910951,459,Pedestrian,55 to 59,Major,Other,NULL,1,0,1,0,0,0,0,0,1,1,0,0,0,21,2124,Clear,Dark,-79.6,43.7429
912714,246,Passenger,20 to 24,Major,Other,NULL,0,0,1,0,0,0,0,1,0,1,1,0,0,1,127,Clear,Dark,-79.3806,43.6409
912714,247,Driver,25 to 29,Major,"Automobile, Station Wagon",Going Ahead,0,0,1,0,0,0,0,1,0,1,1,0,0,1,127,Clear,Dark,-79.3806,43.6409
912714,248,Passenger,25 to 29,Minor,Other,NULL,0,0,1,0,0,0,0,1,0,1,1,0,0,1,127,Clear,Dark,-79.3806,43.6409
912714,249,Driver,20 to 24,Minimal,"Automobile, Station Wagon",Going Ahead,0,0,1,0,0,0,0,1,0,1,1,0,0,1,127,Clear,Dark,-79.3806,43.6409
916031,729,Driver,30 to 34,None,"Automobile, Station Wagon",Turning Left,0,0,1,0,0,0,0,0,0,0,0,0,0,17,1715,Rain,Daylight,-79.4914,43.6598
916031,728,Driver,30 to 34,Major,"Automobile, Station Wagon",Going Ahead,0,0,1,0,0,0,0,0,0,0,0,0,0,17,1715,Rain,Daylight,-79.4914,43.6598
917426,816,Driver,unknown,None,"Automobile, Station Wagon",Turning Left,1,0,1,0,0,0,0,0,0,1,0,0,0,21,2110,Clear,Dark,-79.5981,43.7352
917426,817,Pedestrian,70 to 74,Major,Other,NULL,1,0,1,0,0,0,0,0,0,1,0,0,0,21,2110,Clear,Dark,-79.5981,43.7352
917526,268,Vehicle Owner,unknown,None,Other,NULL,0,0,1,0,0,0,0,1,0,0,0,0,0,13,1313,Clear,Daylight,-79.5953,43.7442
917526,269,Driver,25 to 29,Minimal,"Automobile, Station Wagon",Going Ahead,0,0,1,0,0,0,0,1,0,0,0,0,0,13,1313,Clear,Daylight,-79.5953,43.7442
917526,270,Passenger,15 to 19,Major,Other,NULL,0,0,1,0,0,0,0,1,0,0,0,0,0,13,1313,Clear,Daylight,-79.5953,43.7442
917526,271,Vehicle Owner,unknown,None,Other,NULL,0,0,1,0,0,0,0,1,0,0,0,0,0,13,1313,Clear,Daylight,-79.5953,43.7442
917526,272,Driver,35 to 39,Minimal,"Automobile, Station Wagon",Turning Left,0,0,1,0,0,0,0,1,0,0,0,0,0,13,1313,Clear,Daylight,-79.5953,43.7442
25301,16396,Pedestrian,65 to 69,Major,NULL,NULL,1,0,1,0,0,0,0,0,0,0,0,0,0,19,1850,Rain,Dark,-79.3771,43.7109
25301,16392,Driver,75 to 79,None,"Automobile, Station Wagon",Going Ahead,1,0,1,0,0,0,0,0,0,0,0,0,0,19,1850,Rain,Dark,-79.3771,43.7109
66893,16519,Driver,55 to 59,None,"Automobile, Station Wagon",Turning Left,1,0,1,0,0,0,0,0,0,1,0,0,0,17,1721,Rain,"Dark, artificial",-79.3481,43.6806
66893,16520,Pedestrian,40 to 44,Major,NULL,NULL,1,0,1,0,0,0,0,0,0,1,0,0,0,17,1721,Rain,"Dark, artificial",-79.3481,43.6806
75272,16526,Driver,20 to 24,None,"Automobile, Station Wagon",Going Ahead,1,0,1,0,0,0,0,1,0,0,0,0,0,23,2257,Rain,"Dark, artificial",-79.4385,43.6789
75272,16527,Passenger,15 to 19,None,NULL,NULL,1,0,1,0,0,0,0,1,0,0,0,0,0,23,2257,Rain,"Dark, artificial",-79.4385,43.6789