ACCNUM,ObjectId,INVTYPE,INVAGE,INJURY,VEHTYPE,MANOEUVER,PEDESTRIAN,CYCLIST,AUTOMOBILE,MOTORCYCLE,TRUCK,TRSN_CITY_VEH,EMERG_VEH,PASSENGER,SPEEDING,AG_DRIV,REDLIGHT,ALCOHOL,DISABILITY,HOUR,TIME,VISIBILITY,LIGHT,collision_lat,collision_long
75272,16528,Passenger,15 to 19,None,NULL,NULL,1,0,1,0,0,0,0,1,0,0,0,0,0,23,2257,Rain,"Dark, artificial",-79.4385,43.6789
75272,16529,Passenger,10 to 14,None,NULL,NULL,1,0,1,0,0,0,0,1,0,0,0,0,0,23,2257,Rain,"Dark, artificial",-79.4385,43.6789
75272,16530,Pedestrian,55 to 59,Major,NULL,NULL,1,0,1,0,0,0,0,1,0,0,0,0,0,23,2257,Rain,"Dark, artificial",-79.4385,43.6789
76304,16531,Driver,30 to 34,Minor,"Automobile, Station Wagon",Going Ahead,1,0,1,0,0,0,0,0,0,0,0,0,0,3,330,Rain,"Dark, artificial",-79.3886,43.6438
76304,16532,Pedestrian,20 to 24,Major,NULL,NULL,1,0,1,0,0,0,0,0,0,0,0,0,0,3,330,Rain,"Dark, artificial",-79.3886,43.6438
105298,16538,Driver,60 to 64,None,Pick Up Truck,Turning Left,1,0,1,0,0,0,0,0,0,1,0,0,0,5,540,Rain,"Dark, artificial",-79.1848,43.7647
105298,16539,Pedestrian,65 to 69,Major,NULL,NULL,1,0,1,0,0,0,0,0,0,1,0,0,0,5,540,Rain,"Dark, artificial",-79.1848,43.7647
117822,16540,Driver,60 to 64,None,"Automobile, Station Wagon",Going Ahead,0,0,1,0,0,0,0,1,0,1,0,0,0,19,1915,Clear,Daylight,-79.3882,43.7674
117822,16541,Driver,30 to 34,Minor,"Automobile, Station Wagon",Slowing or Stopping,0,0,1,0,0,0,0,1,0,1,0,0,0,19,1915,Clear,Daylight,-79.3882,43.7674
117822,16542,Driver,40 to 44,None,"Automobile, Station Wagon",Slowing or Stopping,0,0,1,0,0,0,0,1,0,1,0,0,0,19,1915,Clear,Daylight,-79.3882,43.7674
117822,16543,Driver,30 to 34,Major,"Automobile, Station Wagon",Stopped,0,0,1,0,0,0,0,1,0,1,0,0,0,19,1915,Clear,Daylight,-79.3882,43.7674
117822,16544,Passenger,25 to 29,None,"Automobile, Station Wagon",NULL,0,0,1,0,0,0,0,1,0,1,0,0,0,19,1915,Clear,Daylight,-79.3882,43.7674
169709,16556,Truck Driver,25 to 29,Major,"Truck - Closed (Blazer, etc)",Going Ahead,0,0,0,0,1,0,0,0,0,0,0,0,0,5,505,Rain,"Dark, artificial",-79.3671,43.6463
220239,16575,Driver,35 to 39,Minimal,"Automobile, Station Wagon",Going Ahead,1,0,1,0,0,0,0,0,0,0,0,0,0,2,231,Clear,"Dark, artificial",-79.3778,43.649
220239,16576,Pedestrian,20 to 24,Major,NULL,NULL,1,0,1,0,0,0,0,0,0,0,0,0,0,2,231,Clear,"Dark, artificial",-79.3778,43.649
270261,16588,Driver,50 to 54,None,"Automobile, Station Wagon",Going Ahead,1,0,1,0,0,0,0,0,0,0,0,0,0,19,1915,Clear,"Dark, artificial",-79.5081,43.719
270261,16589,Pedestrian,50 to 54,Major,NULL,NULL,1,0,1,0,0,0,0,0,0,0,0,0,0,19,1915,Clear,"Dark, artificial",-79.5081,43.719
316011,16593,Driver,30 to 34,None,"Automobile, Station Wagon",Going Ahead,1,0,1,0,0,0,0,0,0,1,0,0,0,23,2345,Clear,"Dark, artificial",-79.3777,43.6429
316011,16594,Pedestrian,30 to 34,Major,NULL,NULL,1,0,1,0,0,0,0,0,0,1,0,0,0,23,2345,Clear,"Dark, artificial",-79.3777,43.6429
332841,16595,Driver,70 to 74,None,"Automobile, Station Wagon",Going Ahead,0,0,1,0,0,0,0,1,0,1,0,0,0,11,1130,Clear,Daylight,-79.4016,43.802
332841,16596,Driver,25 to 29,Major,"Automobile, Station Wagon",Slowing or Stopping,0,0,1,0,0,0,0,1,0,1,0,0,0,11,1130,Clear,Daylight,-79.4016,43.802
332841,16597,Driver,30 to 34,Minor,"Automobile, Station Wagon",Going Ahead,0,0,1,0,0,0,0,1,0,1,0,0,0,11,1130,Clear,Daylight,-79.4016,43.802
332841,16598,Driver,60 to 64,None,Pick Up Truck,Stopped,0,0,1,0,0,0,0,1,0,1,0,0,0,11,1130,Clear,Daylight,-79.4016,43.802
332841,16599,Passenger,75 to 79,None,"Automobile, Station Wagon",NULL,0,0,1,0,0,0,0,1,0,1,0,0,0,11,1130,Clear,Daylight,-79.4016,43.802
382209,16150,Driver,45 to 49,Major,"Automobile, Station Wagon",Going Ahead,0,0,1,0,0,0,0,0,0,1,1,0,0,7,707,Clear,Daylight,-79.3434,43.7371
382209,16157,Driver,25 to 29,Minor,"Automobile, Station Wagon",Going Ahead,0,0,1,0,0,0,0,0,0,1,1,0,0,7,707,Clear,Daylight,-79.3434,43.7371
401654,16161,Driver,55 to 59,None,"Automobile, Station Wagon",Going Ahead,1,0,1,0,0,0,0,0,0,0,0,0,0,21,2105,Clear,"Dark, artificial",-79.463,43.6734
401654,16162,Pedestrian,65 to 69,Major,NULL,NULL,1,0,1,0,0,0,0,0,0,0,0,0,0,21,2105,Clear,"Dark, artificial",-79.463,43.6734
540779,16199,Cyclist,50 to 54,Major,Bicycle,Turning Left,0,1,1,0,0,0,0,1,0,0,0,0,0,15,1523,Clear,Daylight,-79.2403,43.7181
540779,16201,Passenger,20 to 24,None,NULL,NULL,0,1,1,0,0,0,0,1,0,0,0,0,0,15,1523,Clear,Daylight,-79.2403,43.7181
540779,16200,Driver,20 to 24,None,"Automobile, Station Wagon",Going Ahead,0,1,1,0,0,0,0,1,0,0,0,0,0,15,1523,Clear,Daylight,-79.2403,43.7181
598639,16214,Driver,60 to 64,None,"Automobile, Station Wagon",Going Ahead,1,0,1,0,0,0,0,0,0,0,0,0,0,5,524,Clear,Daylight,-79.3044,43.7188
598639,16215,Pedestrian,55 to 59,Major,NULL,NULL,1,0,1,0,0,0,0,0,0,0,0,0,0,5,524,Clear,Daylight,-79.3044,43.7188
657926,16228,Driver,25 to 29,None,"Automobile, Station Wagon",Going Ahead,0,1,1,0,0,0,0,0,1,1,0,0,0,7,715,Clear,Daylight,-79.5695,43.7265
657926,16229,Cyclist,55 to 59,Major,Bicycle,Going Ahead,0,1,1,0,0,0,0,0,1,1,0,0,0,7,715,Clear,Daylight,-79.5695,43.7265
658260,16230,Driver,20 to 24,Major,"Automobile, Station Wagon",Going Ahead,0,0,1,0,0,1,0,1,0,1,1,0,0,9,917,Clear,Daylight,-79.4864,43.7447
658260,16231,Driver,55 to 59,Minimal,Municipal Transit Bus (TTC),Going Ahead,0,0,1,0,0,1,0,1,0,1,1,0,0,9,917,Clear,Daylight,-79.4864,43.7447
658260,16232,Passenger,20 to 24,Major,"Automobile, Station Wagon",NULL,0,0,1,0,0,1,0,1,0,1,1,0,0,9,917,Clear,Daylight,-79.4864,43.7447
778481,16237,Cyclist,55 to 59,Major,Bicycle,Going Ahead,0,1,1,0,0,0,0,0,0,0,0,0,0,13,1345,Clear,Daylight,-79.1892,43.7759
778481,16238,Driver,15 to 19,None,"Automobile, Station Wagon",Turning Right,0,1,1,0,0,0,0,0,0,0,0,0,0,13,1345,Clear,Daylight,-79.1892,43.7759
865160,16016,Driver,35 to 39,None,Pick Up Truck,Turning Left,1,0,1,0,0,0,0,0,0,0,0,0,0,7,700,Clear,Daylight,-79.2093,43.7459
865160,16017,Pedestrian,55 to 59,Major,NULL,NULL,1,0,1,0,0,0,0,0,0,0,0,0,0,7,700,Clear,Daylight,-79.2093,43.7459
882024,643,Driver,50 to 54,Fatal,"Automobile, Station Wagon",Going Ahead,0,0,1,0,0,0,0,0,0,0,0,0,0,23,2325,Clear,Dark,-79.2247,43.8427
882024,645,Driver,35 to 39,Major,"Automobile, Station Wagon",Going Ahead,0,0,1,0,0,0,0,0,0,0,0,0,0,23,2325,Clear,Dark,-79.2247,43.8427
882174,657,Driver,50 to 54,None,"Automobile, Station Wagon",Going Ahead,1,0,1,0,0,0,0,0,0,0,0,0,0,14,1435,Clear,Daylight,-79.2822,43.7694
882174,658,Pedestrian,75 to 79,Fatal,Other,NULL,1,0,1,0,0,0,0,0,0,0,0,0,0,14,1435,Clear,Daylight,-79.2822,43.7694
884714,700,Passenger,15 to 19,Minimal,Other,NULL,0,0,1,0,0,0,0,1,1,1,0,0,0,22,2220,Rain,Dark,-79.3834,43.684
884714,701,Driver,15 to 19,None,"Automobile, Station Wagon",Going Ahead,0,0,1,0,0,0,0,1,1,1,0,0,0,22,2220,Rain,Dark,-79.3834,43.684
884714,703,Driver,45 to 49,Fatal,"Automobile, Station Wagon",Turning Left,0,0,1,0,0,0,0,1,1,1,0,0,0,22,2220,Rain,Dark,-79.3834,43.684
884714,704,Driver,15 to 19,Minimal,"Automobile, Station Wagon",Going Ahead,0,0,1,0,0,0,0,1,1,1,0,0,0,22,2220,Rain,Dark,-79.3834,43.684
885650,714,Driver,20 to 24,None,"Automobile, Station Wagon",Going Ahead,1,0,1,0,0,0,0,0,0,0,0,0,0,20,2048,Rain,Dark,-79.5243,43.6182
885650,715,Pedestrian,15 to 19,Fatal,Other,NULL,1,0,1,0,0,0,0,0,0,0,0,0,0,20,2048,Rain,Dark,-79.5243,43.6182
886552,675,Driver,25 to 29,None,"Automobile, Station Wagon",Going Ahead,1,0,1,0,0,0,0,0,0,0,0,0,0,18,1812,Clear,Dark,-79.4828,43.6655
886552,676,Pedestrian,50 to 54,Major,Other,NULL,1,0,1,0,0,0,0,0,0,0,0,0,0,18,1812,Clear,Dark,-79.4828,43.6655
891641,349,Driver,50 to 54,None,"Automobile, Station Wagon",Other,1,0,1,0,0,0,0,0,0,1,0,0,0,22,2159,Rain,Dark,-79.4297,43.6625
891641,350,Pedestrian,40 to 44,Major,Other,NULL,1,0,1,0,0,0,0,0,0,1,0,0,0,22,2159,Rain,Dark,-79.4297,43.6625
891993,400,Passenger,15 to 19,Fatal,Other,NULL,0,0,1,0,0,0,0,1,0,0,0,1,0,22,2222,Clear,Dark,-79.4814,43.6277
891993,401,Passenger,20 to 24,Minor,Other,NULL,0,0,1,0,0,0,0,1,0,0,0,1,0,22,2222,Clear,Dark,-79.4814,43.6277
891993,402,Driver,35 to 39,Minor,"Automobile, Station Wagon",Overtaking,0,0,1,0,0,0,0,1,0,0,0,1,0,22,2222,Clear,Dark,-79.4814,43.6277
891993,404,Driver,25 to 29,Minor,"Automobile, Station Wagon",Going Ahead,0,0,1,0,0,0,0,1,0,0,0,1,0,22,2222,Clear,Dark,-79.4814,43.6277
891993,405,Driver,40 to 44,None,"Automobile, Station Wagon",Going Ahead,0,0,1,0,0,0,0,1,0,0,0,1,0,22,2222,Clear,Dark,-79.4814,43.6277
897348,25,Driver,40 to 44,None,"Automobile, Station Wagon",Going Ahead,1,0,1,0,0,0,0,0,0,0,0,0,0,16,1554,Clear,Daylight,-79.4112,43.6651
897348,26,Pedestrian,20 to 24,Major,Other,NULL,1,0,1,0,0,0,0,0,0,0,0,0,0,16,1554,Clear,Daylight,-79.4112,43.6651
897916,725,Passenger,5 to 9,Minor,Other,NULL,0,0,1,0,0,1,0,1,0,1,1,0,0,19,1930,Clear,Daylight,-79.2849,43.7215
897916,818,Passenger,30 to 34,Fatal,Other,NULL,0,0,1,0,0,1,0,1,0,1,1,0,0,19,1930,Clear,Daylight,-79.2849,43.7215
897916,820,Driver,35 to 39,Major,"Automobile, Station Wagon",Going Ahead,0,0,1,0,0,1,0,1,0,1,1,0,0,19,1930,Clear,Daylight,-79.2849,43.7215
897916,822,Driver,50 to 54,None,"Automobile, Station Wagon",Stopped,0,0,1,0,0,1,0,1,0,1,1,0,0,19,1930,Clear,Daylight,-79.2849,43.7215
897916,826,Driver,50 to 54,None,Municipal Transit Bus (TTC),Going Ahead,0,0,1,0,0,1,0,1,0,1,1,0,0,19,1930,Clear,Daylight,-79.2849,43.7215
899004,850,Vehicle Owner,unknown,None,Other,NULL,1,0,1,0,0,0,0,1,0,0,0,0,0,16,1630,Clear,Daylight,-79.4252,43.7193
899004,851,Pedestrian,5 to 9,Major,Other,NULL,1,0,1,0,0,0,0,1,0,0,0,0,0,16,1630,Clear,Daylight,-79.4252,43.7193
918059,502,Pedestrian,5 to 9,None,Other,NULL,1,1,0,0,0,0,0,0,0,0,0,0,0,8,800,Clear,Daylight,-79.3127,43.6856
918059,503,Cyclist,20 to 24,None,Bicycle,Going Ahead,1,1,0,0,0,0,0,0,0,0,0,0,0,8,800,Clear,Daylight,-79.3127,43.6856
918360,517,Driver,45 to 49,None,"Automobile, Station Wagon",Stopped,0,0,1,0,0,0,0,1,0,1,0,0,0,10,1020,Clear,Daylight,-79.408,43.7524
918360,412,Driver,50 to 54,Major,"Automobile, Station Wagon",Going Ahead,0,0,1,0,0,0,0,1,0,1,0,0,0,10,1020,Clear,Daylight,-79.408,43.7524
918360,303,Passenger,35 to 39,Minimal,Other,NULL,0,0,1,0,0,0,0,1,0,1,0,0,0,10,1020,Clear,Daylight,-79.408,43.7524
918360,304,Driver,40 to 44,Major,"Automobile, Station Wagon",Stopped,0,0,1,0,0,0,0,1,0,1,0,0,0,10,1020,Clear,Daylight,-79.408,43.7524
918360,305,Passenger,50 to 54,Minimal,Other,NULL,0,0,1,0,0,0,0,1,0,1,0,0,0,10,1020,Clear,Daylight,-79.408,43.7524
918360,306,Driver,50 to 54,None,"Automobile, Station Wagon",Stopped,0,0,1,0,0,0,0,1,0,1,0,0,0,10,1020,Clear,Daylight,-79.408,43.7524
918360,307,Passenger,30 to 34,Major,Other,NULL,0,0,1,0,0,0,0,1,0,1,0,0,0,10,1020,Clear,Daylight,-79.408,43.7524
918378,532,Motorcycle Driver,40 to 44,Major,Motorcycle,Going Ahead,0,0,1,1,0,0,0,0,0,0,0,0,0,16,1623,Rain,Daylight,-79.557,43.6757
918378,534,Driver,unknown,None,"Automobile, Station Wagon",Changing Lanes,0,0,1,1,0,0,0,0,0,0,0,0,0,16,1623,Rain,Daylight,-79.557,43.6757
918595,561,Vehicle Owner,unknown,None,Other,NULL,0,0,1,0,1,0,0,0,0,1,0,0,0,8,829,Clear,Daylight,-79.5505,43.6154
918595,562,Driver,40 to 44,None,"Automobile, Station Wagon",Going Ahead,0,0,1,0,1,0,0,0,0,1,0,0,0,8,829,Clear,Daylight,-79.5505,43.6154
918595,563,Vehicle Owner,unknown,None,Other,NULL,0,0,1,0,1,0,0,0,0,1,0,0,0,8,829,Clear,Daylight,-79.5505,43.6154
918595,564,Truck Driver,20 to 24,None,Truck - Open,Going Ahead,0,0,1,0,1,0,0,0,0,1,0,0,0,8,829,Clear,Daylight,-79.5505,43.6154
918595,565,Driver,35 to 39,Major,"Automobile, Station Wagon",Going Ahead,0,0,1,0,1,0,0,0,0,1,0,0,0,8,829,Clear,Daylight,-79.5505,43.6154
918595,566,Driver,60 to 64,Major,"Automobile, Station Wagon",Stopped,0,0,1,0,1,0,0,0,0,1,0,0,0,8,829,Clear,Daylight,-79.5505,43.6154
919330,601,Passenger,70 to 74,Fatal,Other,NULL,0,0,1,0,0,0,0,1,0,0,0,0,0,21,2100,Clear,Dark,-79.2437,43.7801
919330,602,Driver,70 to 74,Minor,"Automobile, Station Wagon",Going Ahead,0,0,1,0,0,0,0,1,0,0,0,0,0,21,2100,Clear,Dark,-79.2437,43.7801
919330,603,Passenger,15 to 19,Minor,Other,NULL,0,0,1,0,0,0,0,1,0,0,0,0,0,21,2100,Clear,Dark,-79.2437,43.7801
919330,605,Driver,20 to 24,Minor,"Automobile, Station Wagon",Turning Left,0,0,1,0,0,0,0,1,0,0,0,0,0,21,2100,Clear,Dark,-79.2437,43.7801
919514,750,Vehicle Owner,unknown,None,Other,NULL,0,0,1,0,0,0,0,1,0,0,0,0,0,21,2135,Rain,Dark,-79.5455,43.7213
919514,751,Driver,20 to 24,Major,"Automobile, Station Wagon",Going Ahead,0,0,1,0,0,0,0,1,0,0,0,0,0,21,2135,Rain,Dark,-79.5455,43.7213
919514,752,Passenger,60 to 64,Minor,Other,NULL,0,0,1,0,0,0,0,1,0,0,0,0,0,21,2135,Rain,Dark,-79.5455,43.7213
919514,753,Driver,65 to 69,Minor,"Automobile, Station Wagon",Going Ahead,0,0,1,0,0,0,0,1,0,0,0,0,0,21,2135,Rain,Dark,-79.5455,43.7213
919681,821,Motorcycle Driver,25 to 29,Major,Motorcycle,Going Ahead,0,0,1,1,0,0,0,0,0,0,0,0,0,20,2004,Clear,Daylight,-79.4507,43.6964
919681,823,Driver,50 to 54,None,"Automobile, Station Wagon",Turning Left,0,0,1,1,0,0,0,0,0,0,0,0,0,20,2004,Clear,Daylight,-79.4507,43.6964
920182,773,Driver,40 to 44,None,"Automobile, Station Wagon",Going Ahead,1,0,1,0,0,0,0,0,0,1,0,0,0,14,1440,Clear,Daylight,-79.4754,43.6512
920182,774,Pedestrian,10 to 14,Major,Other,NULL,1,0,1,0,0,0,0,0,0,1,0,0,0,14,1440,Clear,Daylight,-79.4754,43.6512
920315,775,Cyclist,30 to 34,Major,Bicycle,Pulling Onto Shoulder or towardCurb,0,1,0,0,0,0,0,0,0,0,0,0,0,17,1659,Clear,Daylight,-79.3802,43.6486
921084,946,Pedestrian,75 to 79,Major,Other,NULL,1,0,1,0,0,0,0,0,0,0,0,0,0,9,921,Clear,Daylight,-79.4884,43.7533
921084,947,Driver,45 to 49,None,"Automobile, Station Wagon",Going Ahead,1,0,1,0,0,0,0,0,0,0,0,0,0,9,921,Clear,Daylight,-79.4884,43.7533
923341,622,Driver,25 to 29,None,"Automobile, Station Wagon",Going Ahead,1,0,1,0,0,0,0,0,0,0,0,0,0,9,850,Clear,Daylight,-79.3051,43.7971
923341,623,Pedestrian,10 to 14,Major,Other,NULL,1,0,1,0,0,0,0,0,0,0,0,0,0,9,850,Clear,Daylight,-79.3051,43.7971
924979,638,Pedestrian,65 to 69,Major,Other,NULL,1,0,1,0,0,0,0,1,0,0,0,0,0,10,1045,Clear,Daylight,-79.4372,43.6404
924979,521,Passenger,10 to 14,None,Other,NULL,1,0,1,0,0,0,0,1,0,0,0,0,0,10,1045,Clear,Daylight,-79.4372,43.6404
924979,524,Passenger,5 to 9,None,Other,NULL,1,0,1,0,0,0,0,1,0,0,0,0,0,10,1045,Clear,Daylight,-79.4372,43.6404
924979,528,Driver,60 to 64,None,"Automobile, Station Wagon",Turning Right,1,0,1,0,0,0,0,1,0,0,0,0,0,10,1045,Clear,Daylight,-79.4372,43.6404
924979,537,Passenger,5 to 9,None,Other,NULL,1,0,1,0,0,0,0,1,0,0,0,0,0,10,1045,Clear,Daylight,-79.4372,43.6404
924979,417,Passenger,10 to 14,None,Other,NULL,1,0,1,0,0,0,0,1,0,0,0,0,0,10,1045,Clear,Daylight,-79.4372,43.6404
926382,448,Driver,60 to 64,None,Municipal Transit Bus (TTC),Going Ahead,0,1,0,0,0,1,0,0,0,0,0,0,0,16,1646,Clear,Daylight,-79.4289,43.67
926382,449,Cyclist,35 to 39,Major,Bicycle,Going Ahead,0,1,0,0,0,1,0,0,0,0,0,0,0,16,1646,Clear,Daylight,-79.4289,43.67
927151,1157,Passenger,15 to 19,Major,Other,NULL,0,0,1,0,0,0,0,1,1,1,0,0,0,18,1827,Clear,Daylight,-79.2588,43.7634
927151,1164,Passenger,15 to 19,Minor,Other,NULL,0,0,1,0,0,0,0,1,1,1,0,0,0,18,1827,Clear,Daylight,-79.2588,43.7634
927151,1183,Driver,45 to 49,Major,"Automobile, Station Wagon",Going Ahead,0,0,1,0,0,0,0,1,1,1,0,0,0,18,1827,Clear,Daylight,-79.2588,43.7634
927151,1280,Passenger,20 to 24,Major,Other,NULL,0,0,1,0,0,0,0,1,1,1,0,0,0,18,1827,Clear,Daylight,-79.2588,43.7634
927151,1282,Vehicle Owner,unknown,None,Other,NULL,0,0,1,0,0,0,0,1,1,1,0,0,0,18,1827,Clear,Daylight,-79.2588,43.7634
927151,1296,Driver,20 to 24,Major,"Automobile, Station Wagon",Going Ahead,0,0,1,0,0,0,0,1,1,1,0,0,0,18,1827,Clear,Daylight,-79.2588,43.7634
927151,1302,Driver,45 to 49,None,"Automobile, Station Wagon",Going Ahead,0,0,1,0,0,0,0,1,1,1,0,0,0,18,1827,Clear,Daylight,-79.2588,43.7634
927585,973,Driver,35 to 39,Major,"Automobile, Station Wagon",Stopped,0,0,1,0,0,0,0,0,0,1,0,0,0,9,930,Clear,Daylight,-79.5059,43.711
927585,974,Vehicle Owner,unknown,None,Other,NULL,0,0,1,0,0,0,0,0,0,1,0,0,0,9,930,Clear,Daylight,-79.5059,43.711
927585,975,Driver,30 to 34,None,"Automobile, Station Wagon",Going Ahead,0,0,1,0,0,0,0,0,0,1,0,0,0,9,930,Clear,Daylight,-79.5059,43.711
928305,1888,Driver,40 to 44,Major,"Automobile, Station Wagon",Going Ahead,0,0,1,0,0,0,0,1,0,1,0,0,0,20,2034,Clear,Dark,-79.217,43.7797
928305,1889,Passenger,0 to 4,None,Other,NULL,0,0,1,0,0,0,0,1,0,1,0,0,0,20,2034,Clear,Dark,-79.217,43.7797
928305,1891,Driver,30 to 34,Minor,Other,Going Ahead,0,0,1,0,0,0,0,1,0,1,0,0,0,20,2034,Clear,Dark,-79.217,43.7797
928305,1892,Driver,unknown,None,"Automobile, Station Wagon",Turning Right,0,0,1,0,0,0,0,1,0,1,0,0,0,20,2034,Clear,Dark,-79.217,43.7797
929542,1914,Truck Driver,35 to 39,None,Truck - Open,Going Ahead,1,0,0,0,1,0,0,0,0,0,0,0,0,12,1210,Clear,Daylight,-79.4837,43.6202
929542,1915,Pedestrian,60 to 64,Major,Other,NULL,1,0,0,0,1,0,0,0,0,0,0,0,0,12,1210,Clear,Daylight,-79.4837,43.6202
930125,1827,Pedestrian,85 to 89,Major,Other,NULL,1,0,1,0,0,0,0,0,0,0,0,0,0,15,1500,Clear,Daylight,-79.5338,43.6871
930125,1826,Driver,35 to 39,None,"Automobile, Station Wagon",Reversing,1,0,1,0,0,0,0,0,0,0,0,0,0,15,1500,Clear,Daylight,-79.5338,43.6871
931113,1613,Driver,55 to 59,None,"Automobile, Station Wagon",Going Ahead,1,0,1,0,0,0,0,0,0,1,0,0,0,11,1055,Clear,Daylight,-79.581,43.7412
931113,1697,Pedestrian,75 to 79,Major,Other,NULL,1,0,1,0,0,0,0,0,0,1,0,0,0,11,1055,Clear,Daylight,-79.581,43.7412
933152,1024,Driver,30 to 34,None,"Automobile, Station Wagon",Going Ahead,1,0,1,0,0,0,0,0,0,0,0,0,0,20,2030,Rain,Dark,-79.3588,43.7147
933152,1025,Pedestrian,40 to 44,Major,Other,NULL,1,0,1,0,0,0,0,0,0,0,0,0,0,20,2030,Rain,Dark,-79.3588,43.7147
934070,1023,Other Property Owner,unknown,None,Other,NULL,0,0,1,0,0,0,0,1,1,1,0,0,0,23,2330,Rain,Dark,-79.3727,43.6993
934070,1018,Passenger,25 to 29,Minor,Other,NULL,0,0,1,0,0,0,0,1,1,1,0,0,0,23,2330,Rain,Dark,-79.3727,43.6993
934070,1019,Passenger,30 to 34,Minor,Other,NULL,0,0,1,0,0,0,0,1,1,1,0,0,0,23,2330,Rain,Dark,-79.3727,43.6993
934070,1020,Passenger,15 to 19,Minor,Other,NULL,0,0,1,0,0,0,0,1,1,1,0,0,0,23,2330,Rain,Dark,-79.3727,43.6993
934070,1021,Driver,25 to 29,Major,"Automobile, Station Wagon",Going Ahead,0,0,1,0,0,0,0,1,1,1,0,0,0,23,2330,Rain,Dark,-79.3727,43.6993
934070,1022,Other Property Owner,unknown,None,Other,NULL,0,0,1,0,0,0,0,1,1,1,0,0,0,23,2330,Rain,Dark,-79.3727,43.6993
934337,1045,Driver,50 to 54,None,"Automobile, Station Wagon",Going Ahead,1,0,1,0,0,0,0,0,0,0,0,0,0,11,1053,Clear,Daylight,-79.3574,43.8119
934337,1047,Driver,40 to 44,None,"Automobile, Station Wagon",Changing Lanes,1,0,1,0,0,0,0,0,0,0,0,0,0,11,1053,Clear,Daylight,-79.3574,43.8119
934337,1048,Pedestrian,60 to 64,Major,Other,NULL,1,0,1,0,0,0,0,0,0,0,0,0,0,11,1053,Clear,Daylight,-79.3574,43.8119
934738,1917,Truck Driver,35 to 39,None,Truck - Open,Stopped,0,0,1,0,1,0,0,0,0,1,0,1,0,15,1500,Clear,Daylight,-79.513,43.6868
934738,1919,Driver,25 to 29,Major,"Automobile, Station Wagon",Going Ahead,0,0,1,0,1,0,0,0,0,1,0,1,0,15,1500,Clear,Daylight,-79.513,43.6868
935641,1064,Pedestrian,50 to 54,Major,Other,NULL,1,0,1,0,0,0,0,0,0,0,0,0,0,19,1906,Clear,Dark,-79.4654,43.6823
935641,1065,Driver,75 to 79,None,"Automobile, Station Wagon",Going Ahead,1,0,1,0,0,0,0,0,0,0,0,0,0,19,1906,Clear,Dark,-79.4654,43.6823
935742,1068,Driver,45 to 49,Fatal,"Automobile, Station Wagon",Going Ahead,0,0,1,0,0,0,0,1,0,0,0,0,0,6,638,Clear,Dark,-79.4785,43.6297
935742,1069,Passenger,25 to 29,None,Other,NULL,0,0,1,0,0,0,0,1,0,0,0,0,0,6,638,Clear,Dark,-79.4785,43.6297
935742,1070,Driver,60 to 64,Minor,"Automobile, Station Wagon",Going Ahead,0,0,1,0,0,0,0,1,0,0,0,0,0,6,638,Clear,Dark,-79.4785,43.6297
935742,1071,Passenger,50 to 54,Minor,Other,NULL,0,0,1,0,0,0,0,1,0,0,0,0,0,6,638,Clear,Dark,-79.4785,43.6297
935742,1073,Driver,60 to 64,Minor,"Automobile, Station Wagon",Going Ahead,0,0,1,0,0,0,0,1,0,0,0,0,0,6,638,Clear,Dark,-79.4785,43.6297
937278,1101,Passenger,unknown,Minimal,Other,NULL,0,0,1,0,0,0,0,1,1,1,0,0,0,2,225,Clear,Dark,-79.4719,43.6347
937278,1102,Driver,35 to 39,Major,"Automobile, Station Wagon",Slowing or Stopping,0,0,1,0,0,0,0,1,1,1,0,0,0,2,225,Clear,Dark,-79.4719,43.6347
213617,16568,Driver,60 to 64,None,Street Car,Slowing or Stopping,0,0,0,0,0,1,0,1,0,0,0,0,0,8,845,Clear,Daylight,-79.5174,43.598
213617,16569,Passenger,70 to 74,Major,NULL,NULL,0,0,0,0,0,1,0,1,0,0,0,0,0,8,845,Clear,Daylight,-79.5174,43.598
474338,16187,Driver,60 to 64,None,"Bus (Other) (Go Bus, Gray Coach)",Turning Right,1,0,0,0,0,1,0,0,0,1,0,0,0,14,1352,Clear,Daylight,-79.3001,43.6838
474338,16188,Pedestrian,35 to 39,Major,NULL,NULL,1,0,0,0,0,1,0,0,0,1,0,0,0,14,1352,Clear,Daylight,-79.3001,43.6838
522896,16196,Driver,55 to 59,None,"Automobile, Station Wagon",Turning Left,1,0,1,0,0,0,0,0,0,1,0,1,0,0,27,Clear,"Dark, artificial",-79.3498,43.6588
522896,16197,Pedestrian,20 to 24,Minimal,NULL,NULL,1,0,1,0,0,0,0,0,0,1,0,1,0,0,27,Clear,"Dark, artificial",-79.3498,43.6588
522896,16198,Pedestrian,25 to 29,Major,NULL,NULL,1,0,1,0,0,0,0,0,0,1,0,1,0,0,27,Clear,"Dark, artificial",-79.3498,43.6588
772626,16235,Driver,75 to 79,None,Passenger Van,Going Ahead,0,0,1,1,0,0,0,0,0,1,0,0,1,13,1323,Clear,Daylight,-79.3969,43.7002
772626,16236,Motorcycle Driver,60 to 64,Major,Motorcycle,Slowing or Stopping,0,0,1,1,0,0,0,0,0,1,0,0,1,13,1323,Clear,Daylight,-79.3969,43.7002