ACCNUM,ObjectId,INVTYPE,INVAGE,INJURY,VEHTYPE,MANOEUVER,PEDESTRIAN,CYCLIST,AUTOMOBILE,MOTORCYCLE,TRUCK,TRSN_CITY_VEH,EMERG_VEH,PASSENGER,SPEEDING,AG_DRIV,REDLIGHT,ALCOHOL,DISABILITY,HOUR,TIME,VISIBILITY,LIGHT,collision_lat,collision_long
823448,16245,Driver,50 to 54,None,"Automobile, Station Wagon",Going Ahead,1,0,1,0,0,0,0,0,0,0,0,0,0,5,459,Clear,"Dark, artificial",-79.4167,43.6493
823448,16246,Pedestrian,35 to 39,Major,NULL,NULL,1,0,1,0,0,0,0,0,0,0,0,0,0,5,459,Clear,"Dark, artificial",-79.4167,43.6493
826306,16250,Driver,50 to 54,Major,"Automobile, Station Wagon",Going Ahead,0,0,1,0,0,0,0,1,1,1,1,0,0,16,1632,Clear,Daylight,-79.4524,43.6563
826306,16251,Driver,50 to 54,Minimal,"Automobile, Station Wagon",Going Ahead,0,0,1,0,0,0,0,1,1,1,1,0,0,16,1632,Clear,Daylight,-79.4524,43.6563
826306,16252,Driver,35 to 39,Minor,"Automobile, Station Wagon",Stopped,0,0,1,0,0,0,0,1,1,1,1,0,0,16,1632,Clear,Daylight,-79.4524,43.6563
826306,16253,Driver,40 to 44,None,Pick Up Truck,Stopped,0,0,1,0,0,0,0,1,1,1,1,0,0,16,1632,Clear,Daylight,-79.4524,43.6563
826306,16254,Passenger,55 to 59,None,NULL,NULL,0,0,1,0,0,0,0,1,1,1,1,0,0,16,1632,Clear,Daylight,-79.4524,43.6563
826306,16255,Passenger,25 to 29,None,NULL,NULL,0,0,1,0,0,0,0,1,1,1,1,0,0,16,1632,Clear,Daylight,-79.4524,43.6563
826306,16256,Passenger,25 to 29,None,NULL,NULL,0,0,1,0,0,0,0,1,1,1,1,0,0,16,1632,Clear,Daylight,-79.4524,43.6563
827861,16003,Driver,50 to 54,Major,"Automobile, Station Wagon",Going Ahead,0,0,1,0,0,0,0,0,1,1,0,0,0,22,2153,Clear,"Dark, artificial",-79.3574,43.7151
849955,16014,Driver,35 to 39,None,"Automobile, Station Wagon",Going Ahead,1,0,1,0,0,0,0,0,0,0,0,0,0,16,1627,Clear,Daylight,-79.3933,43.6412
849955,16015,Pedestrian,25 to 29,Major,NULL,NULL,1,0,1,0,0,0,0,0,0,0,0,0,0,16,1627,Clear,Daylight,-79.3933,43.6412
882912,671,Driver,40 to 44,None,"Automobile, Station Wagon",Slowing or Stopping,1,0,1,0,0,0,0,0,1,1,0,0,0,9,904,Strong wind,Daylight,-79.5398,43.741
882912,672,Pedestrian,80 to 84,Major,Other,NULL,1,0,1,0,0,0,0,0,1,1,0,0,0,9,904,Strong wind,Daylight,-79.5398,43.741
887039,677,Driver,40 to 44,None,"Automobile, Station Wagon",Going Ahead,1,0,1,0,0,0,0,0,0,0,0,0,0,19,1940,Rain,Dark,-79.4225,43.7589
887039,678,Pedestrian,55 to 59,Major,Other,NULL,1,0,1,0,0,0,0,0,0,0,0,0,0,19,1940,Rain,Dark,-79.4225,43.7589
888108,326,Driver,25 to 29,Major,"Automobile, Station Wagon",Going Ahead,0,0,1,0,0,0,0,1,0,0,0,0,0,8,845,Clear,Daylight,-79.2694,43.7359
888108,327,Driver,30 to 34,None,"Automobile, Station Wagon",Going Ahead,0,0,1,0,0,0,0,1,0,0,0,0,0,8,845,Clear,Daylight,-79.2694,43.7359
888108,322,Driver,40 to 44,None,"Automobile, Station Wagon",Going Ahead,0,0,1,0,0,0,0,1,0,0,0,0,0,8,845,Clear,Daylight,-79.2694,43.7359
888108,323,Passenger,5 to 9,None,"Automobile, Station Wagon",NULL,0,0,1,0,0,0,0,1,0,0,0,0,0,8,845,Clear,Daylight,-79.2694,43.7359
888108,324,Driver,25 to 29,None,"Automobile, Station Wagon",Going Ahead,0,0,1,0,0,0,0,1,0,0,0,0,0,8,845,Clear,Daylight,-79.2694,43.7359
888108,325,Passenger,0 to 4,Minor,"Automobile, Station Wagon",NULL,0,0,1,0,0,0,0,1,0,0,0,0,0,8,845,Clear,Daylight,-79.2694,43.7359
890013,309,Driver,50 to 54,None,"Automobile, Station Wagon",Turning Left,1,0,1,0,0,0,0,0,0,1,0,0,0,10,957,Rain,Daylight,-79.2913,43.7634
890013,313,Pedestrian,65 to 69,Major,Other,NULL,1,0,1,0,0,0,0,0,0,1,0,0,0,10,957,Rain,Daylight,-79.2913,43.7634
890516,358,Driver,55 to 59,None,"Automobile, Station Wagon",Turning Left,1,0,1,0,0,0,0,0,0,1,0,0,0,18,1846,Clear,Dark,-79.4347,43.7405
890516,359,Pedestrian,75 to 79,Major,Other,NULL,1,0,1,0,0,0,0,0,0,1,0,0,0,18,1846,Clear,Dark,-79.4347,43.7405
890583,316,Driver,30 to 34,None,"Automobile, Station Wagon",Turning Right,1,0,1,0,0,0,0,0,0,1,0,0,0,7,745,Clear,Daylight,-79.479,43.6578
890583,317,Pedestrian,50 to 54,Major,Other,NULL,1,0,1,0,0,0,0,0,0,1,0,0,0,7,745,Clear,Daylight,-79.479,43.6578
890767,390,Driver,55 to 59,Major,"Automobile, Station Wagon",Going Ahead,0,0,1,0,0,0,0,0,0,0,0,0,0,18,1754,Clear,Dark,-79.5873,43.6666
892453,407,Passenger,5 to 9,Fatal,Other,NULL,0,0,1,0,0,0,0,1,0,0,0,0,0,20,2018,Clear,Dark,-79.5203,43.6188
892453,408,Passenger,5 to 9,Major,Other,NULL,0,0,1,0,0,0,0,1,0,0,0,0,0,20,2018,Clear,Dark,-79.5203,43.6188
892453,409,Passenger,40 to 44,Minor,Other,NULL,0,0,1,0,0,0,0,1,0,0,0,0,0,20,2018,Clear,Dark,-79.5203,43.6188
892453,410,Other,unknown,None,Other,Parked,0,0,1,0,0,0,0,1,0,0,0,0,0,20,2018,Clear,Dark,-79.5203,43.6188
892453,411,Driver,30 to 34,Minor,"Automobile, Station Wagon",Going Ahead,0,0,1,0,0,0,0,1,0,0,0,0,0,20,2018,Clear,Dark,-79.5203,43.6188
897335,23,Driver,40 to 44,None,"Automobile, Station Wagon",Going Ahead,1,0,1,0,0,0,0,0,0,1,0,0,0,6,642,Clear,Daylight,-79.4504,43.6639
897335,24,Pedestrian,50 to 54,Major,Other,NULL,1,0,1,0,0,0,0,0,0,1,0,0,0,6,642,Clear,Daylight,-79.4504,43.6639
897350,87,Vehicle Owner,unknown,None,Other,NULL,0,0,1,0,0,0,0,0,1,1,0,0,0,16,1555,Rain,Daylight,-79.2095,43.7457
897350,88,Driver,40 to 44,None,"Automobile, Station Wagon",Slowing or Stopping,0,0,1,0,0,0,0,0,1,1,0,0,0,16,1555,Rain,Daylight,-79.2095,43.7457
897350,89,Vehicle Owner,unknown,None,Other,NULL,0,0,1,0,0,0,0,0,1,1,0,0,0,16,1555,Rain,Daylight,-79.2095,43.7457
897350,90,Driver,55 to 59,Major,Other,Slowing or Stopping,0,0,1,0,0,0,0,0,1,1,0,0,0,16,1555,Rain,Daylight,-79.2095,43.7457
898555,836,Passenger,75 to 79,Major,Other,Other,0,0,1,0,0,0,0,1,1,1,0,0,0,10,950,Rain,Daylight,-79.2514,43.7721
898555,837,Driver,80 to 84,Minor,"Automobile, Station Wagon",Turning Left,0,0,1,0,0,0,0,1,1,1,0,0,0,10,950,Rain,Daylight,-79.2514,43.7721
898555,838,Driver,35 to 39,Minimal,"Automobile, Station Wagon",Going Ahead,0,0,1,0,0,0,0,1,1,1,0,0,0,10,950,Rain,Daylight,-79.2514,43.7721
900159,882,Driver,55 to 59,Fatal,"Automobile, Station Wagon",Going Ahead,0,0,1,0,0,0,0,0,1,1,0,0,0,9,857,Clear,Daylight,-79.2763,43.6753
900242,93,Driver,55 to 59,None,"Automobile, Station Wagon",Stopped,0,0,1,1,0,0,0,0,0,1,0,0,0,17,1744,Clear,Daylight,-79.3698,43.6518
900242,94,Motorcycle Driver,40 to 44,Major,Motorcycle,Changing Lanes,0,0,1,1,0,0,0,0,0,1,0,0,0,17,1744,Clear,Daylight,-79.3698,43.6518
902163,827,Driver,30 to 34,None,"Automobile, Station Wagon",Turning Left,1,0,1,0,0,0,0,0,0,1,0,0,0,19,1900,Clear,Daylight,-79.4823,43.7075
902163,828,Pedestrian,70 to 74,Major,Other,NULL,1,0,1,0,0,0,0,0,0,1,0,0,0,19,1900,Clear,Daylight,-79.4823,43.7075
902180,125,Pedestrian,80 to 84,Major,Other,NULL,1,0,1,0,0,0,0,0,0,0,0,0,0,15,1536,Rain,Daylight,-79.4215,43.6849
902180,126,Driver,80 to 84,None,"Automobile, Station Wagon",Going Ahead,1,0,1,0,0,0,0,0,0,0,0,0,0,15,1536,Rain,Daylight,-79.4215,43.6849
903786,131,Driver,unknown,None,"Automobile, Station Wagon",Unknown,1,0,1,0,0,0,0,0,0,0,0,0,0,20,2047,Clear,Dark,-79.3904,43.6561
903786,132,Pedestrian,35 to 39,Major,Other,NULL,1,0,1,0,0,0,0,0,0,0,0,0,0,20,2047,Clear,Dark,-79.3904,43.6561
905456,177,Driver,40 to 44,None,"Automobile, Station Wagon",Going Ahead,0,0,1,0,0,0,0,0,0,0,0,0,0,16,1615,Clear,Daylight,-79.5265,43.6823
905456,178,Vehicle Owner,unknown,None,Other,NULL,0,0,1,0,0,0,0,0,0,0,0,0,0,16,1615,Clear,Daylight,-79.5265,43.6823
905456,179,Driver,40 to 44,None,"Automobile, Station Wagon",Going Ahead,0,0,1,0,0,0,0,0,0,0,0,0,0,16,1615,Clear,Daylight,-79.5265,43.6823
905456,180,Vehicle Owner,unknown,None,Other,NULL,0,0,1,0,0,0,0,0,0,0,0,0,0,16,1615,Clear,Daylight,-79.5265,43.6823
905456,181,Driver,45 to 49,Major,"Automobile, Station Wagon",Turning Right,0,0,1,0,0,0,0,0,0,0,0,0,0,16,1615,Clear,Daylight,-79.5265,43.6823
905456,182,Driver,35 to 39,None,"Automobile, Station Wagon",Going Ahead,0,0,1,0,0,0,0,0,0,0,0,0,0,16,1615,Clear,Daylight,-79.5265,43.6823
905457,166,Cyclist,40 to 44,Major,Bicycle,Going Ahead,0,1,0,0,0,0,0,0,0,0,0,0,0,22,2214,Clear,Dark,-79.4157,43.6767
906225,138,Driver,50 to 54,None,"Automobile, Station Wagon",Turning Left,1,0,1,0,0,0,0,0,0,1,0,0,0,11,1137,Clear,Daylight,-79.4481,43.7728
906225,139,Pedestrian,15 to 19,Major,Other,NULL,1,0,1,0,0,0,0,0,0,1,0,0,0,11,1137,Clear,Daylight,-79.4481,43.7728
906526,199,Driver,45 to 49,Major,"Automobile, Station Wagon",Slowing or Stopping,0,0,1,0,0,0,0,0,0,0,0,0,1,17,1655,Clear,Daylight,-79.2766,43.8047
907646,445,Passenger,85 to 89,Fatal,Other,NULL,0,0,1,0,0,0,0,1,0,1,0,0,0,9,934,Clear,Daylight,-79.2633,43.747
907646,446,Driver,75 to 79,Minor,"Automobile, Station Wagon",Going Ahead,0,0,1,0,0,0,0,1,0,1,0,0,0,9,934,Clear,Daylight,-79.2633,43.747
907762,153,Driver,50 to 54,None,"Automobile, Station Wagon",Going Ahead,0,0,1,0,0,0,0,0,0,0,0,0,0,10,1024,Rain,Daylight,-79.5596,43.7133
907762,154,Vehicle Owner,unknown,None,Other,NULL,0,0,1,0,0,0,0,0,0,0,0,0,0,10,1024,Rain,Daylight,-79.5596,43.7133
907762,155,Driver,15 to 19,Major,"Automobile, Station Wagon",Turning Left,0,0,1,0,0,0,0,0,0,0,0,0,0,10,1024,Rain,Daylight,-79.5596,43.7133
907762,156,Driver,45 to 49,None,"Automobile, Station Wagon",Stopped,0,0,1,0,0,0,0,0,0,0,0,0,0,10,1024,Rain,Daylight,-79.5596,43.7133
908832,183,Passenger,unknown,Minimal,Other,NULL,0,0,1,0,0,0,0,1,0,0,0,0,0,21,2149,Clear,Dark,-79.408,43.7524
908832,184,Vehicle Owner,unknown,None,Other,NULL,0,0,1,0,0,0,0,1,0,0,0,0,0,21,2149,Clear,Dark,-79.408,43.7524
908832,185,Driver,30 to 34,Major,"Automobile, Station Wagon",Turning Left,0,0,1,0,0,0,0,1,0,0,0,0,0,21,2149,Clear,Dark,-79.408,43.7524
908832,186,Vehicle Owner,unknown,None,Other,NULL,0,0,1,0,0,0,0,1,0,0,0,0,0,21,2149,Clear,Dark,-79.408,43.7524
908832,187,Driver,20 to 24,Minimal,Other,Going Ahead,0,0,1,0,0,0,0,1,0,0,0,0,0,21,2149,Clear,Dark,-79.408,43.7524
910787,374,Other Property Owner,unknown,None,Other,NULL,0,0,1,0,0,0,0,1,1,1,0,0,0,1,117,Snow,Dark,-79.4397,43.6504
910787,375,Other Property Owner,unknown,None,Other,NULL,0,0,1,0,0,0,0,1,1,1,0,0,0,1,117,Snow,Dark,-79.4397,43.6504
910787,371,Passenger,15 to 19,Major,Other,NULL,0,0,1,0,0,0,0,1,1,1,0,0,0,1,117,Snow,Dark,-79.4397,43.6504
896606,18,Driver,35 to 39,None,"Automobile, Station Wagon",Stopped,0,0,1,0,0,0,0,1,0,1,1,0,0,9,925,Clear,Daylight,-79.3144,43.8162
896606,19,Vehicle Owner,unknown,None,Other,NULL,0,0,1,0,0,0,0,1,0,1,1,0,0,9,925,Clear,Daylight,-79.3144,43.8162
896606,20,Driver,25 to 29,Major,"Automobile, Station Wagon",Going Ahead,0,0,1,0,0,0,0,1,0,1,1,0,0,9,925,Clear,Daylight,-79.3144,43.8162
898778,52,Vehicle Owner,unknown,None,Other,NULL,0,0,1,0,0,0,0,1,0,0,0,0,0,11,1139,Rain,Daylight,-79.4779,43.6825
898778,53,Passenger,40 to 44,Minor,Other,NULL,0,0,1,0,0,0,0,1,0,0,0,0,0,11,1139,Rain,Daylight,-79.4779,43.6825
898778,54,Driver,45 to 49,None,"Automobile, Station Wagon",Going Ahead,0,0,1,0,0,0,0,1,0,0,0,0,0,11,1139,Rain,Daylight,-79.4779,43.6825
898778,55,Vehicle Owner,unknown,None,Other,NULL,0,0,1,0,0,0,0,1,0,0,0,0,0,11,1139,Rain,Daylight,-79.4779,43.6825
898778,56,Driver,15 to 19,Major,"Automobile, Station Wagon",Making U Turn,0,0,1,0,0,0,0,1,0,0,0,0,0,11,1139,Rain,Daylight,-79.4779,43.6825
899537,65,Passenger,30 to 34,Major,Other,NULL,0,0,1,0,0,0,0,1,1,1,0,0,0,22,2205,Clear,Dark,-79.4987,43.6844
899537,66,Driver,30 to 34,None,"Automobile, Station Wagon",Stopped,0,0,1,0,0,0,0,1,1,1,0,0,0,22,2205,Clear,Dark,-79.4987,43.6844
899537,68,Driver,30 to 34,None,"Automobile, Station Wagon",Overtaking,0,0,1,0,0,0,0,1,1,1,0,0,0,22,2205,Clear,Dark,-79.4987,43.6844
899914,85,Driver,15 to 19,None,"Automobile, Station Wagon",Going Ahead,1,0,1,0,0,0,0,0,0,0,0,0,0,18,1825,Clear,Daylight,-79.4391,43.708
899914,86,Pedestrian,60 to 64,Major,Other,Other,1,0,1,0,0,0,0,0,0,0,0,0,0,18,1825,Clear,Daylight,-79.4391,43.708
900307,99,Driver,55 to 59,Minor,"Automobile, Station Wagon",Going Ahead,0,0,1,0,0,0,0,0,1,1,0,0,0,19,1853,Clear,Daylight,-79.3666,43.6539
900307,100,Driver,25 to 29,Major,"Automobile, Station Wagon",Going Ahead,0,0,1,0,0,0,0,0,1,1,0,0,0,19,1853,Clear,Daylight,-79.3666,43.6539
902863,848,Driver,25 to 29,None,"Automobile, Station Wagon",Turning Left,0,1,1,0,0,0,0,0,0,0,0,0,0,8,800,Rain,Daylight,-79.4477,43.6572
902863,849,Cyclist,45 to 49,Major,Bicycle,Other,0,1,1,0,0,0,0,0,0,0,0,0,0,8,800,Rain,Daylight,-79.4477,43.6572
903449,142,Driver,30 to 34,None,"Automobile, Station Wagon",Going Ahead,1,0,1,0,0,0,0,0,0,0,0,0,0,18,1810,Rain,Daylight,-79.4925,43.7507
903449,143,Pedestrian,0 to 4,Fatal,Other,NULL,1,0,1,0,0,0,0,0,0,0,0,0,0,18,1810,Rain,Daylight,-79.4925,43.7507
904251,909,Driver,30 to 34,None,"Automobile, Station Wagon",Going Ahead,1,0,1,0,0,0,0,0,0,0,0,0,0,12,1150,Clear,Daylight,-79.3849,43.6512
904251,910,In-Line Skater,30 to 34,Major,Other,NULL,1,0,1,0,0,0,0,0,0,0,0,0,0,12,1150,Clear,Daylight,-79.3849,43.6512
904367,905,Passenger,15 to 19,Major,Other,NULL,0,0,1,0,0,0,0,1,0,1,0,0,0,0,36,Clear,Dark,-79.4939,43.7752
904367,906,Driver,15 to 19,Minimal,"Automobile, Station Wagon",Going Ahead,0,0,1,0,0,0,0,1,0,1,0,0,0,0,36,Clear,Dark,-79.4939,43.7752
904367,907,Passenger,15 to 19,Minimal,Other,NULL,0,0,1,0,0,0,0,1,0,1,0,0,0,0,36,Clear,Dark,-79.4939,43.7752
904367,908,Driver,50 to 54,Minimal,"Automobile, Station Wagon",Stopped,0,0,1,0,0,0,0,1,0,1,0,0,0,0,36,Clear,Dark,-79.4939,43.7752
904912,896,Driver,30 to 34,None,"Automobile, Station Wagon",Turning Left,0,0,1,0,0,0,0,1,0,1,1,0,0,14,1400,Clear,Daylight,-79.4155,43.7797
904912,897,Passenger,20 to 24,Major,Other,NULL,0,0,1,0,0,0,0,1,0,1,1,0,0,14,1400,Clear,Daylight,-79.4155,43.7797
904912,898,Driver,15 to 19,None,"Automobile, Station Wagon",Going Ahead,0,0,1,0,0,0,0,1,0,1,1,0,0,14,1400,Clear,Daylight,-79.4155,43.7797
906207,194,Driver,35 to 39,None,"Automobile, Station Wagon",Going Ahead,1,0,1,0,0,0,0,0,0,0,0,0,0,7,734,Clear,Daylight,-79.3111,43.6699
906207,195,Pedestrian,50 to 54,Fatal,Other,NULL,1,0,1,0,0,0,0,0,0,0,0,0,0,7,734,Clear,Daylight,-79.3111,43.6699
907009,426,Driver,35 to 39,None,Municipal Transit Bus (TTC),Going Ahead,1,0,0,0,0,1,0,0,0,0,0,0,0,15,1515,Clear,Daylight,-79.3993,43.6563
907009,427,Pedestrian,50 to 54,Major,Other,NULL,1,0,0,0,0,1,0,0,0,0,0,0,0,15,1515,Clear,Daylight,-79.3993,43.6563
907409,437,Passenger,0 to 4,None,Other,NULL,0,0,1,0,0,0,0,1,0,0,0,0,0,15,1543,Clear,Daylight,-79.4811,43.6229
907409,438,Passenger,0 to 4,Major,Other,NULL,0,0,1,0,0,0,0,1,0,0,0,0,0,15,1543,Clear,Daylight,-79.4811,43.6229
907409,439,Driver,60 to 64,Minimal,"Automobile, Station Wagon",Going Ahead,0,0,1,0,0,0,0,1,0,0,0,0,0,15,1543,Clear,Daylight,-79.4811,43.6229
907409,440,Driver,40 to 44,None,"Automobile, Station Wagon",Turning Left,0,0,1,0,0,0,0,1,0,0,0,0,0,15,1543,Clear,Daylight,-79.4811,43.6229
908179,33,Driver,25 to 29,None,"Automobile, Station Wagon",Going Ahead,0,0,1,0,0,0,0,0,1,1,0,1,0,21,2120,Clear,Dark,-79.4866,43.7833
908179,34,Driver,20 to 24,Major,"Automobile, Station Wagon",Making U Turn,0,0,1,0,0,0,0,0,1,1,0,1,0,21,2120,Clear,Dark,-79.4866,43.7833
910569,450,Vehicle Owner,unknown,None,Other,NULL,0,0,0,1,0,0,0,0,0,0,0,0,0,19,1916,Clear,Daylight,-79.499,43.7022
910569,451,Motorcycle Driver,25 to 29,Major,Motorcycle,Going Ahead,0,0,0,1,0,0,0,0,0,0,0,0,0,19,1916,Clear,Daylight,-79.499,43.7022
911012,463,Driver,25 to 29,None,"Automobile, Station Wagon",Going Ahead,1,0,1,0,0,0,0,0,0,0,0,0,0,14,1440,Clear,Daylight,-79.5654,43.7091
911012,464,Pedestrian,40 to 44,Major,Other,Going Ahead,1,0,1,0,0,0,0,0,0,0,0,0,0,14,1440,Clear,Daylight,-79.5654,43.7091
911228,514,Motorcycle Passenger,40 to 44,Major,Other,NULL,0,0,0,1,0,0,0,1,1,1,0,0,0,17,1729,Clear,Daylight,-79.3547,43.6481
911228,515,Motorcycle Driver,40 to 44,Major,Motorcycle,Going Ahead,0,0,0,1,0,0,0,1,1,1,0,0,0,17,1729,Clear,Daylight,-79.3547,43.6481
911521,221,Driver,70 to 74,None,"Automobile, Station Wagon",Turning Left,0,1,1,0,0,0,0,0,0,0,0,0,0,10,954,Clear,Daylight,-79.4824,43.6837
911521,222,Cyclist,60 to 64,Major,Bicycle,Going Ahead,0,1,1,0,0,0,0,0,0,0,0,0,0,10,954,Clear,Daylight,-79.4824,43.6837
911839,475,Driver,20 to 24,None,"Automobile, Station Wagon",Turning Left,0,1,1,0,0,0,0,0,0,1,0,1,0,2,215,Clear,Dark,-79.3127,43.6856
911839,476,Cyclist,15 to 19,Major,Bicycle,Going Ahead,0,1,1,0,0,0,0,0,0,1,0,1,0,2,215,Clear,Dark,-79.3127,43.6856
911964,473,Driver,35 to 39,None,"Automobile, Station Wagon",Going Ahead,1,0,1,0,0,0,0,0,0,0,0,0,0,18,1755,Clear,Daylight,-79.4139,43.78
911964,474,Pedestrian,45 to 49,Major,Other,NULL,1,0,1,0,0,0,0,0,0,0,0,0,0,18,1755,Clear,Daylight,-79.4139,43.78
911973,489,Driver,50 to 54,None,"Automobile, Station Wagon",Turning Right,1,0,1,0,0,0,0,0,0,0,0,0,0,17,1700,Clear,Daylight,-79.4518,43.7526
911973,490,Pedestrian,50 to 54,Major,Other,NULL,1,0,1,0,0,0,0,0,0,0,0,0,0,17,1700,Clear,Daylight,-79.4518,43.7526
912782,253,Driver,25 to 29,None,"Automobile, Station Wagon",Going Ahead,0,0,1,0,0,0,0,1,0,1,0,0,0,17,1650,Clear,Daylight,-79.3867,43.6394
912782,254,Passenger,5 to 9,Major,Other,NULL,0,0,1,0,0,0,0,1,0,1,0,0,0,17,1650,Clear,Daylight,-79.3867,43.6394
912782,255,Passenger,30 to 34,Minimal,Other,NULL,0,0,1,0,0,0,0,1,0,1,0,0,0,17,1650,Clear,Daylight,-79.3867,43.6394
912782,256,Passenger,5 to 9,Minimal,Other,NULL,0,0,1,0,0,0,0,1,0,1,0,0,0,17,1650,Clear,Daylight,-79.3867,43.6394
912782,257,Passenger,30 to 34,Minimal,Other,NULL,0,0,1,0,0,0,0,1,0,1,0,0,0,17,1650,Clear,Daylight,-79.3867,43.6394
912782,258,Driver,30 to 34,None,"Automobile, Station Wagon",Going Ahead,0,0,1,0,0,0,0,1,0,1,0,0,0,17,1650,Clear,Daylight,-79.3867,43.6394
913927,297,Passenger,0 to 4,Minimal,Other,NULL,0,0,1,0,0,0,0,1,0,0,0,0,1,13,1255,Clear,Daylight,-79.377,43.7107
913927,298,Vehicle Owner,unknown,None,Other,Parked,0,0,1,0,0,0,0,1,0,0,0,0,1,13,1255,Clear,Daylight,-79.377,43.7107
913927,299,Driver,45 to 49,None,"Automobile, Station Wagon",Parked,0,0,1,0,0,0,0,1,0,0,0,0,1,13,1255,Clear,Daylight,-79.377,43.7107
913927,300,Driver,65 to 69,Major,"Automobile, Station Wagon",Changing Lanes,0,0,1,0,0,0,0,1,0,0,0,0,1,13,1255,Clear,Daylight,-79.377,43.7107
916024,768,Motorcycle Driver,20 to 24,Fatal,Motorcycle,Going Ahead,0,0,0,1,0,0,0,0,0,0,0,0,0,22,2155,Clear,Dark,-79.4715,43.6346
916560,144,Driver,65 to 69,Major,"Automobile, Station Wagon",Turning Left,0,0,1,0,0,0,0,1,0,1,0,0,0,11,1140,Clear,Daylight,-79.4572,43.6739
916560,145,Passenger,40 to 44,Major,Other,NULL,0,0,1,0,0,0,0,1,0,1,0,0,0,11,1140,Clear,Daylight,-79.4572,43.6739
916560,146,Driver,25 to 29,Major,"Automobile, Station Wagon",Going Ahead,0,0,1,0,0,0,0,1,0,1,0,0,0,11,1140,Clear,Daylight,-79.4572,43.6739
916560,147,Other Property Owner,unknown,None,Other,NULL,0,0,1,0,0,0,0,1,0,1,0,0,0,11,1140,Clear,Daylight,-79.4572,43.6739
917855,286,Driver,40 to 44,None,Municipal Transit Bus (TTC),Going Ahead,1,0,0,0,0,1,0,0,0,0,0,0,0,13,1310,Clear,Daylight,-79.3959,43.6478
917855,287,Pedestrian,40 to 44,Major,Other,NULL,1,0,0,0,0,1,0,0,0,0,0,0,0,13,1310,Clear,Daylight,-79.3959,43.6478
918775,742,Passenger,20 to 24,Minor,Other,NULL,0,0,1,0,0,0,0,1,0,0,0,0,0,14,1428,Clear,Daylight,-79.481,43.7846
918775,743,Driver,60 to 64,Major,"Automobile, Station Wagon",Going Ahead,0,0,1,0,0,0,0,1,0,0,0,0,0,14,1428,Clear,Daylight,-79.481,43.7846
918775,739,Driver,35 to 39,None,"Automobile, Station Wagon",Stopped,0,0,1,0,0,0,0,1,0,0,0,0,0,14,1428,Clear,Daylight,-79.481,43.7846
918775,741,Driver,15 to 19,None,"Automobile, Station Wagon",Turning Right,0,0,1,0,0,0,0,1,0,0,0,0,0,14,1428,Clear,Daylight,-79.481,43.7846
919141,580,Vehicle Owner,unknown,None,Other,NULL,1,0,1,0,0,0,0,0,0,0,0,0,0,18,1828,Clear,Dark,-79.362,43.655
919141,581,Driver,40 to 44,None,"Automobile, Station Wagon",Turning Right,1,0,1,0,0,0,0,0,0,0,0,0,0,18,1828,Clear,Dark,-79.362,43.655
919141,582,Pedestrian,60 to 64,Major,Other,NULL,1,0,1,0,0,0,0,0,0,0,0,0,0,18,1828,Clear,Dark,-79.362,43.655
919534,140,Driver,75 to 79,None,"Automobile, Station Wagon",Overtaking,0,1,1,0,0,0,0,0,0,1,0,0,0,12,1215,Clear,Daylight,-79.3568,43.7687
919534,141,Cyclist,70 to 74,Major,Bicycle,Overtaking,0,1,1,0,0,0,0,0,0,1,0,0,0,12,1215,Clear,Daylight,-79.3568,43.7687
919684,915,Vehicle Owner,unknown,None,Other,NULL,1,0,1,0,0,0,0,1,0,1,0,0,0,20,2046,Clear,Dark,-79.232,43.7402
919684,916,Driver,20 to 24,Minor,"Automobile, Station Wagon",Going Ahead,1,0,1,0,0,0,0,1,0,1,0,0,0,20,2046,Clear,Dark,-79.232,43.7402
906553,420,Passenger,20 to 24,Minor,Other,NULL,0,0,1,0,0,0,0,1,0,0,0,1,0,1,110,Clear,Dark,-79.4383,43.7055
906553,421,Driver,20 to 24,Minor,"Automobile, Station Wagon",Going Ahead,0,0,1,0,0,0,0,1,0,0,0,1,0,1,110,Clear,Dark,-79.4383,43.7055
906553,422,Other Property Owner,unknown,None,Other,NULL,0,0,1,0,0,0,0,1,0,0,0,1,0,1,110,Clear,Dark,-79.4383,43.7055
909261,486,Pedestrian,85 to 89,Fatal,Other,NULL,1,0,0,0,0,1,0,0,0,0,0,0,0,12,1208,Clear,Daylight,-79.5029,43.6012
909261,488,Driver,40 to 44,None,Municipal Transit Bus (TTC),Going Ahead,1,0,0,0,0,1,0,0,0,0,0,0,0,12,1208,Clear,Daylight,-79.5029,43.6012
909745,506,Driver,25 to 29,None,"Automobile, Station Wagon",Going Ahead,1,0,1,0,0,0,0,0,0,0,0,0,0,22,2210,Clear,Dark,-79.3884,43.6551
909745,507,Pedestrian,30 to 34,Major,Other,NULL,1,0,1,0,0,0,0,0,0,0,0,0,0,22,2210,Clear,Dark,-79.3884,43.6551
911449,491,Driver,30 to 34,Major,"Automobile, Station Wagon",Overtaking,0,0,1,0,0,0,0,0,1,1,0,1,0,20,2048,Clear,Dark,-79.4237,43.7013
911449,492,Driver,35 to 39,None,"Automobile, Station Wagon",Going Ahead,0,0,1,0,0,0,0,0,1,1,0,1,0,20,2048,Clear,Dark,-79.4237,43.7013
911449,493,Vehicle Owner,unknown,None,Other,Unknown,0,0,1,0,0,0,0,0,1,1,0,1,0,20,2048,Clear,Dark,-79.4237,43.7013