ACCNUM,ObjectId,INVTYPE,INVAGE,INJURY,VEHTYPE,MANOEUVER,PEDESTRIAN,CYCLIST,AUTOMOBILE,MOTORCYCLE,TRUCK,TRSN_CITY_VEH,EMERG_VEH,PASSENGER,SPEEDING,AG_DRIV,REDLIGHT,ALCOHOL,DISABILITY,HOUR,TIME,VISIBILITY,LIGHT,collision_lat,collision_long
911449,494,Driver,65 to 69,Minor,"Automobile, Station Wagon",Going Ahead,0,0,1,0,0,0,0,0,1,1,0,1,0,20,2048,Clear,Dark,-79.4237,43.7013
913254,508,Vehicle Owner,unknown,None,Other,NULL,0,1,1,0,0,0,0,0,0,0,0,0,0,3,310,Clear,Dark,-79.4398,43.6399
913254,509,Driver,45 to 49,None,"Automobile, Station Wagon",Going Ahead,0,1,1,0,0,0,0,0,0,0,0,0,0,3,310,Clear,Dark,-79.4398,43.6399
913254,510,Cyclist,25 to 29,Major,Bicycle,Turning Left,0,1,1,0,0,0,0,0,0,0,0,0,0,3,310,Clear,Dark,-79.4398,43.6399
913288,512,Cyclist,35 to 39,Major,Bicycle,Going Ahead,0,1,1,0,0,0,0,0,0,0,0,0,0,12,1226,Clear,Daylight,-79.3477,43.6866
913288,513,Driver,70 to 74,None,"Automobile, Station Wagon",Turning Right,0,1,1,0,0,0,0,0,0,0,0,0,0,12,1226,Clear,Daylight,-79.3477,43.6866
914977,454,Passenger,35 to 39,None,Other,NULL,0,0,1,0,0,0,0,1,0,1,0,0,0,9,858,Clear,Daylight,-79.4345,43.6333
914977,455,Passenger,unknown,None,Other,NULL,0,0,1,0,0,0,0,1,0,1,0,0,0,9,858,Clear,Daylight,-79.4345,43.6333
914977,456,Vehicle Owner,unknown,None,Other,NULL,0,0,1,0,0,0,0,1,0,1,0,0,0,9,858,Clear,Daylight,-79.4345,43.6333
914977,457,Driver,40 to 44,None,Other,Going Ahead,0,0,1,0,0,0,0,1,0,1,0,0,0,9,858,Clear,Daylight,-79.4345,43.6333
914977,452,Driver,40 to 44,Major,"Automobile, Station Wagon",Going Ahead,0,0,1,0,0,0,0,1,0,1,0,0,0,9,858,Clear,Daylight,-79.4345,43.6333
914977,453,Passenger,40 to 44,None,Other,NULL,0,0,1,0,0,0,0,1,0,1,0,0,0,9,858,Clear,Daylight,-79.4345,43.6333
916630,778,Driver,50 to 54,Minor,"Automobile, Station Wagon",Going Ahead,1,0,1,0,0,0,0,0,0,0,0,0,0,23,2345,Clear,Dark,-79.2177,43.802
916630,779,Pedestrian,30 to 34,Fatal,Other,NULL,1,0,1,0,0,0,0,0,0,0,0,0,0,23,2345,Clear,Dark,-79.2177,43.802
917567,275,Driver,55 to 59,None,Other,Turning Left,1,0,0,0,0,0,0,0,0,1,0,0,0,8,825,Clear,Daylight,-79.1703,43.8074
917567,276,Pedestrian,35 to 39,Major,Other,NULL,1,0,0,0,0,0,0,0,0,1,0,0,0,8,825,Clear,Daylight,-79.1703,43.8074
917601,310,Pedestrian,80 to 84,Major,Other,NULL,1,0,1,0,0,0,0,0,0,1,0,0,0,10,1006,Clear,Daylight,-79.4193,43.7954
917601,211,Driver,40 to 44,None,"Automobile, Station Wagon",Turning Left,1,0,1,0,0,0,0,0,0,1,0,0,0,10,1006,Clear,Daylight,-79.4193,43.7954
918102,289,Driver,20 to 24,None,"Automobile, Station Wagon",Going Ahead,0,1,1,0,0,0,0,0,1,1,1,0,0,9,920,Clear,Daylight,-79.4313,43.6496
918102,290,Cyclist,25 to 29,Major,Bicycle,Going Ahead,0,1,1,0,0,0,0,0,1,1,1,0,0,9,920,Clear,Daylight,-79.4313,43.6496
920424,796,Driver,55 to 59,None,"Automobile, Station Wagon",Going Ahead,1,0,1,0,0,0,0,0,0,1,0,0,0,18,1831,Clear,Daylight,-79.4082,43.762
920424,797,Driver,60 to 64,None,"Automobile, Station Wagon",Turning Left,1,0,1,0,0,0,0,0,0,1,0,0,0,18,1831,Clear,Daylight,-79.4082,43.762
920424,798,Driver,40 to 44,None,"Automobile, Station Wagon",Stopped,1,0,1,0,0,0,0,0,0,1,0,0,0,18,1831,Clear,Daylight,-79.4082,43.762
920424,799,Pedestrian,45 to 49,Major,Other,NULL,1,0,1,0,0,0,0,0,0,1,0,0,0,18,1831,Clear,Daylight,-79.4082,43.762
922297,584,Driver,40 to 44,None,Other,Going Ahead,1,0,0,0,0,0,0,0,0,0,0,0,0,21,2144,Clear,Dark,-79.3944,43.6491
922297,585,Pedestrian,35 to 39,Major,Other,NULL,1,0,0,0,0,0,0,0,0,0,0,0,0,21,2144,Clear,Dark,-79.3944,43.6491
922379,976,Passenger,30 to 34,Major,Other,NULL,0,0,1,0,0,0,0,1,0,1,0,0,0,11,1115,Clear,Daylight,-79.4505,43.6763
922379,977,Driver,50 to 54,Minor,"Automobile, Station Wagon",Going Ahead,0,0,1,0,0,0,0,1,0,1,0,0,0,11,1115,Clear,Daylight,-79.4505,43.6763
922379,978,Driver,unknown,None,"Automobile, Station Wagon",Going Ahead,0,0,1,0,0,0,0,1,0,1,0,0,0,11,1115,Clear,Daylight,-79.4505,43.6763
922379,979,Vehicle Owner,unknown,None,Other,NULL,0,0,1,0,0,0,0,1,0,1,0,0,0,11,1115,Clear,Daylight,-79.4505,43.6763
922379,980,Driver,40 to 44,None,"Automobile, Station Wagon",Going Ahead,0,0,1,0,0,0,0,1,0,1,0,0,0,11,1115,Clear,Daylight,-79.4505,43.6763
922598,765,Vehicle Owner,unknown,None,Other,NULL,0,0,1,0,0,0,0,1,0,0,0,0,0,14,1435,Clear,Daylight,-79.354,43.7996
922598,766,Driver,35 to 39,None,"Automobile, Station Wagon",Turning Left,0,0,1,0,0,0,0,1,0,0,0,0,0,14,1435,Clear,Daylight,-79.354,43.7996
922598,767,Other Property Owner,unknown,None,Other,NULL,0,0,1,0,0,0,0,1,0,0,0,0,0,14,1435,Clear,Daylight,-79.354,43.7996
922598,763,Passenger,45 to 49,Major,Other,NULL,0,0,1,0,0,0,0,1,0,0,0,0,0,14,1435,Clear,Daylight,-79.354,43.7996
922598,764,Driver,45 to 49,Minimal,"Automobile, Station Wagon",Going Ahead,0,0,1,0,0,0,0,1,0,0,0,0,0,14,1435,Clear,Daylight,-79.354,43.7996
922947,990,Passenger,20 to 24,None,Other,NULL,1,0,1,0,0,0,0,1,0,0,0,0,0,0,19,Rain,Dark,-79.3282,43.6823
922947,991,Passenger,20 to 24,None,Other,NULL,1,0,1,0,0,0,0,1,0,0,0,0,0,0,19,Rain,Dark,-79.3282,43.6823
922947,992,Passenger,20 to 24,None,Other,NULL,1,0,1,0,0,0,0,1,0,0,0,0,0,0,19,Rain,Dark,-79.3282,43.6823
922947,993,Driver,20 to 24,None,"Automobile, Station Wagon",Going Ahead,1,0,1,0,0,0,0,1,0,0,0,0,0,0,19,Rain,Dark,-79.3282,43.6823
922947,994,Pedestrian,50 to 54,Major,Other,NULL,1,0,1,0,0,0,0,1,0,0,0,0,0,0,19,Rain,Dark,-79.3282,43.6823
922948,996,Passenger,25 to 29,None,Other,NULL,0,0,1,0,1,0,0,1,0,1,1,0,0,3,308,Clear,Dark,-79.1997,43.8019
922948,997,Truck Driver,55 to 59,None,Truck - Open,Going Ahead,0,0,1,0,1,0,0,1,0,1,1,0,0,3,308,Clear,Dark,-79.1997,43.8019
922948,998,Passenger,25 to 29,Fatal,Other,NULL,0,0,1,0,1,0,0,1,0,1,1,0,0,3,308,Clear,Dark,-79.1997,43.8019
922948,999,Driver,25 to 29,Major,"Automobile, Station Wagon",Going Ahead,0,0,1,0,1,0,0,1,0,1,1,0,0,3,308,Clear,Dark,-79.1997,43.8019
923248,578,Driver,50 to 54,Major,"Automobile, Station Wagon",Going Ahead,0,0,1,0,0,0,0,0,0,0,0,0,0,17,1725,Clear,Daylight,-79.2348,43.8404
923248,579,Driver,unknown,None,"Automobile, Station Wagon",Going Ahead,0,0,1,0,0,0,0,0,0,0,0,0,0,17,1725,Clear,Daylight,-79.2348,43.8404
923482,16028,Driver,40 to 44,None,Street Car,Going Ahead,0,0,1,0,0,1,0,0,0,0,0,0,1,9,920,Clear,Daylight,-79.34,43.6609
923482,16027,Driver,45 to 49,Major,"Automobile, Station Wagon",Going Ahead,0,0,1,0,0,1,0,0,0,0,0,0,1,9,920,Clear,Daylight,-79.34,43.6609
925504,599,Motorcycle Driver,35 to 39,Major,Motorcycle,Going Ahead,0,0,1,1,0,0,0,0,0,1,0,0,0,16,1640,Clear,Daylight,-79.419,43.6721
925504,600,Driver,70 to 74,None,"Automobile, Station Wagon",Turning Left,0,0,1,1,0,0,0,0,0,1,0,0,0,16,1640,Clear,Daylight,-79.419,43.6721
927010,1859,Driver,unknown,None,"Automobile, Station Wagon",Going Ahead,1,0,1,0,0,0,0,0,0,1,0,0,0,8,805,Clear,Daylight,-79.4469,43.641
927010,1860,Pedestrian,65 to 69,Major,Other,NULL,1,0,1,0,0,0,0,0,0,1,0,0,0,8,805,Clear,Daylight,-79.4469,43.641
927677,559,Driver,45 to 49,None,"Automobile, Station Wagon",Parked,0,1,1,0,0,0,0,0,0,0,0,0,0,18,1845,Clear,Daylight,-79.4115,43.665
927677,560,Cyclist,40 to 44,Major,Bicycle,Going Ahead,0,1,1,0,0,0,0,0,0,0,0,0,0,18,1845,Clear,Daylight,-79.4115,43.665
927745,981,Driver,25 to 29,None,"Automobile, Station Wagon",Going Ahead,1,0,1,0,0,0,0,0,0,0,0,0,0,22,2226,Clear,Dark,-79.288,43.6725
927745,982,Other,unknown,None,Other,NULL,1,0,1,0,0,0,0,0,0,0,0,0,0,22,2226,Clear,Dark,-79.288,43.6725
927745,983,Pedestrian,15 to 19,Major,Other,NULL,1,0,1,0,0,0,0,0,0,0,0,0,0,22,2226,Clear,Dark,-79.288,43.6725
927912,1877,Driver,70 to 74,Major,"Automobile, Station Wagon",Going Ahead,0,0,1,0,0,0,0,0,0,0,0,0,1,14,1403,Clear,Daylight,-79.5549,43.7144
927912,1878,Other Property Owner,unknown,None,Other,NULL,0,0,1,0,0,0,0,0,0,0,0,0,1,14,1403,Clear,Daylight,-79.5549,43.7144
929165,1725,Driver,50 to 54,None,"Automobile, Station Wagon",Going Ahead,1,0,1,0,0,0,0,0,0,0,0,0,0,0,1,Clear,Dark,-79.517,43.6999
929165,1721,Pedestrian,55 to 59,Major,Other,NULL,1,0,1,0,0,0,0,0,0,0,0,0,0,0,1,Clear,Dark,-79.517,43.6999
929816,1831,Truck Driver,30 to 34,None,Truck - Open,Turning Right,0,1,0,0,1,0,0,0,0,0,0,0,0,1,127,Clear,Dark,-79.3588,43.6761
929816,1832,Cyclist,25 to 29,Major,Bicycle,Going Ahead,0,1,0,0,1,0,0,0,0,0,0,0,0,1,127,Clear,Dark,-79.3588,43.6761
930469,1840,Driver,50 to 54,None,"Automobile, Station Wagon",Turning Left,1,0,1,0,0,0,0,0,0,1,0,0,0,14,1443,Clear,Daylight,-79.4527,43.6951
930469,1841,Pedestrian,75 to 79,Major,Other,NULL,1,0,1,0,0,0,0,0,0,1,0,0,0,14,1443,Clear,Daylight,-79.4527,43.6951
930852,1873,Passenger,55 to 59,Major,Other,NULL,0,0,1,0,0,0,0,1,0,0,0,0,0,15,1540,Clear,Daylight,-79.2785,43.7321
930852,1142,Driver,85 to 89,None,"Automobile, Station Wagon",Slowing or Stopping,0,0,1,0,0,0,0,1,0,0,0,0,0,15,1540,Clear,Daylight,-79.2785,43.7321
930852,1147,Driver,65 to 69,None,"Automobile, Station Wagon",Slowing or Stopping,0,0,1,0,0,0,0,1,0,0,0,0,0,15,1540,Clear,Daylight,-79.2785,43.7321
931671,1893,Driver,55 to 59,Major,"Automobile, Station Wagon",Turning Left,0,0,1,0,0,0,0,0,0,1,1,0,0,6,638,Clear,Dawn,-79.478,43.7086
916979,783,Driver,20 to 24,Minor,"Automobile, Station Wagon",Going Ahead,1,0,1,0,0,0,0,1,0,0,0,1,0,1,122,Rain,Dark,-79.4716,43.6341
916979,784,Pedestrian,20 to 24,Major,Other,NULL,1,0,1,0,0,0,0,1,0,0,0,1,0,1,122,Rain,Dark,-79.4716,43.6341
916979,785,Pedestrian,20 to 24,Minor,Other,NULL,1,0,1,0,0,0,0,1,0,0,0,1,0,1,122,Rain,Dark,-79.4716,43.6341
917581,164,Pedestrian,45 to 49,Major,Other,NULL,1,1,0,0,0,0,0,0,0,0,0,0,0,23,2250,Clear,Dark,-79.3932,43.6862
917581,165,Cyclist,40 to 44,None,Bicycle,Going Ahead,1,1,0,0,0,0,0,0,0,0,0,0,0,23,2250,Clear,Dark,-79.3932,43.6862
917731,281,NULL,unknown,None,"Automobile, Station Wagon",Going Ahead,1,0,1,0,0,0,0,0,0,0,0,0,0,16,1600,Other,Daylight,-79.257,43.7589
917731,282,Pedestrian,50 to 54,Major,Other,NULL,1,0,1,0,0,0,0,0,0,0,0,0,0,16,1600,Other,Daylight,-79.257,43.7589
918634,570,Driver,25 to 29,Major,"Automobile, Station Wagon",Going Ahead,0,0,1,0,0,0,0,0,0,0,0,0,0,15,1519,Clear,Daylight,-79.2691,43.8116
918634,571,Driver,40 to 44,None,"Automobile, Station Wagon",Stopped,0,0,1,0,0,0,0,0,0,0,0,0,0,15,1519,Clear,Daylight,-79.2691,43.8116
918634,572,Driver,65 to 69,None,"Automobile, Station Wagon",Turning Left,0,0,1,0,0,0,0,0,0,0,0,0,0,15,1519,Clear,Daylight,-79.2691,43.8116
919520,626,Passenger,40 to 44,None,Other,NULL,1,0,1,0,0,0,0,1,0,1,0,0,0,11,1142,Clear,Daylight,-79.2587,43.7896
919520,627,Driver,75 to 79,None,"Automobile, Station Wagon",Turning Right,1,0,1,0,0,0,0,1,0,1,0,0,0,11,1142,Clear,Daylight,-79.2587,43.7896
919520,628,Pedestrian,65 to 69,Major,Other,NULL,1,0,1,0,0,0,0,1,0,1,0,0,0,11,1142,Clear,Daylight,-79.2587,43.7896
920271,920,Driver,unknown,None,"Automobile, Station Wagon",Changing Lanes,0,0,1,0,0,0,0,1,0,1,0,0,0,10,954,Clear,Daylight,-79.4277,43.6332
920271,921,Passenger,40 to 44,Major,Other,NULL,0,0,1,0,0,0,0,1,0,1,0,0,0,10,954,Clear,Daylight,-79.4277,43.6332
920271,922,Vehicle Owner,unknown,None,Other,NULL,0,0,1,0,0,0,0,1,0,1,0,0,0,10,954,Clear,Daylight,-79.4277,43.6332
920271,923,Driver,50 to 54,Minimal,"Automobile, Station Wagon",Going Ahead,0,0,1,0,0,0,0,1,0,1,0,0,0,10,954,Clear,Daylight,-79.4277,43.6332
920690,945,Motorcycle Driver,30 to 34,Fatal,Motorcycle,Going Ahead,0,0,0,1,0,0,0,0,0,0,0,0,0,19,1928,Clear,Daylight,-79.4038,43.6379
920690,944,Vehicle Owner,unknown,None,Other,Other,0,0,0,1,0,0,0,0,0,0,0,0,0,19,1928,Clear,Daylight,-79.4038,43.6379
920756,776,Driver,70 to 74,None,"Automobile, Station Wagon",Going Ahead,0,1,1,0,0,0,0,0,0,1,0,0,0,18,1838,Clear,Daylight,-79.5753,43.7306
920756,777,Cyclist,60 to 64,Major,Bicycle,Going Ahead,0,1,1,0,0,0,0,0,0,1,0,0,0,18,1838,Clear,Daylight,-79.5753,43.7306
921174,545,Driver,45 to 49,None,"Automobile, Station Wagon",Going Ahead,0,1,1,0,0,0,0,0,0,1,0,0,0,18,1826,Clear,Daylight,-79.3589,43.8089
921174,546,Cyclist,40 to 44,Major,Bicycle,Going Ahead,0,1,1,0,0,0,0,0,0,1,0,0,0,18,1826,Clear,Daylight,-79.3589,43.8089
921192,530,Vehicle Owner,unknown,None,Other,NULL,0,0,1,0,0,0,0,0,0,1,0,0,0,18,1825,Clear,Daylight,-79.404,43.6999
921192,538,Driver,35 to 39,None,"Automobile, Station Wagon",Going Ahead,0,0,1,0,0,0,0,0,0,1,0,0,0,18,1825,Clear,Daylight,-79.404,43.6999
921192,542,Driver,40 to 44,Major,"Automobile, Station Wagon",Going Ahead,0,0,1,0,0,0,0,0,0,1,0,0,0,18,1825,Clear,Daylight,-79.404,43.6999
921910,966,Driver,80 to 84,Major,"Automobile, Station Wagon",Going Ahead,0,0,1,0,0,0,0,0,0,0,0,0,1,13,1255,Rain,Daylight,-79.5832,43.6599
921910,967,Vehicle Owner,unknown,None,Other,NULL,0,0,1,0,0,0,0,0,0,0,0,0,1,13,1255,Rain,Daylight,-79.5832,43.6599
921910,968,Driver,40 to 44,Minor,"Automobile, Station Wagon",Stopped,0,0,1,0,0,0,0,0,0,0,0,0,1,13,1255,Rain,Daylight,-79.5832,43.6599
922913,986,Driver,45 to 49,None,Municipal Transit Bus (TTC),Turning Left,1,0,0,0,0,1,0,1,0,0,0,0,0,10,1025,Clear,Daylight,-79.2049,43.7825
922913,987,Pedestrian,75 to 79,Major,Other,NULL,1,0,0,0,0,1,0,1,0,0,0,0,0,10,1025,Clear,Daylight,-79.2049,43.7825
922913,984,Passenger,35 to 39,Minimal,Other,NULL,1,0,0,0,0,1,0,1,0,0,0,0,0,10,1025,Clear,Daylight,-79.2049,43.7825
923881,16030,Driver,30 to 34,Minimal,"Automobile, Station Wagon",Going Ahead,0,0,1,0,0,0,0,0,0,1,0,0,0,10,1040,Clear,Daylight,-79.2748,43.7494
923881,16029,Driver,55 to 59,Fatal,"Automobile, Station Wagon",Changing Lanes,0,0,1,0,0,0,0,0,0,1,0,0,0,10,1040,Clear,Daylight,-79.2748,43.7494
923965,557,Truck Driver,45 to 49,None,Truck - Open,Turning Right,0,1,0,0,1,0,0,0,0,0,0,0,0,10,958,Clear,Daylight,-79.3466,43.639
923965,558,Cyclist,35 to 39,Major,Bicycle,Going Ahead,0,1,0,0,1,0,0,0,0,0,0,0,0,10,958,Clear,Daylight,-79.3466,43.639
925202,950,Driver,40 to 44,None,"Automobile, Station Wagon",Going Ahead,1,0,1,0,0,0,0,0,0,0,0,0,0,17,1700,Clear,Daylight,-79.3559,43.7345
925202,951,Pedestrian,60 to 64,Major,Other,NULL,1,0,1,0,0,0,0,0,0,0,0,0,0,17,1700,Clear,Daylight,-79.3559,43.7345
925837,1834,Driver,40 to 44,Fatal,"Automobile, Station Wagon",Turning Left,0,0,1,0,0,0,0,0,1,1,0,0,0,22,2158,Rain,Dark,-79.2491,43.7387
926656,1847,Driver,40 to 44,None,"Automobile, Station Wagon",Going Ahead,1,0,1,0,0,0,0,0,0,0,0,0,0,8,800,Clear,Daylight,-79.2434,43.7559
926656,1848,Pedestrian,10 to 14,Major,Other,NULL,1,0,1,0,0,0,0,0,0,0,0,0,0,8,800,Clear,Daylight,-79.2434,43.7559
927542,1418,Driver,20 to 24,Minor,"Automobile, Station Wagon",Going Ahead,1,0,1,0,0,0,0,0,0,0,0,0,0,13,1340,Clear,Daylight,-79.3131,43.813
927542,1426,Other Property Owner,unknown,None,Other,NULL,1,0,1,0,0,0,0,0,0,0,0,0,0,13,1340,Clear,Daylight,-79.3131,43.813
927542,1410,Vehicle Owner,unknown,None,Other,NULL,1,0,1,0,0,0,0,0,0,0,0,0,0,13,1340,Clear,Daylight,-79.3131,43.813
927542,1435,Pedestrian,25 to 29,Major,Other,NULL,1,0,1,0,0,0,0,0,0,0,0,0,0,13,1340,Clear,Daylight,-79.3131,43.813
929097,1861,Vehicle Owner,unknown,None,Other,NULL,1,0,1,0,0,0,0,0,0,1,0,0,0,19,1904,Rain,Dark,-79.3311,43.7107
929097,1862,Driver,40 to 44,None,"Automobile, Station Wagon",Going Ahead,1,0,1,0,0,0,0,0,0,1,0,0,0,19,1904,Rain,Dark,-79.3311,43.7107
929097,1863,Pedestrian,25 to 29,Major,Other,NULL,1,0,1,0,0,0,0,0,0,1,0,0,0,19,1904,Rain,Dark,-79.3311,43.7107
930115,1828,Motorcycle Driver,30 to 34,Major,Motorcycle,Going Ahead,0,0,1,1,0,0,0,0,0,0,0,0,0,18,1817,Clear,Daylight,-79.4483,43.7152
930115,1829,Driver,50 to 54,None,"Automobile, Station Wagon",Turning Left,0,0,1,1,0,0,0,0,0,0,0,0,0,18,1817,Clear,Daylight,-79.4483,43.7152
930634,1853,Passenger,15 to 19,Minor,Other,NULL,0,0,1,0,0,0,0,1,0,1,0,1,0,3,320,Clear,Dark,-79.4777,43.6927
930634,1854,Driver,45 to 49,Major,"Automobile, Station Wagon",Going Ahead,0,0,1,0,0,0,0,1,0,1,0,1,0,3,320,Clear,Dark,-79.4777,43.6927
930634,1855,Driver,30 to 34,Major,"Automobile, Station Wagon",Going Ahead,0,0,1,0,0,0,0,1,0,1,0,1,0,3,320,Clear,Dark,-79.4777,43.6927
930768,1864,Driver,65 to 69,None,"Automobile, Station Wagon",Turning Left,1,0,1,0,0,0,0,0,0,0,0,0,0,19,1910,Rain,Daylight,-79.5941,43.7419
930768,1865,Pedestrian,75 to 79,Major,Other,NULL,1,0,1,0,0,0,0,0,0,0,0,0,0,19,1910,Rain,Daylight,-79.5941,43.7419
932038,1902,Driver,60 to 64,None,"Automobile, Station Wagon",Going Ahead,1,0,1,0,0,0,0,0,0,1,1,0,0,19,1912,Clear,Dark,-79.4139,43.7737
932038,1903,Pedestrian,25 to 29,Major,Other,NULL,1,0,1,0,0,0,0,0,0,1,1,0,0,19,1912,Clear,Dark,-79.4139,43.7737
932873,619,Passenger,35 to 39,Major,Other,NULL,0,1,1,0,0,0,0,1,0,0,0,0,0,15,1543,Clear,Daylight,-79.4129,43.6553
932873,620,Driver,40 to 44,None,"Automobile, Station Wagon",Parked,0,1,1,0,0,0,0,1,0,0,0,0,0,15,1543,Clear,Daylight,-79.4129,43.6553
932873,621,Cyclist,20 to 24,Minimal,Bicycle,Going Ahead,0,1,1,0,0,0,0,1,0,0,0,0,0,15,1543,Clear,Daylight,-79.4129,43.6553
933173,1029,Driver,60 to 64,None,"Automobile, Station Wagon",Going Ahead,1,0,1,0,0,0,0,0,0,0,0,0,0,0,35,Rain,Dark,-79.6013,43.7304
933173,1030,Pedestrian,15 to 19,Fatal,Other,NULL,1,0,1,0,0,0,0,0,0,0,0,0,0,0,35,Rain,Dark,-79.6013,43.7304
935297,1925,Cyclist,40 to 44,Major,Bicycle,Stopped,0,1,1,0,0,0,0,0,0,1,0,0,0,23,2325,Clear,Dark,-79.3784,43.6504
935297,1921,Driver,45 to 49,None,Other,Going Ahead,0,1,1,0,0,0,0,0,0,1,0,0,0,23,2325,Clear,Dark,-79.3784,43.6504
935297,1923,Driver,20 to 24,Minimal,"Automobile, Station Wagon",Going Ahead,0,1,1,0,0,0,0,0,0,1,0,0,0,23,2325,Clear,Dark,-79.3784,43.6504
936265,629,In-Line Skater,50 to 54,None,"Automobile, Station Wagon",Stopped,1,0,1,0,0,0,0,0,0,1,0,0,0,13,1315,Clear,Daylight,-79.4337,43.7283
936265,630,Driver,15 to 19,Major,Other,Going Ahead,1,0,1,0,0,0,0,0,0,1,0,0,0,13,1315,Clear,Daylight,-79.4337,43.7283
939458,1196,Driver,55 to 59,None,"Automobile, Station Wagon",Going Ahead,1,0,1,0,0,0,0,0,0,0,0,0,0,7,720,Rain,Dark,-79.434,43.7373
939458,1198,Driver,45 to 49,None,"Automobile, Station Wagon",Going Ahead,1,0,1,0,0,0,0,0,0,0,0,0,0,7,720,Rain,Dark,-79.434,43.7373
939458,1199,Pedestrian,65 to 69,Fatal,Other,NULL,1,0,1,0,0,0,0,0,0,0,0,0,0,7,720,Rain,Dark,-79.434,43.7373
939675,1212,Driver,65 to 69,None,"Automobile, Station Wagon",Going Ahead,1,0,1,0,0,0,0,0,0,0,0,0,0,21,2116,Clear,Dark,-79.4335,43.68
939675,1213,Pedestrian,25 to 29,Major,Other,NULL,1,0,1,0,0,0,0,0,0,0,0,0,0,21,2116,Clear,Dark,-79.4335,43.68
940627,1233,Driver,90 to 94,None,"Automobile, Station Wagon",Turning Right,1,0,1,0,0,0,0,0,0,1,0,0,0,15,1517,Clear,Daylight,-79.3752,43.7027
940627,1234,Pedestrian,85 to 89,Major,Other,NULL,1,0,1,0,0,0,0,0,0,1,0,0,0,15,1517,Clear,Daylight,-79.3752,43.7027
941113,1928,Driver,25 to 29,None,"Automobile, Station Wagon",Turning Left,1,0,1,0,0,0,0,0,0,1,0,0,0,22,2204,Clear,Daylight,-79.4517,43.7007
941113,1929,Pedestrian,20 to 24,Major,Other,NULL,1,0,1,0,0,0,0,0,0,1,0,0,0,22,2204,Clear,Daylight,-79.4517,43.7007
941162,1081,Driver,30 to 34,Major,"Automobile, Station Wagon",Going Ahead,0,0,1,0,0,0,0,0,0,1,1,0,0,23,2330,Other,Dark,-79.4195,43.6595
941162,1082,Driver,25 to 29,None,"Automobile, Station Wagon",Going Ahead,0,0,1,0,0,0,0,0,0,1,1,0,0,23,2330,Other,Dark,-79.4195,43.6595
909380,431,Vehicle Owner,unknown,None,Other,NULL,0,0,1,0,1,0,0,1,0,0,0,0,1,8,831,Clear,Daylight,-79.2428,43.8112
909380,432,Driver,55 to 59,Major,"Automobile, Station Wagon",Going Ahead,0,0,1,0,1,0,0,1,0,0,0,0,1,8,831,Clear,Daylight,-79.2428,43.8112
909380,433,Truck Driver,40 to 44,Minor,Truck - Open,Going Ahead,0,0,1,0,1,0,0,1,0,0,0,0,1,8,831,Clear,Daylight,-79.2428,43.8112
909646,539,Passenger,15 to 19,Major,NULL,NULL,0,0,1,0,0,0,0,1,0,0,0,0,0,3,315,Snow,"Dark, artificial",-79.3161,43.6848
909646,535,Passenger,10 to 14,Minor,NULL,NULL,0,0,1,0,0,0,0,1,0,0,0,0,0,3,315,Snow,"Dark, artificial",-79.3161,43.6848
909646,631,Passenger,15 to 19,Minor,NULL,NULL,0,0,1,0,0,0,0,1,0,0,0,0,0,3,315,Snow,"Dark, artificial",-79.3161,43.6848
909646,634,Driver,20 to 24,None,"Automobile, Station Wagon",Changing Lanes,0,0,1,0,0,0,0,1,0,0,0,0,0,3,315,Snow,"Dark, artificial",-79.3161,43.6848
913040,273,Driver,85 to 89,None,"Automobile, Station Wagon",Going Ahead,1,0,1,0,0,0,0,0,0,0,0,0,0,18,1758,Clear,Daylight,-79.2818,43.6738
913040,274,Pedestrian,85 to 89,Major,Other,NULL,1,0,1,0,0,0,0,0,0,0,0,0,0,18,1758,Clear,Daylight,-79.2818,43.6738
916541,769,Passenger,30 to 34,None,Other,NULL,1,0,1,0,0,0,0,1,0,0,0,0,0,6,632,Clear,Daylight,-79.358,43.7919
916541,770,Pedestrian,15 to 19,Major,Other,NULL,1,0,1,0,0,0,0,1,0,0,0,0,0,6,632,Clear,Daylight,-79.358,43.7919
916541,771,Driver,30 to 34,None,"Automobile, Station Wagon",Going Ahead,1,0,1,0,0,0,0,1,0,0,0,0,0,6,632,Clear,Daylight,-79.358,43.7919
916566,251,Driver,35 to 39,None,Municipal Transit Bus (TTC),Going Ahead,1,0,0,0,0,1,0,0,0,0,0,0,0,14,1414,Clear,Daylight,-79.3938,43.6876
916566,252,Pedestrian,75 to 79,Major,Other,NULL,1,0,0,0,0,1,0,0,0,0,0,0,0,14,1414,Clear,Daylight,-79.3938,43.6876
916791,791,Passenger,35 to 39,None,Other,NULL,0,0,1,0,0,0,0,1,0,1,1,0,0,3,319,Clear,Dark,-79.265,43.7515
916791,789,Passenger,25 to 29,None,Other,NULL,0,0,1,0,0,0,0,1,0,1,1,0,0,3,319,Clear,Dark,-79.265,43.7515
916791,792,Driver,45 to 49,Minimal,"Automobile, Station Wagon",Going Ahead,0,0,1,0,0,0,0,1,0,1,1,0,0,3,319,Clear,Dark,-79.265,43.7515
916791,793,Vehicle Owner,unknown,None,Other,NULL,0,0,1,0,0,0,0,1,0,1,1,0,0,3,319,Clear,Dark,-79.265,43.7515
916791,794,Passenger,50 to 54,Major,Other,NULL,0,0,1,0,0,0,0,1,0,1,1,0,0,3,319,Clear,Dark,-79.265,43.7515