ACCNUM,ObjectId,INVTYPE,INVAGE,INJURY,VEHTYPE,MANOEUVER,PEDESTRIAN,CYCLIST,AUTOMOBILE,MOTORCYCLE,TRUCK,TRSN_CITY_VEH,EMERG_VEH,PASSENGER,SPEEDING,AG_DRIV,REDLIGHT,ALCOHOL,DISABILITY,HOUR,TIME,VISIBILITY,LIGHT,collision_lat,collision_long
916791,795,Driver,35 to 39,Major,"Automobile, Station Wagon",Going Ahead,0,0,1,0,0,0,0,1,0,1,1,0,0,3,319,Clear,Dark,-79.265,43.7515
916791,790,Passenger,25 to 29,None,Other,NULL,0,0,1,0,0,0,0,1,0,1,1,0,0,3,319,Clear,Dark,-79.265,43.7515
917568,277,Driver,55 to 59,None,"Automobile, Station Wagon",Going Ahead,0,1,1,0,0,0,0,0,0,0,0,0,0,18,1815,Clear,Daylight,-79.4318,43.6862
917568,278,Cyclist,5 to 9,Major,Bicycle,Going Ahead,0,1,1,0,0,0,0,0,0,0,0,0,0,18,1815,Clear,Daylight,-79.4318,43.6862
918129,301,Motorcycle Driver,25 to 29,Major,Motorcycle,Going Ahead,0,0,1,1,0,0,0,0,1,1,0,0,0,20,1958,Clear,Daylight,-79.4037,43.6464
918129,302,Driver,55 to 59,None,"Automobile, Station Wagon",Going Ahead,0,0,1,1,0,0,0,0,1,1,0,0,0,20,1958,Clear,Daylight,-79.4037,43.6464
919231,745,Passenger,25 to 29,Major,Other,NULL,0,0,1,0,0,0,0,1,0,0,0,1,0,23,2348,Clear,Dark,-79.3376,43.7002
919231,746,Vehicle Owner,unknown,None,Other,NULL,0,0,1,0,0,0,0,1,0,0,0,1,0,23,2348,Clear,Dark,-79.3376,43.7002
919231,747,Driver,25 to 29,Minor,"Automobile, Station Wagon",Going Ahead,0,0,1,0,0,0,0,1,0,0,0,1,0,23,2348,Clear,Dark,-79.3376,43.7002
919231,744,Driver,30 to 34,None,"Automobile, Station Wagon",Other,0,0,1,0,0,0,0,1,0,0,0,1,0,23,2348,Clear,Dark,-79.3376,43.7002
919331,231,Vehicle Owner,unknown,None,Other,NULL,1,0,1,0,0,0,0,0,0,1,0,0,0,12,1208,Clear,Daylight,-79.4251,43.7652
919331,232,Driver,50 to 54,None,"Automobile, Station Wagon",Overtaking,1,0,1,0,0,0,0,0,0,1,0,0,0,12,1208,Clear,Daylight,-79.4251,43.7652
919331,233,Pedestrian,10 to 14,Major,Other,NULL,1,0,1,0,0,0,0,0,0,1,0,0,0,12,1208,Clear,Daylight,-79.4251,43.7652
921246,554,Driver,20 to 24,None,"Automobile, Station Wagon",Going Ahead,1,0,1,0,0,0,0,0,0,0,0,0,0,2,236,Clear,Dark,-79.3809,43.6657
921246,555,Pedestrian,25 to 29,Major,Other,NULL,1,0,1,0,0,0,0,0,0,0,0,0,0,2,236,Clear,Dark,-79.3809,43.6657
922700,567,Vehicle Owner,unknown,None,Other,NULL,0,0,1,0,0,0,0,0,0,0,0,0,0,14,1405,Clear,Daylight,-79.2511,43.8365
922700,568,Driver,20 to 24,Major,"Automobile, Station Wagon",Turning Left,0,0,1,0,0,0,0,0,0,0,0,0,0,14,1405,Clear,Daylight,-79.2511,43.8365
922700,569,Driver,45 to 49,Minimal,"Automobile, Station Wagon",Going Ahead,0,0,1,0,0,0,0,0,0,0,0,0,0,14,1405,Clear,Daylight,-79.2511,43.8365
922716,576,Driver,25 to 29,None,"Automobile, Station Wagon",Going Ahead,1,0,1,0,0,0,0,0,0,0,0,0,0,18,1813,Clear,Daylight,-79.1816,43.7675
922716,577,Pedestrian,5 to 9,Major,Other,NULL,1,0,1,0,0,0,0,0,0,0,0,0,0,18,1813,Clear,Daylight,-79.1816,43.7675
923250,586,Driver,40 to 44,None,"Automobile, Station Wagon",Going Ahead,1,0,1,0,0,0,0,0,0,1,0,1,0,23,2256,Clear,Dark,-79.1607,43.7723
923250,587,Pedestrian,15 to 19,Major,Other,NULL,1,0,1,0,0,0,0,0,0,1,0,1,0,23,2256,Clear,Dark,-79.1607,43.7723
923895,1702,Passenger,60 to 64,Major,Other,NULL,0,0,1,0,0,0,0,1,0,1,0,0,0,21,2101,Clear,Dark,-79.5671,43.6445
923895,1707,Driver,65 to 69,Major,"Automobile, Station Wagon",Turning Left,0,0,1,0,0,0,0,1,0,1,0,0,0,21,2101,Clear,Dark,-79.5671,43.6445
923895,1712,Driver,15 to 19,Minimal,"Automobile, Station Wagon",Going Ahead,0,0,1,0,0,0,0,1,0,1,0,0,0,21,2101,Clear,Dark,-79.5671,43.6445
924338,761,Driver,20 to 24,None,"Automobile, Station Wagon",Turning Right,1,0,1,0,0,0,0,0,0,1,0,0,0,7,720,Clear,Daylight,-79.5037,43.7028
924338,762,Pedestrian,80 to 84,Major,Other,NULL,1,0,1,0,0,0,0,0,0,1,0,0,0,7,720,Clear,Daylight,-79.5037,43.7028
924445,1605,Driver,30 to 34,None,"Automobile, Station Wagon",Going Ahead,0,0,1,0,0,0,0,0,0,1,1,0,0,22,2226,Rain,Dark,-79.5953,43.7442
924445,1611,Driver,55 to 59,Major,"Automobile, Station Wagon",Going Ahead,0,0,1,0,0,0,0,0,0,1,1,0,0,22,2226,Rain,Dark,-79.5953,43.7442
925640,936,Driver,55 to 59,None,Delivery Van,Stopped,0,0,1,1,0,0,0,0,1,1,0,0,0,17,1700,Clear,Daylight,-79.4785,43.6285
925640,934,Motorcycle Driver,30 to 34,Major,Motorcycle,Going Ahead,0,0,1,1,0,0,0,0,1,1,0,0,0,17,1700,Clear,Daylight,-79.4785,43.6285
926117,948,Motorcycle Driver,35 to 39,Major,Motorcycle,Going Ahead,0,0,1,1,0,0,0,0,0,0,0,0,0,14,1415,Clear,Daylight,-79.3302,43.6608
926117,949,Driver,55 to 59,None,"Automobile, Station Wagon",Turning Left,0,0,1,1,0,0,0,0,0,0,0,0,0,14,1415,Clear,Daylight,-79.3302,43.6608
926819,520,Passenger,45 to 49,Major,Other,NULL,0,0,1,0,0,0,0,1,0,1,0,0,0,17,1709,Clear,Daylight,-79.3352,43.7146
926819,525,Driver,35 to 39,Major,"Automobile, Station Wagon",Turning Left,0,0,1,0,0,0,0,1,0,1,0,0,0,17,1709,Clear,Daylight,-79.3352,43.7146
926819,416,Driver,45 to 49,Major,"Automobile, Station Wagon",Going Ahead,0,0,1,0,0,0,0,1,0,1,0,0,0,17,1709,Clear,Daylight,-79.3352,43.7146
927087,16031,Motorcycle Driver,60 to 64,Fatal,Motorcycle,Going Ahead,0,0,0,1,0,0,0,0,0,0,0,0,0,20,1952,Clear,Daylight,-79.5839,43.6394
927137,1871,Driver,15 to 19,Major,"Automobile, Station Wagon",Going Ahead,0,0,1,0,0,0,0,0,1,1,0,0,0,4,413,Clear,"Dark, artificial",-79.2882,43.7832
929168,1807,Cyclist,20 to 24,Major,Bicycle,Going Ahead,0,1,1,0,0,0,0,0,0,0,0,0,0,20,2019,Clear,Daylight,-79.3014,43.6696
929168,1741,Driver,35 to 39,None,"Automobile, Station Wagon",Merging,0,1,1,0,0,0,0,0,0,0,0,0,0,20,2019,Clear,Daylight,-79.3014,43.6696
929484,1810,Driver,25 to 29,None,"Automobile, Station Wagon",Going Ahead,0,1,1,0,0,0,0,0,0,1,0,0,0,10,950,Clear,Daylight,-79.4103,43.6768
929484,1811,Cyclist,45 to 49,Major,Bicycle,Turning Left,0,1,1,0,0,0,0,0,0,1,0,0,0,10,950,Clear,Daylight,-79.4103,43.6768
935134,1059,Vehicle Owner,unknown,None,Other,NULL,1,0,1,0,0,0,0,0,0,0,0,0,0,19,1916,Rain,Dark,-79.4306,43.723
935134,1060,Driver,55 to 59,None,"Automobile, Station Wagon",Going Ahead,1,0,1,0,0,0,0,0,0,0,0,0,0,19,1916,Rain,Dark,-79.4306,43.723
935134,1061,Pedestrian,70 to 74,Major,Other,NULL,1,0,1,0,0,0,0,0,0,0,0,0,0,19,1916,Rain,Dark,-79.4306,43.723
935384,1003,Driver,25 to 29,Minor,"Automobile, Station Wagon",Going Ahead,1,0,1,0,0,0,0,0,0,1,0,0,0,6,637,Clear,Dawn,-79.2521,43.7745
935384,1004,Pedestrian,30 to 34,Major,Other,Other,1,0,1,0,0,0,0,0,0,1,0,0,0,6,637,Clear,Dawn,-79.2521,43.7745
935384,1001,Driver,20 to 24,Minimal,"Automobile, Station Wagon",Turning Left,1,0,1,0,0,0,0,0,0,1,0,0,0,6,637,Clear,Dawn,-79.2521,43.7745
935843,1074,Other,unknown,None,Other,Parked,0,0,1,0,0,0,0,1,0,0,0,0,0,3,318,Clear,Dark,-79.3982,43.745
935843,1075,Passenger,45 to 49,None,"Automobile, Station Wagon",NULL,0,0,1,0,0,0,0,1,0,0,0,0,0,3,318,Clear,Dark,-79.3982,43.745
935843,1077,Driver,15 to 19,Major,"Automobile, Station Wagon",Going Ahead,0,0,1,0,0,0,0,1,0,0,0,0,0,3,318,Clear,Dark,-79.3982,43.745
940098,1214,Driver,unknown,None,"Automobile, Station Wagon",Unknown,1,0,1,0,0,0,0,0,0,0,0,0,0,6,628,Clear,Dark,-79.4564,43.7222
940098,1215,Pedestrian,unknown,Major,Other,Other,1,0,1,0,0,0,0,0,0,0,0,0,0,6,628,Clear,Dark,-79.4564,43.7222
940482,1227,Driver,20 to 24,None,"Automobile, Station Wagon",Going Ahead,1,0,1,0,0,0,0,0,0,1,0,0,0,17,1700,Clear,Dark,-79.2664,43.7554
940482,1228,Pedestrian,55 to 59,Major,Other,NULL,1,0,1,0,0,0,0,0,0,1,0,0,0,17,1700,Clear,Dark,-79.2664,43.7554
940775,1250,Pedestrian,55 to 59,Fatal,Other,NULL,1,0,1,0,0,0,0,1,0,0,0,0,0,17,1719,Clear,Dark,-79.4975,43.6805
940775,1251,Passenger,75 to 79,None,Other,NULL,1,0,1,0,0,0,0,1,0,0,0,0,0,17,1719,Clear,Dark,-79.4975,43.6805
940775,1252,Driver,70 to 74,None,"Automobile, Station Wagon",Going Ahead,1,0,1,0,0,0,0,1,0,0,0,0,0,17,1719,Clear,Dark,-79.4975,43.6805
941100,1695,Pedestrian,30 to 34,Major,Other,NULL,1,0,1,0,0,0,0,0,0,1,0,0,0,22,2240,Rain,Dusk,-79.3831,43.671
941100,1696,Driver,25 to 29,None,"Automobile, Station Wagon",Turning Right,1,0,1,0,0,0,0,0,0,1,0,0,0,22,2240,Rain,Dusk,-79.3831,43.671
942286,1188,Driver,65 to 69,None,"Automobile, Station Wagon",Turning Left,1,0,1,0,0,0,0,0,0,0,0,0,0,15,1510,Clear,Daylight,-79.3389,43.6583
917569,265,Driver,45 to 49,Minimal,"Automobile, Station Wagon",Going Ahead,0,0,1,0,0,0,0,1,0,1,0,0,0,13,1310,Rain,Daylight,-79.491,43.6054
917569,266,Passenger,70 to 74,Minimal,Other,NULL,0,0,1,0,0,0,0,1,0,1,0,0,0,13,1310,Rain,Daylight,-79.491,43.6054
917569,267,Driver,60 to 64,Major,"Automobile, Station Wagon",Pulling Away from Shoulder or Curb,0,0,1,0,0,0,0,1,0,1,0,0,0,13,1310,Rain,Daylight,-79.491,43.6054
917719,279,Motorcycle Passenger,25 to 29,Minimal,Other,NULL,0,0,0,1,0,0,0,1,1,1,0,0,0,2,150,Clear,Dark,-79.5737,43.643
917719,280,Motorcycle Driver,30 to 34,Major,Motorcycle,Going Ahead,0,0,0,1,0,0,0,1,1,1,0,0,0,2,150,Clear,Dark,-79.5737,43.643
919332,589,Driver,25 to 29,None,"Automobile, Station Wagon",Going Ahead,0,0,1,0,0,0,0,1,0,0,0,0,0,16,1639,Clear,Daylight,-79.2186,43.7698
919332,590,Driver,35 to 39,None,"Automobile, Station Wagon",Going Ahead,0,0,1,0,0,0,0,1,0,0,0,0,0,16,1639,Clear,Daylight,-79.2186,43.7698
919332,591,Passenger,0 to 4,None,Other,NULL,0,0,1,0,0,0,0,1,0,0,0,0,0,16,1639,Clear,Daylight,-79.2186,43.7698
919332,592,Passenger,5 to 9,None,Other,NULL,0,0,1,0,0,0,0,1,0,0,0,0,0,16,1639,Clear,Daylight,-79.2186,43.7698
919332,593,Passenger,25 to 29,None,Other,NULL,0,0,1,0,0,0,0,1,0,0,0,0,0,16,1639,Clear,Daylight,-79.2186,43.7698
919332,595,Driver,25 to 29,None,"Automobile, Station Wagon",Going Ahead,0,0,1,0,0,0,0,1,0,0,0,0,0,16,1639,Clear,Daylight,-79.2186,43.7698
919332,596,Passenger,65 to 69,Fatal,Other,NULL,0,0,1,0,0,0,0,1,0,0,0,0,0,16,1639,Clear,Daylight,-79.2186,43.7698
919332,598,Driver,35 to 39,Minor,"Automobile, Station Wagon",Going Ahead,0,0,1,0,0,0,0,1,0,0,0,0,0,16,1639,Clear,Daylight,-79.2186,43.7698
919516,610,Driver,75 to 79,None,"Automobile, Station Wagon",Turning Right,1,0,1,0,0,0,0,0,0,1,0,0,0,23,2345,Clear,Dark,-79.3301,43.6632
919516,611,Pedestrian,60 to 64,Fatal,Other,NULL,1,0,1,0,0,0,0,0,0,1,0,0,0,23,2345,Clear,Dark,-79.3301,43.6632
919641,608,Driver,55 to 59,None,"Automobile, Station Wagon",Going Ahead,1,0,1,0,0,0,0,0,0,0,0,0,0,13,1335,Clear,Daylight,-79.3129,43.7583
919641,609,Pedestrian,5 to 9,Fatal,Other,NULL,1,0,1,0,0,0,0,0,0,0,0,0,0,13,1335,Clear,Daylight,-79.3129,43.7583
920502,938,Driver,60 to 64,Fatal,"Automobile, Station Wagon",Turning Left,0,0,1,0,0,0,0,0,0,1,0,0,0,23,2330,Rain,Dark,-79.3604,43.7552
920502,939,Driver,20 to 24,Minimal,"Automobile, Station Wagon",Going Ahead,0,0,1,0,0,0,0,0,0,1,0,0,0,23,2330,Rain,Dark,-79.3604,43.7552
920927,203,Pedestrian,25 to 29,Major,Other,NULL,1,0,1,0,0,0,0,0,0,1,0,0,0,23,2330,Clear,Dark,-79.3917,43.6461
920927,102,Driver,unknown,None,"Automobile, Station Wagon",Going Ahead,1,0,1,0,0,0,0,0,0,1,0,0,0,23,2330,Clear,Dark,-79.3917,43.6461
920995,808,Driver,35 to 39,Minimal,"Automobile, Station Wagon",Changing Lanes,0,0,1,0,0,0,0,1,0,1,0,0,0,3,330,Clear,Dark,-79.3914,43.6462
920995,809,Other,Over 95,None,Other,Parked,0,0,1,0,0,0,0,1,0,1,0,0,0,3,330,Clear,Dark,-79.3914,43.6462
920995,810,Other,Over 95,None,Other,Parked,0,0,1,0,0,0,0,1,0,1,0,0,0,3,330,Clear,Dark,-79.3914,43.6462
920995,805,Other,Over 95,None,Other,Parked,0,0,1,0,0,0,0,1,0,1,0,0,0,3,330,Clear,Dark,-79.3914,43.6462
920995,806,Vehicle Owner,unknown,None,Other,NULL,0,0,1,0,0,0,0,1,0,1,0,0,0,3,330,Clear,Dark,-79.3914,43.6462
920995,807,Passenger,0 to 4,Major,Other,NULL,0,0,1,0,0,0,0,1,0,1,0,0,0,3,330,Clear,Dark,-79.3914,43.6462
923176,1153,Driver,45 to 49,Major,"Automobile, Station Wagon",Going Ahead,0,0,1,0,0,0,0,0,0,1,0,0,0,15,1505,Clear,Daylight,-79.2474,43.7423
923394,1283,Cyclist,45 to 49,Fatal,Bicycle,Going Ahead,0,1,0,0,1,0,0,0,0,1,0,0,0,16,1629,Clear,Daylight,-79.3534,43.7159
923394,1276,Truck Driver,45 to 49,None,Truck - Open,Overtaking,0,1,0,0,1,0,0,0,0,1,0,0,0,16,1629,Clear,Daylight,-79.3534,43.7159
923419,617,Motorcycle Driver,55 to 59,Major,Motorcycle,Going Ahead,0,0,1,1,0,0,0,0,0,0,0,0,0,15,1513,Clear,Daylight,-79.433,43.6412
923419,618,Driver,35 to 39,None,"Automobile, Station Wagon",Making U Turn,0,0,1,1,0,0,0,0,0,0,0,0,0,15,1513,Clear,Daylight,-79.433,43.6412
923585,726,Driver,35 to 39,Major,"Automobile, Station Wagon",Going Ahead,0,0,1,0,0,0,0,0,1,1,0,0,1,11,1104,Clear,Daylight,-79.2315,43.7145
923585,819,Other Property Owner,unknown,None,Other,NULL,0,0,1,0,0,0,0,0,1,1,0,0,1,11,1104,Clear,Daylight,-79.2315,43.7145
923894,1409,Driver,60 to 64,None,"Automobile, Station Wagon",Going Ahead,1,0,1,0,0,0,0,1,0,0,0,0,0,22,2208,Rain,Dark,-79.4376,43.6343
923894,1417,Passenger,0 to 4,None,Other,NULL,1,0,1,0,0,0,0,1,0,0,0,0,0,22,2208,Rain,Dark,-79.4376,43.6343
923894,1423,Passenger,25 to 29,None,Other,NULL,1,0,1,0,0,0,0,1,0,0,0,0,0,22,2208,Rain,Dark,-79.4376,43.6343
923894,1438,Driver,55 to 59,None,"Automobile, Station Wagon",Going Ahead,1,0,1,0,0,0,0,1,0,0,0,0,0,22,2208,Rain,Dark,-79.4376,43.6343
923894,1524,Pedestrian,20 to 24,Major,Other,NULL,1,0,1,0,0,0,0,1,0,0,0,0,0,22,2208,Rain,Dark,-79.4376,43.6343
923894,1295,Passenger,45 to 49,None,Other,NULL,1,0,1,0,0,0,0,1,0,0,0,0,0,22,2208,Rain,Dark,-79.4376,43.6343
923894,1303,Driver,45 to 49,None,"Automobile, Station Wagon",Going Ahead,1,0,1,0,0,0,0,1,0,0,0,0,0,22,2208,Rain,Dark,-79.4376,43.6343
923894,1311,Passenger,unknown,None,Other,NULL,1,0,1,0,0,0,0,1,0,0,0,0,0,22,2208,Rain,Dark,-79.4376,43.6343
925966,954,Driver,25 to 29,None,"Automobile, Station Wagon",Going Ahead,0,1,1,0,0,0,0,0,0,0,0,0,0,1,117,Clear,Dark,-79.3841,43.6638
925966,955,Cyclist,30 to 34,Major,Bicycle,Going Ahead,0,1,1,0,0,0,0,0,0,0,0,0,0,1,117,Clear,Dark,-79.3841,43.6638
926125,952,Motorcycle Driver,15 to 19,Major,Motorcycle,Going Ahead,0,0,1,1,0,0,0,0,0,1,0,0,0,21,2114,Clear,Dark,-79.4718,43.7102
926125,953,Driver,45 to 49,None,"Automobile, Station Wagon",Pulling Away from Shoulder or Curb,0,0,1,1,0,0,0,0,0,1,0,0,0,21,2114,Clear,Dark,-79.4718,43.7102
926327,1842,Other,unknown,None,Other,Parked,0,0,1,0,0,0,0,1,0,0,0,0,0,15,1525,Clear,Daylight,-79.311,43.7588
926327,1843,Passenger,45 to 49,Minimal,Other,NULL,0,0,1,0,0,0,0,1,0,0,0,0,0,15,1525,Clear,Daylight,-79.311,43.7588
926327,1844,Driver,40 to 44,Minimal,"Automobile, Station Wagon",Going Ahead,0,0,1,0,0,0,0,1,0,0,0,0,0,15,1525,Clear,Daylight,-79.311,43.7588
926327,1845,Passenger,0 to 4,Major,Other,NULL,0,0,1,0,0,0,0,1,0,0,0,0,0,15,1525,Clear,Daylight,-79.311,43.7588
926327,1846,Driver,35 to 39,Minor,"Automobile, Station Wagon",Going Ahead,0,0,1,0,0,0,0,1,0,0,0,0,0,15,1525,Clear,Daylight,-79.311,43.7588
927027,1868,Vehicle Owner,unknown,None,Other,NULL,0,0,1,0,0,0,0,0,0,0,0,0,0,20,2042,Rain,Dark,-79.5622,43.6356
927027,1866,Driver,80 to 84,Major,"Automobile, Station Wagon",Turning Left,0,0,1,0,0,0,0,0,0,0,0,0,0,20,2042,Rain,Dark,-79.5622,43.6356
927027,1867,Driver,40 to 44,None,"Automobile, Station Wagon",Stopped,0,0,1,0,0,0,0,0,0,0,0,0,0,20,2042,Rain,Dark,-79.5622,43.6356
927027,1869,Driver,20 to 24,Minor,"Automobile, Station Wagon",Going Ahead,0,0,1,0,0,0,0,0,0,0,0,0,0,20,2042,Rain,Dark,-79.5622,43.6356
927027,1870,Other Property Owner,unknown,None,Other,NULL,0,0,1,0,0,0,0,0,0,0,0,0,0,20,2042,Rain,Dark,-79.5622,43.6356
927513,969,Passenger,10 to 14,Major,Other,NULL,1,0,1,0,0,0,0,1,0,0,0,0,0,12,1210,Clear,Daylight,-79.6164,43.7318
927513,970,Driver,15 to 19,None,"Automobile, Station Wagon",Going Ahead,1,0,1,0,0,0,0,1,0,0,0,0,0,12,1210,Clear,Daylight,-79.6164,43.7318
927513,971,Pedestrian,15 to 19,Major,Other,NULL,1,0,1,0,0,0,0,1,0,0,0,0,0,12,1210,Clear,Daylight,-79.6164,43.7318
927513,972,Pedestrian,15 to 19,Major,Other,NULL,1,0,1,0,0,0,0,1,0,0,0,0,0,12,1210,Clear,Daylight,-79.6164,43.7318
928690,1717,Driver,45 to 49,None,"Automobile, Station Wagon",Going Ahead,1,0,1,0,0,0,0,0,0,0,0,0,0,22,2159,Clear,Dark,-79.448,43.6903
928690,1718,Pedestrian,55 to 59,Major,Other,NULL,1,0,1,0,0,0,0,0,0,0,0,0,0,22,2159,Clear,Dark,-79.448,43.6903
930421,1912,Driver,unknown,None,"Automobile, Station Wagon",Unknown,1,0,1,0,0,0,0,0,0,0,0,0,0,23,2255,Rain,Dark,-79.4944,43.7815
930421,1913,Pedestrian,unknown,Major,Other,Other,1,0,1,0,0,0,0,0,0,0,0,0,0,23,2255,Rain,Dark,-79.4944,43.7815
930555,1849,Driver,55 to 59,Major,"Automobile, Station Wagon",Going Ahead,1,0,1,0,0,0,0,0,0,0,0,0,0,15,1453,Clear,Daylight,-79.4296,43.7189
930555,1851,Pedestrian,35 to 39,Minimal,Other,NULL,1,0,1,0,0,0,0,0,0,0,0,0,0,15,1453,Clear,Daylight,-79.4296,43.7189
931507,1006,Passenger,15 to 19,None,Other,NULL,1,0,1,0,0,0,0,1,0,0,0,0,0,19,1916,Clear,Dark,-79.2926,43.6902
931507,1007,Driver,20 to 24,None,"Automobile, Station Wagon",Turning Right,1,0,1,0,0,0,0,1,0,0,0,0,0,19,1916,Clear,Dark,-79.2926,43.6902
931507,1008,Pedestrian,55 to 59,Major,Other,NULL,1,0,1,0,0,0,0,1,0,0,0,0,0,19,1916,Clear,Dark,-79.2926,43.6902
933963,1035,Driver,45 to 49,None,"Automobile, Station Wagon",Turning Right,1,0,1,0,0,0,0,0,0,1,0,0,0,13,1320,Clear,Daylight,-79.2882,43.7832
933963,1036,Pedestrian,70 to 74,Major,Other,NULL,1,0,1,0,0,0,0,0,0,1,0,0,0,13,1320,Clear,Daylight,-79.2882,43.7832
934047,1031,Driver,unknown,None,"Automobile, Station Wagon",Going Ahead,1,0,1,0,0,0,0,0,0,1,1,0,0,2,228,Rain,Dark,-79.3849,43.6512
934047,1032,Pedestrian,20 to 24,Major,Other,NULL,1,0,1,0,0,0,0,0,0,1,1,0,0,2,228,Rain,Dark,-79.3849,43.6512
935226,1906,Driver,60 to 64,Major,"Automobile, Station Wagon",Going Ahead,0,0,1,0,0,0,0,0,0,1,1,0,0,13,1256,Clear,Daylight,-79.6009,43.7346
935226,1907,Driver,45 to 49,Minor,"Automobile, Station Wagon",Going Ahead,0,0,1,0,0,0,0,0,0,1,1,0,0,13,1256,Clear,Daylight,-79.6009,43.7346
935844,1079,Driver,50 to 54,Minor,"Automobile, Station Wagon",Overtaking,1,0,1,0,0,0,0,0,0,0,0,0,0,20,2000,Clear,Dark,-79.3017,43.7438
935844,1080,Pedestrian,55 to 59,Major,Other,NULL,1,0,1,0,0,0,0,0,0,0,0,0,0,20,2000,Clear,Dark,-79.3017,43.7438
936387,1017,Pedestrian,25 to 29,Major,Other,NULL,1,0,1,0,0,0,0,0,0,0,0,0,0,22,2215,Rain,Dark,-79.3763,43.6522
936387,1015,Vehicle Owner,unknown,None,Other,NULL,1,0,1,0,0,0,0,0,0,0,0,0,0,22,2215,Rain,Dark,-79.3763,43.6522
936387,1016,Driver,45 to 49,None,"Automobile, Station Wagon",Going Ahead,1,0,1,0,0,0,0,0,0,0,0,0,0,22,2215,Rain,Dark,-79.3763,43.6522
940240,1219,Vehicle Owner,unknown,None,Other,NULL,1,0,1,0,0,0,0,0,0,0,0,0,0,18,1821,Clear,Dark,-79.3365,43.8047
940240,1220,Driver,35 to 39,None,"Automobile, Station Wagon",Going Ahead,1,0,1,0,0,0,0,0,0,0,0,0,0,18,1821,Clear,Dark,-79.3365,43.8047
937379,1103,Passenger,90 to 94,Major,Other,NULL,0,0,1,0,0,0,0,1,0,0,0,0,0,13,1315,Clear,Daylight,-79.1564,43.8116
937379,1104,Passenger,70 to 74,None,Other,NULL,0,0,1,0,0,0,0,1,0,0,0,0,0,13,1315,Clear,Daylight,-79.1564,43.8116
937379,1105,Driver,80 to 84,None,"Automobile, Station Wagon",Turning Left,0,0,1,0,0,0,0,1,0,0,0,0,0,13,1315,Clear,Daylight,-79.1564,43.8116
939969,1705,Motorcycle Driver,30 to 34,Major,Motorcycle,Going Ahead,0,0,0,1,0,0,0,0,0,0,0,0,0,9,851,Rain,Daylight,-79.406,43.6453
939969,1709,Vehicle Owner,unknown,None,Other,NULL,0,0,0,1,0,0,0,0,0,0,0,0,0,9,851,Rain,Daylight,-79.406,43.6453
939969,1713,Driver,50 to 54,None,Other,Turning Left,0,0,0,1,0,0,0,0,0,0,0,0,0,9,851,Rain,Daylight,-79.406,43.6453
940622,1231,Driver,25 to 29,None,"Automobile, Station Wagon",Going Ahead,1,0,1,0,0,0,0,0,0,0,0,0,0,7,700,Clear,Dawn,-79.3276,43.7606
940622,1232,Pedestrian,45 to 49,Major,Other,NULL,1,0,1,0,0,0,0,0,0,0,0,0,0,7,700,Clear,Dawn,-79.3276,43.7606
945718,1441,Driver,40 to 44,None,"Automobile, Station Wagon",Turning Left,1,0,1,0,0,0,0,0,0,1,0,0,0,19,1855,Clear,Dark,-79.4057,43.7785
945718,1442,Pedestrian,45 to 49,Major,Other,NULL,1,0,1,0,0,0,0,0,0,1,0,0,0,19,1855,Clear,Dark,-79.4057,43.7785
946237,1297,Driver,20 to 24,Minor,"Automobile, Station Wagon",Going Ahead,0,0,1,0,0,0,0,1,0,1,0,0,0,14,1355,Clear,Daylight,-79.524,43.7174
946237,1288,Passenger,35 to 39,Minor,Other,NULL,0,0,1,0,0,0,0,1,0,1,0,0,0,14,1355,Clear,Daylight,-79.524,43.7174
946237,1285,Passenger,40 to 44,Minor,Other,NULL,0,0,1,0,0,0,0,1,0,1,0,0,0,14,1355,Clear,Daylight,-79.524,43.7174
946237,1278,Driver,75 to 79,Major,"Automobile, Station Wagon",Turning Left,0,0,1,0,0,0,0,1,0,1,0,0,0,14,1355,Clear,Daylight,-79.524,43.7174
949730,1623,Driver,50 to 54,Minor,"Automobile, Station Wagon",Going Ahead,0,0,1,0,0,0,0,0,1,1,0,0,0,15,1458,Rain,Daylight,-79.3367,43.7018
949730,1625,Driver,35 to 39,None,"Automobile, Station Wagon",Going Ahead,0,0,1,0,0,0,0,0,1,1,0,0,0,15,1458,Rain,Daylight,-79.3367,43.7018
949730,1626,Driver,60 to 64,Major,"Automobile, Station Wagon",Going Ahead,0,0,1,0,0,0,0,0,1,1,0,0,0,15,1458,Rain,Daylight,-79.3367,43.7018
955463,1991,Driver,35 to 39,None,"Automobile, Station Wagon",Turning Left,1,0,1,0,0,0,0,0,0,1,0,0,0,13,1255,Clear,Daylight,-79.4402,43.6712
955463,1992,Pedestrian,60 to 64,Major,Other,NULL,1,0,1,0,0,0,0,0,0,1,0,0,0,13,1255,Clear,Daylight,-79.4402,43.6712
956782,1602,Driver,30 to 34,Major,"Automobile, Station Wagon",Overtaking,0,0,1,0,0,0,0,1,1,1,0,0,0,3,300,Clear,Dark,-79.3251,43.7153
956782,1527,Passenger,25 to 29,Major,Other,NULL,0,0,1,0,0,0,0,1,1,1,0,0,0,3,300,Clear,Dark,-79.3251,43.7153
957584,1244,Pedestrian,40 to 44,Minor,Other,NULL,1,0,1,0,0,0,0,0,0,1,0,0,0,20,2008,Snow,Dark,-79.4302,43.7764
957584,1245,Pedestrian,10 to 14,Major,Other,NULL,1,0,1,0,0,0,0,0,0,1,0,0,0,20,2008,Snow,Dark,-79.4302,43.7764
957584,1243,Driver,20 to 24,None,"Automobile, Station Wagon",Turning Left,1,0,1,0,0,0,0,0,0,1,0,0,0,20,2008,Snow,Dark,-79.4302,43.7764