ACCNUM,ObjectId,INVTYPE,INVAGE,INJURY,VEHTYPE,MANOEUVER,PEDESTRIAN,CYCLIST,AUTOMOBILE,MOTORCYCLE,TRUCK,TRSN_CITY_VEH,EMERG_VEH,PASSENGER,SPEEDING,AG_DRIV,REDLIGHT,ALCOHOL,DISABILITY,HOUR,TIME,VISIBILITY,LIGHT,collision_lat,collision_long
957751,1158,Driver,70 to 74,Minor,"Automobile, Station Wagon",Going Ahead,0,0,1,0,0,0,0,0,0,1,0,0,0,19,1939,Clear,Dark,-79.4828,43.6883
957751,1161,Driver,40 to 44,Major,"Automobile, Station Wagon",Turning Left,0,0,1,0,0,0,0,0,0,1,0,0,0,19,1939,Clear,Dark,-79.4828,43.6883
958821,1774,Driver,35 to 39,None,"Automobile, Station Wagon",Going Ahead,0,0,1,0,0,1,0,1,0,0,0,0,0,16,1550,Clear,Daylight,-79.6104,43.7497
958821,1775,Passenger,35 to 39,Minimal,Other,NULL,0,0,1,0,0,1,0,1,0,0,0,0,0,16,1550,Clear,Daylight,-79.6104,43.7497
958821,1776,Driver,50 to 54,Major,"Automobile, Station Wagon",Turning Right,0,0,1,0,0,1,0,1,0,0,0,0,0,16,1550,Clear,Daylight,-79.6104,43.7497
958821,1777,Driver,70 to 74,None,"Automobile, Station Wagon",Turning Right,0,0,1,0,0,1,0,1,0,0,0,0,0,16,1550,Clear,Daylight,-79.6104,43.7497
958821,1779,Driver,55 to 59,None,Municipal Transit Bus (TTC),Turning Left,0,0,1,0,0,1,0,1,0,0,0,0,0,16,1550,Clear,Daylight,-79.6104,43.7497
961628,1715,Driver,50 to 54,Minor,"Automobile, Station Wagon",Changing Lanes,0,0,1,0,0,0,0,0,0,1,0,0,0,9,853,Clear,Daylight,-79.3647,43.6529
961628,1710,Driver,30 to 34,Major,"Automobile, Station Wagon",Going Ahead,0,0,1,0,0,0,0,0,0,1,0,0,0,9,853,Clear,Daylight,-79.3647,43.6529
961628,1704,Vehicle Owner,unknown,None,Other,NULL,0,0,1,0,0,0,0,0,0,1,0,0,0,9,853,Clear,Daylight,-79.3647,43.6529
962030,16032,Driver,30 to 34,None,Delivery Van,Pulling Away from Shoulder or Curb,1,0,1,0,0,0,0,0,0,0,0,0,0,9,915,Clear,Daylight,-79.3823,43.6567
962030,16033,Pedestrian,45 to 49,Major,NULL,NULL,1,0,1,0,0,0,0,0,0,0,0,0,0,9,915,Clear,Daylight,-79.3823,43.6567
962798,1277,Vehicle Owner,unknown,None,Other,NULL,0,0,1,0,0,0,0,1,0,0,0,0,1,14,1444,Clear,Daylight,-79.4459,43.7348
962798,1290,Passenger,25 to 29,Major,Other,NULL,0,0,1,0,0,0,0,1,0,0,0,0,1,14,1444,Clear,Daylight,-79.4459,43.7348
962798,1286,Driver,15 to 19,Minimal,"Automobile, Station Wagon",Going Ahead,0,0,1,0,0,0,0,1,0,0,0,0,1,14,1444,Clear,Daylight,-79.4459,43.7348
962798,1298,Vehicle Owner,unknown,None,Other,NULL,0,0,1,0,0,0,0,1,0,0,0,0,1,14,1444,Clear,Daylight,-79.4459,43.7348
962798,1301,Driver,50 to 54,Major,"Automobile, Station Wagon",Slowing or Stopping,0,0,1,0,0,0,0,1,0,0,0,0,1,14,1444,Clear,Daylight,-79.4459,43.7348
962798,1307,Vehicle Owner,unknown,None,Other,NULL,0,0,1,0,0,0,0,1,0,0,0,0,1,14,1444,Clear,Daylight,-79.4459,43.7348
962798,1314,Driver,25 to 29,None,"Automobile, Station Wagon",Going Ahead,0,0,1,0,0,0,0,1,0,0,0,0,1,14,1444,Clear,Daylight,-79.4459,43.7348
966627,1166,Pedestrian,15 to 19,Major,Other,NULL,1,0,1,0,0,0,0,0,0,0,0,0,0,14,1415,Clear,Daylight,-79.2916,43.8272
966627,1160,Driver,35 to 39,None,"Automobile, Station Wagon",Going Ahead,1,0,1,0,0,0,0,0,0,0,0,0,0,14,1415,Clear,Daylight,-79.2916,43.8272
968131,1536,Vehicle Owner,unknown,None,Other,NULL,0,0,1,0,0,0,0,1,0,0,0,1,0,6,645,Clear,Daylight,-79.2683,43.7739
968131,1537,Passenger,45 to 49,Minor,Other,NULL,0,0,1,0,0,0,0,1,0,0,0,1,0,6,645,Clear,Daylight,-79.2683,43.7739
968131,1538,Driver,40 to 44,Minor,"Automobile, Station Wagon",Stopped,0,0,1,0,0,0,0,1,0,0,0,1,0,6,645,Clear,Daylight,-79.2683,43.7739
968131,1539,Vehicle Owner,unknown,None,Other,NULL,0,0,1,0,0,0,0,1,0,0,0,1,0,6,645,Clear,Daylight,-79.2683,43.7739
968131,1540,Driver,25 to 29,Major,"Automobile, Station Wagon",Going Ahead,0,0,1,0,0,0,0,1,0,0,0,1,0,6,645,Clear,Daylight,-79.2683,43.7739
972843,2475,Motorcycle Driver,25 to 29,Fatal,Motorcycle,Slowing or Stopping,0,0,0,1,0,0,0,0,1,1,0,0,0,0,2,Clear,Dark,-79.3674,43.6742
973511,1565,Driver,35 to 39,Major,"Automobile, Station Wagon",Going Ahead,0,0,1,0,0,0,0,1,0,1,1,0,0,19,1930,Clear,Daylight,-79.5953,43.7442
973511,1566,Passenger,40 to 44,Minimal,Other,NULL,0,0,1,0,0,0,0,1,0,1,1,0,0,19,1930,Clear,Daylight,-79.5953,43.7442
973511,1568,Passenger,15 to 19,Minimal,Other,NULL,0,0,1,0,0,0,0,1,0,1,1,0,0,19,1930,Clear,Daylight,-79.5953,43.7442
973511,1569,Driver,45 to 49,Major,"Automobile, Station Wagon",Going Ahead,0,0,1,0,0,0,0,1,0,1,1,0,0,19,1930,Clear,Daylight,-79.5953,43.7442
973511,1563,Passenger,40 to 44,Minor,Other,NULL,0,0,1,0,0,0,0,1,0,1,1,0,0,19,1930,Clear,Daylight,-79.5953,43.7442
973511,1564,Passenger,40 to 44,Minor,Other,NULL,0,0,1,0,0,0,0,1,0,1,1,0,0,19,1930,Clear,Daylight,-79.5953,43.7442
973511,1567,Passenger,15 to 19,Minimal,Other,NULL,0,0,1,0,0,0,0,1,0,1,1,0,0,19,1930,Clear,Daylight,-79.5953,43.7442
974080,2894,Truck Driver,45 to 49,None,Truck - Open,Going Ahead,0,1,1,0,1,0,0,0,0,0,0,0,0,8,809,Clear,Daylight,-79.3865,43.7604
974080,2895,Cyclist,45 to 49,Fatal,Bicycle,Going Ahead,0,1,1,0,1,0,0,0,0,0,0,0,0,8,809,Clear,Daylight,-79.3865,43.7604
974080,2896,Driver,35 to 39,None,"Automobile, Station Wagon",Going Ahead,0,1,1,0,1,0,0,0,0,0,0,0,0,8,809,Clear,Daylight,-79.3865,43.7604
979478,2559,Pedestrian,5 to 9,Major,Other,NULL,1,0,1,0,0,0,0,0,0,0,0,0,0,9,925,Clear,Daylight,-79.2751,43.8222
979478,2564,Driver,40 to 44,None,"Automobile, Station Wagon",Other,1,0,1,0,0,0,0,0,0,0,0,0,0,9,925,Clear,Daylight,-79.2751,43.8222
981935,2735,Driver,45 to 49,None,"Automobile, Station Wagon",Parked,0,1,1,0,0,0,0,0,0,0,0,0,0,14,1447,Clear,Daylight,-79.3956,43.6749
981935,2736,Cyclist,50 to 54,Major,Bicycle,Going Ahead,0,1,1,0,0,0,0,0,0,0,0,0,0,14,1447,Clear,Daylight,-79.3956,43.6749
984625,2441,Passenger,0 to 4,Fatal,Other,NULL,0,0,1,0,0,0,0,1,0,0,0,0,0,1,51,Clear,Dark,-79.4387,43.6345
984625,2442,Passenger,60 to 64,Fatal,Other,NULL,0,0,1,0,0,0,0,1,0,0,0,0,0,1,51,Clear,Dark,-79.4387,43.6345
984625,2443,Driver,35 to 39,Minor,"Automobile, Station Wagon",Stopped,0,0,1,0,0,0,0,1,0,0,0,0,0,1,51,Clear,Dark,-79.4387,43.6345
984625,2444,Driver,45 to 49,None,"Automobile, Station Wagon",Going Ahead,0,0,1,0,0,0,0,1,0,0,0,0,0,1,51,Clear,Dark,-79.4387,43.6345
984625,2440,Passenger,30 to 34,Minor,Other,NULL,0,0,1,0,0,0,0,1,0,0,0,0,0,1,51,Clear,Dark,-79.4387,43.6345
984625,2439,Passenger,70 to 74,Major,Other,NULL,0,0,1,0,0,0,0,1,0,0,0,0,0,1,51,Clear,Dark,-79.4387,43.6345
986597,2303,Motorcycle Driver,45 to 49,Major,Motorcycle,Going Ahead,0,0,0,1,0,0,0,0,0,0,0,1,0,3,250,Clear,Dark,-79.4188,43.664
986597,2311,Other Property Owner,unknown,None,Other,NULL,0,0,0,1,0,0,0,0,0,0,0,1,0,3,250,Clear,Dark,-79.4188,43.664
987500,2699,Driver,40 to 44,Fatal,"Automobile, Station Wagon",Going Ahead,0,0,1,0,0,0,0,0,0,0,0,0,0,0,48,Clear,Dark,-79.4917,43.7436
991193,2349,Vehicle Owner,unknown,None,Other,NULL,0,0,0,0,0,0,0,0,0,0,0,0,0,19,1939,Clear,Daylight,-79.2532,43.7003
991193,2361,NULL,unknown,None,Other,NULL,0,0,0,0,0,0,0,0,0,0,0,0,0,19,1939,Clear,Daylight,-79.2532,43.7003
991193,2367,Driver,55 to 59,Major,Other,Reversing,0,0,0,0,0,0,0,0,0,0,0,0,0,19,1939,Clear,Daylight,-79.2532,43.7003
991226,2451,Driver,60 to 64,None,"Automobile, Station Wagon",Going Ahead,1,0,1,0,0,0,0,0,0,0,0,0,0,15,1500,Clear,Daylight,-79.3387,43.72
991226,2452,Pedestrian,35 to 39,Major,Other,NULL,1,0,1,0,0,0,0,0,0,0,0,0,0,15,1500,Clear,Daylight,-79.3387,43.72
993300,2503,Passenger,40 to 44,Minimal,Other,NULL,0,0,1,0,0,0,0,1,0,0,0,0,0,3,310,Clear,Dark,-79.2508,43.8315
993300,2504,Vehicle Owner,unknown,None,Other,NULL,0,0,1,0,0,0,0,1,0,0,0,0,0,3,310,Clear,Dark,-79.2508,43.8315
993300,2514,Driver,40 to 44,Minor,"Automobile, Station Wagon",Stopped,0,0,1,0,0,0,0,1,0,0,0,0,0,3,310,Clear,Dark,-79.2508,43.8315
993300,2521,Driver,35 to 39,Minor,"Automobile, Station Wagon",Going Ahead,0,0,1,0,0,0,0,1,0,0,0,0,0,3,310,Clear,Dark,-79.2508,43.8315
993300,2526,Vehicle Owner,unknown,None,Other,NULL,0,0,1,0,0,0,0,1,0,0,0,0,0,3,310,Clear,Dark,-79.2508,43.8315
993300,2532,Driver,50 to 54,Major,Other,Stopped,0,0,1,0,0,0,0,1,0,0,0,0,0,3,310,Clear,Dark,-79.2508,43.8315
899004,852,Passenger,10 to 14,None,Other,NULL,1,0,1,0,0,0,0,1,0,0,0,0,0,16,1630,Clear,Daylight,-79.4252,43.7193
899004,853,Passenger,0 to 4,None,Other,NULL,1,0,1,0,0,0,0,1,0,0,0,0,0,16,1630,Clear,Daylight,-79.4252,43.7193
899004,854,Passenger,10 to 14,None,Other,NULL,1,0,1,0,0,0,0,1,0,0,0,0,0,16,1630,Clear,Daylight,-79.4252,43.7193
899004,855,Driver,30 to 34,None,"Automobile, Station Wagon",Unknown,1,0,1,0,0,0,0,1,0,0,0,0,0,16,1630,Clear,Daylight,-79.4252,43.7193
899004,856,Vehicle Owner,unknown,None,Other,NULL,1,0,1,0,0,0,0,1,0,0,0,0,0,16,1630,Clear,Daylight,-79.4252,43.7193
899747,77,Driver,50 to 54,None,"Automobile, Station Wagon",Going Ahead,1,0,1,0,0,0,0,0,0,0,0,0,0,16,1615,Rain,Daylight,-79.4524,43.6563
899747,78,Pedestrian,75 to 79,Major,Other,NULL,1,0,1,0,0,0,0,0,0,0,0,0,0,16,1615,Rain,Daylight,-79.4524,43.6563
903114,860,Passenger,15 to 19,Major,Other,NULL,0,0,1,0,0,0,0,1,0,0,0,0,0,20,2044,Clear,Dark,-79.5561,43.6142
903114,862,Driver,15 to 19,None,"Automobile, Station Wagon",Turning Left,0,0,1,0,0,0,0,1,0,0,0,0,0,20,2044,Clear,Dark,-79.5561,43.6142
903114,863,Driver,25 to 29,None,"Automobile, Station Wagon",Going Ahead,0,0,1,0,0,0,0,1,0,0,0,0,0,20,2044,Clear,Dark,-79.5561,43.6142
903348,864,Driver,70 to 74,None,"Automobile, Station Wagon",Turning Left,0,0,1,1,0,0,0,0,0,0,0,0,0,13,1310,Clear,Daylight,-79.423,43.7015
903348,865,Motorcycle Driver,35 to 39,Major,Motorcycle,Going Ahead,0,0,1,1,0,0,0,0,0,0,0,0,0,13,1310,Clear,Daylight,-79.423,43.7015
903432,884,Driver,35 to 39,Major,"Automobile, Station Wagon",Going Ahead,0,0,1,0,0,0,0,1,1,1,0,0,0,16,1610,Clear,Daylight,-79.3584,43.7817
903432,885,Passenger,5 to 9,Minor,Other,NULL,0,0,1,0,0,0,0,1,1,1,0,0,0,16,1610,Clear,Daylight,-79.3584,43.7817
903432,886,Passenger,5 to 9,Minor,Other,NULL,0,0,1,0,0,0,0,1,1,1,0,0,0,16,1610,Clear,Daylight,-79.3584,43.7817
903432,887,Other Property Owner,unknown,None,Other,NULL,0,0,1,0,0,0,0,1,1,1,0,0,0,16,1610,Clear,Daylight,-79.3584,43.7817
905154,120,Vehicle Owner,unknown,None,Other,NULL,0,0,1,0,0,0,0,0,0,1,0,0,0,6,610,Rain,Daylight,-79.1829,43.8357
905154,121,Driver,45 to 49,Major,"Automobile, Station Wagon",Going Ahead,0,0,1,0,0,0,0,0,0,1,0,0,0,6,610,Rain,Daylight,-79.1829,43.8357
905154,122,Driver,50 to 54,Major,"Automobile, Station Wagon",Overtaking,0,0,1,0,0,0,0,0,0,1,0,0,0,6,610,Rain,Daylight,-79.1829,43.8357
906767,423,Driver,45 to 49,None,"Automobile, Station Wagon",Turning Left,1,0,1,0,0,0,0,0,0,1,0,0,0,19,1906,Clear,Daylight,-79.4323,43.6604
906767,424,Pedestrian,75 to 79,Fatal,Other,NULL,1,0,1,0,0,0,0,0,0,1,0,0,0,19,1906,Clear,Daylight,-79.4323,43.6604
907251,434,Driver,45 to 49,Minimal,"Automobile, Station Wagon",Changing Lanes,0,0,1,0,0,0,0,0,1,1,0,0,0,21,2141,Clear,Dark,-79.5748,43.7643
907251,435,Driver,45 to 49,None,"Automobile, Station Wagon",Going Ahead,0,0,1,0,0,0,0,0,1,1,0,0,0,21,2141,Clear,Dark,-79.5748,43.7643
907251,436,Driver,40 to 44,Major,"Automobile, Station Wagon",Going Ahead,0,0,1,0,0,0,0,0,1,1,0,0,0,21,2141,Clear,Dark,-79.5748,43.7643
908396,460,Driver,55 to 59,Major,"Automobile, Station Wagon",Going Ahead,0,0,1,0,0,0,0,0,0,1,1,0,0,6,556,Clear,Daylight,-79.3757,43.644
908396,461,Vehicle Owner,unknown,None,"Automobile, Station Wagon",NULL,0,0,1,0,0,0,0,0,0,1,1,0,0,6,556,Clear,Daylight,-79.3757,43.644
908396,462,Driver,35 to 39,Minimal,"Automobile, Station Wagon",Going Ahead,0,0,1,0,0,0,0,0,0,1,1,0,0,6,556,Clear,Daylight,-79.3757,43.644
909657,134,Driver,20 to 24,None,"Automobile, Station Wagon",Changing Lanes,1,0,1,0,0,0,0,0,1,1,0,0,0,5,510,Clear,"Dawn, artificial",-79.4999,43.761
909657,135,Driver,30 to 34,None,"Automobile, Station Wagon",Turning Left,1,0,1,0,0,0,0,0,1,1,0,0,0,5,510,Clear,"Dawn, artificial",-79.4999,43.761
909657,136,Pedestrian,25 to 29,Major,Other,NULL,1,0,1,0,0,0,0,0,1,1,0,0,0,5,510,Clear,"Dawn, artificial",-79.4999,43.761
911336,205,Driver,45 to 49,None,"Automobile, Station Wagon",Going Ahead,0,1,1,0,0,0,0,0,0,0,0,0,0,10,1000,Clear,Daylight,-79.2834,43.744
911336,207,Cyclist,30 to 34,Major,Bicycle,Turning Right,0,1,1,0,0,0,0,0,0,0,0,0,0,10,1000,Clear,Daylight,-79.2834,43.744
911913,234,Vehicle Owner,unknown,None,Other,NULL,0,0,1,0,1,0,0,0,0,1,1,0,0,16,1624,Clear,Daylight,-79.3529,43.7873
911913,235,Truck Driver,30 to 34,None,Truck - Open,Going Ahead,0,0,1,0,1,0,0,0,0,1,1,0,0,16,1624,Clear,Daylight,-79.3529,43.7873
911913,236,Vehicle Owner,unknown,None,Other,NULL,0,0,1,0,1,0,0,0,0,1,1,0,0,16,1624,Clear,Daylight,-79.3529,43.7873
911913,237,Driver,60 to 64,Major,"Automobile, Station Wagon",Going Ahead,0,0,1,0,1,0,0,0,0,1,1,0,0,16,1624,Clear,Daylight,-79.3529,43.7873
911972,478,Driver,45 to 49,None,"Automobile, Station Wagon",Overtaking,0,1,1,0,0,0,0,0,0,1,0,0,0,21,2105,Clear,"Dusk, artificial",-79.3936,43.6688
911972,479,Cyclist,65 to 69,Major,Bicycle,Going Ahead,0,1,1,0,0,0,0,0,0,1,0,0,0,21,2105,Clear,"Dusk, artificial",-79.3936,43.6688
912231,162,Driver,50 to 54,None,"Automobile, Station Wagon",Parked,0,1,1,0,0,0,0,0,0,0,0,0,0,19,1915,Clear,Daylight,-79.3817,43.6613
912231,163,Cyclist,25 to 29,Major,Bicycle,Going Ahead,0,1,1,0,0,0,0,0,0,0,0,0,0,19,1915,Clear,Daylight,-79.3817,43.6613
914846,735,Driver,35 to 39,None,"Automobile, Station Wagon",Going Ahead,1,0,1,0,0,0,0,0,0,0,0,0,0,14,1357,Rain,Daylight,-79.3044,43.7291
914846,736,Pedestrian,70 to 74,Fatal,Other,NULL,1,0,1,0,0,0,0,0,0,0,0,0,0,14,1357,Rain,Daylight,-79.3044,43.7291
915114,734,Other Property Owner,unknown,None,Other,NULL,0,0,1,0,0,0,0,0,0,0,0,1,0,5,515,Clear,Dark,-79.5787,43.6793
915114,733,Driver,45 to 49,Major,"Automobile, Station Wagon",Going Ahead,0,0,1,0,0,0,0,0,0,0,0,1,0,5,515,Clear,Dark,-79.5787,43.6793
915991,757,Passenger,5 to 9,None,Other,NULL,1,0,1,0,0,0,0,1,0,0,0,0,0,16,1626,Clear,Daylight,-79.5454,43.6944
915991,759,Driver,35 to 39,None,"Automobile, Station Wagon",Going Ahead,1,0,1,0,0,0,0,1,0,0,0,0,0,16,1626,Clear,Daylight,-79.5454,43.6944
915991,760,Pedestrian,20 to 24,Fatal,Other,NULL,1,0,1,0,0,0,0,1,0,0,0,0,0,16,1626,Clear,Daylight,-79.5454,43.6944
916243,240,Driver,15 to 19,None,"Automobile, Station Wagon",Going Ahead,0,0,1,0,0,0,0,1,0,1,0,0,0,20,2015,Clear,Daylight,-79.1994,43.7654
916243,241,Driver,40 to 44,None,"Automobile, Station Wagon",Slowing or Stopping,0,0,1,0,0,0,0,1,0,1,0,0,0,20,2015,Clear,Daylight,-79.1994,43.7654
916243,242,Passenger,25 to 29,Major,Other,NULL,0,0,1,0,0,0,0,1,0,1,0,0,0,20,2015,Clear,Daylight,-79.1994,43.7654
916584,504,Driver,unknown,None,"Automobile, Station Wagon",Turning Right,0,1,1,0,0,0,0,0,0,0,0,0,0,9,850,Clear,Daylight,-79.3829,43.6465
916584,505,Cyclist,50 to 54,Major,Bicycle,Going Ahead,0,1,1,0,0,0,0,0,0,0,0,0,0,9,850,Clear,Daylight,-79.3829,43.6465
917154,786,Pedestrian,50 to 54,Fatal,Other,NULL,1,0,1,0,0,0,0,0,0,0,0,0,0,1,130,Rain,Dark,-79.4939,43.6721
917154,788,Driver,40 to 44,None,"Automobile, Station Wagon",Going Ahead,1,0,1,0,0,0,0,0,0,0,0,0,0,1,130,Rain,Dark,-79.4939,43.6721
917847,283,Driver,45 to 49,None,"Automobile, Station Wagon",Going Ahead,0,1,1,0,0,0,0,0,0,0,0,0,0,11,1100,Clear,Daylight,-79.3926,43.6631
917847,284,Cyclist,20 to 24,Major,Bicycle,Going Ahead,0,1,1,0,0,0,0,0,0,0,0,0,0,11,1100,Clear,Daylight,-79.3926,43.6631
919517,624,Driver,55 to 59,None,"Automobile, Station Wagon",Going Ahead,1,0,1,0,0,0,0,0,0,0,0,0,0,10,1040,Clear,Daylight,-79.3327,43.7221
919517,625,Pedestrian,25 to 29,Major,Other,NULL,1,0,1,0,0,0,0,0,0,0,0,0,0,10,1040,Clear,Daylight,-79.3327,43.7221
919835,755,Driver,55 to 59,None,"Automobile, Station Wagon",Turning Left,0,1,1,0,0,0,0,0,0,1,0,0,0,16,1610,Clear,Daylight,-79.5116,43.602
919835,756,Cyclist,45 to 49,Major,Bicycle,Going Ahead,0,1,1,0,0,0,0,0,0,1,0,0,0,16,1610,Clear,Daylight,-79.5116,43.602
921907,962,Passenger,unknown,Minimal,Other,NULL,0,0,1,0,0,0,0,1,1,1,0,0,0,3,315,Clear,Dark,-79.374,43.6492
921907,963,Passenger,unknown,Minimal,Other,NULL,0,0,1,0,0,0,0,1,1,1,0,0,0,3,315,Clear,Dark,-79.374,43.6492
921907,964,Vehicle Owner,unknown,None,Other,NULL,0,0,1,0,0,0,0,1,1,1,0,0,0,3,315,Clear,Dark,-79.374,43.6492
921907,965,Driver,30 to 34,Major,"Automobile, Station Wagon",Going Ahead,0,0,1,0,0,0,0,1,1,1,0,0,0,3,315,Clear,Dark,-79.374,43.6492
922743,606,Driver,45 to 49,None,"Automobile, Station Wagon",Changing Lanes,0,1,1,0,0,0,0,0,0,0,0,0,0,21,2115,Clear,Dark,-79.4006,43.6673
922743,607,Cyclist,25 to 29,Major,Bicycle,Changing Lanes,0,1,1,0,0,0,0,0,0,0,0,0,0,21,2115,Clear,Dark,-79.4006,43.6673
927841,1402,Pedestrian,85 to 89,Major,Other,NULL,1,0,1,0,0,0,0,0,0,1,0,0,0,9,929,Clear,Daylight,-79.3524,43.7939
927841,1310,Driver,20 to 24,None,"Automobile, Station Wagon",Turning Left,1,0,1,0,0,0,0,0,0,1,0,0,0,9,929,Clear,Daylight,-79.3524,43.7939
927891,988,Driver,30 to 34,None,"Automobile, Station Wagon",Going Ahead,0,0,1,0,0,0,0,0,0,1,0,0,0,13,1252,Clear,Daylight,-79.4854,43.6877
927891,989,Driver,50 to 54,Major,"Automobile, Station Wagon",Stopped,0,0,1,0,0,0,0,0,0,1,0,0,0,13,1252,Clear,Daylight,-79.4854,43.6877
929545,1812,Passenger,45 to 49,Minimal,Other,NULL,0,0,1,0,0,0,0,1,0,1,1,0,0,8,830,Clear,Daylight,-79.5588,43.7231
929545,1813,Driver,65 to 69,None,"Automobile, Station Wagon",Going Ahead,0,0,1,0,0,0,0,1,0,1,1,0,0,8,830,Clear,Daylight,-79.5588,43.7231
929545,1814,Driver,70 to 74,Major,"Automobile, Station Wagon",Going Ahead,0,0,1,0,0,0,0,1,0,1,1,0,0,8,830,Clear,Daylight,-79.5588,43.7231
929545,1815,Passenger,15 to 19,Major,Other,NULL,0,0,1,0,0,0,0,1,0,1,1,0,0,8,830,Clear,Daylight,-79.5588,43.7231
929545,1816,Driver,45 to 49,Minor,"Automobile, Station Wagon",Going Ahead,0,0,1,0,0,0,0,1,0,1,1,0,0,8,830,Clear,Daylight,-79.5588,43.7231
929545,1817,Other Property Owner,unknown,None,Other,NULL,0,0,1,0,0,0,0,1,0,1,1,0,0,8,830,Clear,Daylight,-79.5588,43.7231
930606,1939,Vehicle Owner,unknown,None,Other,NULL,1,0,1,0,0,0,0,0,0,0,0,0,0,20,2028,Rain,Dark,-79.468,43.7303
930606,1940,Driver,30 to 34,None,"Automobile, Station Wagon",Slowing or Stopping,1,0,1,0,0,0,0,0,0,0,0,0,0,20,2028,Rain,Dark,-79.468,43.7303
930606,1941,Pedestrian,75 to 79,Major,Other,NULL,1,0,1,0,0,0,0,0,0,0,0,0,0,20,2028,Rain,Dark,-79.468,43.7303
919684,917,Vehicle Owner,unknown,None,Other,NULL,1,0,1,0,0,0,0,1,0,1,0,0,0,20,2046,Clear,Dark,-79.232,43.7402
919684,918,Driver,35 to 39,None,"Automobile, Station Wagon",Going Ahead,1,0,1,0,0,0,0,1,0,1,0,0,0,20,2046,Clear,Dark,-79.232,43.7402
919684,919,Pedestrian,70 to 74,Major,Other,NULL,1,0,1,0,0,0,0,1,0,1,0,0,0,20,2046,Clear,Dark,-79.232,43.7402
919684,912,Driver,45 to 49,None,"Automobile, Station Wagon",Turning Left,1,0,1,0,0,0,0,1,0,1,0,0,0,20,2046,Clear,Dark,-79.232,43.7402
919684,913,Passenger,40 to 44,Minimal,Other,NULL,1,0,1,0,0,0,0,1,0,1,0,0,0,20,2046,Clear,Dark,-79.232,43.7402
919684,914,Driver,40 to 44,Minimal,"Automobile, Station Wagon",Stopped,1,0,1,0,0,0,0,1,0,1,0,0,0,20,2046,Clear,Dark,-79.232,43.7402
919684,825,Vehicle Owner,unknown,None,Other,NULL,1,0,1,0,0,0,0,1,0,1,0,0,0,20,2046,Clear,Dark,-79.232,43.7402
920395,932,Driver,unknown,None,"Automobile, Station Wagon",Going Ahead,1,0,1,0,0,0,0,0,0,0,0,0,0,21,2130,Clear,Dark,-79.2751,43.831
920395,933,Pedestrian,unknown,Major,Other,Other,1,0,1,0,0,0,0,0,0,0,0,0,0,21,2130,Clear,Dark,-79.2751,43.831
921181,547,Driver,35 to 39,None,"Automobile, Station Wagon",Turning Right,0,1,1,0,0,0,0,0,0,0,0,0,0,18,1836,Clear,Daylight,-79.2251,43.7315
921181,548,Cyclist,65 to 69,Major,Bicycle,Going Ahead,0,1,1,0,0,0,0,0,0,0,0,0,0,18,1836,Clear,Daylight,-79.2251,43.7315
922819,632,Driver,30 to 34,None,"Automobile, Station Wagon",Going Ahead,1,0,1,0,0,0,0,0,0,0,0,0,0,16,1624,Clear,Daylight,-79.2526,43.784
922819,724,Pedestrian,60 to 64,Major,Other,NULL,1,0,1,0,0,0,0,0,0,0,0,0,0,16,1624,Clear,Daylight,-79.2526,43.784
923655,931,Driver,45 to 49,None,"Automobile, Station Wagon",Going Ahead,0,0,1,0,0,0,0,0,1,1,0,1,0,21,2126,Clear,Daylight,-79.5872,43.6907
923655,929,Driver,15 to 19,Major,"Automobile, Station Wagon",Going Ahead,0,0,1,0,0,0,0,0,1,1,0,1,0,21,2126,Clear,Daylight,-79.5872,43.6907
923655,930,Vehicle Owner,unknown,None,Other,NULL,0,0,1,0,0,0,0,0,1,1,0,1,0,21,2126,Clear,Daylight,-79.5872,43.6907
924064,942,Driver,55 to 59,None,"Automobile, Station Wagon",Slowing or Stopping,1,0,1,0,0,0,0,0,0,0,0,0,0,21,2056,Rain,Dark,-79.4545,43.665
924064,943,Pedestrian,85 to 89,Major,Other,NULL,1,0,1,0,0,0,0,0,0,0,0,0,0,21,2056,Rain,Dark,-79.4545,43.665
925968,956,Driver,30 to 34,None,"Automobile, Station Wagon",Going Ahead,1,0,1,0,0,0,0,0,0,0,0,0,0,7,740,Clear,Daylight,-79.383,43.7677
925968,957,Pedestrian,65 to 69,Major,Other,NULL,1,0,1,0,0,0,0,0,0,0,0,0,0,7,740,Clear,Daylight,-79.383,43.7677
928049,1087,Driver,50 to 54,Major,"Automobile, Station Wagon",Going Ahead,0,0,1,0,0,0,0,1,0,1,0,0,0,20,2017,Clear,Dark,-79.3503,43.7186
928049,1115,Passenger,0 to 4,Minor,Other,NULL,0,0,1,0,0,0,0,1,0,1,0,0,0,20,2017,Clear,Dark,-79.3503,43.7186
928049,1124,Driver,55 to 59,Major,"Automobile, Station Wagon",Turning Left,0,0,1,0,0,0,0,1,0,1,0,0,0,20,2017,Clear,Dark,-79.3503,43.7186
928049,1130,Driver,40 to 44,None,"Automobile, Station Wagon",Stopped,0,0,1,0,0,0,0,1,0,1,0,0,0,20,2017,Clear,Dark,-79.3503,43.7186
928810,1899,Driver,45 to 49,Major,"Automobile, Station Wagon",Going Ahead,0,0,1,0,0,0,0,0,0,0,0,0,0,3,315,Clear,Dark,-79.6341,43.7474