ACCNUM,ObjectId,INVTYPE,INVAGE,INJURY,VEHTYPE,MANOEUVER,PEDESTRIAN,CYCLIST,AUTOMOBILE,MOTORCYCLE,TRUCK,TRSN_CITY_VEH,EMERG_VEH,PASSENGER,SPEEDING,AG_DRIV,REDLIGHT,ALCOHOL,DISABILITY,HOUR,TIME,VISIBILITY,LIGHT,collision_lat,collision_long
929596,1818,Truck Driver,35 to 39,None,Truck - Open,Going Ahead,1,0,1,0,1,0,0,0,0,0,0,0,0,13,1315,Clear,Daylight,-79.453,43.6585
929596,1820,Pedestrian,60 to 64,Major,Other,NULL,1,0,1,0,1,0,0,0,0,0,0,0,0,13,1315,Clear,Daylight,-79.453,43.6585
929596,1821,Driver,80 to 84,None,"Automobile, Station Wagon",Reversing,1,0,1,0,1,0,0,0,0,0,0,0,0,13,1315,Clear,Daylight,-79.453,43.6585
931768,1881,Driver,55 to 59,None,"Automobile, Station Wagon",Turning Left,1,0,1,0,0,0,0,0,0,0,0,0,0,15,1500,Clear,Daylight,-79.3855,43.6488
931768,1882,Pedestrian,45 to 49,Major,Other,NULL,1,0,1,0,0,0,0,0,0,0,0,0,0,15,1500,Clear,Daylight,-79.3855,43.6488
932486,1930,Cyclist,45 to 49,Major,Bicycle,Going Ahead,0,1,1,0,0,0,0,0,0,1,0,0,0,19,1912,Clear,Dark,-79.5666,43.7466
932486,1931,Driver,40 to 44,None,"Automobile, Station Wagon",Turning Right,0,1,1,0,0,0,0,0,0,1,0,0,0,19,1912,Clear,Dark,-79.5666,43.7466
932897,1897,Driver,50 to 54,Major,"Automobile, Station Wagon",Stopped,0,0,1,0,0,0,0,0,0,1,0,0,0,9,850,Clear,Daylight,-79.4869,43.6681
932897,1898,Driver,20 to 24,None,"Automobile, Station Wagon",Going Ahead,0,0,1,0,0,0,0,0,0,1,0,0,0,9,850,Clear,Daylight,-79.4869,43.6681
935412,1525,Driver,30 to 34,Major,"Automobile, Station Wagon",Going Ahead,1,0,1,0,0,0,0,0,0,0,0,0,0,23,2308,Clear,Dark,-79.2809,43.7609
935412,1608,Pedestrian,unknown,None,Other,NULL,1,0,1,0,0,0,0,0,0,0,0,0,0,23,2308,Clear,Dark,-79.2809,43.7609
939781,866,Driver,25 to 29,None,"Automobile, Station Wagon",Going Ahead,0,1,1,0,0,0,0,1,1,1,0,0,0,23,2349,Clear,Dark,-79.4349,43.6599
939781,867,Passenger,50 to 54,Minimal,Other,NULL,0,1,1,0,0,0,0,1,1,1,0,0,0,23,2349,Clear,Dark,-79.4349,43.6599
939781,868,Driver,50 to 54,None,"Automobile, Station Wagon",Going Ahead,0,1,1,0,0,0,0,1,1,1,0,0,0,23,2349,Clear,Dark,-79.4349,43.6599
939781,869,Driver,unknown,None,"Automobile, Station Wagon",Going Ahead,0,1,1,0,0,0,0,1,1,1,0,0,0,23,2349,Clear,Dark,-79.4349,43.6599
939781,872,Driver,35 to 39,Minor,"Automobile, Station Wagon",Going Ahead,0,1,1,0,0,0,0,1,1,1,0,0,0,23,2349,Clear,Dark,-79.4349,43.6599
939781,873,Driver,40 to 44,None,"Automobile, Station Wagon",Going Ahead,0,1,1,0,0,0,0,1,1,1,0,0,0,23,2349,Clear,Dark,-79.4349,43.6599
939781,874,Cyclist,25 to 29,Major,Bicycle,Going Ahead,0,1,1,0,0,0,0,1,1,1,0,0,0,23,2349,Clear,Dark,-79.4349,43.6599
941871,1143,Driver,30 to 34,None,Other,Going Ahead,1,0,0,0,0,0,0,0,0,1,0,0,0,16,1615,Clear,Daylight,-79.4279,43.6405
941871,1151,Pedestrian,40 to 44,Major,Other,NULL,1,0,0,0,0,0,0,0,0,1,0,0,0,16,1615,Clear,Daylight,-79.4279,43.6405
942296,1191,Driver,55 to 59,None,"Automobile, Station Wagon",Going Ahead,0,1,1,0,0,0,0,0,0,0,0,0,0,23,2300,Clear,Daylight,-79.3751,43.6533
942296,1192,Cyclist,55 to 59,Major,Bicycle,Changing Lanes,0,1,1,0,0,0,0,0,0,0,0,0,0,23,2300,Clear,Daylight,-79.3751,43.6533
944795,1505,Pedestrian,70 to 74,Major,Other,NULL,1,0,1,0,0,0,0,0,0,0,0,0,0,3,330,Rain,Dark,-79.577,43.6902
944795,1504,Driver,25 to 29,None,"Automobile, Station Wagon",Going Ahead,1,0,1,0,0,0,0,0,0,0,0,0,0,3,330,Rain,Dark,-79.577,43.6902
944879,1508,Passenger,15 to 19,None,Other,NULL,1,0,1,0,0,0,0,1,0,1,0,0,0,16,1645,Clear,Dusk,-79.4266,43.7686
944879,1509,Driver,15 to 19,None,"Automobile, Station Wagon",Going Ahead,1,0,1,0,0,0,0,1,0,1,0,0,0,16,1645,Clear,Dusk,-79.4266,43.7686
944879,1510,Pedestrian,65 to 69,Major,Other,NULL,1,0,1,0,0,0,0,1,0,1,0,0,0,16,1645,Clear,Dusk,-79.4266,43.7686
947135,1210,Driver,80 to 84,None,"Automobile, Station Wagon",Going Ahead,1,0,1,0,0,0,0,0,0,0,0,0,0,13,1300,Clear,Daylight,-79.557,43.6401
947135,1211,Pedestrian,70 to 74,Major,Other,NULL,1,0,1,0,0,0,0,0,0,0,0,0,0,13,1300,Clear,Daylight,-79.557,43.6401
950302,1636,Vehicle Owner,unknown,None,Other,NULL,0,0,1,0,1,0,0,0,0,0,0,0,0,17,1735,Clear,Dark,-79.5466,43.697
950302,1637,Truck Driver,40 to 44,Minimal,Truck - Open,Turning Left,0,0,1,0,1,0,0,0,0,0,0,0,0,17,1735,Clear,Dark,-79.5466,43.697
950302,1638,Driver,25 to 29,Major,"Automobile, Station Wagon",Going Ahead,0,0,1,0,1,0,0,0,0,0,0,0,0,17,1735,Clear,Dark,-79.5466,43.697
954405,1971,Pedestrian,55 to 59,Fatal,Other,NULL,1,0,1,0,0,0,0,0,0,0,0,0,0,14,1358,Clear,Daylight,-79.3977,43.6523
954405,1973,Driver,35 to 39,None,"Automobile, Station Wagon",Going Ahead,1,0,1,0,0,0,0,0,0,0,0,0,0,14,1358,Clear,Daylight,-79.3977,43.6523
954598,1609,Pedestrian,55 to 59,Major,Other,NULL,1,0,1,0,0,0,0,0,0,0,0,0,0,6,640,Clear,Dark,-79.3306,43.8041
954598,1604,Driver,40 to 44,None,"Automobile, Station Wagon",Going Ahead,1,0,1,0,0,0,0,0,0,0,0,0,0,6,640,Clear,Dark,-79.3306,43.8041
955425,1988,Passenger,30 to 34,Major,Other,Other,0,0,1,0,0,0,0,1,1,1,0,0,0,3,334,Clear,Dark,-79.5463,43.6145
955425,1989,Driver,20 to 24,Major,"Automobile, Station Wagon",Going Ahead,0,0,1,0,0,0,0,1,1,1,0,0,0,3,334,Clear,Dark,-79.5463,43.6145
956470,1962,Vehicle Owner,unknown,None,Other,Unknown,0,0,1,0,0,0,0,1,0,1,1,0,0,23,2305,Clear,Dark,-79.4661,43.7654
956470,1963,Driver,unknown,None,"Automobile, Station Wagon",Going Ahead,0,0,1,0,0,0,0,1,0,1,1,0,0,23,2305,Clear,Dark,-79.4661,43.7654
956470,1964,Passenger,40 to 44,Major,Other,Other,0,0,1,0,0,0,0,1,0,1,1,0,0,23,2305,Clear,Dark,-79.4661,43.7654
956470,1965,Passenger,10 to 14,Minor,Other,Other,0,0,1,0,0,0,0,1,0,1,1,0,0,23,2305,Clear,Dark,-79.4661,43.7654
956470,1966,Passenger,5 to 9,Minimal,Other,Other,0,0,1,0,0,0,0,1,0,1,1,0,0,23,2305,Clear,Dark,-79.4661,43.7654
956470,1967,Passenger,15 to 19,Minor,Other,Other,0,0,1,0,0,0,0,1,0,1,1,0,0,23,2305,Clear,Dark,-79.4661,43.7654
956470,1968,Driver,25 to 29,Minor,"Automobile, Station Wagon",Turning Left,0,0,1,0,0,0,0,1,0,1,1,0,0,23,2305,Clear,Dark,-79.4661,43.7654
957981,1670,Pedestrian,55 to 59,Minor,Other,NULL,1,0,1,0,0,0,0,0,0,1,0,0,0,11,1102,Clear,Daylight,-79.4389,43.6684
957981,1671,Pedestrian,80 to 84,Major,Other,NULL,1,0,1,0,0,0,0,0,0,1,0,0,0,11,1102,Clear,Daylight,-79.4389,43.6684
957981,1672,Driver,70 to 74,None,"Automobile, Station Wagon",Turning Right,1,0,1,0,0,0,0,0,0,1,0,0,0,11,1102,Clear,Daylight,-79.4389,43.6684
958417,1429,Passenger,30 to 34,Major,Other,NULL,0,0,1,0,0,0,0,1,0,0,0,0,0,3,326,Clear,Dark,-79.3106,43.6861
958417,1420,Driver,40 to 44,Major,"Automobile, Station Wagon",Going Ahead,0,0,1,0,0,0,0,1,0,0,0,0,0,3,326,Clear,Dark,-79.3106,43.6861
910787,372,Vehicle Owner,unknown,None,Other,NULL,0,0,1,0,0,0,0,1,1,1,0,0,0,1,117,Snow,Dark,-79.4397,43.6504
910787,373,Driver,20 to 24,Minimal,"Automobile, Station Wagon",Going Ahead,0,0,1,0,0,0,0,1,1,1,0,0,0,1,117,Snow,Dark,-79.4397,43.6504
911355,470,Driver,50 to 54,None,"Automobile, Station Wagon",Going Ahead,0,1,1,0,0,0,0,0,0,0,0,0,0,13,1325,Clear,Daylight,-79.3662,43.6566
911355,471,Cyclist,25 to 29,Major,Bicycle,Turning Right,0,1,1,0,0,0,0,0,0,0,0,0,0,13,1325,Clear,Daylight,-79.3662,43.6566
911524,481,Driver,35 to 39,None,"Automobile, Station Wagon",Turning Right,0,1,1,0,0,0,0,0,0,1,1,0,0,22,2210,Clear,Dark,-79.2928,43.7093
911524,482,Cyclist,15 to 19,Major,Bicycle,Going Ahead,0,1,1,0,0,0,0,0,0,1,1,0,0,22,2210,Clear,Dark,-79.2928,43.7093
911540,226,Vehicle Owner,unknown,None,Other,NULL,0,0,1,0,0,0,0,1,1,1,0,0,0,1,50,Clear,Dark,-79.2982,43.7445
911540,223,Other Property Owner,unknown,None,Other,NULL,0,0,1,0,0,0,0,1,1,1,0,0,0,1,50,Clear,Dark,-79.2982,43.7445
911540,224,Passenger,20 to 24,Major,Other,NULL,0,0,1,0,0,0,0,1,1,1,0,0,0,1,50,Clear,Dark,-79.2982,43.7445
911540,225,Passenger,15 to 19,Minor,Other,NULL,0,0,1,0,0,0,0,1,1,1,0,0,0,1,50,Clear,Dark,-79.2982,43.7445
911540,227,Driver,20 to 24,None,"Automobile, Station Wagon",Turning Right,0,0,1,0,0,0,0,1,1,1,0,0,0,1,50,Clear,Dark,-79.2982,43.7445
911757,123,Motorcycle Driver,25 to 29,Major,Motorcycle,Going Ahead,0,0,1,1,0,0,0,0,0,1,0,0,0,7,700,Rain,Daylight,-79.3945,43.6891
911757,124,Driver,25 to 29,None,"Automobile, Station Wagon",Turning Left,0,0,1,1,0,0,0,0,0,1,0,0,0,7,700,Rain,Daylight,-79.3945,43.6891
911791,428,Driver,unknown,None,"Automobile, Station Wagon",Turning Right,0,1,1,0,0,0,0,0,0,0,0,0,0,15,1530,Clear,Daylight,-79.388,43.6733
911791,429,Cyclist,40 to 44,Major,Bicycle,Going Ahead,0,1,1,0,0,0,0,0,0,0,0,0,0,15,1530,Clear,Daylight,-79.388,43.6733
912859,259,Driver,35 to 39,None,"Automobile, Station Wagon",Going Ahead,0,0,1,0,0,0,0,1,0,1,1,0,0,18,1823,Clear,Daylight,-79.3995,43.6364
912859,260,Passenger,20 to 24,Minor,Other,NULL,0,0,1,0,0,0,0,1,0,1,1,0,0,18,1823,Clear,Daylight,-79.3995,43.6364
912859,261,Passenger,20 to 24,Major,Other,NULL,0,0,1,0,0,0,0,1,0,1,1,0,0,18,1823,Clear,Daylight,-79.3995,43.6364
912859,262,Vehicle Owner,unknown,None,Other,NULL,0,0,1,0,0,0,0,1,0,1,1,0,0,18,1823,Clear,Daylight,-79.3995,43.6364
912859,263,Driver,20 to 24,Minimal,"Automobile, Station Wagon",Turning Left,0,0,1,0,0,0,0,1,0,1,1,0,0,18,1823,Clear,Daylight,-79.3995,43.6364
912860,843,Passenger,25 to 29,Major,Other,NULL,0,0,1,0,0,0,0,1,1,1,0,1,0,1,119,Clear,Dark,-79.1907,43.8
912860,844,Passenger,20 to 24,Minor,Other,NULL,0,0,1,0,0,0,0,1,1,1,0,1,0,1,119,Clear,Dark,-79.1907,43.8
912860,846,Driver,25 to 29,Minor,"Automobile, Station Wagon",Going Ahead,0,0,1,0,0,0,0,1,1,1,0,1,0,1,119,Clear,Dark,-79.1907,43.8
914314,519,Driver,20 to 24,None,"Automobile, Station Wagon",Turning Right,1,0,1,0,0,0,0,0,0,1,0,0,0,22,2230,Clear,Dark,-79.4426,43.6583
914314,526,Pedestrian,45 to 49,Fatal,Other,NULL,1,0,1,0,0,0,0,0,0,1,0,0,0,22,2230,Clear,Dark,-79.4426,43.6583
915000,467,Driver,20 to 24,None,"Automobile, Station Wagon",Going Ahead,0,0,1,0,0,0,0,1,0,1,1,0,0,1,133,Clear,Dark,-79.4037,43.6464
915000,468,Passenger,20 to 24,Major,Other,NULL,0,0,1,0,0,0,0,1,0,1,1,0,0,1,133,Clear,Dark,-79.4037,43.6464
915000,469,Driver,25 to 29,None,"Automobile, Station Wagon",Turning Left,0,0,1,0,0,0,0,1,0,1,1,0,0,1,133,Clear,Dark,-79.4037,43.6464
915300,219,Driver,20 to 24,Minimal,"Automobile, Station Wagon",Going Ahead,0,0,1,0,1,0,0,1,0,1,0,0,0,17,1730,Rain,Daylight,-79.4696,43.6913
915300,218,Passenger,20 to 24,Major,Other,NULL,0,0,1,0,1,0,0,1,0,1,0,0,0,17,1730,Rain,Daylight,-79.4696,43.6913
915300,215,Vehicle Owner,unknown,None,Other,NULL,0,0,1,0,1,0,0,1,0,1,0,0,0,17,1730,Rain,Daylight,-79.4696,43.6913
915300,216,Truck Driver,40 to 44,Minimal,Truck - Open,Stopped,0,0,1,0,1,0,0,1,0,1,0,0,0,17,1730,Rain,Daylight,-79.4696,43.6913
915300,217,Vehicle Owner,unknown,None,Other,NULL,0,0,1,0,1,0,0,1,0,1,0,0,0,17,1730,Rain,Daylight,-79.4696,43.6913
916168,243,Motorcycle Driver,25 to 29,Major,Motorcycle,Going Ahead,0,0,1,1,0,0,0,0,0,1,0,0,0,21,2130,Clear,Dark,-79.3181,43.7645
916168,244,Vehicle Owner,unknown,None,Other,NULL,0,0,1,1,0,0,0,0,0,1,0,0,0,21,2130,Clear,Dark,-79.3181,43.7645
916168,245,Driver,45 to 49,None,"Automobile, Station Wagon",Turning Left,0,0,1,1,0,0,0,0,0,1,0,0,0,21,2130,Clear,Dark,-79.3181,43.7645
917572,813,Vehicle Owner,unknown,None,Other,NULL,0,0,1,0,0,0,0,0,1,1,0,0,0,22,2150,Clear,Dark,-79.293,43.6901
917572,814,Driver,45 to 49,Major,Other,Going Ahead,0,0,1,0,0,0,0,0,1,1,0,0,0,22,2150,Clear,Dark,-79.293,43.6901
917572,815,Driver,unknown,None,"Automobile, Station Wagon",Going Ahead,0,0,1,0,0,0,0,0,1,1,0,0,0,22,2150,Clear,Dark,-79.293,43.6901
917941,549,Passenger,5 to 9,Major,Other,NULL,0,0,1,0,0,0,0,1,0,0,0,0,0,22,2230,Clear,Dark,-79.4559,43.6832
917941,550,Passenger,10 to 14,Major,Other,NULL,0,0,1,0,0,0,0,1,0,0,0,0,0,22,2230,Clear,Dark,-79.4559,43.6832
917941,551,Vehicle Owner,unknown,None,Other,NULL,0,0,1,0,0,0,0,1,0,0,0,0,0,22,2230,Clear,Dark,-79.4559,43.6832
917941,552,Driver,30 to 34,Major,"Automobile, Station Wagon",Going Ahead,0,0,1,0,0,0,0,1,0,0,0,0,0,22,2230,Clear,Dark,-79.4559,43.6832
917941,553,Other Property Owner,unknown,None,Other,NULL,0,0,1,0,0,0,0,1,0,0,0,0,0,22,2230,Clear,Dark,-79.4559,43.6832
918124,292,Driver,35 to 39,None,Municipal Transit Bus (TTC),Going Ahead,1,0,0,0,0,1,0,0,0,0,0,0,0,13,1310,Clear,Daylight,-79.5746,43.6428
918124,293,Pedestrian,60 to 64,Major,Other,NULL,1,0,0,0,0,1,0,0,0,0,0,0,0,13,1310,Clear,Daylight,-79.5746,43.6428
918693,730,Driver,50 to 54,Major,"Automobile, Station Wagon",Going Ahead,0,0,1,0,0,1,0,0,0,1,1,0,0,6,640,Clear,Daylight,-79.3639,43.6545
918693,731,Vehicle Owner,unknown,None,Other,NULL,0,0,1,0,0,1,0,0,0,1,1,0,0,6,640,Clear,Daylight,-79.3639,43.6545
918693,732,Driver,40 to 44,None,Municipal Transit Bus (TTC),Going Ahead,0,0,1,0,0,1,0,0,0,1,1,0,0,6,640,Clear,Daylight,-79.3639,43.6545
919596,294,Passenger,40 to 44,Major,Other,NULL,0,0,1,0,0,0,0,1,0,0,0,0,0,16,1600,Clear,Daylight,-79.4173,43.7027
919596,295,Driver,35 to 39,None,"Automobile, Station Wagon",Going Ahead,0,0,1,0,0,0,0,1,0,0,0,0,0,16,1600,Clear,Daylight,-79.4173,43.7027
919596,296,Driver,55 to 59,None,"Automobile, Station Wagon",Turning Left,0,0,1,0,0,0,0,1,0,0,0,0,0,16,1600,Clear,Daylight,-79.4173,43.7027
920998,206,Driver,65 to 69,None,"Automobile, Station Wagon",Going Ahead,1,0,1,0,0,0,0,0,0,0,0,0,0,9,916,Clear,Daylight,-79.5711,43.7211
920998,208,Pedestrian,55 to 59,Major,Other,NULL,1,0,1,0,0,0,0,0,0,0,0,0,0,9,916,Clear,Daylight,-79.5711,43.7211
921668,574,Truck Driver,40 to 44,None,Truck - Open,Going Ahead,0,1,0,0,1,0,0,0,0,0,0,0,0,16,1550,Clear,Daylight,-79.3694,43.6545
921668,575,Cyclist,40 to 44,Major,Bicycle,Turning Left,0,1,0,0,1,0,0,0,0,0,0,0,0,16,1550,Clear,Daylight,-79.3694,43.6545
923640,924,Vehicle Owner,unknown,None,Other,NULL,1,0,1,0,0,0,0,0,0,0,0,0,1,6,600,Clear,Dawn,-79.3911,43.6501
923640,925,Vehicle Owner,unknown,None,Other,NULL,1,0,1,0,0,0,0,0,0,0,0,0,1,6,600,Clear,Dawn,-79.3911,43.6501
923640,926,Driver,50 to 54,None,"Automobile, Station Wagon",Turning Left,1,0,1,0,0,0,0,0,0,0,0,0,1,6,600,Clear,Dawn,-79.3911,43.6501
923640,927,Vehicle Owner,unknown,None,Other,Parked,1,0,1,0,0,0,0,0,0,0,0,0,1,6,600,Clear,Dawn,-79.3911,43.6501
923640,928,Pedestrian,30 to 34,Major,Other,NULL,1,0,1,0,0,0,0,0,0,0,0,0,1,6,600,Clear,Dawn,-79.3911,43.6501
924041,940,Driver,30 to 34,None,"Automobile, Station Wagon",Going Ahead,1,0,1,0,0,0,0,0,0,0,0,0,0,15,1536,Clear,Daylight,-79.4599,43.671
924041,941,Pedestrian,0 to 4,Major,Other,NULL,1,0,1,0,0,0,0,0,0,0,0,0,0,15,1536,Clear,Daylight,-79.4599,43.671
925612,1823,Driver,55 to 59,None,Delivery Van,Going Ahead,1,0,1,0,0,0,0,0,0,0,0,0,0,14,1408,Clear,Daylight,-79.4575,43.7898
925612,1824,Pedestrian,50 to 54,Major,Other,NULL,1,0,1,0,0,0,0,0,0,0,0,0,0,14,1408,Clear,Daylight,-79.4575,43.7898
925963,960,Driver,55 to 59,None,"Automobile, Station Wagon",Going Ahead,0,1,1,0,0,0,0,0,0,0,0,0,0,20,2005,Clear,Dark,-79.3445,43.7616
925963,961,Cyclist,15 to 19,Major,Bicycle,Going Ahead,0,1,1,0,0,0,0,0,0,0,0,0,0,20,2005,Clear,Dark,-79.3445,43.7616
926129,1839,Pedestrian,80 to 84,Major,Other,NULL,1,0,0,0,1,0,0,0,0,1,0,0,0,12,1242,Clear,Daylight,-79.3584,43.7114
926129,1837,Vehicle Owner,unknown,None,Other,NULL,1,0,0,0,1,0,0,0,0,1,0,0,0,12,1242,Clear,Daylight,-79.3584,43.7114
926129,1838,Truck Driver,30 to 34,None,Truck - Open,Turning Left,1,0,0,0,1,0,0,0,0,1,0,0,0,12,1242,Clear,Daylight,-79.3584,43.7114
929172,1730,Driver,50 to 54,Major,"Automobile, Station Wagon",Going Ahead,0,0,1,0,0,0,0,1,0,0,0,0,0,3,310,"Fog, Mist, Smoke, Dust",Dark,-79.3669,43.8097
929172,1733,Driver,20 to 24,Major,"Automobile, Station Wagon",Going Ahead,0,0,1,0,0,0,0,1,0,0,0,0,0,3,310,"Fog, Mist, Smoke, Dust",Dark,-79.3669,43.8097
929172,1728,Passenger,0 to 4,Minor,Other,NULL,0,0,1,0,0,0,0,1,0,0,0,0,0,3,310,"Fog, Mist, Smoke, Dust",Dark,-79.3669,43.8097
932096,1908,Pedestrian,unknown,Minimal,Other,NULL,1,0,0,0,0,1,0,0,0,0,0,0,0,14,1406,Rain,Daylight,-79.399,43.6555
932096,1909,Pedestrian,45 to 49,Major,Other,NULL,1,0,0,0,0,1,0,0,0,0,0,0,0,14,1406,Rain,Daylight,-79.399,43.6555
932096,1911,Driver,30 to 34,None,Municipal Transit Bus (TTC),Slowing or Stopping,1,0,0,0,0,1,0,0,0,0,0,0,0,14,1406,Rain,Daylight,-79.399,43.6555
932797,1934,Passenger,10 to 14,Major,Other,Other,0,0,1,0,0,0,0,1,0,0,0,0,0,10,1042,Rain,Daylight,-79.4848,43.6435
932797,1935,Passenger,15 to 19,Minor,Other,Other,0,0,1,0,0,0,0,1,0,0,0,0,0,10,1042,Rain,Daylight,-79.4848,43.6435
932797,1937,Driver,15 to 19,None,"Automobile, Station Wagon",Going Ahead,0,0,1,0,0,0,0,1,0,0,0,0,0,10,1042,Rain,Daylight,-79.4848,43.6435
933951,1013,Driver,40 to 44,None,"Automobile, Station Wagon",Turning Left,1,0,1,0,0,0,0,0,0,0,0,0,0,2,225,Clear,Dark,-79.3694,43.6545
931671,1894,Driver,20 to 24,Minor,"Automobile, Station Wagon",Going Ahead,0,0,1,0,0,0,0,0,0,1,1,0,0,6,638,Clear,Dawn,-79.478,43.7086
931773,1883,Driver,35 to 39,Minimal,"Automobile, Station Wagon",Going Ahead,0,1,1,0,0,0,0,1,0,1,1,0,0,19,1940,Clear,Dark,-79.3424,43.6605
931773,1884,Passenger,35 to 39,Minimal,Other,NULL,0,1,1,0,0,0,0,1,0,1,1,0,0,19,1940,Clear,Dark,-79.3424,43.6605
931773,1886,Driver,25 to 29,Minimal,Taxi,Going Ahead,0,1,1,0,0,0,0,1,0,1,1,0,0,19,1940,Clear,Dark,-79.3424,43.6605
931773,1887,Cyclist,30 to 34,Major,Bicycle,Going Ahead,0,1,1,0,0,0,0,1,0,1,1,0,0,19,1940,Clear,Dark,-79.3424,43.6605
932574,1932,Driver,40 to 44,None,"Automobile, Station Wagon",Going Ahead,1,0,1,0,0,0,0,0,0,1,0,0,0,7,745,Clear,Daylight,-79.409,43.7888
932574,1933,Pedestrian,75 to 79,Major,Other,NULL,1,0,1,0,0,0,0,0,0,1,0,0,0,7,745,Clear,Daylight,-79.409,43.7888
933527,1895,Driver,75 to 79,None,"Automobile, Station Wagon",Going Ahead,0,1,1,0,0,0,0,0,0,0,0,0,0,18,1830,Clear,"Dusk, artificial",-79.4415,43.6865
933527,1896,Cyclist,40 to 44,Major,Bicycle,Going Ahead,0,1,1,0,0,0,0,0,0,0,0,0,0,18,1830,Clear,"Dusk, artificial",-79.4415,43.6865
936669,1026,Vehicle Owner,unknown,None,Other,NULL,1,0,1,0,0,0,0,0,0,0,0,0,0,22,2241,Rain,Dark,-79.6009,43.7346
936669,1027,Driver,45 to 49,None,"Automobile, Station Wagon",Going Ahead,1,0,1,0,0,0,0,0,0,0,0,0,0,22,2241,Rain,Dark,-79.6009,43.7346
936669,1028,Pedestrian,20 to 24,Major,Other,NULL,1,0,1,0,0,0,0,0,0,0,0,0,0,22,2241,Rain,Dark,-79.6009,43.7346
937955,1053,Driver,75 to 79,None,"Automobile, Station Wagon",Changing Lanes,0,1,1,0,0,0,0,0,0,0,0,0,0,18,1800,Clear,Dark,-79.3101,43.757
937955,1054,Moped Driver,55 to 59,Major,Moped,Going Ahead,0,1,1,0,0,0,0,0,0,0,0,0,0,18,1800,Clear,Dark,-79.3101,43.757
940479,1216,Driver,unknown,Minor,Other,Other,0,0,1,0,0,0,0,0,0,0,0,0,0,13,1250,Clear,Daylight,-79.2986,43.7151
940479,1217,Other,unknown,None,Other,Other,0,0,1,0,0,0,0,0,0,0,0,0,0,13,1250,Clear,Daylight,-79.2986,43.7151
940479,1218,Driver,15 to 19,Major,"Automobile, Station Wagon",Going Ahead,0,0,1,0,0,0,0,0,0,0,0,0,0,13,1250,Clear,Daylight,-79.2986,43.7151
940647,1237,Passenger,50 to 54,Major,Other,NULL,0,0,1,0,0,0,0,1,0,1,0,0,0,16,1630,Clear,Daylight,-79.384,43.6734
940647,1238,Passenger,0 to 4,Major,Other,NULL,0,0,1,0,0,0,0,1,0,1,0,0,0,16,1630,Clear,Daylight,-79.384,43.6734
940647,1239,Driver,30 to 34,Minimal,"Automobile, Station Wagon",Stopped,0,0,1,0,0,0,0,1,0,1,0,0,0,16,1630,Clear,Daylight,-79.384,43.6734
940647,1240,Driver,40 to 44,Major,"Automobile, Station Wagon",Unknown,0,0,1,0,0,0,0,1,0,1,0,0,0,16,1630,Clear,Daylight,-79.384,43.6734
941532,1099,Vehicle Owner,unknown,None,Other,NULL,0,0,1,0,0,0,0,0,0,0,0,0,0,20,2046,Clear,Dark,-79.4917,43.6671
941532,1100,Driver,30 to 34,Major,"Automobile, Station Wagon",Turning Right,0,0,1,0,0,0,0,0,0,0,0,0,0,20,2046,Clear,Dark,-79.4917,43.6671
942334,1165,Driver,20 to 24,Major,"Automobile, Station Wagon",Changing Lanes,0,0,1,0,0,0,0,0,1,1,0,0,0,19,1902,Clear,Dark,-79.5336,43.6164
942334,1181,Driver,40 to 44,Minimal,"Automobile, Station Wagon",Going Ahead,0,0,1,0,0,0,0,0,1,1,0,0,0,19,1902,Clear,Dark,-79.5336,43.6164
942452,1306,Passenger,25 to 29,None,Other,NULL,1,0,1,0,0,0,0,1,0,0,0,0,0,19,1922,Clear,Dark,-79.3698,43.6456
942452,1401,Passenger,25 to 29,None,Other,NULL,1,0,1,0,0,0,0,1,0,0,0,0,0,19,1922,Clear,Dark,-79.3698,43.6456
942452,1406,Driver,45 to 49,None,"Automobile, Station Wagon",Going Ahead,1,0,1,0,0,0,0,1,0,0,0,0,0,19,1922,Clear,Dark,-79.3698,43.6456
942452,1412,Pedestrian,15 to 19,Major,Other,NULL,1,0,1,0,0,0,0,1,0,0,0,0,0,19,1922,Clear,Dark,-79.3698,43.6456
944792,1502,Passenger,15 to 19,Minor,Other,NULL,0,0,1,0,0,0,0,1,1,1,0,0,0,20,1958,Rain,Dark,-79.4883,43.6257
944792,1503,Driver,15 to 19,Minimal,"Automobile, Station Wagon",Changing Lanes,0,0,1,0,0,0,0,1,1,1,0,0,0,20,1958,Rain,Dark,-79.4883,43.6257
944792,1500,Driver,50 to 54,Minimal,"Automobile, Station Wagon",Going Ahead,0,0,1,0,0,0,0,1,1,1,0,0,0,20,1958,Rain,Dark,-79.4883,43.6257
944792,1501,Passenger,15 to 19,Major,Other,NULL,0,0,1,0,0,0,0,1,1,1,0,0,0,20,1958,Rain,Dark,-79.4883,43.6257
945676,1455,Cyclist,55 to 59,Major,Bicycle,Going Ahead,0,1,0,0,0,1,0,0,0,0,0,0,0,14,1420,Clear,Daylight,-79.4423,43.6627
945676,1457,Driver,40 to 44,None,Municipal Transit Bus (TTC),Going Ahead,0,1,0,0,0,1,0,0,0,0,0,0,0,14,1420,Clear,Daylight,-79.4423,43.6627
945694,1449,Driver,50 to 54,None,"Automobile, Station Wagon",Turning Left,1,0,1,0,0,0,0,0,0,1,0,0,0,10,1023,Clear,Daylight,-79.4084,43.6517
945694,1450,Pedestrian,45 to 49,Major,Other,NULL,1,0,1,0,0,0,0,0,0,1,0,0,0,10,1023,Clear,Daylight,-79.4084,43.6517
946028,1461,Passenger,40 to 44,Major,Other,NULL,0,0,1,0,0,0,0,1,0,1,1,0,0,4,425,Clear,Dark,-79.2913,43.7634