ACCNUM,ObjectId,INVTYPE,INVAGE,INJURY,VEHTYPE,MANOEUVER,PEDESTRIAN,CYCLIST,AUTOMOBILE,MOTORCYCLE,TRUCK,TRSN_CITY_VEH,EMERG_VEH,PASSENGER,SPEEDING,AG_DRIV,REDLIGHT,ALCOHOL,DISABILITY,HOUR,TIME,VISIBILITY,LIGHT,collision_lat,collision_long
946028,1462,Driver,30 to 34,Minor,"Automobile, Station Wagon",Going Ahead,0,0,1,0,0,0,0,1,0,1,1,0,0,4,425,Clear,Dark,-79.2913,43.7634
946028,1460,Driver,45 to 49,None,"Automobile, Station Wagon",Going Ahead,0,0,1,0,0,0,0,1,0,1,1,0,0,4,425,Clear,Dark,-79.2913,43.7634
949221,543,Driver,50 to 54,None,"Automobile, Station Wagon",Reversing,1,0,1,0,0,0,0,0,0,0,0,0,0,22,2155,Clear,Dark,-79.2942,43.6711
949221,544,Pedestrian,35 to 39,Major,Other,NULL,1,0,1,0,0,0,0,0,0,0,0,0,0,22,2155,Clear,Dark,-79.2942,43.6711
952478,1669,Driver,45 to 49,Minimal,"Automobile, Station Wagon",Going Ahead,0,0,1,0,0,0,0,1,0,1,1,0,0,22,2245,Clear,Daylight,-79.5549,43.7136
952478,1667,Driver,40 to 44,Major,"Automobile, Station Wagon",Turning Left,0,0,1,0,0,0,0,1,0,1,1,0,0,22,2245,Clear,Daylight,-79.5549,43.7136
952478,1668,Passenger,15 to 19,Minimal,Other,NULL,0,0,1,0,0,0,0,1,0,1,1,0,0,22,2245,Clear,Daylight,-79.5549,43.7136
952529,1724,Driver,20 to 24,None,"Automobile, Station Wagon",Going Ahead,1,0,1,0,0,0,0,0,1,1,0,1,0,2,202,Clear,Dark,-79.5315,43.6326
952529,1726,Pedestrian,15 to 19,Fatal,Other,NULL,1,0,1,0,0,0,0,0,1,1,0,1,0,2,202,Clear,Dark,-79.5315,43.6326
954852,1981,Vehicle Owner,unknown,None,Other,NULL,0,0,1,0,0,0,0,0,1,1,0,1,0,14,1405,Clear,Daylight,-79.222,43.7623
954852,1980,Vehicle Owner,unknown,None,Other,NULL,0,0,1,0,0,0,0,0,1,1,0,1,0,14,1405,Clear,Daylight,-79.222,43.7623
954852,1976,Vehicle Owner,unknown,None,Other,NULL,0,0,1,0,0,0,0,0,1,1,0,1,0,14,1405,Clear,Daylight,-79.222,43.7623
954852,1977,Vehicle Owner,unknown,None,Other,NULL,0,0,1,0,0,0,0,0,1,1,0,1,0,14,1405,Clear,Daylight,-79.222,43.7623
954852,1978,Vehicle Owner,unknown,None,Other,NULL,0,0,1,0,0,0,0,0,1,1,0,1,0,14,1405,Clear,Daylight,-79.222,43.7623
954852,1979,Driver,65 to 69,Major,"Automobile, Station Wagon",Going Ahead,0,0,1,0,0,0,0,0,1,1,0,1,0,14,1405,Clear,Daylight,-79.222,43.7623
957092,1734,Vehicle Owner,unknown,None,Other,Going Ahead,0,0,1,0,1,0,0,0,0,0,0,0,0,1,145,Clear,Dark,-79.4575,43.6389
957092,1739,Truck Driver,25 to 29,Minimal,Truck - Open,Going Ahead,0,0,1,0,1,0,0,0,0,0,0,0,0,1,145,Clear,Dark,-79.4575,43.6389
957092,1742,Vehicle Owner,unknown,None,Other,Going Ahead,0,0,1,0,1,0,0,0,0,0,0,0,0,1,145,Clear,Dark,-79.4575,43.6389
957092,1743,Truck Driver,50 to 54,None,Truck - Open,Going Ahead,0,0,1,0,1,0,0,0,0,0,0,0,0,1,145,Clear,Dark,-79.4575,43.6389
957092,1744,Driver,30 to 34,Fatal,"Automobile, Station Wagon",Changing Lanes,0,0,1,0,1,0,0,0,0,0,0,0,0,1,145,Clear,Dark,-79.4575,43.6389
957092,1745,Vehicle Owner,unknown,None,Other,Going Ahead,0,0,1,0,1,0,0,0,0,0,0,0,0,1,145,Clear,Dark,-79.4575,43.6389
958563,1763,Driver,40 to 44,Major,"Automobile, Station Wagon",Unknown,0,0,1,0,0,0,0,0,0,0,0,0,0,12,1235,Clear,Daylight,-79.5196,43.7247
959865,1969,Driver,55 to 59,Major,"Automobile, Station Wagon",Turning Left,0,0,1,0,0,0,0,0,0,0,0,0,0,19,1912,Clear,Dark,-79.5993,43.6865
959865,1970,Driver,45 to 49,None,"Automobile, Station Wagon",Going Ahead,0,0,1,0,0,0,0,0,0,0,0,0,0,19,1912,Clear,Dark,-79.5993,43.6865
961403,1415,Pedestrian,50 to 54,Major,Other,NULL,1,0,1,0,0,0,0,0,1,1,0,1,0,1,110,Clear,Dark,-79.3747,43.6609
961403,1399,Driver,50 to 54,None,"Automobile, Station Wagon",Going Ahead,1,0,1,0,0,0,0,0,1,1,0,1,0,1,110,Clear,Dark,-79.3747,43.6609
961403,1407,Other Property Owner,unknown,None,Other,NULL,1,0,1,0,0,0,0,0,1,1,0,1,0,1,110,Clear,Dark,-79.3747,43.6609
961403,1309,Vehicle Owner,unknown,None,Other,NULL,1,0,1,0,0,0,0,0,1,1,0,1,0,1,110,Clear,Dark,-79.3747,43.6609
962206,1757,Pedestrian,30 to 34,Major,Other,NULL,1,0,1,0,0,0,0,0,0,0,0,0,0,9,948,Clear,Daylight,-79.3748,43.6511
962206,1756,Driver,45 to 49,None,"Automobile, Station Wagon",Turning Left,1,0,1,0,0,0,0,0,0,0,0,0,0,9,948,Clear,Daylight,-79.3748,43.6511
962372,1321,Passenger,40 to 44,None,Other,NULL,1,0,0,0,0,0,0,1,0,0,0,0,0,21,2108,Clear,Dark,-79.4364,43.6406
962372,1322,Passenger,30 to 34,None,Other,NULL,1,0,0,0,0,0,0,1,0,0,0,0,0,21,2108,Clear,Dark,-79.4364,43.6406
962372,1323,Passenger,50 to 54,None,Other,NULL,1,0,0,0,0,0,0,1,0,0,0,0,0,21,2108,Clear,Dark,-79.4364,43.6406
962372,1325,Driver,40 to 44,None,Other,Going Ahead,1,0,0,0,0,0,0,1,0,0,0,0,0,21,2108,Clear,Dark,-79.4364,43.6406
962372,1326,Pedestrian,60 to 64,Fatal,Other,NULL,1,0,0,0,0,0,0,1,0,0,0,0,0,21,2108,Clear,Dark,-79.4364,43.6406
965365,1386,Vehicle Owner,unknown,None,Other,NULL,0,0,1,0,0,0,0,0,0,0,0,0,0,14,1430,Clear,Daylight,-79.5651,43.7084
965365,1387,Driver,20 to 24,Major,"Automobile, Station Wagon",Going Ahead,0,0,1,0,0,0,0,0,0,0,0,0,0,14,1430,Clear,Daylight,-79.5651,43.7084
966951,1411,Driver,unknown,None,"Automobile, Station Wagon",Turning Left,1,0,1,0,0,0,0,0,0,1,0,0,0,9,910,Clear,Daylight,-79.5268,43.6478
966951,1419,Pedestrian,75 to 79,Major,Other,NULL,1,0,1,0,0,0,0,0,0,1,0,0,0,9,910,Clear,Daylight,-79.5268,43.6478
968405,1553,Driver,60 to 64,Minimal,"Automobile, Station Wagon",Turning Left,0,0,1,0,0,0,0,0,0,0,0,0,1,15,1450,Clear,Daylight,-79.4074,43.7472
968405,1554,Driver,50 to 54,Major,"Automobile, Station Wagon",Turning Left,0,0,1,0,0,0,0,0,0,0,0,0,1,15,1450,Clear,Daylight,-79.4074,43.7472
971231,1555,Driver,30 to 34,Major,"Automobile, Station Wagon",Going Ahead,0,0,1,0,0,0,0,0,0,1,0,0,0,5,517,Clear,Daylight,-79.5891,43.741
971231,1556,Driver,45 to 49,Major,"Automobile, Station Wagon",Going Ahead,0,0,1,0,0,0,0,0,0,1,0,0,0,5,517,Clear,Daylight,-79.5891,43.741
972852,16034,Driver,40 to 44,None,Pick Up Truck,Turning Left,1,0,1,0,0,0,0,0,0,1,0,0,0,19,1940,Clear,Daylight,-79.5549,43.7684
972852,16035,Pedestrian,20 to 24,Major,NULL,NULL,1,0,1,0,0,0,0,0,0,1,0,0,0,19,1940,Clear,Daylight,-79.5549,43.7684
974540,2238,Passenger,15 to 19,Minimal,Other,NULL,0,0,1,0,0,0,0,1,0,1,0,0,0,20,2037,Clear,Dark,-79.6132,43.7344
974540,2246,Passenger,25 to 29,Minimal,Other,NULL,0,0,1,0,0,0,0,1,0,1,0,0,0,20,2037,Clear,Dark,-79.6132,43.7344
974540,2250,Driver,20 to 24,Minimal,"Automobile, Station Wagon",Going Ahead,0,0,1,0,0,0,0,1,0,1,0,0,0,20,2037,Clear,Dark,-79.6132,43.7344
941748,1174,Vehicle Owner,unknown,None,Other,NULL,0,0,1,0,0,0,0,1,0,0,0,0,0,14,1352,Clear,Daylight,-79.5685,43.7462
941748,1175,Passenger,30 to 34,Minimal,Other,NULL,0,0,1,0,0,0,0,1,0,0,0,0,0,14,1352,Clear,Daylight,-79.5685,43.7462
941748,1173,Driver,60 to 64,Major,"Automobile, Station Wagon",Turning Left,0,0,1,0,0,0,0,1,0,0,0,0,0,14,1352,Clear,Daylight,-79.5685,43.7462
941748,1176,Passenger,35 to 39,Minimal,Other,NULL,0,0,1,0,0,0,0,1,0,0,0,0,0,14,1352,Clear,Daylight,-79.5685,43.7462
941748,1177,Driver,25 to 29,None,"Automobile, Station Wagon",Going Ahead,0,0,1,0,0,0,0,1,0,0,0,0,0,14,1352,Clear,Daylight,-79.5685,43.7462
941748,1178,Vehicle Owner,unknown,None,Other,NULL,0,0,1,0,0,0,0,1,0,0,0,0,0,14,1352,Clear,Daylight,-79.5685,43.7462
941748,1179,Driver,15 to 19,None,"Automobile, Station Wagon",Stopped,0,0,1,0,0,0,0,1,0,0,0,0,0,14,1352,Clear,Daylight,-79.5685,43.7462
942131,1184,Passenger,60 to 64,Major,Other,NULL,0,0,1,0,0,0,0,1,1,1,1,0,0,21,2115,Clear,Dark,-79.4917,43.6671
942131,1185,Driver,75 to 79,Major,"Automobile, Station Wagon",Going Ahead,0,0,1,0,0,0,0,1,1,1,1,0,0,21,2115,Clear,Dark,-79.4917,43.6671
942131,1186,Passenger,50 to 54,Major,Other,NULL,0,0,1,0,0,0,0,1,1,1,1,0,0,21,2115,Clear,Dark,-79.4917,43.6671
942131,1187,Driver,25 to 29,Major,"Automobile, Station Wagon",Going Ahead,0,0,1,0,0,0,0,1,1,1,1,0,0,21,2115,Clear,Dark,-79.4917,43.6671
942734,1208,Driver,40 to 44,None,"Automobile, Station Wagon",Turning Left,1,0,1,0,0,0,0,0,0,1,0,0,0,21,2120,Clear,Dark,-79.4109,43.6612
942734,1209,Pedestrian,35 to 39,Major,Other,NULL,1,0,1,0,0,0,0,0,0,1,0,0,0,21,2120,Clear,Dark,-79.4109,43.6612
943986,1464,Driver,30 to 34,None,Taxi,Going Ahead,1,0,1,0,0,0,0,0,0,0,0,0,0,18,1809,Rain,Dark,-79.3035,43.7222
943986,1465,Pedestrian,65 to 69,Fatal,Other,NULL,1,0,1,0,0,0,0,0,0,0,0,0,0,18,1809,Rain,Dark,-79.3035,43.7222
944038,1474,Driver,25 to 29,Minor,"Automobile, Station Wagon",Going Ahead,0,0,1,0,0,0,0,0,0,1,1,0,0,9,850,Clear,Daylight,-79.2283,43.7675
944038,1475,Driver,40 to 44,Fatal,"Automobile, Station Wagon",Going Ahead,0,0,1,0,0,0,0,0,0,1,1,0,0,9,850,Clear,Daylight,-79.2283,43.7675
945089,1512,Driver,50 to 54,None,"Automobile, Station Wagon",Going Ahead,1,0,1,0,0,0,0,0,0,0,0,0,0,18,1750,Clear,Dark,-79.3326,43.7959
945089,1513,Pedestrian,40 to 44,Fatal,Other,NULL,1,0,1,0,0,0,0,0,0,0,0,0,0,18,1750,Clear,Dark,-79.3326,43.7959
946244,1485,Vehicle Owner,unknown,None,Other,NULL,0,0,1,0,0,0,0,1,0,0,0,0,0,1,114,Clear,Dark,-79.565,43.712
946244,1486,Driver,20 to 24,None,"Automobile, Station Wagon",Turning Left,0,0,1,0,0,0,0,1,0,0,0,0,0,1,114,Clear,Dark,-79.565,43.712
946244,1487,Passenger,65 to 69,Major,Other,NULL,0,0,1,0,0,0,0,1,0,0,0,0,0,1,114,Clear,Dark,-79.565,43.712
946244,1488,Driver,55 to 59,Major,"Automobile, Station Wagon",Going Ahead,0,0,1,0,0,0,0,1,0,0,0,0,0,1,114,Clear,Dark,-79.565,43.712
946528,1414,Pedestrian,unknown,Major,Other,Other,1,0,1,0,0,0,0,1,0,0,0,0,0,21,2125,Clear,Dark,-79.3495,43.6978
946528,1404,Driver,40 to 44,None,"Automobile, Station Wagon",Going Ahead,1,0,1,0,0,0,0,1,0,0,0,0,0,21,2125,Clear,Dark,-79.3495,43.6978
946528,1312,Passenger,unknown,None,Other,Other,1,0,1,0,0,0,0,1,0,0,0,0,0,21,2125,Clear,Dark,-79.3495,43.6978
947697,612,Vehicle Owner,unknown,None,Other,NULL,0,0,1,0,0,0,0,1,1,1,0,0,0,2,209,Clear,Dark,-79.47,43.7838
947697,613,Passenger,20 to 24,Major,Other,NULL,0,0,1,0,0,0,0,1,1,1,0,0,0,2,209,Clear,Dark,-79.47,43.7838
947697,614,Driver,25 to 29,Major,"Automobile, Station Wagon",Going Ahead,0,0,1,0,0,0,0,1,1,1,0,0,0,2,209,Clear,Dark,-79.47,43.7838
947697,615,Other Property Owner,unknown,None,Other,NULL,0,0,1,0,0,0,0,1,1,1,0,0,0,2,209,Clear,Dark,-79.47,43.7838
947697,616,Other Property Owner,unknown,None,Other,NULL,0,0,1,0,0,0,0,1,1,1,0,0,0,2,209,Clear,Dark,-79.47,43.7838
948014,1498,Driver,30 to 34,None,"Automobile, Station Wagon",Going Ahead,1,0,1,0,0,0,0,0,1,1,0,0,0,18,1848,Rain,Dark,-79.256,43.7349
948014,1499,Pedestrian,15 to 19,Major,Other,NULL,1,0,1,0,0,0,0,0,1,1,0,0,0,18,1848,Rain,Dark,-79.256,43.7349
948249,1514,Driver,80 to 84,Major,"Automobile, Station Wagon",Going Ahead,0,0,1,0,0,0,0,0,0,1,0,0,0,13,1335,Clear,Daylight,-79.3373,43.6549
948249,1515,Vehicle Owner,unknown,None,Other,NULL,0,0,1,0,0,0,0,0,0,1,0,0,0,13,1335,Clear,Daylight,-79.3373,43.6549
948249,1516,Driver,30 to 34,Minor,"Automobile, Station Wagon",Stopped,0,0,1,0,0,0,0,0,0,1,0,0,0,13,1335,Clear,Daylight,-79.3373,43.6549
950372,1642,Driver,40 to 44,None,Municipal Transit Bus (TTC),Going Ahead,1,0,0,0,0,1,0,0,0,0,0,0,0,16,1559,Snow,Daylight,-79.3961,43.7071
950372,1643,Pedestrian,55 to 59,Major,Other,NULL,1,0,0,0,0,1,0,0,0,0,0,0,0,16,1559,Snow,Daylight,-79.3961,43.7071
952125,1436,Driver,60 to 64,Major,"Automobile, Station Wagon",Going Ahead,0,0,1,0,0,0,0,0,0,0,0,0,0,20,2000,Clear,Dark,-79.5032,43.6283
952125,1428,Vehicle Owner,unknown,None,Other,Parked,0,0,1,0,0,0,0,0,0,0,0,0,0,20,2000,Clear,Dark,-79.5032,43.6283
952260,1523,Vehicle Owner,unknown,None,Other,NULL,0,0,1,0,0,0,0,0,0,1,0,0,0,9,900,Clear,Daylight,-79.2672,43.7151
952260,1694,Driver,30 to 34,None,"Automobile, Station Wagon",Stopped,0,0,1,0,0,0,0,0,0,1,0,0,0,9,900,Clear,Daylight,-79.2672,43.7151
952260,1698,Driver,30 to 34,None,"Automobile, Station Wagon",Stopped,0,0,1,0,0,0,0,0,0,1,0,0,0,9,900,Clear,Daylight,-79.2672,43.7151
952260,1603,Driver,55 to 59,None,"Automobile, Station Wagon",Going Ahead,0,0,1,0,0,0,0,0,0,1,0,0,0,9,900,Clear,Daylight,-79.2672,43.7151
952260,1607,Driver,70 to 74,Minor,"Automobile, Station Wagon",Going Ahead,0,0,1,0,0,0,0,0,0,1,0,0,0,9,900,Clear,Daylight,-79.2672,43.7151
952260,1612,Driver,30 to 34,Major,"Automobile, Station Wagon",Stopped,0,0,1,0,0,0,0,0,0,1,0,0,0,9,900,Clear,Daylight,-79.2672,43.7151
953178,1946,Driver,25 to 29,None,"Automobile, Station Wagon",Going Ahead,1,0,1,0,0,0,0,0,1,1,0,0,0,7,700,Snow,Dark,-79.3221,43.806
953178,1947,Pedestrian,30 to 34,Fatal,Other,NULL,1,0,1,0,0,0,0,0,1,1,0,0,0,7,700,Snow,Dark,-79.3221,43.806
953931,1958,Passenger,35 to 39,Minor,"Automobile, Station Wagon",Other,0,0,1,0,0,0,0,1,0,1,1,0,0,20,2008,Clear,Dark,-79.4107,43.6324
953931,1959,Vehicle Owner,unknown,None,Other,Other,0,0,1,0,0,0,0,1,0,1,1,0,0,20,2008,Clear,Dark,-79.4107,43.6324
953931,1960,Driver,35 to 39,Minor,"Automobile, Station Wagon",Turning Left,0,0,1,0,0,0,0,1,0,1,1,0,0,20,2008,Clear,Dark,-79.4107,43.6324
953931,1961,Driver,60 to 64,Major,"Automobile, Station Wagon",Other,0,0,1,0,0,0,0,1,0,1,1,0,0,20,2008,Clear,Dark,-79.4107,43.6324
954398,1676,Driver,30 to 34,None,"Automobile, Station Wagon",Turning Left,1,0,1,0,0,0,0,0,0,1,0,0,0,18,1802,Snow,Dark,-79.2216,43.8091
954398,1677,Pedestrian,70 to 74,Major,Other,NULL,1,0,1,0,0,0,0,0,0,1,0,0,0,18,1802,Snow,Dark,-79.2216,43.8091
961100,1117,Passenger,30 to 34,Major,Other,NULL,0,0,1,0,0,0,0,1,0,1,0,0,0,22,2225,Clear,Dark,-79.552,43.7267
961100,1126,Passenger,25 to 29,Minimal,Other,NULL,0,0,1,0,0,0,0,1,0,1,0,0,0,22,2225,Clear,Dark,-79.552,43.7267
961100,1133,Passenger,25 to 29,Major,Other,NULL,0,0,1,0,0,0,0,1,0,1,0,0,0,22,2225,Clear,Dark,-79.552,43.7267
961100,1138,Driver,20 to 24,Minimal,"Automobile, Station Wagon",Slowing or Stopping,0,0,1,0,0,0,0,1,0,1,0,0,0,22,2225,Clear,Dark,-79.552,43.7267
961100,1152,Driver,unknown,None,"Automobile, Station Wagon",Going Ahead,0,0,1,0,0,0,0,1,0,1,0,0,0,22,2225,Clear,Dark,-79.552,43.7267
961100,1112,Vehicle Owner,unknown,None,Other,NULL,0,0,1,0,0,0,0,1,0,1,0,0,0,22,2225,Clear,Dark,-79.552,43.7267
961870,1317,Pedestrian,80 to 84,Fatal,Other,NULL,1,0,1,0,0,0,0,0,0,1,0,0,0,21,2120,Clear,Dark,-79.3909,43.6804
961870,1316,Driver,35 to 39,None,"Automobile, Station Wagon",Going Ahead,1,0,1,0,0,0,0,0,0,1,0,0,0,21,2120,Clear,Dark,-79.3909,43.6804
962572,1765,Cyclist,40 to 44,Major,Bicycle,Going Ahead,0,1,1,0,0,0,0,0,0,1,0,0,0,16,1556,Clear,Daylight,-79.2194,43.7365
962572,1764,Driver,45 to 49,None,"Automobile, Station Wagon",Turning Right,0,1,1,0,0,0,0,0,0,1,0,0,0,16,1556,Clear,Daylight,-79.2194,43.7365
964426,1798,Driver,40 to 44,None,"Automobile, Station Wagon",Going Ahead,0,0,1,0,0,0,0,1,0,1,0,0,0,8,817,Clear,Daylight,-79.5893,43.7407
964426,1799,Passenger,35 to 39,Major,Other,NULL,0,0,1,0,0,0,0,1,0,1,0,0,0,8,817,Clear,Daylight,-79.5893,43.7407
964426,1800,Driver,40 to 44,None,"Automobile, Station Wagon",Going Ahead,0,0,1,0,0,0,0,1,0,1,0,0,0,8,817,Clear,Daylight,-79.5893,43.7407
966448,1329,Driver,55 to 59,None,"Automobile, Station Wagon",Turning Left,0,1,1,0,0,0,0,0,0,0,0,0,0,13,1305,Clear,Daylight,-79.384,43.6463
966448,1330,Cyclist,30 to 34,Major,Bicycle,Going Ahead,0,1,1,0,0,0,0,0,0,0,0,0,0,13,1305,Clear,Daylight,-79.384,43.6463
966632,1273,Driver,45 to 49,None,Municipal Transit Bus (TTC),Turning Left,1,0,0,0,0,1,0,0,0,1,0,0,0,17,1734,Clear,Daylight,-79.4257,43.6623
966632,1274,Pedestrian,75 to 79,Major,Other,NULL,1,0,0,0,0,1,0,0,0,1,0,0,0,17,1734,Clear,Daylight,-79.4257,43.6623
968070,1375,Driver,35 to 39,Minor,"Automobile, Station Wagon",Going Ahead,0,0,1,0,0,0,0,1,1,1,0,1,0,23,2257,Clear,Dark,-79.4228,43.6943
968070,1376,Driver,35 to 39,None,"Automobile, Station Wagon",Going Ahead,0,0,1,0,0,0,0,1,1,1,0,1,0,23,2257,Clear,Dark,-79.4228,43.6943
968070,1377,Vehicle Owner,unknown,None,Other,Parked,0,0,1,0,0,0,0,1,1,1,0,1,0,23,2257,Clear,Dark,-79.4228,43.6943
968070,1378,Passenger,20 to 24,Minor,Other,NULL,0,0,1,0,0,0,0,1,1,1,0,1,0,23,2257,Clear,Dark,-79.4228,43.6943
968070,1379,Passenger,20 to 24,Minor,Other,NULL,0,0,1,0,0,0,0,1,1,1,0,1,0,23,2257,Clear,Dark,-79.4228,43.6943
968070,1380,Driver,20 to 24,Major,"Automobile, Station Wagon",Changing Lanes,0,0,1,0,0,0,0,1,1,1,0,1,0,23,2257,Clear,Dark,-79.4228,43.6943
968070,1381,Other Property Owner,unknown,None,Other,NULL,0,0,1,0,0,0,0,1,1,1,0,1,0,23,2257,Clear,Dark,-79.4228,43.6943
968070,1374,Vehicle Owner,unknown,None,Other,Parked,0,0,1,0,0,0,0,1,1,1,0,1,0,23,2257,Clear,Dark,-79.4228,43.6943
968354,1390,Driver,40 to 44,Major,"Automobile, Station Wagon",Reversing,1,0,1,0,0,0,0,0,0,0,0,0,0,22,2240,Clear,Dark,-79.3375,43.7993
968354,1391,Pedestrian,35 to 39,Minor,Other,NULL,1,0,1,0,0,0,0,0,0,0,0,0,0,22,2240,Clear,Dark,-79.3375,43.7993
940240,1221,Driver,unknown,None,"Automobile, Station Wagon",Going Ahead,1,0,1,0,0,0,0,0,0,0,0,0,0,18,1821,Clear,Dark,-79.3365,43.8047
940240,1222,Pedestrian,40 to 44,Major,Other,NULL,1,0,1,0,0,0,0,0,0,0,0,0,0,18,1821,Clear,Dark,-79.3365,43.8047
940240,1223,Pedestrian,45 to 49,Major,Other,NULL,1,0,1,0,0,0,0,0,0,0,0,0,0,18,1821,Clear,Dark,-79.3365,43.8047
940858,1253,Driver,40 to 44,None,"Automobile, Station Wagon",Going Ahead,0,0,1,0,0,0,0,1,0,0,0,1,0,23,2250,Clear,Dark,-79.3903,43.6719
940858,1254,Passenger,5 to 9,Major,Other,NULL,0,0,1,0,0,0,0,1,0,0,0,1,0,23,2250,Clear,Dark,-79.3903,43.6719
940858,1255,Passenger,5 to 9,Minimal,Other,NULL,0,0,1,0,0,0,0,1,0,0,0,1,0,23,2250,Clear,Dark,-79.3903,43.6719
940858,1256,Passenger,0 to 4,Minimal,Other,NULL,0,0,1,0,0,0,0,1,0,0,0,1,0,23,2250,Clear,Dark,-79.3903,43.6719
940858,1257,Driver,35 to 39,Minimal,"Automobile, Station Wagon",Going Ahead,0,0,1,0,0,0,0,1,0,0,0,1,0,23,2250,Clear,Dark,-79.3903,43.6719
941251,1270,Vehicle Owner,unknown,None,Other,Parked,0,0,1,0,0,0,0,1,1,1,0,1,0,18,1813,Clear,Dark,-79.2867,43.7311
941251,1267,Passenger,15 to 19,Major,Other,NULL,0,0,1,0,0,0,0,1,1,1,0,1,0,18,1813,Clear,Dark,-79.2867,43.7311
941251,1268,Driver,20 to 24,Minor,"Automobile, Station Wagon",Going Ahead,0,0,1,0,0,0,0,1,1,1,0,1,0,18,1813,Clear,Dark,-79.2867,43.7311
941251,1269,Vehicle Owner,unknown,None,Other,Parked,0,0,1,0,0,0,0,1,1,1,0,1,0,18,1813,Clear,Dark,-79.2867,43.7311
941510,1096,Vehicle Owner,unknown,None,Other,NULL,1,0,1,0,0,0,0,0,0,0,0,0,0,17,1740,Clear,Dark,-79.3259,43.7517
941510,1097,Driver,20 to 24,None,"Automobile, Station Wagon",Going Ahead,1,0,1,0,0,0,0,0,0,0,0,0,0,17,1740,Clear,Dark,-79.3259,43.7517
941510,1098,Pedestrian,25 to 29,Major,Other,NULL,1,0,1,0,0,0,0,0,0,0,0,0,0,17,1740,Clear,Dark,-79.3259,43.7517
942571,1049,Driver,45 to 49,None,"Automobile, Station Wagon",Going Ahead,0,0,1,0,0,0,0,0,0,1,0,0,0,12,1154,Clear,Daylight,-79.3064,43.8222
942571,1051,Driver,35 to 39,Major,"Automobile, Station Wagon",Turning Left,0,0,1,0,0,0,0,0,0,1,0,0,0,12,1154,Clear,Daylight,-79.3064,43.8222
943180,1224,Driver,50 to 54,Minor,"Automobile, Station Wagon",Going Ahead,1,0,1,0,0,0,0,0,0,1,0,0,0,13,1300,Rain,Daylight,-79.3227,43.6911
943180,1225,Driver,65 to 69,None,"Automobile, Station Wagon",Going Ahead,1,0,1,0,0,0,0,0,0,1,0,0,0,13,1300,Rain,Daylight,-79.3227,43.6911
943180,1226,Pedestrian,55 to 59,Major,Other,NULL,1,0,1,0,0,0,0,0,0,1,0,0,0,13,1300,Rain,Daylight,-79.3227,43.6911
943330,1241,Driver,40 to 44,None,"Automobile, Station Wagon",Stopped,0,1,1,0,0,0,0,0,1,1,0,0,0,18,1800,Clear,Dark,-79.3793,43.6488
943330,1242,Cyclist,25 to 29,Major,Bicycle,Overtaking,0,1,1,0,0,0,0,0,1,1,0,0,0,18,1800,Clear,Dark,-79.3793,43.6488
944350,1258,Driver,30 to 34,None,"Automobile, Station Wagon",Going Ahead,1,0,1,0,0,0,0,0,0,0,0,0,0,0,20,Clear,Dark,-79.4126,43.7229
944350,1259,Pedestrian,15 to 19,Major,Other,NULL,1,0,1,0,0,0,0,0,0,0,0,0,0,0,20,Clear,Dark,-79.4126,43.7229
944952,1263,Pedestrian,60 to 64,Major,Other,NULL,1,0,1,0,0,0,0,0,0,1,0,0,0,14,1405,Clear,Daylight,-79.4024,43.7262
944952,1264,Driver,60 to 64,None,"Automobile, Station Wagon",Turning Left,1,0,1,0,0,0,0,0,0,1,0,0,0,14,1405,Clear,Daylight,-79.4024,43.7262
945654,1443,Vehicle Owner,unknown,None,Other,Parked,0,0,1,0,0,0,0,1,0,0,0,0,0,20,2000,Clear,Dark,-79.5562,43.7029
945654,1444,Passenger,15 to 19,Major,Other,NULL,0,0,1,0,0,0,0,1,0,0,0,0,0,20,2000,Clear,Dark,-79.5562,43.7029
945654,1445,Vehicle Owner,unknown,None,Other,NULL,0,0,1,0,0,0,0,1,0,0,0,0,0,20,2000,Clear,Dark,-79.5562,43.7029
945654,1446,Driver,20 to 24,Minor,"Automobile, Station Wagon",Slowing or Stopping,0,0,1,0,0,0,0,1,0,0,0,0,0,20,2000,Clear,Dark,-79.5562,43.7029
945854,1458,Driver,50 to 54,None,"Automobile, Station Wagon",Turning Left,1,0,1,0,0,0,0,0,0,0,0,0,0,16,1645,Rain,Dark,-79.3777,43.6519
945854,1459,Pedestrian,75 to 79,Major,Other,NULL,1,0,1,0,0,0,0,0,0,0,0,0,0,16,1645,Rain,Dark,-79.3777,43.6519
949432,1517,Driver,70 to 74,None,"Automobile, Station Wagon",Turning Left,1,0,1,0,0,0,0,0,0,1,0,0,0,9,905,Clear,Daylight,-79.5423,43.752
949432,1518,Pedestrian,55 to 59,Major,Other,NULL,1,0,1,0,0,0,0,0,0,1,0,0,0,9,905,Clear,Daylight,-79.5423,43.752
950050,1089,Driver,55 to 59,Major,"Automobile, Station Wagon",Going Ahead,0,0,1,0,0,0,0,0,0,1,1,0,0,6,605,Rain,Dark,-79.2965,43.8012
950050,1114,Driver,30 to 34,None,"Automobile, Station Wagon",Stopped,0,0,1,0,0,0,0,0,0,1,1,0,0,6,605,Rain,Dark,-79.2965,43.8012
950050,1271,Driver,60 to 64,Major,"Automobile, Station Wagon",Going Ahead,0,0,1,0,0,0,0,0,0,1,1,0,0,6,605,Rain,Dark,-79.2965,43.8012
950150,1639,Driver,60 to 64,None,"Automobile, Station Wagon",Going Ahead,1,0,1,0,0,0,0,0,0,0,0,0,0,18,1751,Clear,Dark,-79.4653,43.6795
950150,1640,Pedestrian,35 to 39,Major,Other,NULL,1,0,1,0,0,0,0,0,0,0,0,0,0,18,1751,Clear,Dark,-79.4653,43.6795