ACCNUM,ObjectId,INVTYPE,INVAGE,INJURY,VEHTYPE,MANOEUVER,PEDESTRIAN,CYCLIST,AUTOMOBILE,MOTORCYCLE,TRUCK,TRSN_CITY_VEH,EMERG_VEH,PASSENGER,SPEEDING,AG_DRIV,REDLIGHT,ALCOHOL,DISABILITY,HOUR,TIME,VISIBILITY,LIGHT,collision_lat,collision_long
951120,1682,Vehicle Owner,unknown,None,Other,NULL,0,0,1,0,0,0,0,0,0,1,0,0,0,14,1355,Clear,Daylight,-79.4664,43.7668
951120,1683,Driver,35 to 39,Minor,"Automobile, Station Wagon",Going Ahead,0,0,1,0,0,0,0,0,0,1,0,0,0,14,1355,Clear,Daylight,-79.4664,43.7668
951120,1684,Driver,55 to 59,Major,"Automobile, Station Wagon",Turning Left,0,0,1,0,0,0,0,0,0,1,0,0,0,14,1355,Clear,Daylight,-79.4664,43.7668
951370,1687,Passenger,45 to 49,Minor,Other,NULL,0,0,1,0,0,0,0,1,0,1,1,0,0,5,523,Clear,Dark,-79.4634,43.6984
951370,1688,Driver,45 to 49,Fatal,"Automobile, Station Wagon",Going Ahead,0,0,1,0,0,0,0,1,0,1,1,0,0,5,523,Clear,Dark,-79.4634,43.6984
951370,1690,Passenger,20 to 24,Minor,Other,NULL,0,0,1,0,0,0,0,1,0,1,1,0,0,5,523,Clear,Dark,-79.4634,43.6984
951370,1691,Driver,20 to 24,Minor,"Automobile, Station Wagon",Going Ahead,0,0,1,0,0,0,0,1,0,1,1,0,0,5,523,Clear,Dark,-79.4634,43.6984
951904,1526,Driver,20 to 24,Major,"Automobile, Station Wagon",Going Ahead,0,0,1,0,0,0,0,0,0,0,0,0,0,1,142,Rain,Dark,-79.5248,43.6179
952422,1661,Driver,40 to 44,None,Municipal Transit Bus (TTC),Stopped,1,0,1,0,0,1,0,0,0,1,0,0,0,8,832,Clear,Daylight,-79.3444,43.66
952422,1662,Driver,35 to 39,None,"Automobile, Station Wagon",Going Ahead,1,0,1,0,0,1,0,0,0,1,0,0,0,8,832,Clear,Daylight,-79.3444,43.66
952422,1663,Pedestrian,35 to 39,Major,Other,NULL,1,0,1,0,0,1,0,0,0,1,0,0,0,8,832,Clear,Daylight,-79.3444,43.66
953726,1952,Passenger,40 to 44,Major,Other,Other,0,0,1,0,0,0,0,1,0,1,0,0,0,14,1445,Clear,Daylight,-79.5498,43.6773
953726,1953,Driver,40 to 44,Minimal,"Automobile, Station Wagon",Slowing or Stopping,0,0,1,0,0,0,0,1,0,1,0,0,0,14,1445,Clear,Daylight,-79.5498,43.6773
953726,1954,Driver,20 to 24,None,"Automobile, Station Wagon",Going Ahead,0,0,1,0,0,0,0,1,0,1,0,0,0,14,1445,Clear,Daylight,-79.5498,43.6773
956968,1610,Driver,35 to 39,None,"Automobile, Station Wagon",Going Ahead,1,0,1,0,0,0,0,0,0,1,1,0,0,8,819,Clear,Daylight,-79.3541,43.7902
956968,1693,Driver,35 to 39,None,"Automobile, Station Wagon",Going Ahead,1,0,1,0,0,0,0,0,0,1,1,0,0,8,819,Clear,Daylight,-79.3541,43.7902
956968,1699,Pedestrian,10 to 14,Major,Other,NULL,1,0,1,0,0,0,0,0,0,1,1,0,0,8,819,Clear,Daylight,-79.3541,43.7902
957570,1750,Driver,25 to 29,None,"Automobile, Station Wagon",Going Ahead,1,0,1,0,0,0,0,0,0,1,0,0,0,14,1352,Clear,Daylight,-79.349,43.7827
957570,1752,Pedestrian,60 to 64,Minor,Other,NULL,1,0,1,0,0,0,0,0,0,1,0,0,0,14,1352,Clear,Daylight,-79.349,43.7827
957570,1753,Pedestrian,5 to 9,Major,Other,NULL,1,0,1,0,0,0,0,0,0,1,0,0,0,14,1352,Clear,Daylight,-79.349,43.7827
958999,1948,Driver,25 to 29,None,"Automobile, Station Wagon",Going Ahead,0,0,1,0,1,0,0,0,1,1,0,0,0,13,1305,Snow,Daylight,-79.5462,43.6164
958999,1949,Vehicle Owner,unknown,None,Other,NULL,0,0,1,0,1,0,0,0,1,1,0,0,0,13,1305,Snow,Daylight,-79.5462,43.6164
958999,1950,Truck Driver,35 to 39,Major,Truck - Open,Going Ahead,0,0,1,0,1,0,0,0,1,1,0,0,0,13,1305,Snow,Daylight,-79.5462,43.6164
958999,1951,Other,unknown,None,Other,NULL,0,0,1,0,1,0,0,0,1,1,0,0,0,13,1305,Snow,Daylight,-79.5462,43.6164
960612,1993,Vehicle Owner,unknown,None,Other,Unknown,0,0,1,0,0,0,0,0,0,1,1,0,0,18,1801,Snow,Dark,-79.4095,43.6362
960612,1994,Driver,30 to 34,None,"Automobile, Station Wagon",Going Ahead,0,0,1,0,0,0,0,0,0,1,1,0,0,18,1801,Snow,Dark,-79.4095,43.6362
960612,1995,Vehicle Owner,unknown,None,Other,NULL,0,0,1,0,0,0,0,0,0,1,1,0,0,18,1801,Snow,Dark,-79.4095,43.6362
960612,1996,Driver,25 to 29,Major,"Automobile, Station Wagon",Going Ahead,0,0,1,0,0,0,0,0,0,1,1,0,0,18,1801,Snow,Dark,-79.4095,43.6362
961264,1182,Driver,35 to 39,Major,"Automobile, Station Wagon",Going Ahead,0,0,1,0,1,0,0,0,1,1,0,0,0,14,1426,Snow,Daylight,-79.3376,43.6996
961264,1162,Driver,60 to 64,None,"Automobile, Station Wagon",Going Ahead,0,0,1,0,1,0,0,0,1,1,0,0,0,14,1426,Snow,Daylight,-79.3376,43.6996
961264,1287,Truck Driver,35 to 39,None,Truck - Open,Going Ahead,0,0,1,0,1,0,0,0,1,1,0,0,0,14,1426,Snow,Daylight,-79.3376,43.6996
961264,1293,Vehicle Owner,unknown,None,Other,NULL,0,0,1,0,1,0,0,0,1,1,0,0,0,14,1426,Snow,Daylight,-79.3376,43.6996
961264,1279,Vehicle Owner,unknown,None,Other,NULL,0,0,1,0,1,0,0,0,1,1,0,0,0,14,1426,Snow,Daylight,-79.3376,43.6996
962132,1319,Driver,30 to 34,Fatal,"Automobile, Station Wagon",Going Ahead,0,0,1,0,0,0,0,0,0,1,0,0,0,6,643,Clear,Dawn,-79.2862,43.7511
962132,1320,Driver,40 to 44,Minimal,"Automobile, Station Wagon",Going Ahead,0,0,1,0,0,0,0,0,0,1,0,0,0,6,643,Clear,Dawn,-79.2862,43.7511
964254,1792,Vehicle Owner,unknown,None,Other,NULL,1,0,1,0,0,0,0,0,0,1,0,0,0,19,1907,Clear,"Dusk, artificial",-79.4449,43.7159
964254,1793,Driver,65 to 69,None,"Automobile, Station Wagon",Going Ahead,1,0,1,0,0,0,0,0,0,1,0,0,0,19,1907,Clear,"Dusk, artificial",-79.4449,43.7159
964254,1794,Pedestrian,45 to 49,Major,Other,NULL,1,0,1,0,0,0,0,0,0,1,0,0,0,19,1907,Clear,"Dusk, artificial",-79.4449,43.7159
965074,1383,Passenger,30 to 34,Minor,Other,NULL,0,0,1,0,0,0,0,1,0,1,0,0,0,17,1705,Clear,Daylight,-79.5189,43.738
965074,1384,Driver,35 to 39,Minor,"Automobile, Station Wagon",Going Ahead,0,0,1,0,0,0,0,1,0,1,0,0,0,17,1705,Clear,Daylight,-79.5189,43.738
965074,1385,Driver,30 to 34,Major,"Automobile, Station Wagon",Overtaking,0,0,1,0,0,0,0,1,0,1,0,0,0,17,1705,Clear,Daylight,-79.5189,43.738
965074,1382,Passenger,75 to 79,Minor,Other,NULL,0,0,1,0,0,0,0,1,0,1,0,0,0,17,1705,Clear,Daylight,-79.5189,43.738
967321,1339,Driver,55 to 59,None,"Automobile, Station Wagon",Going Ahead,1,0,1,0,0,0,0,0,0,0,0,0,0,16,1645,Clear,Daylight,-79.419,43.7964
967321,1340,Pedestrian,15 to 19,Major,Other,NULL,1,0,1,0,0,0,0,0,0,0,0,0,0,16,1645,Clear,Daylight,-79.419,43.7964
967864,1535,Driver,50 to 54,None,"Automobile, Station Wagon",Turning Left,0,0,1,1,0,0,0,1,0,0,0,0,0,16,1615,Clear,Daylight,-79.34,43.661
967864,1533,Motorcycle Driver,25 to 29,Major,Motorcycle,Going Ahead,0,0,1,1,0,0,0,1,0,0,0,0,0,16,1615,Clear,Daylight,-79.34,43.661
993583,2041,Driver,40 to 44,None,"Automobile, Station Wagon",Reversing,0,1,1,0,0,0,0,0,0,1,0,0,0,10,1041,Clear,Daylight,-79.1596,43.8054
993583,2042,Cyclist,60 to 64,Major,Bicycle,Going Ahead,0,1,1,0,0,0,0,0,0,1,0,0,0,10,1041,Clear,Daylight,-79.1596,43.8054
993818,2472,Pedestrian,80 to 84,Fatal,Other,NULL,1,0,1,0,0,0,0,0,0,0,0,0,0,19,1932,Clear,Dark,-79.6018,43.7315
993818,2466,Driver,55 to 59,None,"Automobile, Station Wagon",Going Ahead,1,0,1,0,0,0,0,0,0,0,0,0,0,19,1932,Clear,Dark,-79.6018,43.7315
994169,2060,Driver,40 to 44,None,"Automobile, Station Wagon",Turning Left,1,0,1,0,0,0,0,0,0,1,0,0,0,19,1851,Clear,Daylight,-79.4472,43.6419
994169,2061,Pedestrian,65 to 69,Major,Other,NULL,1,0,1,0,0,0,0,0,0,1,0,0,0,19,1851,Clear,Daylight,-79.4472,43.6419
995372,2233,Driver,15 to 19,Major,"Automobile, Station Wagon",Going Ahead,0,0,1,0,0,0,0,0,1,1,0,1,0,2,235,Clear,Dark,-79.3533,43.6673
995439,2578,Driver,40 to 44,Minor,"Automobile, Station Wagon",Going Ahead,0,0,1,0,0,0,0,0,0,0,0,0,0,11,1129,Clear,Daylight,-79.4055,43.7052
995439,2583,Vehicle Owner,unknown,None,Other,NULL,0,0,1,0,0,0,0,0,0,0,0,0,0,11,1129,Clear,Daylight,-79.4055,43.7052
995439,2587,Driver,40 to 44,Major,"Automobile, Station Wagon",Going Ahead,0,0,1,0,0,0,0,0,0,0,0,0,0,11,1129,Clear,Daylight,-79.4055,43.7052
995772,2717,Driver,35 to 39,None,"Automobile, Station Wagon",Turning Left,1,0,1,0,0,0,0,0,0,1,0,0,0,11,1130,Clear,Daylight,-79.3413,43.6578
995772,2722,Pedestrian,70 to 74,Major,Other,NULL,1,0,1,0,0,0,0,0,0,1,0,0,0,11,1130,Clear,Daylight,-79.3413,43.6578
996876,2639,Driver,30 to 34,None,"Automobile, Station Wagon",Turning Left,1,0,1,0,0,0,0,0,0,1,0,0,0,18,1801,Clear,Daylight,-79.5659,43.6422
996876,2651,Pedestrian,50 to 54,Major,Other,NULL,1,0,1,0,0,0,0,0,0,1,0,0,0,18,1801,Clear,Daylight,-79.5659,43.6422
996892,2727,Driver,80 to 84,None,"Automobile, Station Wagon",Turning Left,1,0,1,0,0,0,0,0,0,1,0,0,0,14,1448,Clear,Daylight,-79.4988,43.6174
996892,2731,Pedestrian,40 to 44,Major,Other,NULL,1,0,1,0,0,0,0,0,0,1,0,0,0,14,1448,Clear,Daylight,-79.4988,43.6174
999249,2796,Passenger,10 to 14,Minimal,Other,NULL,0,0,1,0,0,0,0,1,0,1,0,0,0,18,1810,Rain,Daylight,-79.4555,43.7596
999249,2797,Passenger,40 to 44,Major,Other,NULL,0,0,1,0,0,0,0,1,0,1,0,0,0,18,1810,Rain,Daylight,-79.4555,43.7596
999249,2798,Driver,40 to 44,Minor,"Automobile, Station Wagon",Stopped,0,0,1,0,0,0,0,1,0,1,0,0,0,18,1810,Rain,Daylight,-79.4555,43.7596
999249,2799,Driver,25 to 29,None,"Automobile, Station Wagon",Going Ahead,0,0,1,0,0,0,0,1,0,1,0,0,0,18,1810,Rain,Daylight,-79.4555,43.7596
1001270,2857,Pedestrian,45 to 49,Major,Other,NULL,1,0,1,0,0,0,0,0,0,0,0,0,0,6,643,Clear,Daylight,-79.5893,43.7411
1001270,2858,Driver,25 to 29,None,"Automobile, Station Wagon",Going Ahead,1,0,1,0,0,0,0,0,0,0,0,0,0,6,643,Clear,Daylight,-79.5893,43.7411
1002191,2591,Cyclist,45 to 49,Major,Bicycle,Going Ahead,0,1,1,0,0,0,0,0,0,0,0,0,0,16,1642,Clear,Daylight,-79.2544,43.7769
1002191,2585,Driver,55 to 59,None,"Automobile, Station Wagon",Turning Left,0,1,1,0,0,0,0,0,0,0,0,0,0,16,1642,Clear,Daylight,-79.2544,43.7769
1002607,2286,Driver,75 to 79,None,"Automobile, Station Wagon",Going Ahead,1,0,1,0,0,0,0,0,0,1,1,0,0,14,1415,Clear,Daylight,-79.268,43.7069
1002607,2296,Driver,50 to 54,None,"Automobile, Station Wagon",Going Ahead,1,0,1,0,0,0,0,0,0,1,1,0,0,14,1415,Clear,Daylight,-79.268,43.7069
1002607,2300,Pedestrian,30 to 34,Major,Other,NULL,1,0,1,0,0,0,0,0,0,1,1,0,0,14,1415,Clear,Daylight,-79.268,43.7069
1004413,2943,Passenger,20 to 24,Major,Other,NULL,0,0,1,0,0,0,0,1,1,1,0,0,0,3,250,Clear,Dark,-79.2531,43.7034
1004413,2944,Driver,30 to 34,Major,"Automobile, Station Wagon",Going Ahead,0,0,1,0,0,0,0,1,1,1,0,0,0,3,250,Clear,Dark,-79.2531,43.7034
1004530,2094,Driver,75 to 79,Major,"Automobile, Station Wagon",Going Ahead,0,0,1,0,0,0,0,0,0,1,1,0,0,10,1030,Clear,Daylight,-79.2572,43.7873
1004530,2095,Driver,50 to 54,Major,"Automobile, Station Wagon",Stopped,0,0,1,0,0,0,0,0,0,1,1,0,0,10,1030,Clear,Daylight,-79.2572,43.7873
1005315,2951,Driver,35 to 39,None,"Automobile, Station Wagon",Turning Left,1,0,1,0,0,0,0,0,0,1,0,0,0,15,1510,Clear,Daylight,-79.3773,43.6478
1005315,2952,Pedestrian,70 to 74,Major,Other,NULL,1,0,1,0,0,0,0,0,0,1,0,0,0,15,1510,Clear,Daylight,-79.3773,43.6478
1005733,2478,Cyclist,unknown,Major,Bicycle,Going Ahead,1,1,0,0,0,0,0,0,0,0,0,0,0,17,1650,Clear,Dusk,-79.3719,43.6487
1005733,2493,Pedestrian,75 to 79,Minimal,Other,NULL,1,1,0,0,0,0,0,0,0,0,0,0,0,17,1650,Clear,Dusk,-79.3719,43.6487
1005767,2965,Driver,50 to 54,None,"Automobile, Station Wagon",Overtaking,0,0,1,0,0,0,0,1,1,1,0,1,0,18,1814,Clear,Dark,-79.3452,43.744
1005767,2959,Passenger,45 to 49,None,Other,NULL,0,0,1,0,0,0,0,1,1,1,0,1,0,18,1814,Clear,Dark,-79.3452,43.744
1005767,2960,Driver,50 to 54,None,"Automobile, Station Wagon",Going Ahead,0,0,1,0,0,0,0,1,1,1,0,1,0,18,1814,Clear,Dark,-79.3452,43.744
1005767,2961,Passenger,unknown,Minimal,Other,NULL,0,0,1,0,0,0,0,1,1,1,0,1,0,18,1814,Clear,Dark,-79.3452,43.744
1005767,2962,Passenger,unknown,Minimal,Other,NULL,0,0,1,0,0,0,0,1,1,1,0,1,0,18,1814,Clear,Dark,-79.3452,43.744
1005767,2963,Driver,50 to 54,Major,"Automobile, Station Wagon",Going Ahead,0,0,1,0,0,0,0,1,1,1,0,1,0,18,1814,Clear,Dark,-79.3452,43.744
1006820,2941,Driver,70 to 74,None,"Automobile, Station Wagon",Going Ahead,1,0,1,0,0,0,0,0,0,0,0,0,0,24,2352,Clear,Dark,-79.4603,43.6741
1006820,2942,Pedestrian,65 to 69,Major,Other,NULL,1,0,1,0,0,0,0,0,0,0,0,0,0,24,2352,Clear,Dark,-79.4603,43.6741
1007071,2549,Pedestrian,unknown,Major,Other,NULL,1,0,1,0,0,0,0,0,0,1,0,0,0,19,1937,Rain,Dark,-79.3928,43.6747
1007071,2539,Driver,25 to 29,None,"Automobile, Station Wagon",Turning Left,1,0,1,0,0,0,0,0,0,1,0,0,0,19,1937,Rain,Dark,-79.3928,43.6747
1011231,2161,Driver,90 to 94,None,"Automobile, Station Wagon",Going Ahead,1,0,1,0,0,0,0,0,0,0,0,0,0,21,2135,Clear,Dark,-79.3732,43.7891
1011231,2162,Pedestrian,75 to 79,Fatal,Other,NULL,1,0,1,0,0,0,0,0,0,0,0,0,0,21,2135,Clear,Dark,-79.3732,43.7891
1011331,2128,Driver,65 to 69,None,"Automobile, Station Wagon",Going Ahead,1,0,1,0,0,0,0,0,0,0,0,0,0,21,2057,Clear,Dark,-79.4344,43.641
1011331,2129,Pedestrian,45 to 49,Major,Other,NULL,1,0,1,0,0,0,0,0,0,0,0,0,0,21,2057,Clear,Dark,-79.4344,43.641
1012000,2993,Driver,25 to 29,None,"Automobile, Station Wagon",Going Ahead,0,0,1,0,0,0,0,0,0,1,0,0,0,17,1700,Clear,Dark,-79.4874,43.7059
1012000,2995,Driver,35 to 39,Major,"Automobile, Station Wagon",Going Ahead,0,0,1,0,0,0,0,0,0,1,0,0,0,17,1700,Clear,Dark,-79.4874,43.7059
1012986,2186,Driver,45 to 49,None,"Automobile, Station Wagon",Going Ahead,1,0,1,0,0,0,0,0,0,0,0,0,0,18,1826,Rain,Dark,-79.2436,43.7376
1012986,2187,Pedestrian,30 to 34,Fatal,Other,NULL,1,0,1,0,0,0,0,0,0,0,0,0,0,18,1826,Rain,Dark,-79.2436,43.7376
1015577,2224,Driver,30 to 34,None,"Automobile, Station Wagon",Going Ahead,1,0,1,0,0,0,0,0,0,0,0,0,0,18,1750,Snow,Dark,-79.4014,43.7828
1015577,3124,Pedestrian,70 to 74,Major,Other,NULL,1,0,1,0,0,0,0,0,0,0,0,0,0,18,1750,Snow,Dark,-79.4014,43.7828
1015577,3025,Driver,45 to 49,None,"Automobile, Station Wagon",Going Ahead,1,0,1,0,0,0,0,0,0,0,0,0,0,18,1750,Snow,Dark,-79.4014,43.7828
1019756,3683,Passenger,25 to 29,None,Other,NULL,1,0,1,0,0,0,0,1,0,0,0,0,0,17,1749,Rain,Daylight,-79.4426,43.7355
1019756,3685,Driver,20 to 24,None,"Automobile, Station Wagon",Going Ahead,1,0,1,0,0,0,0,1,0,0,0,0,0,17,1749,Rain,Daylight,-79.4426,43.7355
1019756,3686,Pedestrian,20 to 24,Fatal,Other,NULL,1,0,1,0,0,0,0,1,0,0,0,0,0,17,1749,Rain,Daylight,-79.4426,43.7355
1020139,3531,Pedestrian,80 to 84,Major,Other,NULL,1,0,1,0,0,0,0,0,0,1,0,0,0,10,1000,Clear,Daylight,-79.4489,43.7032
1020139,3523,Driver,unknown,None,"Automobile, Station Wagon",Going Ahead,1,0,1,0,0,0,0,0,0,1,0,0,0,10,1000,Clear,Daylight,-79.4489,43.7032
1021293,3657,Driver,15 to 19,None,"Automobile, Station Wagon",Going Ahead,0,0,1,0,0,0,0,1,1,1,0,0,0,23,2307,Snow,Dark,-79.2761,43.8044
1021293,3653,Passenger,20 to 24,Major,Other,NULL,0,0,1,0,0,0,0,1,1,1,0,0,0,23,2307,Snow,Dark,-79.2761,43.8044
1021293,3655,Driver,20 to 24,Minor,"Automobile, Station Wagon",Going Ahead,0,0,1,0,0,0,0,1,1,1,0,0,0,23,2307,Snow,Dark,-79.2761,43.8044
1021860,3695,Driver,20 to 24,Minor,"Automobile, Station Wagon",Going Ahead,1,0,1,0,0,0,0,0,0,0,0,0,0,2,215,Clear,Dark,-79.4468,43.6369
1021860,3696,Other,30 to 34,None,"Automobile, Station Wagon",Parked,1,0,1,0,0,0,0,0,0,0,0,0,0,2,215,Clear,Dark,-79.4468,43.6369
1021860,3698,Pedestrian,25 to 29,Minor,Other,NULL,1,0,1,0,0,0,0,0,0,0,0,0,0,2,215,Clear,Dark,-79.4468,43.6369
1021860,3699,Pedestrian,25 to 29,Major,Other,NULL,1,0,1,0,0,0,0,0,0,0,0,0,0,2,215,Clear,Dark,-79.4468,43.6369
1021860,3005,Pedestrian,40 to 44,Major,Other,NULL,1,0,1,0,0,0,0,0,0,0,0,0,0,2,215,Clear,Dark,-79.4468,43.6369
1022763,3681,Driver,40 to 44,Major,"Automobile, Station Wagon",Going Ahead,0,0,1,0,0,0,0,0,0,1,0,0,0,23,2337,Freezing Rain,Dark,-79.4923,43.6862
1022763,3682,Driver,25 to 29,Minimal,"Automobile, Station Wagon",Turning Left,0,0,1,0,0,0,0,0,0,1,0,0,0,23,2337,Freezing Rain,Dark,-79.4923,43.6862
1024000,3527,Driver,35 to 39,None,"Automobile, Station Wagon",Going Ahead,1,0,1,0,0,0,0,0,0,1,0,0,0,17,1651,Snow,Dark,-79.507,43.7151
1024000,3529,Pedestrian,0 to 4,Major,Other,NULL,1,0,1,0,0,0,0,0,0,1,0,0,0,17,1651,Snow,Dark,-79.507,43.7151
1025421,3631,Cyclist,unknown,None,Bicycle,Going Ahead,1,1,0,0,0,0,0,0,0,0,0,0,0,14,1415,Clear,Daylight,-79.3899,43.6695
1025421,3632,Pedestrian,75 to 79,Major,NULL,NULL,1,1,0,0,0,0,0,0,0,0,0,0,0,14,1415,Clear,Daylight,-79.3899,43.6695
930890,1005,Motorcycle Driver,20 to 24,Fatal,Motorcycle,Going Ahead,0,0,0,1,0,0,0,0,0,0,0,0,0,21,2136,Clear,Dark,-79.1905,43.8247
931108,1700,Driver,60 to 64,None,"Automobile, Station Wagon",Going Ahead,1,0,1,0,0,0,0,0,0,0,0,0,0,17,1728,Clear,Daylight,-79.4939,43.7816
931108,1703,Pedestrian,30 to 34,Major,Other,NULL,1,0,1,0,0,0,0,0,0,0,0,0,0,17,1728,Clear,Daylight,-79.4939,43.7816
932028,1900,Driver,25 to 29,None,"Automobile, Station Wagon",Going Ahead,0,1,1,0,0,0,0,0,0,0,0,0,0,10,1002,Clear,Daylight,-79.3669,43.6619
932028,1901,Cyclist,35 to 39,Major,Bicycle,Turning Left,0,1,1,0,0,0,0,0,0,0,0,0,0,10,1002,Clear,Daylight,-79.3669,43.6619
932044,1904,Driver,50 to 54,None,"Automobile, Station Wagon",Turning Right,0,1,1,0,0,0,0,0,0,1,0,0,0,7,743,Clear,Daylight,-79.2445,43.7471
932044,1905,Cyclist,10 to 14,Major,Bicycle,Going Ahead,0,1,1,0,0,0,0,0,0,1,0,0,0,7,743,Clear,Daylight,-79.2445,43.7471
932337,1009,Passenger,80 to 84,Major,Other,NULL,0,0,1,0,0,0,0,1,0,0,0,0,0,13,1300,Clear,Daylight,-79.3408,43.7276
932337,1010,Driver,70 to 74,Minor,"Automobile, Station Wagon",Turning Left,0,0,1,0,0,0,0,1,0,0,0,0,0,13,1300,Clear,Daylight,-79.3408,43.7276
932337,1011,Vehicle Owner,unknown,None,Other,NULL,0,0,1,0,0,0,0,1,0,0,0,0,0,13,1300,Clear,Daylight,-79.3408,43.7276
932337,1012,Driver,30 to 34,Minor,"Automobile, Station Wagon",Going Ahead,0,0,1,0,0,0,0,1,0,0,0,0,0,13,1300,Clear,Daylight,-79.3408,43.7276
932578,1835,Driver,45 to 49,None,"Automobile, Station Wagon",Turning Left,1,0,1,0,0,0,0,0,0,1,0,0,0,8,805,Clear,Daylight,-79.5671,43.6445
932578,1836,Pedestrian,35 to 39,Major,Other,NULL,1,0,1,0,0,0,0,0,0,1,0,0,0,8,805,Clear,Daylight,-79.5671,43.6445
934341,1040,Vehicle Owner,unknown,None,Other,Unknown,0,0,1,0,0,0,0,0,0,0,0,0,0,8,830,Other,Daylight,-79.5119,43.6206
934341,1041,Driver,25 to 29,None,"Automobile, Station Wagon",Unknown,0,0,1,0,0,0,0,0,0,0,0,0,0,8,830,Other,Daylight,-79.5119,43.6206
934341,1042,Driver,40 to 44,Major,"Automobile, Station Wagon",Unknown,0,0,1,0,0,0,0,0,0,0,0,0,0,8,830,Other,Daylight,-79.5119,43.6206
934341,1043,Vehicle Owner,unknown,None,Other,Unknown,0,0,1,0,0,0,0,0,0,0,0,0,0,8,830,Other,Daylight,-79.5119,43.6206
934341,1044,Driver,40 to 44,None,"Automobile, Station Wagon",Unknown,0,0,1,0,0,0,0,0,0,0,0,0,0,8,830,Other,Daylight,-79.5119,43.6206
937408,1874,Pedestrian,15 to 19,Major,Other,NULL,1,0,1,0,0,0,0,0,0,0,0,0,1,13,1250,Rain,Daylight,-79.3138,43.7921
937408,1809,Pedestrian,15 to 19,Major,Other,NULL,1,0,1,0,0,0,0,0,0,0,0,0,1,13,1250,Rain,Daylight,-79.3138,43.7921
937408,1876,Pedestrian,60 to 64,Major,Other,NULL,1,0,1,0,0,0,0,0,0,0,0,0,1,13,1250,Rain,Daylight,-79.3138,43.7921
937408,1736,Driver,65 to 69,Minimal,"Automobile, Station Wagon",Going Ahead,1,0,1,0,0,0,0,0,0,0,0,0,1,13,1250,Rain,Daylight,-79.3138,43.7921
937458,1033,Driver,15 to 19,Major,"Automobile, Station Wagon",Going Ahead,0,0,1,0,0,0,0,0,1,1,0,0,0,7,735,Clear,Daylight,-79.27,43.8026
937526,1038,Driver,30 to 34,None,"Automobile, Station Wagon",Turning Right,1,0,1,0,0,0,0,0,0,1,0,0,0,16,1600,Clear,Daylight,-79.3897,43.7743
937526,1039,Pedestrian,15 to 19,Major,Other,NULL,1,0,1,0,0,0,0,0,0,1,0,0,0,16,1600,Clear,Daylight,-79.3897,43.7743
938403,1062,Driver,15 to 19,Major,"Automobile, Station Wagon",Going Ahead,0,0,1,0,0,0,0,0,0,0,0,0,0,23,2330,Clear,Dark,-79.4189,43.7287
938403,1063,Vehicle Owner,unknown,None,Other,Parked,0,0,1,0,0,0,0,0,0,0,0,0,0,23,2330,Clear,Dark,-79.4189,43.7287
938930,1093,Driver,60 to 64,Major,"Automobile, Station Wagon",Going Ahead,0,0,1,0,0,0,0,0,0,0,0,0,0,15,1500,Clear,Daylight,-79.1793,43.7532
939973,1926,Moped Driver,70 to 74,Major,Moped,Going Ahead,0,1,1,0,0,0,0,0,0,0,0,0,0,13,1348,Clear,Daylight,-79.4237,43.657
939973,1927,Driver,35 to 39,None,"Automobile, Station Wagon",Going Ahead,0,1,1,0,0,0,0,0,0,0,0,0,0,13,1348,Clear,Daylight,-79.4237,43.657
940984,1260,Driver,60 to 64,Major,"Automobile, Station Wagon",Going Ahead,0,0,1,0,0,0,0,0,0,0,0,0,0,8,831,Clear,Daylight,-79.3897,43.6465
940984,1261,Other,Over 95,None,Other,NULL,0,0,1,0,0,0,0,0,0,0,0,0,0,8,831,Clear,Daylight,-79.3897,43.6465
940984,1262,Driver,25 to 29,Minor,"Automobile, Station Wagon",Going Ahead,0,0,1,0,0,0,0,0,0,0,0,0,0,8,831,Clear,Daylight,-79.3897,43.6465
942640,1206,Driver,80 to 84,Minimal,"Automobile, Station Wagon",Turning Left,0,0,1,0,0,0,0,1,0,0,0,0,0,19,1851,Rain,Dark,-79.3849,43.7674
942640,1202,Vehicle Owner,unknown,None,Other,NULL,0,0,1,0,0,0,0,1,0,0,0,0,0,19,1851,Rain,Dark,-79.3849,43.7674
942640,1203,Driver,40 to 44,None,"Automobile, Station Wagon",Going Ahead,0,0,1,0,0,0,0,1,0,0,0,0,0,19,1851,Rain,Dark,-79.3849,43.7674
942640,1204,Passenger,80 to 84,Major,Other,NULL,0,0,1,0,0,0,0,1,0,0,0,0,0,19,1851,Rain,Dark,-79.3849,43.7674
942640,1205,Passenger,85 to 89,Major,Other,NULL,0,0,1,0,0,0,0,1,0,0,0,0,0,19,1851,Rain,Dark,-79.3849,43.7674
943367,1246,Vehicle Owner,unknown,None,Other,NULL,0,0,1,0,1,0,0,1,0,0,0,0,0,10,1024,Clear,Daylight,-79.4324,43.6802
943367,1247,Truck Driver,30 to 34,None,Truck - Open,Going Ahead,0,0,1,0,1,0,0,1,0,0,0,0,0,10,1024,Clear,Daylight,-79.4324,43.6802
943367,1248,Passenger,20 to 24,Major,Other,NULL,0,0,1,0,1,0,0,1,0,0,0,0,0,10,1024,Clear,Daylight,-79.4324,43.6802
943367,1249,Driver,20 to 24,Minor,"Automobile, Station Wagon",Turning Left,0,0,1,0,1,0,0,1,0,0,0,0,0,10,1024,Clear,Daylight,-79.4324,43.6802
944001,1481,Passenger,20 to 24,Minor,Other,NULL,0,0,1,0,0,0,0,1,1,1,0,0,0,23,2259,Rain,Dark,-79.3654,43.6715