ACCNUM,ObjectId,INVTYPE,INVAGE,INJURY,VEHTYPE,MANOEUVER,PEDESTRIAN,CYCLIST,AUTOMOBILE,MOTORCYCLE,TRUCK,TRSN_CITY_VEH,EMERG_VEH,PASSENGER,SPEEDING,AG_DRIV,REDLIGHT,ALCOHOL,DISABILITY,HOUR,TIME,VISIBILITY,LIGHT,collision_lat,collision_long
944001,1482,Vehicle Owner,unknown,None,Other,NULL,0,0,1,0,0,0,0,1,1,1,0,0,0,23,2259,Rain,Dark,-79.3654,43.6715
944001,1483,Driver,25 to 29,Major,"Automobile, Station Wagon",Going Ahead,0,0,1,0,0,0,0,1,1,1,0,0,0,23,2259,Rain,Dark,-79.3654,43.6715
944001,1484,Vehicle Owner,unknown,None,Other,NULL,0,0,1,0,0,0,0,1,1,1,0,0,0,23,2259,Rain,Dark,-79.3654,43.6715
944085,1489,Driver,45 to 49,None,"Automobile, Station Wagon",Going Ahead,1,0,1,0,0,0,0,0,0,0,0,0,0,22,2205,Rain,Dark,-79.2678,43.7321
944085,1490,Pedestrian,45 to 49,Major,Other,NULL,1,0,1,0,0,0,0,0,0,0,0,0,0,22,2205,Rain,Dark,-79.2678,43.7321
946073,1476,Driver,55 to 59,Minor,"Automobile, Station Wagon",Going Ahead,0,0,1,0,0,0,0,0,0,0,0,0,0,14,1350,Clear,Daylight,-79.4343,43.7263
946073,1477,Driver,40 to 44,Major,"Automobile, Station Wagon",Going Ahead,0,0,1,0,0,0,0,0,0,0,0,0,0,14,1350,Clear,Daylight,-79.4343,43.7263
946073,1478,Other Property Owner,unknown,None,Other,NULL,0,0,1,0,0,0,0,0,0,0,0,0,0,14,1350,Clear,Daylight,-79.4343,43.7263
946225,959,Motorcycle Driver,20 to 24,Major,Motorcycle,Going Ahead,0,0,1,1,0,0,0,0,0,1,0,0,0,16,1610,Clear,Daylight,-79.3513,43.6624
946225,958,Driver,80 to 84,None,"Automobile, Station Wagon",Turning Left,0,0,1,1,0,0,0,0,0,1,0,0,0,16,1610,Clear,Daylight,-79.3513,43.6624
947143,1229,Driver,unknown,None,"Automobile, Station Wagon",Going Ahead,1,0,1,0,0,0,0,0,0,1,1,0,0,22,2248,Drifting Snow,Dark,-79.3253,43.7803
947143,1230,Pedestrian,55 to 59,Major,Other,NULL,1,0,1,0,0,0,0,0,0,1,1,0,0,22,2248,Drifting Snow,Dark,-79.3253,43.7803
948029,1506,Driver,45 to 49,None,"Automobile, Station Wagon",Going Ahead,1,0,1,0,0,0,0,0,0,0,0,0,0,4,355,Rain,Dark,-79.4562,43.6448
948029,1507,Pedestrian,40 to 44,Major,Other,NULL,1,0,1,0,0,0,0,0,0,0,0,0,0,4,355,Rain,Dark,-79.4562,43.6448
948322,1148,Driver,40 to 44,None,"Automobile, Station Wagon",Going Ahead,0,0,1,0,0,0,0,0,0,1,1,0,0,15,1450,Clear,Daylight,-79.5516,43.6789
948322,1139,Vehicle Owner,unknown,None,Other,NULL,0,0,1,0,0,0,0,0,0,1,1,0,0,15,1450,Clear,Daylight,-79.5516,43.6789
948322,1128,Driver,70 to 74,Major,"Automobile, Station Wagon",Going Ahead,0,0,1,0,0,0,0,0,0,1,1,0,0,15,1450,Clear,Daylight,-79.5516,43.6789
948356,1169,Driver,40 to 44,Minor,"Automobile, Station Wagon",Going Ahead,0,0,1,0,0,0,0,1,0,0,0,0,0,11,1140,Rain,Daylight,-79.2055,43.764
948356,1150,Vehicle Owner,unknown,None,Other,NULL,0,0,1,0,0,0,0,1,0,0,0,0,0,11,1140,Rain,Daylight,-79.2055,43.764
948356,1275,Passenger,35 to 39,Major,Other,NULL,0,0,1,0,0,0,0,1,0,0,0,0,0,11,1140,Rain,Daylight,-79.2055,43.764
948356,1292,Driver,55 to 59,Minimal,"Automobile, Station Wagon",Turning Left,0,0,1,0,0,0,0,1,0,0,0,0,0,11,1140,Rain,Daylight,-79.2055,43.764
948356,1294,Other Property Owner,unknown,None,Other,NULL,0,0,1,0,0,0,0,1,0,0,0,0,0,11,1140,Rain,Daylight,-79.2055,43.764
949215,1617,Driver,40 to 44,None,"Automobile, Station Wagon",Going Ahead,1,0,1,0,0,0,0,0,0,0,0,0,0,20,2030,Rain,Dark,-79.2008,43.7553
949215,1618,Pedestrian,35 to 39,Major,Other,NULL,1,0,1,0,0,0,0,0,0,0,0,0,0,20,2030,Rain,Dark,-79.2008,43.7553
949483,1652,Vehicle Owner,unknown,None,Other,NULL,1,0,1,0,0,0,0,0,0,1,0,0,0,13,1331,Clear,Daylight,-79.4273,43.6389
949483,1653,Driver,45 to 49,None,"Automobile, Station Wagon",Turning Left,1,0,1,0,0,0,0,0,0,1,0,0,0,13,1331,Clear,Daylight,-79.4273,43.6389
949483,1654,Pedestrian,65 to 69,Major,Other,NULL,1,0,1,0,0,0,0,0,0,1,0,0,0,13,1331,Clear,Daylight,-79.4273,43.6389
950837,1645,Truck Driver,25 to 29,None,Truck - Open,Going Ahead,0,0,1,0,1,0,0,0,0,1,1,0,0,7,705,Clear,Daylight,-79.3889,43.747
950837,1646,Driver,50 to 54,Major,"Automobile, Station Wagon",Going Ahead,0,0,1,0,1,0,0,0,0,1,1,0,0,7,705,Clear,Daylight,-79.3889,43.747
954013,1673,Vehicle Owner,unknown,None,Other,NULL,1,0,0,0,1,0,0,0,0,0,0,0,0,14,1435,Clear,Daylight,-79.2685,43.7081
954013,1674,Truck Driver,70 to 74,None,Truck - Open,Stopped,1,0,0,0,1,0,0,0,0,0,0,0,0,14,1435,Clear,Daylight,-79.2685,43.7081
954013,1675,Pedestrian,45 to 49,Major,Other,NULL,1,0,0,0,1,0,0,0,0,0,0,0,0,14,1435,Clear,Daylight,-79.2685,43.7081
957028,1685,Pedestrian,50 to 54,Major,Other,NULL,1,0,1,0,0,0,0,0,0,0,0,0,0,11,1120,Clear,Daylight,-79.3127,43.6856
957028,1686,Driver,60 to 64,None,"Automobile, Station Wagon",Turning Left,1,0,1,0,0,0,0,0,0,0,0,0,0,11,1120,Clear,Daylight,-79.3127,43.6856
957573,1755,Pedestrian,35 to 39,Major,Other,NULL,1,0,1,0,0,0,0,0,0,0,0,0,0,20,1957,Clear,Dark,-79.4427,43.6972
957573,1754,Driver,35 to 39,None,"Automobile, Station Wagon",Going Ahead,1,0,1,0,0,0,0,0,0,0,0,0,0,20,1957,Clear,Dark,-79.4427,43.6972
957730,1118,Driver,35 to 39,Minor,"Automobile, Station Wagon",Going Ahead,0,0,1,0,0,0,0,0,0,1,0,0,0,7,655,Clear,Dark,-79.4744,43.6361
957730,1110,Driver,60 to 64,None,"Automobile, Station Wagon",Turning Left,0,0,1,0,0,0,0,0,0,1,0,0,0,7,655,Clear,Dark,-79.4744,43.6361
957730,1052,Driver,55 to 59,Major,"Automobile, Station Wagon",Going Ahead,0,0,1,0,0,0,0,0,0,1,0,0,0,7,655,Clear,Dark,-79.4744,43.6361
958123,1416,Driver,35 to 39,None,"Automobile, Station Wagon",Going Ahead,1,0,1,0,0,0,0,0,0,0,0,0,0,10,1038,Clear,Daylight,-79.4333,43.6546
958123,1422,Pedestrian,20 to 24,Major,Other,NULL,1,0,1,0,0,0,0,0,0,0,0,0,0,10,1038,Clear,Daylight,-79.4333,43.6546
958417,1430,Vehicle Owner,unknown,None,Other,NULL,0,0,1,0,0,0,0,1,0,0,0,0,0,3,326,Clear,Dark,-79.3106,43.6861
958417,1448,Driver,45 to 49,Major,"Automobile, Station Wagon",Going Ahead,0,0,1,0,0,0,0,1,0,0,0,0,0,3,326,Clear,Dark,-79.3106,43.6861
960364,1127,Driver,15 to 19,Minimal,"Automobile, Station Wagon",Going Ahead,0,0,1,0,0,0,0,0,1,1,0,0,0,1,100,Clear,Dark,-79.3635,43.6535
960364,1140,Vehicle Owner,unknown,None,Other,NULL,0,0,1,0,0,0,0,0,1,1,0,0,0,1,100,Clear,Dark,-79.3635,43.6535
960364,1129,Driver,35 to 39,Major,"Automobile, Station Wagon",Going Ahead,0,0,1,0,0,0,0,0,1,1,0,0,0,1,100,Clear,Dark,-79.3635,43.6535
960364,1154,Driver,35 to 39,None,"Automobile, Station Wagon",Going Ahead,0,0,1,0,0,0,0,0,1,1,0,0,0,1,100,Clear,Dark,-79.3635,43.6535
961325,1491,Driver,unknown,None,"Automobile, Station Wagon",Going Ahead,1,0,1,0,0,0,0,0,0,0,0,0,0,20,2022,Rain,Dark,-79.5614,43.6107
961325,1492,Pedestrian,unknown,Major,Other,Other,1,0,1,0,0,0,0,0,0,0,0,0,0,20,2022,Rain,Dark,-79.5614,43.6107
961366,1155,Passenger,5 to 9,None,Other,NULL,1,0,1,0,0,0,0,1,0,1,0,0,0,8,815,Clear,Daylight,-79.3772,43.7724
961366,1163,Passenger,25 to 29,None,Other,NULL,1,0,1,0,0,0,0,1,0,1,0,0,0,8,815,Clear,Daylight,-79.3772,43.7724
961366,1180,Driver,35 to 39,None,"Automobile, Station Wagon",Turning Left,1,0,1,0,0,0,0,1,0,1,0,0,0,8,815,Clear,Daylight,-79.3772,43.7724
961366,1145,Passenger,5 to 9,None,Other,NULL,1,0,1,0,0,0,0,1,0,1,0,0,0,8,815,Clear,Daylight,-79.3772,43.7724
961366,1132,Pedestrian,75 to 79,Major,Other,NULL,1,0,1,0,0,0,0,1,0,1,0,0,0,8,815,Clear,Daylight,-79.3772,43.7724
961366,1134,Passenger,0 to 4,None,Other,NULL,1,0,1,0,0,0,0,1,0,1,0,0,0,8,815,Clear,Daylight,-79.3772,43.7724
962645,1761,Driver,45 to 49,None,"Automobile, Station Wagon",Turning Left,1,0,1,0,0,0,0,0,0,1,0,0,0,14,1354,Clear,Daylight,-79.4346,43.6742
962645,1762,Pedestrian,60 to 64,Major,Other,NULL,1,0,1,0,0,0,0,0,0,1,0,0,0,14,1354,Clear,Daylight,-79.4346,43.6742
964433,1795,Driver,45 to 49,Major,"Automobile, Station Wagon",Going Ahead,0,0,1,0,0,0,0,0,0,1,0,0,1,7,658,Clear,Daylight,-79.4654,43.6795
964433,1796,Vehicle Owner,unknown,None,Other,Parked,0,0,1,0,0,0,0,0,0,1,0,0,1,7,658,Clear,Daylight,-79.4654,43.6795
964433,1797,Other Property Owner,unknown,None,Other,NULL,0,0,1,0,0,0,0,0,0,1,0,0,1,7,658,Clear,Daylight,-79.4654,43.6795
964724,1360,Driver,70 to 74,Major,"Automobile, Station Wagon",Going Ahead,0,0,1,0,0,0,0,0,0,1,1,0,1,7,740,Clear,Daylight,-79.3078,43.7787
964724,1361,Driver,35 to 39,None,"Automobile, Station Wagon",Reversing,0,0,1,0,0,0,0,0,0,1,1,0,1,7,740,Clear,Daylight,-79.3078,43.7787
964724,1362,Vehicle Owner,unknown,None,Other,NULL,0,0,1,0,0,0,0,0,0,1,1,0,1,7,740,Clear,Daylight,-79.3078,43.7787
964724,1363,Driver,35 to 39,Minor,"Automobile, Station Wagon",Turning Left,0,0,1,0,0,0,0,0,0,1,1,0,1,7,740,Clear,Daylight,-79.3078,43.7787
965369,1397,Motorcycle Driver,20 to 24,Fatal,Motorcycle,Going Ahead,0,0,1,1,0,0,0,0,1,1,0,0,0,0,4,Clear,Dark,-79.3078,43.7787
965369,1107,Driver,30 to 34,None,"Automobile, Station Wagon",Turning Left,0,0,1,1,0,0,0,0,1,1,0,0,0,0,4,Clear,Dark,-79.3078,43.7787
967064,1337,Passenger,30 to 34,Minor,Other,NULL,0,0,1,0,0,0,0,1,1,1,0,0,0,3,316,Snow,Dark,-79.5902,43.7372
967064,1338,Driver,25 to 29,Major,"Automobile, Station Wagon",Other,0,0,1,0,0,0,0,1,1,1,0,0,0,3,316,Snow,Dark,-79.5902,43.7372
967064,1331,Passenger,20 to 24,Minor,Other,NULL,0,0,1,0,0,0,0,1,1,1,0,0,0,3,316,Snow,Dark,-79.5902,43.7372
967064,1332,Passenger,20 to 24,Minor,Other,NULL,0,0,1,0,0,0,0,1,1,1,0,0,0,3,316,Snow,Dark,-79.5902,43.7372
967064,1333,Passenger,20 to 24,Minor,Other,NULL,0,0,1,0,0,0,0,1,1,1,0,0,0,3,316,Snow,Dark,-79.5902,43.7372
967064,1335,Driver,35 to 39,Minor,"Automobile, Station Wagon",Going Ahead,0,0,1,0,0,0,0,1,1,1,0,0,0,3,316,Snow,Dark,-79.5902,43.7372
967064,1336,Passenger,35 to 39,Minor,Other,NULL,0,0,1,0,0,0,0,1,1,1,0,0,0,3,316,Snow,Dark,-79.5902,43.7372
967550,1088,Driver,35 to 39,Major,"Automobile, Station Wagon",Making U Turn,0,0,1,0,1,0,0,0,0,0,0,0,0,16,1550,Clear,Daylight,-79.3902,43.6715
967550,1806,Vehicle Owner,unknown,None,Other,NULL,0,0,1,0,1,0,0,0,0,0,0,0,0,16,1550,Clear,Daylight,-79.3902,43.6715
967550,1804,Vehicle Owner,unknown,None,Other,NULL,0,0,1,0,1,0,0,0,0,0,0,0,0,16,1550,Clear,Daylight,-79.3902,43.6715
967550,1805,Truck Driver,30 to 34,None,Truck - Open,Going Ahead,0,0,1,0,1,0,0,0,0,0,0,0,0,16,1550,Clear,Daylight,-79.3902,43.6715
967741,1351,Passenger,50 to 54,Minor,Other,NULL,0,0,1,0,0,0,0,1,0,1,0,0,0,10,1042,Clear,Daylight,-79.3147,43.7566
967741,1352,Driver,55 to 59,Major,"Automobile, Station Wagon",Stopped,0,0,1,0,0,0,0,1,0,1,0,0,0,10,1042,Clear,Daylight,-79.3147,43.7566
967741,1348,Vehicle Owner,unknown,None,Other,NULL,0,0,1,0,0,0,0,1,0,1,0,0,0,10,1042,Clear,Daylight,-79.3147,43.7566
967741,1349,Driver,30 to 34,None,"Automobile, Station Wagon",Going Ahead,0,0,1,0,0,0,0,1,0,1,0,0,0,10,1042,Clear,Daylight,-79.3147,43.7566
967741,1350,Driver,55 to 59,Minimal,"Automobile, Station Wagon",Stopped,0,0,1,0,0,0,0,1,0,1,0,0,0,10,1042,Clear,Daylight,-79.3147,43.7566
969872,1522,Passenger,20 to 24,Minor,Other,NULL,0,0,1,0,0,0,0,1,0,0,0,0,0,21,2108,Clear,Dark,-79.4329,43.7184
969872,1528,Driver,20 to 24,Minor,"Automobile, Station Wagon",Going Ahead,0,0,1,0,0,0,0,1,0,0,0,0,0,21,2108,Clear,Dark,-79.4329,43.7184
969872,1529,Passenger,15 to 19,Major,Other,NULL,0,0,1,0,0,0,0,1,0,0,0,0,0,21,2108,Clear,Dark,-79.4329,43.7184
969872,1530,Driver,20 to 24,Minor,"Automobile, Station Wagon",Turning Left,0,0,1,0,0,0,0,1,0,0,0,0,0,21,2108,Clear,Dark,-79.4329,43.7184
972321,2319,Driver,60 to 64,None,"Automobile, Station Wagon",Reversing,1,0,1,0,0,0,0,0,0,1,0,0,0,12,1245,Clear,Daylight,-79.4041,43.7329
972321,2329,Pedestrian,85 to 89,Major,Other,NULL,1,0,1,0,0,0,0,0,0,1,0,0,0,12,1245,Clear,Daylight,-79.4041,43.7329
972580,1578,Driver,15 to 19,None,"Automobile, Station Wagon",Going Ahead,0,0,1,0,0,0,0,1,0,1,0,0,0,0,19,Rain,Dark,-79.42,43.7979
972580,1579,Passenger,40 to 44,Major,Other,NULL,0,0,1,0,0,0,0,1,0,1,0,0,0,0,19,Rain,Dark,-79.42,43.7979
972580,1580,Driver,25 to 29,Minimal,"Automobile, Station Wagon",Stopped,0,0,1,0,0,0,0,1,0,1,0,0,0,0,19,Rain,Dark,-79.42,43.7979
972580,1581,Driver,25 to 29,None,"Automobile, Station Wagon",Stopped,0,0,1,0,0,0,0,1,0,1,0,0,0,0,19,Rain,Dark,-79.42,43.7979
972948,2530,Driver,25 to 29,Major,"Automobile, Station Wagon",Going Ahead,0,0,1,0,0,0,0,0,1,1,0,0,0,24,2358,Clear,Dark,-79.3757,43.644
972948,2541,Driver,55 to 59,None,"Automobile, Station Wagon",Turning Left,0,0,1,0,0,0,0,0,1,1,0,0,0,24,2358,Clear,Dark,-79.3757,43.644
974168,2899,Driver,45 to 49,None,"Automobile, Station Wagon",Reversing,1,0,1,0,0,0,0,0,0,0,0,0,0,9,945,Clear,Daylight,-79.4288,43.6386
974168,2900,Pedestrian,70 to 74,Major,Other,Unknown,1,0,1,0,0,0,0,0,0,0,0,0,0,9,945,Clear,Daylight,-79.4288,43.6386
975488,2930,Driver,unknown,None,"Automobile, Station Wagon",Going Ahead,1,0,1,0,0,0,0,0,0,0,0,0,0,15,1549,Clear,Daylight,-79.5125,43.7522
975488,2931,Pedestrian,10 to 14,Major,Other,NULL,1,0,1,0,0,0,0,0,0,0,0,0,0,15,1549,Clear,Daylight,-79.5125,43.7522
977226,2718,Driver,20 to 24,Major,"Automobile, Station Wagon",Unknown,0,0,1,0,0,0,0,1,1,1,0,0,0,21,2110,Clear,Dark,-79.4622,43.6983
977226,2721,Passenger,0 to 4,None,Other,NULL,0,0,1,0,0,0,0,1,1,1,0,0,0,21,2110,Clear,Dark,-79.4622,43.6983
977226,2724,Passenger,5 to 9,Minimal,Other,NULL,0,0,1,0,0,0,0,1,1,1,0,0,0,21,2110,Clear,Dark,-79.4622,43.6983
977226,2729,Driver,25 to 29,None,"Automobile, Station Wagon",Going Ahead,0,0,1,0,0,0,0,1,1,1,0,0,0,21,2110,Clear,Dark,-79.4622,43.6983
977635,2756,Passenger,85 to 89,Major,Other,NULL,0,0,1,0,0,0,0,1,0,1,1,0,0,11,1101,Clear,Daylight,-79.3867,43.7618
977635,2757,Vehicle Owner,unknown,None,Other,NULL,0,0,1,0,0,0,0,1,0,1,1,0,0,11,1101,Clear,Daylight,-79.3867,43.7618
977635,2758,Driver,65 to 69,Minor,"Automobile, Station Wagon",Turning Left,0,0,1,0,0,0,0,1,0,1,1,0,0,11,1101,Clear,Daylight,-79.3867,43.7618
977635,2759,Passenger,45 to 49,None,Other,NULL,0,0,1,0,0,0,0,1,0,1,1,0,0,11,1101,Clear,Daylight,-79.3867,43.7618
977635,2760,Vehicle Owner,unknown,None,"Automobile, Station Wagon",NULL,0,0,1,0,0,0,0,1,0,1,1,0,0,11,1101,Clear,Daylight,-79.3867,43.7618
977635,2761,Driver,55 to 59,None,"Automobile, Station Wagon",Stopped,0,0,1,0,0,0,0,1,0,1,1,0,0,11,1101,Clear,Daylight,-79.3867,43.7618
977635,2762,Driver,50 to 54,Minor,"Automobile, Station Wagon",Going Ahead,0,0,1,0,0,0,0,1,0,1,1,0,0,11,1101,Clear,Daylight,-79.3867,43.7618
977635,2763,Vehicle Owner,unknown,None,Other,NULL,0,0,1,0,0,0,0,1,0,1,1,0,0,11,1101,Clear,Daylight,-79.3867,43.7618
977635,2764,Driver,45 to 49,None,"Automobile, Station Wagon",Stopped,0,0,1,0,0,0,0,1,0,1,1,0,0,11,1101,Clear,Daylight,-79.3867,43.7618
977635,2765,Other Property Owner,unknown,None,Other,NULL,0,0,1,0,0,0,0,1,0,1,1,0,0,11,1101,Clear,Daylight,-79.3867,43.7618
980093,2913,Driver,30 to 34,None,"Automobile, Station Wagon",Going Ahead,0,1,1,0,0,0,0,0,0,0,0,0,0,9,908,Clear,Daylight,-79.4573,43.6747
980093,2914,Cyclist,50 to 54,Major,Bicycle,Turning Left,0,1,1,0,0,0,0,0,0,0,0,0,0,9,908,Clear,Daylight,-79.4573,43.6747
980693,2816,Passenger,35 to 39,Major,Other,NULL,0,0,1,0,0,0,0,1,0,0,0,0,0,8,818,Clear,Daylight,-79.3706,43.672
980693,2817,Driver,35 to 39,Major,"Automobile, Station Wagon",Turning Right,0,0,1,0,0,0,0,1,0,0,0,0,0,8,818,Clear,Daylight,-79.3706,43.672
980693,2818,Passenger,35 to 39,None,Other,NULL,0,0,1,0,0,0,0,1,0,0,0,0,0,8,818,Clear,Daylight,-79.3706,43.672
980693,2819,Driver,30 to 34,None,"Automobile, Station Wagon",Turning Left,0,0,1,0,0,0,0,1,0,0,0,0,0,8,818,Clear,Daylight,-79.3706,43.672
980693,2820,Driver,40 to 44,None,"Automobile, Station Wagon",Stopped,0,0,1,0,0,0,0,1,0,0,0,0,0,8,818,Clear,Daylight,-79.3706,43.672
980936,1343,Driver,55 to 59,None,"Automobile, Station Wagon",Stopped,0,0,1,0,0,0,0,1,0,0,0,0,0,15,1539,Clear,Daylight,-79.3232,43.6677
980936,1344,Passenger,unknown,Minor,Other,Other,0,0,1,0,0,0,0,1,0,0,0,0,0,15,1539,Clear,Daylight,-79.3232,43.6677
980936,1345,Vehicle Owner,unknown,None,Other,Other,0,0,1,0,0,0,0,1,0,0,0,0,0,15,1539,Clear,Daylight,-79.3232,43.6677
980936,1346,Driver,25 to 29,Major,"Automobile, Station Wagon",Going Ahead,0,0,1,0,0,0,0,1,0,0,0,0,0,15,1539,Clear,Daylight,-79.3232,43.6677
980936,1347,Driver,45 to 49,Minor,"Automobile, Station Wagon",Stopped,0,0,1,0,0,0,0,1,0,0,0,0,0,15,1539,Clear,Daylight,-79.3232,43.6677
981104,2462,Passenger,45 to 49,Major,Other,NULL,0,0,1,0,0,0,0,1,0,1,0,0,0,10,1000,Clear,Daylight,-79.1799,43.8531
981104,2467,Vehicle Owner,unknown,None,Other,NULL,0,0,1,0,0,0,0,1,0,1,0,0,0,10,1000,Clear,Daylight,-79.1799,43.8531
933951,1014,Pedestrian,45 to 49,Major,Other,NULL,1,0,1,0,0,0,0,0,0,0,0,0,0,2,225,Clear,Dark,-79.3694,43.6545
935003,1879,Driver,15 to 19,None,"Automobile, Station Wagon",Slowing or Stopping,1,0,1,0,0,0,0,0,0,1,1,0,0,15,1500,Clear,Daylight,-79.4715,43.6821
935003,1880,Pedestrian,10 to 14,Major,Other,NULL,1,0,1,0,0,0,0,0,0,1,1,0,0,15,1500,Clear,Daylight,-79.4715,43.6821
936341,1058,Driver,65 to 69,None,"Automobile, Station Wagon",Stopped,0,0,1,0,0,0,0,0,0,1,0,0,0,18,1805,Clear,Dark,-79.312,43.8107
936341,1055,Driver,75 to 79,Fatal,"Automobile, Station Wagon",Turning Left,0,0,1,0,0,0,0,0,0,1,0,0,0,18,1805,Clear,Dark,-79.312,43.8107
936341,1057,Driver,25 to 29,None,"Automobile, Station Wagon",Going Ahead,0,0,1,0,0,0,0,0,0,1,0,0,0,18,1805,Clear,Dark,-79.312,43.8107
936726,1091,Driver,20 to 24,None,"Automobile, Station Wagon",Going Ahead,1,0,1,0,0,0,0,0,0,0,0,0,0,2,203,Rain,Dark,-79.2678,43.7321
936726,1092,Pedestrian,45 to 49,Major,Other,NULL,1,0,1,0,0,0,0,0,0,0,0,0,0,2,203,Rain,Dark,-79.2678,43.7321
938714,1066,Driver,55 to 59,Minimal,"Automobile, Station Wagon",Going Ahead,1,0,1,0,0,0,0,0,0,1,0,0,0,20,2018,Clear,Dark,-79.3524,43.6453
938714,1067,Pedestrian,20 to 24,Major,Other,Other,1,0,1,0,0,0,0,0,0,1,0,0,0,20,2018,Clear,Dark,-79.3524,43.6453
939300,1193,Vehicle Owner,unknown,None,Other,NULL,1,0,1,0,0,0,0,0,0,0,0,0,0,11,1111,"Fog, Mist, Smoke, Dust",Daylight,-79.4106,43.7041
939300,1194,Driver,25 to 29,None,Taxi,Going Ahead,1,0,1,0,0,0,0,0,0,0,0,0,0,11,1111,"Fog, Mist, Smoke, Dust",Daylight,-79.4106,43.7041
939300,1195,Pedestrian,80 to 84,Major,Other,NULL,1,0,1,0,0,0,0,0,0,0,0,0,0,11,1111,"Fog, Mist, Smoke, Dust",Daylight,-79.4106,43.7041
939968,1729,Truck Driver,45 to 49,None,Truck - Open,Going Ahead,1,0,0,0,1,0,0,0,0,0,0,0,0,12,1230,Rain,Daylight,-79.4256,43.6619
939968,1719,Pedestrian,35 to 39,Major,Other,NULL,1,0,0,0,1,0,0,0,0,0,0,0,0,12,1230,Rain,Daylight,-79.4256,43.6619
940637,1235,Driver,20 to 24,None,"Automobile, Station Wagon",Going Ahead,1,0,1,0,0,0,0,0,0,0,0,0,0,15,1545,Clear,Daylight,-79.2721,43.7958
940637,1236,Pedestrian,80 to 84,Fatal,Other,NULL,1,0,1,0,0,0,0,0,0,0,0,0,0,15,1545,Clear,Daylight,-79.2721,43.7958
941522,1094,Driver,30 to 34,Minimal,"Automobile, Station Wagon",Going Ahead,1,0,1,0,0,0,0,0,0,0,0,0,0,0,3,Clear,Dark,-79.3983,43.6678
941522,1095,Pedestrian,15 to 19,Major,Other,NULL,1,0,1,0,0,0,0,0,0,0,0,0,0,0,3,Clear,Dark,-79.3983,43.6678
942557,1200,Driver,45 to 49,None,"Automobile, Station Wagon",Turning Right,1,0,1,0,0,0,0,0,0,1,0,0,0,18,1805,Rain,Dark,-79.5624,43.6933
942557,1201,Pedestrian,25 to 29,Major,Other,NULL,1,0,1,0,0,0,0,0,0,1,0,0,0,18,1805,Rain,Dark,-79.5624,43.6933
942726,1172,Driver,35 to 39,Major,"Automobile, Station Wagon",Stopped,0,0,1,0,0,0,0,0,0,1,0,0,0,21,2102,Clear,Dark,-79.4329,43.6535
942726,1159,Driver,50 to 54,Minimal,"Automobile, Station Wagon",Stopped,0,0,1,0,0,0,0,0,0,1,0,0,0,21,2102,Clear,Dark,-79.4329,43.6535
942726,1167,Driver,40 to 44,None,"Automobile, Station Wagon",Going Ahead,0,0,1,0,0,0,0,0,0,1,0,0,0,21,2102,Clear,Dark,-79.4329,43.6535
944296,1856,Other,unknown,None,Other,NULL,1,0,1,0,0,0,0,0,0,0,0,1,0,5,510,Clear,Dark,-79.4215,43.6493
944296,1857,Driver,30 to 34,Minor,"Automobile, Station Wagon",Going Ahead,1,0,1,0,0,0,0,0,0,0,0,1,0,5,510,Clear,Dark,-79.4215,43.6493
944296,1858,Pedestrian,40 to 44,Major,Other,NULL,1,0,1,0,0,0,0,0,0,0,0,1,0,5,510,Clear,Dark,-79.4215,43.6493
944497,1265,Motorcycle Driver,40 to 44,Major,Motorcycle,Going Ahead,0,0,1,1,0,0,0,0,0,0,0,0,0,12,1200,Rain,Daylight,-79.375,43.6514
944497,1266,Driver,40 to 44,None,"Automobile, Station Wagon",Going Ahead,0,0,1,1,0,0,0,0,0,0,0,0,0,12,1200,Rain,Daylight,-79.375,43.6514
945617,1083,Driver,45 to 49,None,"Automobile, Station Wagon",Going Ahead,0,0,1,0,1,0,0,0,0,1,1,0,0,16,1600,Clear,Daylight,-79.3389,43.6583
945617,1084,Vehicle Owner,unknown,None,Other,NULL,0,0,1,0,1,0,0,0,0,1,1,0,0,16,1600,Clear,Daylight,-79.3389,43.6583
945617,1085,Truck Driver,50 to 54,Minimal,Truck - Open,Going Ahead,0,0,1,0,1,0,0,0,0,1,1,0,0,16,1600,Clear,Daylight,-79.3389,43.6583
945617,1086,Vehicle Owner,unknown,None,Other,NULL,0,0,1,0,1,0,0,0,0,1,1,0,0,16,1600,Clear,Daylight,-79.3389,43.6583
945617,1090,Driver,35 to 39,Major,"Automobile, Station Wagon",Going Ahead,0,0,1,0,1,0,0,0,0,1,1,0,0,16,1600,Clear,Daylight,-79.3389,43.6583
946102,1466,Driver,40 to 44,None,"Automobile, Station Wagon",Going Ahead,0,0,1,0,0,0,0,1,0,0,0,0,1,0,30,Clear,Dark,-79.4048,43.7357
946102,1467,Driver,30 to 34,None,"Automobile, Station Wagon",Going Ahead,0,0,1,0,0,0,0,1,0,0,0,0,1,0,30,Clear,Dark,-79.4048,43.7357
946102,1468,Passenger,35 to 39,Minor,Other,NULL,0,0,1,0,0,0,0,1,0,0,0,0,1,0,30,Clear,Dark,-79.4048,43.7357
946102,1469,Passenger,10 to 14,Minor,Other,NULL,0,0,1,0,0,0,0,1,0,0,0,0,1,0,30,Clear,Dark,-79.4048,43.7357
946102,1470,Passenger,15 to 19,Minor,Other,NULL,0,0,1,0,0,0,0,1,0,0,0,0,1,0,30,Clear,Dark,-79.4048,43.7357
946102,1471,Driver,40 to 44,Major,"Automobile, Station Wagon",Going Ahead,0,0,1,0,0,0,0,1,0,0,0,0,1,0,30,Clear,Dark,-79.4048,43.7357