ACCNUM,ObjectId,INVTYPE,INVAGE,INJURY,VEHTYPE,MANOEUVER,PEDESTRIAN,CYCLIST,AUTOMOBILE,MOTORCYCLE,TRUCK,TRSN_CITY_VEH,EMERG_VEH,PASSENGER,SPEEDING,AG_DRIV,REDLIGHT,ALCOHOL,DISABILITY,HOUR,TIME,VISIBILITY,LIGHT,collision_lat,collision_long
946202,1304,Motorcycle Driver,20 to 24,Major,Motorcycle,Changing Lanes,0,0,0,1,0,0,0,0,0,0,0,0,0,13,1336,Clear,Daylight,-79.2504,43.8113
946585,1413,Driver,35 to 39,Major,"Automobile, Station Wagon",Slowing or Stopping,0,0,1,0,0,0,0,1,0,1,1,0,0,12,1200,Clear,Daylight,-79.3245,43.8161
946585,1425,Passenger,60 to 64,Major,Other,NULL,0,0,1,0,0,0,0,1,0,1,1,0,0,12,1200,Clear,Daylight,-79.3245,43.8161
946585,1427,Passenger,80 to 84,Major,Other,NULL,0,0,1,0,0,0,0,1,0,1,1,0,0,12,1200,Clear,Daylight,-79.3245,43.8161
946585,1434,Vehicle Owner,unknown,None,Other,NULL,0,0,1,0,0,0,0,1,0,1,1,0,0,12,1200,Clear,Daylight,-79.3245,43.8161
946585,1439,Driver,50 to 54,Major,"Automobile, Station Wagon",Going Ahead,0,0,1,0,0,0,0,1,0,1,1,0,0,12,1200,Clear,Daylight,-79.3245,43.8161
946585,1440,Driver,40 to 44,Major,"Automobile, Station Wagon",Going Ahead,0,0,1,0,0,0,0,1,0,1,1,0,0,12,1200,Clear,Daylight,-79.3245,43.8161
947071,1622,Other Property Owner,unknown,None,Other,NULL,0,0,1,0,0,0,0,1,1,1,0,0,0,3,336,Clear,Dark,-79.3618,43.6832
947071,1619,Passenger,25 to 29,Major,Other,NULL,0,0,1,0,0,0,0,1,1,1,0,0,0,3,336,Clear,Dark,-79.3618,43.6832
947071,1620,Vehicle Owner,unknown,None,Other,NULL,0,0,1,0,0,0,0,1,1,1,0,0,0,3,336,Clear,Dark,-79.3618,43.6832
947071,1621,Driver,25 to 29,Major,"Automobile, Station Wagon",Going Ahead,0,0,1,0,0,0,0,1,1,1,0,0,0,3,336,Clear,Dark,-79.3618,43.6832
950128,1479,Driver,30 to 34,None,"Automobile, Station Wagon",Going Ahead,1,0,1,0,0,0,0,0,0,0,0,0,0,19,1933,Clear,Dark,-79.305,43.8241
950128,1480,Pedestrian,30 to 34,Major,Other,NULL,1,0,1,0,0,0,0,0,0,0,0,0,0,19,1933,Clear,Dark,-79.305,43.8241
950847,1650,Driver,35 to 39,None,"Automobile, Station Wagon",Turning Left,1,0,1,0,0,0,0,0,0,1,0,0,0,7,710,Clear,Dark,-79.5315,43.7157
950847,1651,Pedestrian,55 to 59,Major,Other,NULL,1,0,1,0,0,0,0,0,0,1,0,0,0,7,710,Clear,Dark,-79.5315,43.7157
951700,1120,Driver,50 to 54,Major,"Automobile, Station Wagon",Going Ahead,0,0,1,0,0,0,0,0,0,0,0,0,0,8,800,Clear,Daylight,-79.4273,43.6306
951700,1122,Other Property Owner,unknown,None,Other,NULL,0,0,1,0,0,0,0,0,0,0,0,0,0,8,800,Clear,Daylight,-79.4273,43.6306
951783,1680,Driver,60 to 64,Minor,"Automobile, Station Wagon",Going Ahead,0,0,1,0,0,0,0,0,0,1,1,0,0,10,1012,Clear,Daylight,-79.5548,43.6289
951783,1681,Driver,75 to 79,Major,"Automobile, Station Wagon",Turning Left,0,0,1,0,0,0,0,0,0,1,1,0,0,10,1012,Clear,Daylight,-79.5548,43.6289
951783,1679,Vehicle Owner,unknown,None,Other,NULL,0,0,1,0,0,0,0,0,0,1,1,0,0,10,1012,Clear,Daylight,-79.5548,43.6289
951917,1291,Pedestrian,85 to 89,Major,Other,NULL,1,0,1,0,0,0,0,0,0,0,0,0,0,15,1521,Clear,Daylight,-79.5206,43.6856
951917,1299,Driver,75 to 79,None,"Automobile, Station Wagon",Reversing,1,0,1,0,0,0,0,0,0,0,0,0,0,15,1521,Clear,Daylight,-79.5206,43.6856
952335,1664,Vehicle Owner,unknown,None,Other,NULL,0,0,1,0,0,0,0,0,1,1,0,0,0,14,1402,Clear,Daylight,-79.4712,43.6768
952335,1665,Driver,30 to 34,Major,"Automobile, Station Wagon",Going Ahead,0,0,1,0,0,0,0,0,1,1,0,0,0,14,1402,Clear,Daylight,-79.4712,43.6768
952335,1666,Other Property Owner,unknown,None,Other,NULL,0,0,1,0,0,0,0,0,1,1,0,0,0,14,1402,Clear,Daylight,-79.4712,43.6768
954826,1678,Driver,20 to 24,Major,"Automobile, Station Wagon",Going Ahead,0,0,1,0,0,0,0,0,0,0,0,0,0,19,1915,Snow,Dark,-79.3602,43.6868
956145,1999,Driver,unknown,None,"Automobile, Station Wagon",Unknown,0,1,1,0,0,0,0,0,0,0,0,0,0,19,1855,Clear,Dark,-79.5909,43.6683
956145,2000,Cyclist,30 to 34,Major,Bicycle,Going Ahead,0,1,1,0,0,0,0,0,0,0,0,0,0,19,1855,Clear,Dark,-79.5909,43.6683
957566,1747,Driver,35 to 39,Minor,NULL,Going Ahead,0,0,1,0,0,0,0,0,0,1,0,0,0,10,1027,Clear,Daylight,-79.5968,43.7593
957566,1749,Driver,60 to 64,Fatal,"Automobile, Station Wagon",Going Ahead,0,0,1,0,0,0,0,0,0,1,0,0,0,10,1027,Clear,Daylight,-79.5968,43.7593
957650,1658,Passenger,15 to 19,Major,Other,NULL,0,0,1,0,1,0,0,1,0,1,1,0,0,18,1805,Clear,Dark,-79.258,43.7345
957650,1659,Driver,15 to 19,Minor,"Automobile, Station Wagon",Turning Left,0,0,1,0,1,0,0,1,0,1,1,0,0,18,1805,Clear,Dark,-79.258,43.7345
957650,1655,Passenger,25 to 29,Major,Other,NULL,0,0,1,0,1,0,0,1,0,1,1,0,0,18,1805,Clear,Dark,-79.258,43.7345
957650,1656,Truck Driver,20 to 24,Minor,Truck - Open,Going Ahead,0,0,1,0,1,0,0,1,0,1,1,0,0,18,1805,Clear,Dark,-79.258,43.7345
957650,1657,Driver,20 to 24,None,"Automobile, Station Wagon",Stopped,0,0,1,0,1,0,0,1,0,1,1,0,0,18,1805,Clear,Dark,-79.258,43.7345
957966,1759,Driver,50 to 54,None,"Automobile, Station Wagon",Turning Left,1,0,1,0,0,0,0,0,0,1,0,0,0,17,1724,Clear,Dusk,-79.3502,43.6932
957966,1760,Pedestrian,70 to 74,Fatal,Other,NULL,1,0,1,0,0,0,0,0,0,1,0,0,0,17,1724,Clear,Dusk,-79.3502,43.6932
958067,1272,Driver,55 to 59,None,Municipal Transit Bus (TTC),Pulling Away from Shoulder or Curb,1,0,0,0,0,1,0,0,0,1,0,0,0,8,750,Clear,Daylight,-79.416,43.782
958067,1281,Pedestrian,45 to 49,Major,NULL,NULL,1,0,0,0,0,1,0,0,0,1,0,0,0,8,750,Clear,Daylight,-79.416,43.782
959973,1982,Driver,55 to 59,None,"Automobile, Station Wagon",Turning Right,1,0,1,0,0,0,0,0,0,1,0,0,0,8,830,Clear,Daylight,-79.2809,43.712
959973,1983,Pedestrian,55 to 59,Major,Other,NULL,1,0,1,0,0,0,0,0,0,1,0,0,0,8,830,Clear,Daylight,-79.2809,43.712
960441,1984,Passenger,10 to 14,Minimal,Other,NULL,1,0,1,0,0,0,0,1,0,1,0,0,0,16,1610,Clear,Daylight,-79.3915,43.7464
942286,1189,Pedestrian,65 to 69,Major,Other,NULL,1,0,1,0,0,0,0,0,0,0,0,0,0,15,1510,Clear,Daylight,-79.3389,43.6583
944033,1472,Driver,90 to 94,Major,"Automobile, Station Wagon",Unknown,0,0,1,0,0,0,0,0,0,0,0,0,1,8,820,Clear,Daylight,-79.5362,43.7002
944492,1493,Passenger,20 to 24,Major,Other,NULL,0,0,1,0,0,0,0,1,0,0,0,1,0,6,645,Clear,Daylight,-79.4241,43.63
944492,1494,Driver,20 to 24,Major,"Automobile, Station Wagon",Going Ahead,0,0,1,0,0,0,0,1,0,0,0,1,0,6,645,Clear,Daylight,-79.4241,43.63
944794,1495,Driver,65 to 69,None,"Automobile, Station Wagon",Going Ahead,1,0,1,0,0,0,0,0,0,0,0,0,0,17,1741,Rain,Dark,-79.4928,43.7052
944794,1496,Pedestrian,50 to 54,Major,Other,NULL,1,0,1,0,0,0,0,0,0,0,0,0,0,17,1741,Rain,Dark,-79.4928,43.7052
946614,1451,Driver,35 to 39,Major,"Automobile, Station Wagon",Going Ahead,0,0,1,0,0,0,0,1,0,1,1,0,0,10,1043,Clear,Daylight,-79.2691,43.8116
946614,1452,Driver,40 to 44,Major,"Automobile, Station Wagon",Going Ahead,0,0,1,0,0,0,0,1,0,1,1,0,0,10,1043,Clear,Daylight,-79.2691,43.8116
946614,1453,Passenger,5 to 9,Major,Other,NULL,0,0,1,0,0,0,0,1,0,1,1,0,0,10,1043,Clear,Daylight,-79.2691,43.8116
946614,1454,Driver,60 to 64,Major,"Automobile, Station Wagon",Going Ahead,0,0,1,0,0,0,0,1,0,1,1,0,0,10,1043,Clear,Daylight,-79.2691,43.8116
947325,1431,Driver,30 to 34,None,"Automobile, Station Wagon",Going Ahead,1,0,1,0,0,0,0,0,0,0,0,0,0,15,1515,Clear,Daylight,-79.5993,43.7309
947325,1447,Pedestrian,50 to 54,Major,Other,NULL,1,0,1,0,0,0,0,0,0,0,0,0,0,15,1515,Clear,Daylight,-79.5993,43.7309
948311,1519,Other,10 to 14,None,Other,NULL,0,0,1,0,0,0,0,0,0,0,0,0,1,12,1207,Clear,Daylight,-79.4231,43.6952
948311,1078,Vehicle Owner,unknown,None,Other,NULL,0,0,1,0,0,0,0,0,0,0,0,0,1,12,1207,Clear,Daylight,-79.4231,43.6952
948311,1520,Driver,45 to 49,None,"Automobile, Station Wagon",Slowing or Stopping,0,0,1,0,0,0,0,0,0,0,0,0,1,12,1207,Clear,Daylight,-79.4231,43.6952
948311,1119,Driver,45 to 49,Minor,"Automobile, Station Wagon",Going Ahead,0,0,1,0,0,0,0,0,0,0,0,0,1,12,1207,Clear,Daylight,-79.4231,43.6952
948311,1123,Driver,75 to 79,Major,"Automobile, Station Wagon",Going Ahead,0,0,1,0,0,0,0,0,0,0,0,0,1,12,1207,Clear,Daylight,-79.4231,43.6952
949724,1627,Driver,35 to 39,Major,"Automobile, Station Wagon",Going Ahead,0,0,1,0,0,0,0,0,0,1,0,0,0,17,1715,Freezing Rain,Dark,-79.6076,43.7006
949724,1628,Vehicle Owner,unknown,None,Other,NULL,0,0,1,0,0,0,0,0,0,1,0,0,0,17,1715,Freezing Rain,Dark,-79.6076,43.7006
949724,1629,Driver,45 to 49,None,"Automobile, Station Wagon",Going Ahead,0,0,1,0,0,0,0,0,0,1,0,0,0,17,1715,Freezing Rain,Dark,-79.6076,43.7006
949724,1630,Vehicle Owner,unknown,None,Other,NULL,0,0,1,0,0,0,0,0,0,1,0,0,0,17,1715,Freezing Rain,Dark,-79.6076,43.7006
950308,1631,Vehicle Owner,unknown,None,Other,NULL,0,0,1,0,0,0,0,1,0,0,0,0,0,15,1513,Clear,Daylight,-79.6152,43.7239
950308,1632,Passenger,40 to 44,Major,Other,NULL,0,0,1,0,0,0,0,1,0,0,0,0,0,15,1513,Clear,Daylight,-79.6152,43.7239
950308,1633,Driver,40 to 44,None,"Automobile, Station Wagon",Slowing or Stopping,0,0,1,0,0,0,0,1,0,0,0,0,0,15,1513,Clear,Daylight,-79.6152,43.7239
950308,1634,Vehicle Owner,unknown,None,Other,NULL,0,0,1,0,0,0,0,1,0,0,0,0,0,15,1513,Clear,Daylight,-79.6152,43.7239
950308,1635,Driver,45 to 49,None,"Automobile, Station Wagon",Going Ahead,0,0,1,0,0,0,0,1,0,0,0,0,0,15,1513,Clear,Daylight,-79.6152,43.7239
950601,1614,Driver,55 to 59,None,"Automobile, Station Wagon",Going Ahead,1,0,1,0,0,0,0,0,0,0,0,0,0,19,1910,Rain,Dark,-79.301,43.6837
950601,1615,Pedestrian,45 to 49,Major,Other,NULL,1,0,1,0,0,0,0,0,0,0,0,0,0,19,1910,Rain,Dark,-79.301,43.6837
950835,1647,Passenger,30 to 34,Major,Other,NULL,0,0,1,0,0,0,0,1,1,1,0,0,0,9,852,Clear,Daylight,-79.3936,43.7179
950835,1648,Vehicle Owner,unknown,None,Other,NULL,0,0,1,0,0,0,0,1,1,1,0,0,0,9,852,Clear,Daylight,-79.3936,43.7179
950835,1649,Driver,25 to 29,Minor,"Automobile, Station Wagon",Going Ahead,0,0,1,0,0,0,0,1,1,1,0,0,0,9,852,Clear,Daylight,-79.3936,43.7179
959250,1780,Driver,65 to 69,None,"Automobile, Station Wagon",Going Ahead,1,0,1,0,0,0,0,0,0,0,0,0,0,6,617,Clear,Dark,-79.5711,43.7263
959250,1781,Pedestrian,80 to 84,Major,Other,NULL,1,0,1,0,0,0,0,0,0,0,0,0,0,6,617,Clear,Dark,-79.5711,43.7263
959650,1732,Driver,50 to 54,Major,"Automobile, Station Wagon",Overtaking,0,0,1,0,0,0,0,0,0,0,0,0,0,1,112,Clear,Dark,-79.2279,43.817
962717,1771,Driver,20 to 24,None,"Automobile, Station Wagon",Going Ahead,0,1,1,0,0,0,0,0,0,0,0,0,0,15,1457,Clear,Daylight,-79.3863,43.6479
962717,1772,Cyclist,20 to 24,Major,Bicycle,Going Ahead,0,1,1,0,0,0,0,0,0,0,0,0,0,15,1457,Clear,Daylight,-79.3863,43.6479
963778,1341,Driver,45 to 49,Fatal,"Automobile, Station Wagon",Going Ahead,0,0,1,0,0,0,0,0,0,0,0,1,0,20,2034,Rain,Dark,-79.5834,43.7603
963778,1342,Driver,45 to 49,Minor,"Automobile, Station Wagon",Going Ahead,0,0,1,0,0,0,0,0,0,0,0,1,0,20,2034,Rain,Dark,-79.5834,43.7603
964373,1790,Driver,55 to 59,None,"Automobile, Station Wagon",Turning Left,1,0,1,0,0,0,0,0,0,0,0,0,0,18,1844,Clear,Daylight,-79.54,43.6361
964373,1791,Pedestrian,35 to 39,Major,Other,NULL,1,0,1,0,0,0,0,0,0,0,0,0,0,18,1844,Clear,Daylight,-79.54,43.6361
964573,1997,Driver,55 to 59,Major,"Automobile, Station Wagon",Going Ahead,0,0,1,0,0,0,0,0,1,1,0,0,0,21,2129,Snow,Dark,-79.2169,43.7982
964573,1998,Other Property Owner,unknown,None,Other,NULL,0,0,1,0,0,0,0,0,1,1,0,0,0,21,2129,Snow,Dark,-79.2169,43.7982
968074,1364,Driver,40 to 44,Minimal,"Automobile, Station Wagon",Stopped,0,0,1,0,0,0,0,0,0,1,1,0,0,8,751,Clear,Daylight,-79.3765,43.7691
968074,1365,Vehicle Owner,unknown,None,Other,NULL,0,0,1,0,0,0,0,0,0,1,1,0,0,8,751,Clear,Daylight,-79.3765,43.7691
968074,1366,Driver,35 to 39,Major,"Automobile, Station Wagon",Going Ahead,0,0,1,0,0,0,0,0,0,1,1,0,0,8,751,Clear,Daylight,-79.3765,43.7691
968074,1367,Driver,70 to 74,None,"Automobile, Station Wagon",Going Ahead,0,0,1,0,0,0,0,0,0,1,1,0,0,8,751,Clear,Daylight,-79.3765,43.7691
972018,1573,Vehicle Owner,unknown,None,Other,NULL,0,0,1,1,0,0,0,0,0,0,0,0,0,16,1645,Clear,Daylight,-79.2862,43.7823
972018,1574,Driver,20 to 24,None,"Automobile, Station Wagon",Turning Left,0,0,1,1,0,0,0,0,0,0,0,0,0,16,1645,Clear,Daylight,-79.2862,43.7823
972018,1572,Motorcycle Driver,25 to 29,Major,Motorcycle,Going Ahead,0,0,1,1,0,0,0,0,0,0,0,0,0,16,1645,Clear,Daylight,-79.2862,43.7823
973640,2890,Driver,35 to 39,None,Municipal Transit Bus (TTC),Turning Left,1,0,0,0,0,1,0,0,0,1,0,0,0,16,1645,Clear,Daylight,-79.3863,43.6559
973640,2891,Pedestrian,40 to 44,Major,Other,NULL,1,0,0,0,0,1,0,0,0,1,0,0,0,16,1645,Clear,Daylight,-79.3863,43.6559
973856,2892,Driver,70 to 74,Major,"Automobile, Station Wagon",Going Ahead,0,0,1,0,0,0,0,0,0,0,0,0,1,10,1029,Clear,Daylight,-79.2898,43.7828
974158,1714,Driver,25 to 29,None,"Automobile, Station Wagon",Going Ahead,1,0,1,0,0,0,0,1,1,1,0,0,0,1,52,Clear,Dark,-79.4217,43.6519
974158,1701,Pedestrian,10 to 14,Major,Other,NULL,1,0,1,0,0,0,0,1,1,1,0,0,0,1,52,Clear,Dark,-79.4217,43.6519
974158,1706,Passenger,30 to 34,None,Other,Other,1,0,1,0,0,0,0,1,1,1,0,0,0,1,52,Clear,Dark,-79.4217,43.6519
974158,1708,Passenger,25 to 29,None,Other,Other,1,0,1,0,0,0,0,1,1,1,0,0,0,1,52,Clear,Dark,-79.4217,43.6519
974158,1711,Vehicle Owner,unknown,None,Other,Going Ahead,1,0,1,0,0,0,0,1,1,1,0,0,0,1,52,Clear,Dark,-79.4217,43.6519
975035,2918,Driver,50 to 54,None,"Automobile, Station Wagon",Turning Left,1,0,1,0,0,0,0,0,0,0,0,0,0,11,1124,Clear,Daylight,-79.4155,43.6549
975035,2919,Pedestrian,70 to 74,Fatal,Other,NULL,1,0,1,0,0,0,0,0,0,0,0,0,0,11,1124,Clear,Daylight,-79.4155,43.6549
977223,2734,Driver,15 to 19,Fatal,"Automobile, Station Wagon",Going Ahead,0,0,1,0,0,0,0,0,1,1,0,0,0,2,212,Clear,Dark,-79.5534,43.7163
977666,2547,Cyclist,60 to 64,Major,Bicycle,Going Ahead,0,1,1,0,0,0,0,0,0,1,1,0,0,18,1758,Clear,Daylight,-79.2921,43.8145
977666,2543,Driver,40 to 44,None,"Automobile, Station Wagon",Turning Right,0,1,1,0,0,0,0,0,0,1,1,0,0,18,1758,Clear,Daylight,-79.2921,43.8145
977784,1575,Vehicle Owner,unknown,None,Other,Unknown,1,0,1,0,0,0,0,0,0,1,0,0,0,11,1145,Rain,Daylight,-79.4429,43.6592
977784,1576,Driver,55 to 59,None,"Automobile, Station Wagon",Turning Left,1,0,1,0,0,0,0,0,0,1,0,0,0,11,1145,Rain,Daylight,-79.4429,43.6592
977784,1577,Pedestrian,65 to 69,Major,Other,NULL,1,0,1,0,0,0,0,0,0,1,0,0,0,11,1145,Rain,Daylight,-79.4429,43.6592
980783,2821,Pedestrian,0 to 4,Minimal,Other,NULL,1,0,1,0,0,0,0,0,0,0,0,0,0,16,1637,Clear,Daylight,-79.2323,43.7782
980783,2822,Pedestrian,25 to 29,Major,Other,NULL,1,0,1,0,0,0,0,0,0,0,0,0,0,16,1637,Clear,Daylight,-79.2323,43.7782
980783,2824,Driver,30 to 34,None,"Automobile, Station Wagon",Going Ahead,1,0,1,0,0,0,0,0,0,0,0,0,0,16,1637,Clear,Daylight,-79.2323,43.7782
981276,2232,Driver,55 to 59,None,"Automobile, Station Wagon",Going Ahead,1,0,1,0,0,0,0,1,0,0,0,0,0,9,930,Clear,Daylight,-79.381,43.6566
981276,2236,Pedestrian,70 to 74,Major,Other,NULL,1,0,1,0,0,0,0,1,0,0,0,0,0,9,930,Clear,Daylight,-79.381,43.6566
981276,2228,Passenger,30 to 34,None,Other,NULL,1,0,1,0,0,0,0,1,0,0,0,0,0,9,930,Clear,Daylight,-79.381,43.6566
981510,2245,Vehicle Owner,unknown,None,Other,NULL,0,0,1,0,0,0,0,1,1,1,1,0,0,13,1255,Clear,Daylight,-79.3279,43.6941
981510,2251,Driver,35 to 39,Minimal,"Automobile, Station Wagon",Going Ahead,0,0,1,0,0,0,0,1,1,1,1,0,0,13,1255,Clear,Daylight,-79.3279,43.6941
981510,2256,Driver,70 to 74,Major,"Automobile, Station Wagon",Going Ahead,0,0,1,0,0,0,0,1,1,1,1,0,0,13,1255,Clear,Daylight,-79.3279,43.6941
981510,2269,Vehicle Owner,unknown,None,Other,NULL,0,0,1,0,0,0,0,1,1,1,1,0,0,13,1255,Clear,Daylight,-79.3279,43.6941
981510,2273,Driver,45 to 49,None,"Automobile, Station Wagon",Stopped,0,0,1,0,0,0,0,1,1,1,1,0,0,13,1255,Clear,Daylight,-79.3279,43.6941
981510,2277,Passenger,25 to 29,Minimal,Other,NULL,0,0,1,0,0,0,0,1,1,1,1,0,0,13,1255,Clear,Daylight,-79.3279,43.6941
983273,2315,Driver,45 to 49,Major,"Automobile, Station Wagon",Going Ahead,0,0,1,0,0,0,0,0,0,1,0,0,0,21,2051,Rain,Dusk,-79.5336,43.6809
983273,2326,Driver,55 to 59,None,"Automobile, Station Wagon",Changing Lanes,0,0,1,0,0,0,0,0,0,1,0,0,0,21,2051,Rain,Dusk,-79.5336,43.6809
983273,2339,Driver,20 to 24,None,"Automobile, Station Wagon",Stopped,0,0,1,0,0,0,0,0,0,1,0,0,0,21,2051,Rain,Dusk,-79.5336,43.6809
986599,2334,Cyclist,15 to 19,Major,Bicycle,Going Ahead,0,1,1,0,0,0,0,0,0,1,0,0,0,23,2335,Clear,Dark,-79.3447,43.6789
986599,2324,Driver,unknown,None,"Automobile, Station Wagon",Going Ahead,0,1,1,0,0,0,0,0,0,1,0,0,0,23,2335,Clear,Dark,-79.3447,43.6789
987376,2569,Motorcycle Driver,25 to 29,Fatal,Motorcycle,Going Ahead,0,0,0,1,0,0,0,0,0,0,0,0,0,23,2252,Clear,Dark,-79.4337,43.6327
987501,2695,Passenger,60 to 64,Major,Other,NULL,0,0,1,0,0,0,0,1,0,0,0,0,0,24,2350,Clear,Dark,-79.2856,43.7775
974540,2234,Passenger,20 to 24,Minimal,Other,NULL,0,0,1,0,0,0,0,1,0,1,0,0,0,20,2037,Clear,Dark,-79.6132,43.7344
974540,2227,Driver,15 to 19,Major,"Automobile, Station Wagon",Going Ahead,0,0,1,0,0,0,0,1,0,1,0,0,0,20,2037,Clear,Dark,-79.6132,43.7344
975174,2921,Passenger,25 to 29,Major,Other,NULL,0,0,1,0,0,0,0,1,0,0,0,0,0,17,1715,Clear,Daylight,-79.5566,43.6369
975174,2920,Driver,45 to 49,None,"Automobile, Station Wagon",Turning Left,0,0,1,0,0,0,0,1,0,0,0,0,0,17,1715,Clear,Daylight,-79.5566,43.6369
975174,2922,Driver,30 to 34,Minor,"Automobile, Station Wagon",Going Ahead,0,0,1,0,0,0,0,1,0,0,0,0,0,17,1715,Clear,Daylight,-79.5566,43.6369
975759,2932,Passenger,20 to 24,Major,Other,NULL,0,0,1,0,0,0,0,1,0,0,0,0,0,6,639,Clear,Daylight,-79.2634,43.7761
975759,2933,Vehicle Owner,unknown,None,Other,NULL,0,0,1,0,0,0,0,1,0,0,0,0,0,6,639,Clear,Daylight,-79.2634,43.7761
975759,2934,Driver,50 to 54,Major,"Automobile, Station Wagon",Going Ahead,0,0,1,0,0,0,0,1,0,0,0,0,0,6,639,Clear,Daylight,-79.2634,43.7761
978116,2237,Driver,15 to 19,Fatal,"Automobile, Station Wagon",Going Ahead,0,0,1,0,0,0,0,1,0,0,0,0,0,5,530,"Fog, Mist, Smoke, Dust",Dark,-79.1768,43.8031
978116,2243,Other,55 to 59,None,Other,Parked,0,0,1,0,0,0,0,1,0,0,0,0,0,5,530,"Fog, Mist, Smoke, Dust",Dark,-79.1768,43.8031
978116,2119,Passenger,15 to 19,Minor,Other,NULL,0,0,1,0,0,0,0,1,0,0,0,0,0,5,530,"Fog, Mist, Smoke, Dust",Dark,-79.1768,43.8031
978249,2741,Driver,60 to 64,Fatal,"Automobile, Station Wagon",Going Ahead,0,0,1,0,0,0,0,0,0,1,1,0,0,8,805,Clear,Daylight,-79.281,43.7657
978249,2739,Driver,30 to 34,Minimal,"Automobile, Station Wagon",Going Ahead,0,0,1,0,0,0,0,0,0,1,1,0,0,8,805,Clear,Daylight,-79.281,43.7657
982126,2372,Driver,35 to 39,None,"Automobile, Station Wagon",Turning Right,0,1,1,0,0,0,0,0,0,1,0,0,0,17,1730,Clear,Daylight,-79.4745,43.7097
982126,2377,Cyclist,20 to 24,Major,Bicycle,Going Ahead,0,1,1,0,0,0,0,0,0,1,0,0,0,17,1730,Clear,Daylight,-79.4745,43.7097
982327,2752,Driver,35 to 39,Major,"Automobile, Station Wagon",Going Ahead,0,0,1,0,0,0,0,1,0,1,1,0,0,20,2042,Clear,Dark,-79.1882,43.7865
982327,2753,Passenger,15 to 19,Minor,Other,NULL,0,0,1,0,0,0,0,1,0,1,1,0,0,20,2042,Clear,Dark,-79.1882,43.7865
982327,2755,Driver,15 to 19,Minor,"Automobile, Station Wagon",Turning Left,0,0,1,0,0,0,0,1,0,1,1,0,0,20,2042,Clear,Dark,-79.1882,43.7865
982611,2013,Pedestrian,30 to 34,Major,Other,NULL,1,0,1,0,0,0,0,0,0,0,0,0,0,20,2038,Clear,Daylight,-79.4549,43.6419
982611,2008,Driver,35 to 39,None,"Automobile, Station Wagon",Slowing or Stopping,1,0,1,0,0,0,0,0,0,0,0,0,0,20,2038,Clear,Daylight,-79.4549,43.6419
983732,2465,Driver,25 to 29,None,"Automobile, Station Wagon",Going Ahead,0,0,1,0,0,0,0,1,0,1,0,0,0,18,1827,Clear,Daylight,-79.5557,43.7257
983732,2474,Driver,25 to 29,None,"Automobile, Station Wagon",Going Ahead,0,0,1,0,0,0,0,1,0,1,0,0,0,18,1827,Clear,Daylight,-79.5557,43.7257
983732,2387,Passenger,20 to 24,Major,Other,NULL,0,0,1,0,0,0,0,1,0,1,0,0,0,18,1827,Clear,Daylight,-79.5557,43.7257
984384,2604,Passenger,45 to 49,Minor,Other,NULL,0,0,1,0,1,0,0,1,0,0,0,0,0,22,2230,Clear,Dark,-79.1995,43.8252
984384,2610,Truck Driver,25 to 29,Major,Truck - Open,Going Ahead,0,0,1,0,1,0,0,1,0,0,0,0,0,22,2230,Clear,Dark,-79.1995,43.8252
984384,2622,Driver,30 to 34,Minor,"Automobile, Station Wagon",Turning Left,0,0,1,0,1,0,0,1,0,0,0,0,0,22,2230,Clear,Dark,-79.1995,43.8252
984399,2425,Driver,20 to 24,None,"Automobile, Station Wagon",Going Ahead,0,1,1,0,0,0,0,0,0,0,0,0,0,15,1502,Clear,Daylight,-79.4086,43.6344
984399,2426,Cyclist,75 to 79,Major,Bicycle,Going Ahead,0,1,1,0,0,0,0,0,0,0,0,0,0,15,1502,Clear,Daylight,-79.4086,43.6344
985971,2016,Driver,25 to 29,None,NULL,Turning Right,0,1,0,0,0,0,0,0,0,1,0,0,0,8,752,Clear,Daylight,-79.2875,43.7278
985971,2121,Cyclist,50 to 54,Major,Bicycle,Going Ahead,0,1,0,0,0,0,0,0,0,1,0,0,0,8,752,Clear,Daylight,-79.2875,43.7278
986004,2445,Driver,unknown,None,"Automobile, Station Wagon",Going Ahead,0,1,1,0,0,0,0,0,0,0,0,0,0,10,1015,Clear,Daylight,-79.1491,43.797
986004,2446,Cyclist,55 to 59,Major,Bicycle,Going Ahead,0,1,1,0,0,0,0,0,0,0,0,0,0,10,1015,Clear,Daylight,-79.1491,43.797
986221,2293,Pedestrian,55 to 59,Major,Other,NULL,1,0,1,0,0,0,0,0,0,0,0,0,0,3,316,Clear,Dark,-79.4037,43.6572
986221,2281,Driver,20 to 24,None,"Automobile, Station Wagon",Going Ahead,1,0,1,0,0,0,0,0,0,0,0,0,0,3,316,Clear,Dark,-79.4037,43.6572
986957,2538,Motorcycle Driver,unknown,None,Motorcycle,Going Ahead,0,0,0,1,0,0,0,0,0,0,0,0,0,20,2027,Clear,Dark,-79.2146,43.7786
986957,2546,Motorcycle Driver,55 to 59,Major,Motorcycle,Going Ahead,0,0,0,1,0,0,0,0,0,0,0,0,0,20,2027,Clear,Dark,-79.2146,43.7786
987007,2391,Vehicle Owner,unknown,None,Other,NULL,0,0,1,0,0,1,0,0,1,1,1,1,0,1,129,Clear,Dark,-79.2116,43.7437
987007,2392,Driver,25 to 29,Major,"Automobile, Station Wagon",Going Ahead,0,0,1,0,0,1,0,0,1,1,1,1,0,1,129,Clear,Dark,-79.2116,43.7437