ACCNUM,ObjectId,INVTYPE,INVAGE,INJURY,VEHTYPE,MANOEUVER,PEDESTRIAN,CYCLIST,AUTOMOBILE,MOTORCYCLE,TRUCK,TRSN_CITY_VEH,EMERG_VEH,PASSENGER,SPEEDING,AG_DRIV,REDLIGHT,ALCOHOL,DISABILITY,HOUR,TIME,VISIBILITY,LIGHT,collision_lat,collision_long
987007,2393,Vehicle Owner,unknown,None,Other,NULL,0,0,1,0,0,1,0,0,1,1,1,1,0,1,129,Clear,Dark,-79.2116,43.7437
987007,2394,Driver,40 to 44,Minimal,Municipal Transit Bus (TTC),Turning Left,0,0,1,0,0,1,0,0,1,1,1,1,0,1,129,Clear,Dark,-79.2116,43.7437
987058,2378,Driver,60 to 64,None,"Automobile, Station Wagon",Slowing or Stopping,1,0,1,0,0,0,0,0,0,0,0,0,0,12,1245,Clear,Daylight,-79.2564,43.7853
987058,2379,Pedestrian,40 to 44,Major,Other,NULL,1,0,1,0,0,0,0,0,0,0,0,0,0,12,1245,Clear,Daylight,-79.2564,43.7853
987374,2407,Driver,45 to 49,None,"Automobile, Station Wagon",Going Ahead,1,0,1,0,0,0,0,0,0,0,0,0,0,23,2330,Clear,Dark,-79.2751,43.831
987374,2408,Pedestrian,45 to 49,Major,Other,NULL,1,0,1,0,0,0,0,0,0,0,0,0,0,23,2330,Clear,Dark,-79.2751,43.831
988595,2437,Driver,30 to 34,Minimal,"Automobile, Station Wagon",Turning Left,0,0,1,0,0,0,0,1,0,0,0,0,0,7,728,Clear,Daylight,-79.1861,43.7684
988595,2435,Passenger,65 to 69,Major,Other,NULL,0,0,1,0,0,0,0,1,0,0,0,0,0,7,728,Clear,Daylight,-79.1861,43.7684
988595,2436,Driver,30 to 34,Minor,"Automobile, Station Wagon",Going Ahead,0,0,1,0,0,0,0,1,0,0,0,0,0,7,728,Clear,Daylight,-79.1861,43.7684
990835,1046,Driver,unknown,None,"Automobile, Station Wagon",Going Ahead,0,1,1,0,0,0,0,0,0,1,0,0,0,19,1855,Clear,Dark,-79.5913,43.669
990835,1108,Cyclist,30 to 34,Major,Bicycle,Going Ahead,0,1,1,0,0,0,0,0,0,1,0,0,0,19,1855,Clear,Dark,-79.5913,43.669
990885,2087,Passenger,5 to 9,Major,Other,NULL,0,0,1,0,0,0,0,1,0,0,0,0,0,16,1637,Clear,Daylight,-79.5414,43.7521
990885,2088,Driver,20 to 24,Minimal,"Automobile, Station Wagon",Going Ahead,0,0,1,0,0,0,0,1,0,0,0,0,0,16,1637,Clear,Daylight,-79.5414,43.7521
990885,2089,Driver,20 to 24,None,"Automobile, Station Wagon",Stopped,0,0,1,0,0,0,0,1,0,0,0,0,0,16,1637,Clear,Daylight,-79.5414,43.7521
990885,2086,Driver,35 to 39,None,"Automobile, Station Wagon",Stopped,0,0,1,0,0,0,0,1,0,0,0,0,0,16,1637,Clear,Daylight,-79.5414,43.7521
991252,2346,Driver,40 to 44,Major,"Automobile, Station Wagon",Stopped,0,0,1,0,0,0,0,0,0,1,0,0,0,12,1204,Clear,Daylight,-79.4547,43.6753
991252,2340,Driver,90 to 94,None,"Automobile, Station Wagon",Slowing or Stopping,0,0,1,0,0,0,0,0,0,1,0,0,0,12,1204,Clear,Daylight,-79.4547,43.6753
991336,2376,Driver,20 to 24,None,"Automobile, Station Wagon",Slowing or Stopping,0,1,1,0,0,0,0,0,0,0,0,0,0,18,1815,Clear,Daylight,-79.318,43.7595
991336,2458,Cyclist,5 to 9,Major,Bicycle,Other,0,1,1,0,0,0,0,0,0,0,0,0,0,18,1815,Clear,Daylight,-79.318,43.7595
992739,16042,Driver,55 to 59,Major,"Automobile, Station Wagon",Turning Left,0,0,1,0,0,0,0,0,1,1,0,0,0,20,2007,Clear,Daylight,-79.5764,43.6621
992822,2036,Driver,60 to 64,None,"Automobile, Station Wagon",Slowing or Stopping,1,0,1,0,0,0,0,0,0,0,0,0,0,13,1330,Clear,Daylight,-79.2678,43.8077
992822,2037,Pedestrian,45 to 49,Major,Other,NULL,1,0,1,0,0,0,0,0,0,0,0,0,0,13,1330,Clear,Daylight,-79.2678,43.8077
992822,2039,Driver,45 to 49,None,Other,Reversing,1,0,1,0,0,0,0,0,0,0,0,0,0,13,1330,Clear,Daylight,-79.2678,43.8077
993424,2025,Driver,unknown,None,"Automobile, Station Wagon",Stopped,0,1,1,0,0,0,0,0,0,0,0,0,0,8,830,Clear,Daylight,-79.4271,43.6425
993424,2026,Cyclist,30 to 34,Major,Bicycle,Going Ahead,0,1,1,0,0,0,0,0,0,0,0,0,0,8,830,Clear,Daylight,-79.4271,43.6425
993425,2029,Driver,35 to 39,None,"Automobile, Station Wagon",Going Ahead,0,0,1,0,0,0,0,0,0,0,0,0,0,8,826,Clear,Daylight,-79.5495,43.7032
993425,2030,Driver,40 to 44,Major,"Automobile, Station Wagon",Turning Left,0,0,1,0,0,0,0,0,0,0,0,0,0,8,826,Clear,Daylight,-79.5495,43.7032
993458,2024,Driver,75 to 79,Major,"Automobile, Station Wagon",Going Ahead,0,0,1,0,0,0,0,0,1,1,0,0,0,5,535,Rain,Dark,-79.3933,43.6657
993875,2068,Driver,45 to 49,None,"Automobile, Station Wagon",Going Ahead,0,1,1,0,0,0,0,0,0,1,0,0,0,18,1814,Rain,Daylight,-79.4784,43.7279
993875,2069,Cyclist,30 to 34,Major,Bicycle,Going Ahead,0,1,1,0,0,0,0,0,0,1,0,0,0,18,1814,Rain,Daylight,-79.4784,43.7279
994544,2065,Driver,45 to 49,None,"Automobile, Station Wagon",Turning Right,0,0,1,0,0,0,0,0,0,1,0,0,0,15,1450,Clear,Daylight,-79.5869,43.7407
994544,2066,Driver,20 to 24,Major,"Automobile, Station Wagon",Going Ahead,0,0,1,0,0,0,0,0,0,1,0,0,0,15,1450,Clear,Daylight,-79.5869,43.7407
994544,2064,Vehicle Owner,unknown,None,Other,NULL,0,0,1,0,0,0,0,0,0,1,0,0,0,15,1450,Clear,Daylight,-79.5869,43.7407
996032,2778,Driver,80 to 84,None,"Automobile, Station Wagon",Changing Lanes,1,0,1,0,0,0,0,0,0,0,0,0,0,19,1946,Rain,Dark,-79.3184,43.796
996032,2779,Pedestrian,50 to 54,Fatal,Other,NULL,1,0,1,0,0,0,0,0,0,0,0,0,0,19,1946,Rain,Dark,-79.3184,43.796
996081,2786,Driver,65 to 69,None,"Automobile, Station Wagon",Turning Right,1,0,1,0,0,0,0,0,0,1,0,0,0,19,1910,Clear,Daylight,-79.4247,43.7969
996081,2787,Pedestrian,55 to 59,Major,Other,Going Ahead,1,0,1,0,0,0,0,0,0,1,0,0,0,19,1910,Clear,Daylight,-79.4247,43.7969
999758,2306,Driver,45 to 49,Major,"Automobile, Station Wagon",Going Ahead,0,0,1,0,0,0,0,0,0,1,1,0,0,10,1020,Clear,Daylight,-79.49,43.7825
999758,2317,Driver,70 to 74,None,"Automobile, Station Wagon",Going Ahead,0,0,1,0,0,0,0,0,0,1,1,0,0,10,1020,Clear,Daylight,-79.49,43.7825
999776,2299,Pedestrian,25 to 29,Major,Other,NULL,1,0,1,0,0,0,0,0,0,1,0,0,0,9,945,Clear,Daylight,-79.4062,43.6459
999776,2291,Driver,40 to 44,None,"Automobile, Station Wagon",Turning Left,1,0,1,0,0,0,0,0,0,1,0,0,0,9,945,Clear,Daylight,-79.4062,43.6459
968739,1111,Driver,50 to 54,Major,"Automobile, Station Wagon",Going Ahead,0,0,1,0,0,0,0,1,1,1,0,1,0,12,1210,Clear,Daylight,-79.4648,43.6663
968739,1131,Driver,60 to 64,None,"Automobile, Station Wagon",Going Ahead,0,0,1,0,0,0,0,1,1,1,0,1,0,12,1210,Clear,Daylight,-79.4648,43.6663
968739,1125,Driver,50 to 54,None,"Automobile, Station Wagon",Going Ahead,0,0,1,0,0,0,0,1,1,1,0,1,0,12,1210,Clear,Daylight,-79.4648,43.6663
968739,1116,Passenger,20 to 24,Minimal,Other,NULL,0,0,1,0,0,0,0,1,1,1,0,1,0,12,1210,Clear,Daylight,-79.4648,43.6663
969441,1570,Driver,unknown,None,"Automobile, Station Wagon",Going Ahead,1,0,1,0,0,0,0,0,0,0,0,0,0,21,2103,Clear,Dark,-79.3751,43.6587
969441,1571,Pedestrian,80 to 84,Major,Other,NULL,1,0,1,0,0,0,0,0,0,0,0,0,0,21,2103,Clear,Dark,-79.3751,43.6587
969841,1394,Driver,25 to 29,None,"Automobile, Station Wagon",Going Ahead,0,1,1,0,0,0,0,0,0,1,0,0,0,17,1741,Clear,Daylight,-79.4014,43.6671
969841,1395,Moped Driver,50 to 54,Major,Moped,Going Ahead,0,1,1,0,0,0,0,0,0,1,0,0,0,17,1741,Clear,Daylight,-79.4014,43.6671
969841,1396,Driver,unknown,None,"Automobile, Station Wagon",Turning Left,0,1,1,0,0,0,0,0,0,1,0,0,0,17,1741,Clear,Daylight,-79.4014,43.6671
969857,1421,Vehicle Owner,unknown,None,Other,NULL,0,0,1,1,0,0,0,0,1,1,0,0,0,18,1841,Clear,Daylight,-79.44,43.6999
969857,1432,Motorcycle Driver,20 to 24,Major,Motorcycle,Going Ahead,0,0,1,1,0,0,0,0,1,1,0,0,0,18,1841,Clear,Daylight,-79.44,43.6999
969857,1437,Driver,45 to 49,Minor,"Automobile, Station Wagon",Turning Left,0,0,1,1,0,0,0,0,1,1,0,0,0,18,1841,Clear,Daylight,-79.44,43.6999
970644,1592,Driver,20 to 24,None,"Automobile, Station Wagon",Going Ahead,1,0,1,0,0,0,0,0,0,1,0,0,0,4,440,Clear,Dark,-79.2972,43.8259
970644,1593,Pedestrian,55 to 59,Fatal,Other,NULL,1,0,1,0,0,0,0,0,0,1,0,0,0,4,440,Clear,Dark,-79.2972,43.8259
971246,1313,Driver,45 to 49,None,"Automobile, Station Wagon",Stopped,0,0,1,1,0,0,0,0,0,1,0,0,0,15,1520,Clear,Daylight,-79.3282,43.6823
971246,1403,Motorcycle Driver,45 to 49,Major,Motorcycle,Going Ahead,0,0,1,1,0,0,0,0,0,1,0,0,0,15,1520,Clear,Daylight,-79.3282,43.6823
971396,1551,Driver,75 to 79,None,"Automobile, Station Wagon",Going Ahead,1,0,1,0,0,0,0,0,0,0,0,0,0,11,1050,Clear,Daylight,-79.3546,43.7926
971396,1552,Pedestrian,20 to 24,Major,Other,NULL,1,0,1,0,0,0,0,0,0,0,0,0,0,11,1050,Clear,Daylight,-79.3546,43.7926
972932,2520,Driver,40 to 44,Minimal,Taxi,Going Ahead,0,0,1,0,0,0,0,1,0,1,1,0,0,2,226,Clear,Dark,-79.5685,43.7462
972932,2490,Driver,50 to 54,Minimal,Taxi,Going Ahead,0,0,1,0,0,0,0,1,0,1,1,0,0,2,226,Clear,Dark,-79.5685,43.7462
972932,2496,Driver,15 to 19,Fatal,"Automobile, Station Wagon",Going Ahead,0,0,1,0,0,0,0,1,0,1,1,0,0,2,226,Clear,Dark,-79.5685,43.7462
972932,2508,Passenger,15 to 19,Fatal,Other,NULL,0,0,1,0,0,0,0,1,0,1,1,0,0,2,226,Clear,Dark,-79.5685,43.7462
972932,2513,Passenger,15 to 19,Fatal,Other,NULL,0,0,1,0,0,0,0,1,0,1,1,0,0,2,226,Clear,Dark,-79.5685,43.7462
973970,2254,Passenger,0 to 4,Major,Other,NULL,0,0,1,0,0,1,0,1,0,1,0,0,0,16,1610,Clear,Daylight,-79.4834,43.6687
973970,2261,Driver,40 to 44,Major,"Automobile, Station Wagon",Going Ahead,0,0,1,0,0,1,0,1,0,1,0,0,0,16,1610,Clear,Daylight,-79.4834,43.6687
973970,2267,Vehicle Owner,unknown,None,Other,NULL,0,0,1,0,0,1,0,1,0,1,0,0,0,16,1610,Clear,Daylight,-79.4834,43.6687
973970,2274,Driver,50 to 54,Major,Municipal Transit Bus (TTC),Going Ahead,0,0,1,0,0,1,0,1,0,1,0,0,0,16,1610,Clear,Daylight,-79.4834,43.6687
974270,2902,Passenger,0 to 4,None,Other,NULL,1,0,1,0,0,0,0,1,0,0,0,0,0,10,1038,Clear,Daylight,-79.4365,43.7944
974270,2901,Passenger,5 to 9,None,Other,NULL,1,0,1,0,0,0,0,1,0,0,0,0,0,10,1038,Clear,Daylight,-79.4365,43.7944
974270,2903,Passenger,5 to 9,None,Other,NULL,1,0,1,0,0,0,0,1,0,0,0,0,0,10,1038,Clear,Daylight,-79.4365,43.7944
974270,2904,Passenger,50 to 54,None,Other,NULL,1,0,1,0,0,0,0,1,0,0,0,0,0,10,1038,Clear,Daylight,-79.4365,43.7944
974270,2906,Driver,25 to 29,None,"Automobile, Station Wagon",Going Ahead,1,0,1,0,0,0,0,1,0,0,0,0,0,10,1038,Clear,Daylight,-79.4365,43.7944
974270,2907,Pedestrian,10 to 14,Major,Other,NULL,1,0,1,0,0,0,0,1,0,0,0,0,0,10,1038,Clear,Daylight,-79.4365,43.7944
975541,2276,Driver,60 to 64,Major,"Automobile, Station Wagon",Making U Turn,0,0,1,0,0,0,0,0,0,0,0,0,0,16,1630,Clear,Daylight,-79.4387,43.6677
975541,2283,Vehicle Owner,unknown,None,Other,NULL,0,0,1,0,0,0,0,0,0,0,0,0,0,16,1630,Clear,Daylight,-79.4387,43.6677
975541,2292,Driver,20 to 24,None,"Automobile, Station Wagon",Going Ahead,0,0,1,0,0,0,0,0,0,0,0,0,0,16,1630,Clear,Daylight,-79.4387,43.6677
976743,2613,Driver,40 to 44,None,"Automobile, Station Wagon",Slowing or Stopping,0,0,1,0,0,0,0,0,1,1,0,0,0,19,1935,Clear,Daylight,-79.3558,43.734
976743,2619,Driver,55 to 59,Major,"Automobile, Station Wagon",Going Ahead,0,0,1,0,0,0,0,0,1,1,0,0,0,19,1935,Clear,Daylight,-79.3558,43.734
976743,2636,Driver,35 to 39,None,"Automobile, Station Wagon",Stopped,0,0,1,0,0,0,0,0,1,1,0,0,0,19,1935,Clear,Daylight,-79.3558,43.734
976743,2642,Other,unknown,None,Other,NULL,0,0,1,0,0,0,0,0,1,1,0,0,0,19,1935,Clear,Daylight,-79.3558,43.734
977112,2908,Pedestrian,70 to 74,Minor,Other,NULL,1,0,1,0,0,0,0,0,0,0,0,0,0,14,1420,Clear,Daylight,-79.386,43.6686
977112,2909,Pedestrian,65 to 69,Minor,Other,NULL,1,0,1,0,0,0,0,0,0,0,0,0,0,14,1420,Clear,Daylight,-79.386,43.6686
977112,2910,Driver,35 to 39,Major,"Automobile, Station Wagon",Making U Turn,1,0,1,0,0,0,0,0,0,0,0,0,0,14,1420,Clear,Daylight,-79.386,43.6686
977112,2911,Vehicle Owner,unknown,None,Other,Making U Turn,1,0,1,0,0,0,0,0,0,0,0,0,0,14,1420,Clear,Daylight,-79.386,43.6686
977612,2751,Cyclist,80 to 84,Major,Bicycle,Going Ahead,0,1,1,0,0,0,0,0,0,0,0,0,0,11,1120,Clear,Daylight,-79.5161,43.7001
977612,2750,Driver,80 to 84,Minimal,"Automobile, Station Wagon",Turning Right,0,1,1,0,0,0,0,0,0,0,0,0,0,11,1120,Clear,Daylight,-79.5161,43.7001
977762,2886,Driver,20 to 24,None,"Automobile, Station Wagon",Going Ahead,1,0,1,0,0,0,0,0,0,0,0,0,0,19,1921,Rain,Dark,-79.3271,43.6825
977762,2888,Pedestrian,35 to 39,Major,Other,NULL,1,0,1,0,0,0,0,0,0,0,0,0,0,19,1921,Rain,Dark,-79.3271,43.6825
978198,2586,Driver,unknown,Major,"Automobile, Station Wagon",Going Ahead,1,0,1,0,0,0,0,0,0,0,0,0,0,17,1730,Clear,Daylight,-79.4457,43.7924
978198,2592,Pedestrian,20 to 24,Minor,Other,NULL,1,0,1,0,0,0,0,0,0,0,0,0,0,17,1730,Clear,Daylight,-79.4457,43.7924
978198,2599,Pedestrian,45 to 49,Minor,Other,NULL,1,0,1,0,0,0,0,0,0,0,0,0,0,17,1730,Clear,Daylight,-79.4457,43.7924
979400,2487,Pedestrian,0 to 4,Major,Other,NULL,1,0,1,0,0,0,0,0,0,0,0,1,0,20,2013,Clear,Daylight,-79.2366,43.7352
979400,2481,Driver,55 to 59,None,"Automobile, Station Wagon",Going Ahead,1,0,1,0,0,0,0,0,0,0,0,1,0,20,2013,Clear,Daylight,-79.2366,43.7352
979400,2495,Pedestrian,35 to 39,Fatal,Other,NULL,1,0,1,0,0,0,0,0,0,0,0,1,0,20,2013,Clear,Daylight,-79.2366,43.7352
980737,2262,Driver,20 to 24,None,"Automobile, Station Wagon",Going Ahead,1,0,1,0,0,0,0,0,1,1,0,1,0,23,2250,Clear,Daylight,-79.4109,43.7618
980737,2264,Pedestrian,30 to 34,Major,Other,NULL,1,0,1,0,0,0,0,0,1,1,0,1,0,23,2250,Clear,Daylight,-79.4109,43.7618
981273,2363,Passenger,60 to 64,Major,Other,NULL,0,0,1,0,0,0,0,1,0,1,0,0,0,23,2300,Clear,Dark,-79.5516,43.6789
981273,2374,Driver,65 to 69,Minimal,"Automobile, Station Wagon",Stopped,0,0,1,0,0,0,0,1,0,1,0,0,0,23,2300,Clear,Dark,-79.5516,43.6789
981273,2355,Driver,70 to 74,None,"Automobile, Station Wagon",Going Ahead,0,0,1,0,0,0,0,1,0,1,0,0,0,23,2300,Clear,Dark,-79.5516,43.6789
981306,2498,Pedestrian,60 to 64,Major,Other,NULL,1,0,1,0,0,0,0,0,0,0,0,0,0,21,2123,Clear,Dark,-79.5238,43.6458
981306,2483,Driver,20 to 24,None,"Automobile, Station Wagon",Going Ahead,1,0,1,0,0,0,0,0,0,0,0,0,0,21,2123,Clear,Dark,-79.5238,43.6458
983329,2402,Vehicle Owner,unknown,None,Other,NULL,0,1,1,0,0,0,0,1,0,0,0,0,0,22,2156,Clear,"Dusk, artificial",-79.2644,43.724
983329,2403,Moped Driver,35 to 39,Major,"Automobile, Station Wagon",Going Ahead,0,1,1,0,0,0,0,1,0,0,0,0,0,22,2156,Clear,"Dusk, artificial",-79.2644,43.724
983329,2404,Passenger,15 to 19,None,Other,NULL,0,1,1,0,0,0,0,1,0,0,0,0,0,22,2156,Clear,"Dusk, artificial",-79.2644,43.724
983329,2405,Passenger,75 to 79,None,Other,NULL,0,1,1,0,0,0,0,1,0,0,0,0,0,22,2156,Clear,"Dusk, artificial",-79.2644,43.724
983329,2406,Driver,20 to 24,None,"Automobile, Station Wagon",Turning Left,0,1,1,0,0,0,0,1,0,0,0,0,0,22,2156,Clear,"Dusk, artificial",-79.2644,43.724
984365,2598,Moped Driver,50 to 54,Major,Moped,Turning Left,0,1,0,0,0,0,0,0,0,0,0,0,0,18,1830,Clear,Daylight,-79.4409,43.6502
985567,16036,Driver,30 to 34,None,"Automobile, Station Wagon",Going Ahead,1,0,1,0,0,0,0,0,0,1,0,0,0,17,1739,Rain,Daylight,-79.3948,43.6985
985567,16037,Pedestrian,35 to 39,Major,NULL,NULL,1,0,1,0,0,0,0,0,0,1,0,0,0,17,1739,Rain,Daylight,-79.3948,43.6985
985567,16038,Pedestrian,30 to 34,Minor,NULL,NULL,1,0,1,0,0,0,0,0,0,1,0,0,0,17,1739,Rain,Daylight,-79.3948,43.6985
985784,2847,Vehicle Owner,unknown,None,Other,NULL,0,0,1,0,0,0,0,1,0,1,0,0,0,22,2240,Clear,Dark,-79.3882,43.6547
985784,2848,Driver,35 to 39,None,"Automobile, Station Wagon",Going Ahead,0,0,1,0,0,0,0,1,0,1,0,0,0,22,2240,Clear,Dark,-79.3882,43.6547
985784,2840,Vehicle Owner,unknown,None,Other,NULL,0,0,1,0,0,0,0,1,0,1,0,0,0,22,2240,Clear,Dark,-79.3882,43.6547
985784,2841,Driver,45 to 49,None,"Automobile, Station Wagon",Going Ahead,0,0,1,0,0,0,0,1,0,1,0,0,0,22,2240,Clear,Dark,-79.3882,43.6547
985784,2842,Passenger,5 to 9,Major,Other,NULL,0,0,1,0,0,0,0,1,0,1,0,0,0,22,2240,Clear,Dark,-79.3882,43.6547
985784,2843,Passenger,5 to 9,Minimal,Other,NULL,0,0,1,0,0,0,0,1,0,1,0,0,0,22,2240,Clear,Dark,-79.3882,43.6547
985784,2844,Passenger,10 to 14,Minimal,Other,NULL,0,0,1,0,0,0,0,1,0,1,0,0,0,22,2240,Clear,Dark,-79.3882,43.6547
985784,2845,Passenger,35 to 39,Minimal,Other,NULL,0,0,1,0,0,0,0,1,0,1,0,0,0,22,2240,Clear,Dark,-79.3882,43.6547
967864,1534,Passenger,15 to 19,None,Other,NULL,0,0,1,1,0,0,0,1,0,0,0,0,0,16,1615,Clear,Daylight,-79.34,43.661
968157,1541,Driver,60 to 64,None,"Automobile, Station Wagon",Going Ahead,1,0,1,0,0,0,0,0,0,0,0,0,0,11,1103,Clear,Daylight,-79.4457,43.6577
968157,1542,Pedestrian,75 to 79,Major,Other,NULL,1,0,1,0,0,0,0,0,0,0,0,0,0,11,1103,Clear,Daylight,-79.4457,43.6577
968566,1557,Vehicle Owner,unknown,None,Other,NULL,0,0,1,0,1,0,0,0,0,0,0,0,0,19,1928,Clear,Dark,-79.5223,43.7752
968566,1558,Truck Driver,35 to 39,None,Truck - Open,Stopped,0,0,1,0,1,0,0,0,0,0,0,0,0,19,1928,Clear,Dark,-79.5223,43.7752
968566,1559,Vehicle Owner,unknown,None,Other,NULL,0,0,1,0,1,0,0,0,0,0,0,0,0,19,1928,Clear,Dark,-79.5223,43.7752
968566,1560,Driver,40 to 44,Major,"Automobile, Station Wagon",Going Ahead,0,0,1,0,1,0,0,0,0,0,0,0,0,19,1928,Clear,Dark,-79.5223,43.7752
970906,2007,Vehicle Owner,unknown,None,Other,NULL,1,0,1,0,0,0,0,0,0,0,0,0,0,22,2157,Clear,Dark,-79.3558,43.6642
970906,2012,Driver,55 to 59,None,"Automobile, Station Wagon",Going Ahead,1,0,1,0,0,0,0,0,0,0,0,0,0,22,2157,Clear,Dark,-79.3558,43.6642
970906,2124,Pedestrian,25 to 29,Major,Other,NULL,1,0,1,0,0,0,0,0,0,0,0,0,0,22,2157,Clear,Dark,-79.3558,43.6642
976438,1582,Passenger,40 to 44,Major,Other,NULL,0,0,1,0,0,0,0,1,0,1,1,0,0,10,958,Clear,Daylight,-79.5585,43.6942
976438,1583,Vehicle Owner,unknown,None,Other,NULL,0,0,1,0,0,0,0,1,0,1,1,0,0,10,958,Clear,Daylight,-79.5585,43.6942
976438,1584,Driver,35 to 39,Minor,"Automobile, Station Wagon",Going Ahead,0,0,1,0,0,0,0,1,0,1,1,0,0,10,958,Clear,Daylight,-79.5585,43.6942
976438,1585,Driver,40 to 44,Major,"Automobile, Station Wagon",Going Ahead,0,0,1,0,0,0,0,1,0,1,1,0,0,10,958,Clear,Daylight,-79.5585,43.6942
976438,1586,Passenger,75 to 79,Minimal,Other,NULL,0,0,1,0,0,0,0,1,0,1,1,0,0,10,958,Clear,Daylight,-79.5585,43.6942
976438,1587,Driver,45 to 49,None,"Automobile, Station Wagon",Going Ahead,0,0,1,0,0,0,0,1,0,1,1,0,0,10,958,Clear,Daylight,-79.5585,43.6942
977199,10087,Passenger,unknown,None,NULL,NULL,1,0,1,0,0,1,0,1,0,0,0,0,0,14,1440,Clear,Daylight,-79.3969,43.6875
977199,10088,Passenger,unknown,None,NULL,NULL,1,0,1,0,0,1,0,1,0,0,0,0,0,14,1440,Clear,Daylight,-79.3969,43.6875
977199,10089,Pedestrian,80 to 84,Fatal,NULL,NULL,1,0,1,0,0,1,0,1,0,0,0,0,0,14,1440,Clear,Daylight,-79.3969,43.6875
977199,10090,Passenger,35 to 39,None,NULL,NULL,1,0,1,0,0,1,0,1,0,0,0,0,0,14,1440,Clear,Daylight,-79.3969,43.6875
977199,10091,Driver,25 to 29,None,Street Car,Going Ahead,1,0,1,0,0,1,0,1,0,0,0,0,0,14,1440,Clear,Daylight,-79.3969,43.6875
977199,10092,Driver,40 to 44,None,"Automobile, Station Wagon",Going Ahead,1,0,1,0,0,1,0,1,0,0,0,0,0,14,1440,Clear,Daylight,-79.3969,43.6875
979564,2542,Driver,45 to 49,None,"Automobile, Station Wagon",Going Ahead,1,0,1,0,0,0,0,0,0,0,0,0,0,22,2155,Clear,Dark,-79.4029,43.6447
979564,2553,Pedestrian,55 to 59,Major,Other,NULL,1,0,1,0,0,0,0,0,0,0,0,0,0,22,2155,Clear,Dark,-79.4029,43.6447
979564,2535,Vehicle Owner,unknown,None,Other,NULL,1,0,1,0,0,0,0,0,0,0,0,0,0,22,2155,Clear,Dark,-79.4029,43.6447
981377,2505,Driver,20 to 24,None,"Automobile, Station Wagon",Slowing or Stopping,1,0,1,0,0,0,0,0,0,0,0,0,0,7,712,Clear,Daylight,-79.508,43.6844
981377,2511,Pedestrian,80 to 84,Major,Other,NULL,1,0,1,0,0,0,0,0,0,0,0,0,0,7,712,Clear,Daylight,-79.508,43.6844
982822,2253,Driver,25 to 29,Minor,"Automobile, Station Wagon",Turning Left,0,0,1,0,0,0,0,0,0,1,0,0,0,10,1045,Clear,Daylight,-79.1992,43.8484
982822,2263,Driver,25 to 29,Major,"Automobile, Station Wagon",Going Ahead,0,0,1,0,0,0,0,0,0,1,0,0,0,10,1045,Clear,Daylight,-79.1992,43.8484
983751,2414,Driver,50 to 54,None,"Automobile, Station Wagon",Turning Right,1,0,1,0,0,0,0,0,0,1,0,0,0,11,1100,Clear,Daylight,-79.4882,43.764
983751,2415,Pedestrian,75 to 79,Major,Other,NULL,1,0,1,0,0,0,0,0,0,1,0,0,0,11,1100,Clear,Daylight,-79.4882,43.764
984687,1588,Other,unknown,None,Other,Unknown,1,0,0,0,1,0,0,0,0,0,0,0,0,14,1425,Clear,Daylight,-79.478,43.7086
984687,1589,Pedestrian,30 to 34,Major,Other,NULL,1,0,0,0,1,0,0,0,0,0,0,0,0,14,1425,Clear,Daylight,-79.478,43.7086
984687,1590,Other Property Owner,unknown,None,Other,Unknown,1,0,0,0,1,0,0,0,0,0,0,0,0,14,1425,Clear,Daylight,-79.478,43.7086
984687,1591,Truck Driver,30 to 34,None,Truck - Open,Turning Right,1,0,0,0,1,0,0,0,0,0,0,0,0,14,1425,Clear,Daylight,-79.478,43.7086
985171,2827,Driver,unknown,None,"Automobile, Station Wagon",Going Ahead,1,0,1,0,0,0,0,0,0,0,0,0,0,17,1700,Clear,Daylight,-79.4231,43.6726
985171,2828,Pedestrian,35 to 39,Major,Other,NULL,1,0,1,0,0,0,0,0,0,0,0,0,0,17,1700,Clear,Daylight,-79.4231,43.6726
985455,2242,Pedestrian,60 to 64,Major,Other,NULL,1,0,0,0,0,0,0,0,0,0,0,0,0,13,1341,Clear,Daylight,-79.2845,43.6924
986950,2488,Driver,35 to 39,None,"Automobile, Station Wagon",Parked,0,0,1,0,0,0,0,0,0,0,0,0,0,7,714,Clear,Daylight,-79.4159,43.7816
986950,2476,Vehicle Owner,unknown,None,Other,Other,0,0,1,0,0,0,0,0,0,0,0,0,0,7,714,Clear,Daylight,-79.4159,43.7816
986950,2501,Vehicle Owner,unknown,None,Other,Other,0,0,1,0,0,0,0,0,0,0,0,0,0,7,714,Clear,Daylight,-79.4159,43.7816
986950,2517,Driver,90 to 94,Major,"Automobile, Station Wagon",Going Ahead,0,0,1,0,0,0,0,0,0,0,0,0,0,7,714,Clear,Daylight,-79.4159,43.7816
986950,2510,Driver,55 to 59,None,"Automobile, Station Wagon",Stopped,0,0,1,0,0,0,0,0,0,0,0,0,0,7,714,Clear,Daylight,-79.4159,43.7816
986950,2480,Driver,55 to 59,None,"Automobile, Station Wagon",Stopped,0,0,1,0,0,0,0,0,0,0,0,0,0,7,714,Clear,Daylight,-79.4159,43.7816
987443,2589,Truck Driver,45 to 49,None,Truck - Open,Slowing or Stopping,0,0,1,0,1,0,0,1,0,0,0,0,0,14,1409,Clear,Daylight,-79.5631,43.6744