ACCNUM,ObjectId,INVTYPE,INVAGE,INJURY,VEHTYPE,MANOEUVER,PEDESTRIAN,CYCLIST,AUTOMOBILE,MOTORCYCLE,TRUCK,TRSN_CITY_VEH,EMERG_VEH,PASSENGER,SPEEDING,AG_DRIV,REDLIGHT,ALCOHOL,DISABILITY,HOUR,TIME,VISIBILITY,LIGHT,collision_lat,collision_long
987443,2594,Passenger,30 to 34,None,Other,NULL,0,0,1,0,1,0,0,1,0,0,0,0,0,14,1409,Clear,Daylight,-79.5631,43.6744
987443,2597,Driver,40 to 44,None,"Automobile, Station Wagon",Turning Left,0,0,1,0,1,0,0,1,0,0,0,0,0,14,1409,Clear,Daylight,-79.5631,43.6744
987443,2603,Passenger,45 to 49,Minor,Other,NULL,0,0,1,0,1,0,0,1,0,0,0,0,0,14,1409,Clear,Daylight,-79.5631,43.6744
987443,2611,Passenger,50 to 54,Minor,Other,NULL,0,0,1,0,1,0,0,1,0,0,0,0,0,14,1409,Clear,Daylight,-79.5631,43.6744
987443,2618,Passenger,65 to 69,Minor,Other,NULL,0,0,1,0,1,0,0,1,0,0,0,0,0,14,1409,Clear,Daylight,-79.5631,43.6744
987443,2623,Driver,50 to 54,Major,"Automobile, Station Wagon",Slowing or Stopping,0,0,1,0,1,0,0,1,0,0,0,0,0,14,1409,Clear,Daylight,-79.5631,43.6744
987443,2628,Vehicle Owner,unknown,None,Other,NULL,0,0,1,0,1,0,0,1,0,0,0,0,0,14,1409,Clear,Daylight,-79.5631,43.6744
987443,2635,Driver,25 to 29,None,"Automobile, Station Wagon",Turning Left,0,0,1,0,1,0,0,1,0,0,0,0,0,14,1409,Clear,Daylight,-79.5631,43.6744
987443,2638,Driver,25 to 29,None,"Automobile, Station Wagon",Slowing or Stopping,0,0,1,0,1,0,0,1,0,0,0,0,0,14,1409,Clear,Daylight,-79.5631,43.6744
987443,2640,Driver,30 to 34,None,"Automobile, Station Wagon",Turning Left,0,0,1,0,1,0,0,1,0,0,0,0,0,14,1409,Clear,Daylight,-79.5631,43.6744
987443,2644,Driver,25 to 29,None,"Automobile, Station Wagon",Slowing or Stopping,0,0,1,0,1,0,0,1,0,0,0,0,0,14,1409,Clear,Daylight,-79.5631,43.6744
987443,2648,Vehicle Owner,unknown,None,Other,NULL,0,0,1,0,1,0,0,1,0,0,0,0,0,14,1409,Clear,Daylight,-79.5631,43.6744
987443,2652,Driver,20 to 24,Minor,"Automobile, Station Wagon",Turning Left,0,0,1,0,1,0,0,1,0,0,0,0,0,14,1409,Clear,Daylight,-79.5631,43.6744
987827,2011,Vehicle Owner,unknown,None,Other,NULL,0,0,1,0,0,0,0,0,0,0,0,0,0,22,2212,Clear,Dark,-79.3575,43.6613
987827,2018,Driver,30 to 34,Major,"Automobile, Station Wagon",Going Ahead,0,0,1,0,0,0,0,0,0,0,0,0,0,22,2212,Clear,Dark,-79.3575,43.6613
987827,2019,Vehicle Owner,unknown,None,Other,NULL,0,0,1,0,0,0,0,0,0,0,0,0,0,22,2212,Clear,Dark,-79.3575,43.6613
987827,2714,Driver,25 to 29,None,Other,Stopped,0,0,1,0,0,0,0,0,0,0,0,0,0,22,2212,Clear,Dark,-79.3575,43.6613
988731,2709,Vehicle Owner,unknown,None,Other,Unknown,0,0,1,0,0,0,0,0,0,0,0,0,0,9,930,Clear,Daylight,-79.3122,43.7974
988731,2710,Driver,unknown,None,"Automobile, Station Wagon",Going Ahead,0,0,1,0,0,0,0,0,0,0,0,0,0,9,930,Clear,Daylight,-79.3122,43.7974
988731,2711,Driver,70 to 74,Major,"Automobile, Station Wagon",Going Ahead,0,0,1,0,0,0,0,0,0,0,0,0,0,9,930,Clear,Daylight,-79.3122,43.7974
990803,2081,Driver,30 to 34,Major,"Automobile, Station Wagon",Going Ahead,0,0,1,0,0,0,0,0,1,1,0,0,0,0,18,Clear,Dark,-79.2989,43.7159
990803,2082,Driver,15 to 19,Fatal,"Automobile, Station Wagon",Going Ahead,0,0,1,0,0,0,0,0,1,1,0,0,0,0,18,Clear,Dark,-79.2989,43.7159
991480,2046,Passenger,15 to 19,Minor,Other,Other,0,0,1,0,0,0,0,1,0,1,0,0,0,20,2030,Clear,Dark,-79.3359,43.7021
991480,2047,Driver,45 to 49,Major,"Automobile, Station Wagon",Going Ahead,0,0,1,0,0,0,0,1,0,1,0,0,0,20,2030,Clear,Dark,-79.3359,43.7021
991480,2049,Driver,25 to 29,Minor,"Automobile, Station Wagon",Going Ahead,0,0,1,0,0,0,0,1,0,1,0,0,0,20,2030,Clear,Dark,-79.3359,43.7021
993820,2556,Pedestrian,70 to 74,Fatal,Other,NULL,1,0,0,0,1,0,0,0,0,1,0,0,0,6,605,Clear,Dark,-79.4035,43.7302
993820,2544,Truck Driver,35 to 39,None,Truck - Open,Turning Left,1,0,0,0,1,0,0,0,0,1,0,0,0,6,605,Clear,Dark,-79.4035,43.7302
994188,2078,Vehicle Owner,unknown,None,Other,NULL,0,1,1,0,0,0,0,0,0,1,0,0,0,21,2116,Clear,Dark,-79.2598,43.7168
994188,2079,Driver,55 to 59,None,"Automobile, Station Wagon",Turning Right,0,1,1,0,0,0,0,0,0,1,0,0,0,21,2116,Clear,Dark,-79.2598,43.7168
994188,2080,Cyclist,15 to 19,Major,Bicycle,Going Ahead,0,1,1,0,0,0,0,0,0,1,0,0,0,21,2116,Clear,Dark,-79.2598,43.7168
996101,2055,Driver,30 to 34,Major,"Automobile, Station Wagon",Going Ahead,0,0,1,0,0,0,0,0,0,0,0,0,0,15,1510,Clear,Daylight,-79.3388,43.7204
996101,2056,Driver,80 to 84,None,"Automobile, Station Wagon",Turning Left,0,0,1,0,0,0,0,0,0,0,0,0,0,15,1510,Clear,Daylight,-79.3388,43.7204
996853,2482,Pedestrian,45 to 49,Major,Other,NULL,1,0,1,0,0,0,0,0,0,0,0,0,0,20,2033,Clear,Dark,-79.2631,43.8087
996853,2477,Driver,25 to 29,None,"Automobile, Station Wagon",Going Ahead,1,0,1,0,0,0,0,0,0,0,0,0,0,20,2033,Clear,Dark,-79.2631,43.8087
997814,2518,Driver,35 to 39,None,"Automobile, Station Wagon",Turning Left,1,0,1,0,0,0,0,0,0,1,0,0,0,19,1929,Clear,Daylight,-79.2809,43.712
997814,2529,Pedestrian,40 to 44,Major,Other,NULL,1,0,1,0,0,0,0,0,0,1,0,0,0,19,1929,Clear,Daylight,-79.2809,43.712
997905,2615,Driver,80 to 84,None,"Automobile, Station Wagon",Going Ahead,0,0,1,0,0,0,0,0,0,1,0,0,0,16,1630,Rain,Daylight,-79.4568,43.7324
997905,2625,Driver,unknown,None,"Automobile, Station Wagon",Unknown,0,0,1,0,0,0,0,0,0,1,0,0,0,16,1630,Rain,Daylight,-79.4568,43.7324
997905,2620,Driver,45 to 49,Major,"Automobile, Station Wagon",Stopped,0,0,1,0,0,0,0,0,0,1,0,0,0,16,1630,Rain,Daylight,-79.4568,43.7324
998916,2746,Motorcycle Driver,35 to 39,Major,Motorcycle,Going Ahead,0,0,1,1,0,0,0,1,1,1,1,0,0,1,142,Clear,Dark,-79.3635,43.6879
958325,1137,Vehicle Owner,unknown,None,Other,NULL,1,0,1,0,0,0,0,0,0,1,0,0,0,15,1520,Clear,Daylight,-79.3335,43.798
958325,1141,Driver,35 to 39,None,"Automobile, Station Wagon",Turning Left,1,0,1,0,0,0,0,0,0,1,0,0,0,15,1520,Clear,Daylight,-79.3335,43.798
958325,1156,Pedestrian,65 to 69,Major,Other,NULL,1,0,1,0,0,0,0,0,0,1,0,0,0,15,1520,Clear,Daylight,-79.3335,43.798
958350,1408,Driver,45 to 49,Major,"Automobile, Station Wagon",Going Ahead,0,0,1,0,0,0,0,0,0,1,0,0,0,9,920,Clear,Daylight,-79.2859,43.7338
958350,1400,Driver,25 to 29,None,"Automobile, Station Wagon",Turning Right,0,0,1,0,0,0,0,0,0,1,0,0,0,9,920,Clear,Daylight,-79.2859,43.7338
958634,1766,Passenger,35 to 39,None,Other,NULL,0,0,1,0,0,0,0,1,0,0,0,1,0,3,305,Clear,Dark,-79.4081,43.6576
958634,1767,Vehicle Owner,unknown,None,"Automobile, Station Wagon",NULL,0,0,1,0,0,0,0,1,0,0,0,1,0,3,305,Clear,Dark,-79.4081,43.6576
958634,1768,Driver,45 to 49,None,"Automobile, Station Wagon",Going Ahead,0,0,1,0,0,0,0,1,0,0,0,1,0,3,305,Clear,Dark,-79.4081,43.6576
958634,1769,Passenger,20 to 24,Major,Other,NULL,0,0,1,0,0,0,0,1,0,0,0,1,0,3,305,Clear,Dark,-79.4081,43.6576
958634,1770,Driver,25 to 29,Minimal,"Automobile, Station Wagon",Overtaking,0,0,1,0,0,0,0,1,0,0,0,1,0,3,305,Clear,Dark,-79.4081,43.6576
958900,1875,Vehicle Owner,unknown,None,Other,NULL,0,0,0,0,1,0,0,0,0,0,0,0,0,9,915,Clear,Daylight,-79.4659,43.6728
958900,1943,Truck Driver,30 to 34,Major,Truck - Open,Going Ahead,0,0,0,0,1,0,0,0,0,0,0,0,0,9,915,Clear,Daylight,-79.4659,43.6728
958900,1944,Other Property Owner,unknown,None,Other,NULL,0,0,0,0,1,0,0,0,0,0,0,0,0,9,915,Clear,Daylight,-79.4659,43.6728
958900,1945,Other Property Owner,unknown,None,Other,NULL,0,0,0,0,1,0,0,0,0,0,0,0,0,9,915,Clear,Daylight,-79.4659,43.6728
959236,1955,Driver,20 to 24,None,"Automobile, Station Wagon",Turning Right,1,0,1,0,0,0,0,0,0,0,0,0,0,15,1531,Clear,Daylight,-79.4936,43.6716
959236,1956,Vehicle Owner,unknown,None,Other,NULL,1,0,1,0,0,0,0,0,0,0,0,0,0,15,1531,Clear,Daylight,-79.4936,43.6716
959236,1957,Pedestrian,45 to 49,Major,Other,NULL,1,0,1,0,0,0,0,0,0,0,0,0,0,15,1531,Clear,Daylight,-79.4936,43.6716
959779,1974,Driver,60 to 64,None,"Automobile, Station Wagon",Turning Left,0,0,1,0,0,0,0,0,0,0,0,0,0,19,1941,Clear,Dark,-79.55,43.7044
959779,1975,Driver,25 to 29,Major,"Automobile, Station Wagon",Going Ahead,0,0,1,0,0,0,0,0,0,0,0,0,0,19,1941,Clear,Dark,-79.55,43.7044
963932,1787,Pedestrian,60 to 64,Major,Other,NULL,1,0,1,0,0,0,0,0,0,1,0,0,0,12,1200,Clear,Daylight,-79.4232,43.6493
963932,1786,Driver,45 to 49,None,"Automobile, Station Wagon",Turning Left,1,0,1,0,0,0,0,0,0,1,0,0,0,12,1200,Clear,Daylight,-79.4232,43.6493
964482,1801,Driver,80 to 84,None,"Automobile, Station Wagon",Going Ahead,1,0,1,0,0,0,0,0,0,0,0,0,0,10,958,Rain,Daylight,-79.5613,43.7353
964482,1802,Pedestrian,50 to 54,Minimal,Other,NULL,1,0,1,0,0,0,0,0,0,0,0,0,0,10,958,Rain,Daylight,-79.5613,43.7353
964482,1803,Pedestrian,55 to 59,Major,Other,NULL,1,0,1,0,0,0,0,0,0,0,0,0,0,10,958,Rain,Daylight,-79.5613,43.7353
968451,1393,Pedestrian,25 to 29,Major,NULL,Going Ahead,1,0,1,0,0,0,0,0,0,1,0,0,0,13,1309,Clear,Daylight,-79.3407,43.6535
968451,1392,Driver,55 to 59,None,"Automobile, Station Wagon",Going Ahead,1,0,1,0,0,0,0,0,0,1,0,0,0,13,1309,Clear,Daylight,-79.3407,43.6535
969630,1144,Pedestrian,50 to 54,Minor,Other,NULL,1,0,1,0,0,0,0,0,0,0,0,0,0,0,15,Rain,Dark,-79.311,43.6806
969630,1136,Driver,50 to 54,None,"Automobile, Station Wagon",Going Ahead,1,0,1,0,0,0,0,0,0,0,0,0,0,0,15,Rain,Dark,-79.311,43.6806
969630,1149,Pedestrian,60 to 64,Major,Other,NULL,1,0,1,0,0,0,0,0,0,0,0,0,0,0,15,Rain,Dark,-79.311,43.6806
969646,1373,Other Property Owner,unknown,None,Other,NULL,0,0,0,1,0,0,0,0,0,0,0,0,0,18,1836,Clear,Daylight,-79.3797,43.6559
969646,1370,Vehicle Owner,unknown,None,Other,NULL,0,0,0,1,0,0,0,0,0,0,0,0,0,18,1836,Clear,Daylight,-79.3797,43.6559
969646,1371,Motorcycle Driver,20 to 24,Major,Motorcycle,Going Ahead,0,0,0,1,0,0,0,0,0,0,0,0,0,18,1836,Clear,Daylight,-79.3797,43.6559
969646,1372,Other Property Owner,unknown,None,Other,NULL,0,0,0,1,0,0,0,0,0,0,0,0,0,18,1836,Clear,Daylight,-79.3797,43.6559
970082,1531,Driver,40 to 44,None,"Automobile, Station Wagon",Going Ahead,1,0,1,0,0,0,0,0,0,1,0,0,0,19,1924,Clear,Daylight,-79.4264,43.7773
970082,1532,Pedestrian,25 to 29,Major,Other,NULL,1,0,1,0,0,0,0,0,0,1,0,0,0,19,1924,Clear,Daylight,-79.4264,43.7773
970666,2001,Passenger,15 to 19,None,Other,NULL,0,0,1,0,0,0,0,1,1,1,0,0,0,2,237,Clear,Dark,-79.3536,43.6962
970666,2003,Passenger,20 to 24,None,Other,NULL,0,0,1,0,0,0,0,1,1,1,0,0,0,2,237,Clear,Dark,-79.3536,43.6962
970666,2004,Driver,15 to 19,Major,"Automobile, Station Wagon",Going Ahead,0,0,1,0,0,0,0,1,1,1,0,0,0,2,237,Clear,Dark,-79.3536,43.6962
970666,1599,Passenger,20 to 24,None,Other,NULL,0,0,1,0,0,0,0,1,1,1,0,0,0,2,237,Clear,Dark,-79.3536,43.6962
970666,1600,Passenger,15 to 19,None,Other,NULL,0,0,1,0,0,0,0,1,1,1,0,0,0,2,237,Clear,Dark,-79.3536,43.6962
970666,1601,Passenger,15 to 19,None,Other,NULL,0,0,1,0,0,0,0,1,1,1,0,0,0,2,237,Clear,Dark,-79.3536,43.6962
973958,2301,Driver,50 to 54,None,"Automobile, Station Wagon",Turning Left,1,0,1,0,0,0,0,0,0,1,0,0,0,5,505,Clear,Dark,-79.1733,43.7901
973958,2308,Other Property Owner,unknown,None,Other,NULL,1,0,1,0,0,0,0,0,0,1,0,0,0,5,505,Clear,Dark,-79.1733,43.7901
973958,2316,Pedestrian,55 to 59,Major,Other,NULL,1,0,1,0,0,0,0,0,0,1,0,0,0,5,505,Clear,Dark,-79.1733,43.7901
975246,2923,Passenger,unknown,None,Other,Other,1,0,1,0,0,0,0,1,0,0,0,0,0,4,425,Clear,Dark,-79.4591,43.6893
975246,2924,Passenger,unknown,None,Other,Other,1,0,1,0,0,0,0,1,0,0,0,0,0,4,425,Clear,Dark,-79.4591,43.6893
975246,2925,Passenger,unknown,None,Other,Other,1,0,1,0,0,0,0,1,0,0,0,0,0,4,425,Clear,Dark,-79.4591,43.6893
975246,2927,Driver,20 to 24,None,"Automobile, Station Wagon",Unknown,1,0,1,0,0,0,0,1,0,0,0,0,0,4,425,Clear,Dark,-79.4591,43.6893
975246,2928,Pedestrian,unknown,Major,Other,Other,1,0,1,0,0,0,0,1,0,0,0,0,0,4,425,Clear,Dark,-79.4591,43.6893
976207,2275,Pedestrian,unknown,Major,Other,Other,1,0,0,0,0,0,0,0,0,0,0,0,0,10,1029,Clear,Daylight,-79.2359,43.7061
976207,2295,Driver,45 to 49,None,Other,Going Ahead,1,0,0,0,0,0,0,0,0,0,0,0,0,10,1029,Clear,Daylight,-79.2359,43.7061
976441,1594,Driver,35 to 39,Major,"Automobile, Station Wagon",Going Ahead,0,0,1,0,0,0,0,0,0,0,0,0,0,10,1044,Clear,Daylight,-79.6038,43.7436
976441,1595,Driver,15 to 19,Minimal,"Automobile, Station Wagon",Turning Left,0,0,1,0,0,0,0,0,0,0,0,0,0,10,1044,Clear,Daylight,-79.6038,43.7436
976441,1596,Vehicle Owner,unknown,None,Other,NULL,0,0,1,0,0,0,0,0,0,0,0,0,0,10,1044,Clear,Daylight,-79.6038,43.7436
976441,1597,Driver,40 to 44,Minor,"Automobile, Station Wagon",Going Ahead,0,0,1,0,0,0,0,0,0,0,0,0,0,10,1044,Clear,Daylight,-79.6038,43.7436
976566,1740,Driver,unknown,None,"Automobile, Station Wagon",Going Ahead,0,1,1,0,0,0,0,0,0,0,0,0,0,9,850,Snow,Daylight,-79.2663,43.7834
976566,1808,Cyclist,40 to 44,Major,Bicycle,Going Ahead,0,1,1,0,0,0,0,0,0,0,0,0,0,9,850,Snow,Daylight,-79.2663,43.7834
976691,2320,Pedestrian,70 to 74,Major,Other,NULL,1,0,1,0,0,0,0,1,0,0,0,0,0,20,2009,Clear,Daylight,-79.3078,43.7787
976691,2322,Passenger,0 to 4,None,Other,NULL,1,0,1,0,0,0,0,1,0,0,0,0,0,20,2009,Clear,Daylight,-79.3078,43.7787
976691,2327,Passenger,5 to 9,None,Other,NULL,1,0,1,0,0,0,0,1,0,0,0,0,0,20,2009,Clear,Daylight,-79.3078,43.7787
976691,2333,Passenger,0 to 4,None,Other,NULL,1,0,1,0,0,0,0,1,0,0,0,0,0,20,2009,Clear,Daylight,-79.3078,43.7787
976691,2337,Passenger,30 to 34,None,Other,NULL,1,0,1,0,0,0,0,1,0,0,0,0,0,20,2009,Clear,Daylight,-79.3078,43.7787
976691,2350,Driver,35 to 39,None,"Automobile, Station Wagon",Turning Left,1,0,1,0,0,0,0,1,0,0,0,0,0,20,2009,Clear,Daylight,-79.3078,43.7787
976741,2563,Driver,50 to 54,None,"Automobile, Station Wagon",Turning Left,0,0,1,0,0,0,0,1,0,0,0,0,0,15,1500,Clear,Daylight,-79.2274,43.7961
976741,2566,Passenger,10 to 14,Major,Other,NULL,0,0,1,0,0,0,0,1,0,0,0,0,0,15,1500,Clear,Daylight,-79.2274,43.7961
976741,2571,Passenger,65 to 69,Major,Other,NULL,0,0,1,0,0,0,0,1,0,0,0,0,0,15,1500,Clear,Daylight,-79.2274,43.7961
976741,2581,Driver,30 to 34,Major,"Automobile, Station Wagon",Going Ahead,0,0,1,0,0,0,0,1,0,0,0,0,0,15,1500,Clear,Daylight,-79.2274,43.7961
976741,2577,Vehicle Owner,unknown,None,Other,NULL,0,0,1,0,0,0,0,1,0,0,0,0,0,15,1500,Clear,Daylight,-79.2274,43.7961
976741,2558,Vehicle Owner,unknown,None,Other,NULL,0,0,1,0,0,0,0,1,0,0,0,0,0,15,1500,Clear,Daylight,-79.2274,43.7961
976891,2646,Driver,20 to 24,Major,"Automobile, Station Wagon",Going Ahead,0,0,1,0,0,0,0,0,1,1,0,0,0,16,1645,Clear,Daylight,-79.1754,43.8542
979549,2590,Driver,35 to 39,Major,"Automobile, Station Wagon",Going Ahead,0,0,1,0,0,0,0,1,0,1,0,0,0,4,430,Clear,Dark,-79.4702,43.6371
979549,2570,Passenger,55 to 59,Minor,Other,NULL,0,0,1,0,0,0,0,1,0,1,0,0,0,4,430,Clear,Dark,-79.4702,43.6371
980728,2010,Passenger,15 to 19,Minor,Other,NULL,0,0,1,0,0,0,0,1,0,1,1,0,0,2,226,Clear,Dark,-79.3754,43.6524
980728,2015,Vehicle Owner,unknown,None,Other,NULL,0,0,1,0,0,0,0,1,0,1,1,0,0,2,226,Clear,Dark,-79.3754,43.6524
980728,2122,Driver,35 to 39,Minimal,"Automobile, Station Wagon",Going Ahead,0,0,1,0,0,0,0,1,0,1,1,0,0,2,226,Clear,Dark,-79.3754,43.6524
980728,2229,Other Property Owner,unknown,None,Other,Unknown,0,0,1,0,0,0,0,1,0,1,1,0,0,2,226,Clear,Dark,-79.3754,43.6524
980728,2935,Vehicle Owner,unknown,None,Other,NULL,0,0,1,0,0,0,0,1,0,1,1,0,0,2,226,Clear,Dark,-79.3754,43.6524
980728,2936,Driver,30 to 34,None,"Automobile, Station Wagon",Going Ahead,0,0,1,0,0,0,0,1,0,1,1,0,0,2,226,Clear,Dark,-79.3754,43.6524
980728,2937,Passenger,15 to 19,Minor,Other,NULL,0,0,1,0,0,0,0,1,0,1,1,0,0,2,226,Clear,Dark,-79.3754,43.6524
980728,2938,Passenger,20 to 24,Major,Other,NULL,0,0,1,0,0,0,0,1,0,1,1,0,0,2,226,Clear,Dark,-79.3754,43.6524
981212,2314,Driver,40 to 44,None,Other,Turning Left,0,0,0,1,0,0,0,0,0,1,0,0,0,12,1210,Clear,Daylight,-79.1706,43.7832
981212,2298,Motorcycle Driver,40 to 44,Major,Motorcycle,Going Ahead,0,0,0,1,0,0,0,0,0,1,0,0,0,12,1210,Clear,Daylight,-79.1706,43.7832
981405,2527,Driver,40 to 44,Major,"Automobile, Station Wagon",Going Ahead,0,0,1,0,0,0,0,0,0,1,1,0,0,9,855,Clear,Daylight,-79.5585,43.6942
981405,2533,Driver,50 to 54,None,"Automobile, Station Wagon",Going Ahead,0,0,1,0,0,0,0,0,0,1,1,0,0,9,855,Clear,Daylight,-79.5585,43.6942
981405,2519,Driver,70 to 74,Minor,"Automobile, Station Wagon",Going Ahead,0,0,1,0,0,0,0,0,0,1,1,0,0,9,855,Clear,Daylight,-79.5585,43.6942
1025521,3242,Driver,60 to 64,Major,"Automobile, Station Wagon",Other,0,0,1,0,0,0,0,0,1,1,0,1,0,1,103,Rain,Dark,-79.5344,43.5942
1026958,3822,Driver,40 to 44,Minor,"Automobile, Station Wagon",Going Ahead,0,0,1,0,0,0,0,0,0,0,0,1,0,23,2253,Clear,Dark,-79.4827,43.749
1026958,3823,Driver,60 to 64,Major,"Automobile, Station Wagon",Going Ahead,0,0,1,0,0,0,0,0,0,0,0,1,0,23,2253,Clear,Dark,-79.4827,43.749
1027159,3827,Driver,40 to 44,None,"Automobile, Station Wagon",Going Ahead,0,0,1,0,0,0,0,0,0,0,0,0,0,15,1522,Clear,Daylight,-79.2044,43.7467
1027159,3826,Driver,70 to 74,Major,"Automobile, Station Wagon",Going Ahead,0,0,1,0,0,0,0,0,0,0,0,0,0,15,1522,Clear,Daylight,-79.2044,43.7467
1028580,3812,Pedestrian,20 to 24,Major,Other,NULL,1,0,1,0,0,0,0,0,1,1,0,0,0,12,1230,Clear,Daylight,-79.2611,43.7523
1028580,3813,Driver,20 to 24,Minor,"Automobile, Station Wagon",Going Ahead,1,0,1,0,0,0,0,0,1,1,0,0,0,12,1230,Clear,Daylight,-79.2611,43.7523
1028580,3811,Driver,35 to 39,Minor,"Automobile, Station Wagon",Turning Left,1,0,1,0,0,0,0,0,1,1,0,0,0,12,1230,Clear,Daylight,-79.2611,43.7523
1031488,3258,Pedestrian,35 to 39,Minimal,Other,NULL,1,0,1,0,0,0,0,0,0,1,1,0,0,19,1915,Clear,Dark,-79.3777,43.643
1031488,3263,Pedestrian,45 to 49,Major,Other,NULL,1,0,1,0,0,0,0,0,0,1,1,0,0,19,1915,Clear,Dark,-79.3777,43.643
1031488,3298,Driver,50 to 54,Major,"Automobile, Station Wagon",Going Ahead,1,0,1,0,0,0,0,0,0,1,1,0,0,19,1915,Clear,Dark,-79.3777,43.643
1031555,3835,Driver,20 to 24,Major,"Automobile, Station Wagon",Going Ahead,0,0,1,0,0,0,0,0,0,1,0,0,0,11,1055,Clear,Daylight,-79.4802,43.6833
1031555,3836,Driver,25 to 29,None,"Automobile, Station Wagon",Stopped,0,0,1,0,0,0,0,0,0,1,0,0,0,11,1055,Clear,Daylight,-79.4802,43.6833
1032022,3385,Motorcycle Driver,30 to 34,Major,Motorcycle,Turning Right,0,0,1,1,0,0,0,1,0,0,0,0,0,17,1743,Clear,Daylight,-79.2538,43.7853
1032022,3391,Passenger,50 to 54,None,Other,NULL,0,0,1,1,0,0,0,1,0,0,0,0,0,17,1743,Clear,Daylight,-79.2538,43.7853
1032022,3395,Passenger,35 to 39,None,Other,NULL,0,0,1,1,0,0,0,1,0,0,0,0,0,17,1743,Clear,Daylight,-79.2538,43.7853
1032022,3409,Driver,40 to 44,None,"Automobile, Station Wagon",Turning Left,0,0,1,1,0,0,0,1,0,0,0,0,0,17,1743,Clear,Daylight,-79.2538,43.7853
1032373,3428,Driver,30 to 34,None,Other,Stopped,1,0,1,0,0,0,0,0,0,0,0,0,0,12,1200,Clear,Daylight,-79.3766,43.6624
1032373,3439,Driver,20 to 24,Minimal,"Automobile, Station Wagon",Going Ahead,1,0,1,0,0,0,0,0,0,0,0,0,0,12,1200,Clear,Daylight,-79.3766,43.6624
1032373,3522,Pedestrian,50 to 54,Major,Other,NULL,1,0,1,0,0,0,0,0,0,0,0,0,0,12,1200,Clear,Daylight,-79.3766,43.6624
1036484,3763,Driver,45 to 49,None,"Automobile, Station Wagon",Slowing or Stopping,1,0,1,0,0,0,0,0,0,0,0,0,0,12,1240,Clear,Daylight,-79.3433,43.6691
1036484,3764,Pedestrian,15 to 19,Major,Other,NULL,1,0,1,0,0,0,0,0,0,0,0,0,0,12,1240,Clear,Daylight,-79.3433,43.6691
1037905,3782,Driver,65 to 69,None,"Automobile, Station Wagon",Stopped,0,0,1,0,0,0,0,1,0,1,1,0,0,7,712,Clear,Daylight,-79.5508,43.6771
1037905,3783,Driver,45 to 49,None,"Automobile, Station Wagon",Going Ahead,0,0,1,0,0,0,0,1,0,1,1,0,0,7,712,Clear,Daylight,-79.5508,43.6771
1037905,3784,Passenger,40 to 44,Minimal,Other,NULL,0,0,1,0,0,0,0,1,0,1,1,0,0,7,712,Clear,Daylight,-79.5508,43.6771
1037905,3785,Driver,30 to 34,Major,"Automobile, Station Wagon",Going Ahead,0,0,1,0,0,0,0,1,0,1,1,0,0,7,712,Clear,Daylight,-79.5508,43.6771
1038340,3870,Driver,25 to 29,Minor,"Automobile, Station Wagon",Going Ahead,0,0,1,0,0,0,0,1,1,1,0,0,0,20,2030,Clear,Dark,-79.3193,43.7259
1038340,3872,Driver,55 to 59,Minor,"Automobile, Station Wagon",Going Ahead,0,0,1,0,0,0,0,1,1,1,0,0,0,20,2030,Clear,Dark,-79.3193,43.7259
1038340,3874,Driver,25 to 29,Minor,"Automobile, Station Wagon",Going Ahead,0,0,1,0,0,0,0,1,1,1,0,0,0,20,2030,Clear,Dark,-79.3193,43.7259
1038340,3875,Driver,30 to 34,Minor,"Automobile, Station Wagon",Going Ahead,0,0,1,0,0,0,0,1,1,1,0,0,0,20,2030,Clear,Dark,-79.3193,43.7259
1038340,3876,Passenger,30 to 34,None,Other,NULL,0,0,1,0,0,0,0,1,1,1,0,0,0,20,2030,Clear,Dark,-79.3193,43.7259
1038340,3878,Passenger,20 to 24,Major,Other,NULL,0,0,1,0,0,0,0,1,1,1,0,0,0,20,2030,Clear,Dark,-79.3193,43.7259
1038340,3879,Passenger,15 to 19,Major,Other,NULL,0,0,1,0,0,0,0,1,1,1,0,0,0,20,2030,Clear,Dark,-79.3193,43.7259
1038340,3880,Passenger,20 to 24,Fatal,Other,NULL,0,0,1,0,0,0,0,1,1,1,0,0,0,20,2030,Clear,Dark,-79.3193,43.7259
1038340,3881,Passenger,15 to 19,Fatal,Other,NULL,0,0,1,0,0,0,0,1,1,1,0,0,0,20,2030,Clear,Dark,-79.3193,43.7259
1038340,3882,Driver,20 to 24,Minor,"Automobile, Station Wagon",Going Ahead,0,0,1,0,0,0,0,1,1,1,0,0,0,20,2030,Clear,Dark,-79.3193,43.7259
1038340,3884,Driver,30 to 34,Minor,"Automobile, Station Wagon",Going Ahead,0,0,1,0,0,0,0,1,1,1,0,0,0,20,2030,Clear,Dark,-79.3193,43.7259
1038340,3877,Passenger,25 to 29,Minor,Other,NULL,0,0,1,0,0,0,0,1,1,1,0,0,0,20,2030,Clear,Dark,-79.3193,43.7259
1039861,3921,Motorcycle Driver,25 to 29,Fatal,Motorcycle,Going Ahead,0,0,0,1,0,0,0,0,1,1,0,0,0,0,30,Clear,Dark,-79.3678,43.6771
1040428,3018,Driver,40 to 44,None,"Automobile, Station Wagon",Going Ahead,0,1,1,0,0,0,0,0,0,0,0,0,0,8,810,Clear,Daylight,-79.3614,43.6486
1040428,3019,Cyclist,20 to 24,Major,Bicycle,Changing Lanes,0,1,1,0,0,0,0,0,0,0,0,0,0,8,810,Clear,Daylight,-79.3614,43.6486