ACCNUM,ObjectId,INVTYPE,INVAGE,INJURY,VEHTYPE,MANOEUVER,PEDESTRIAN,CYCLIST,AUTOMOBILE,MOTORCYCLE,TRUCK,TRSN_CITY_VEH,EMERG_VEH,PASSENGER,SPEEDING,AG_DRIV,REDLIGHT,ALCOHOL,DISABILITY,HOUR,TIME,VISIBILITY,LIGHT,collision_lat,collision_long
1042100,3081,Driver,30 to 34,Major,"Automobile, Station Wagon",Unknown,0,0,1,0,0,0,0,0,0,0,0,0,0,21,2120,Other,Dusk,-79.5947,43.742
1045157,3174,Driver,15 to 19,None,"Automobile, Station Wagon",Going Ahead,1,0,1,0,0,0,0,0,0,1,0,0,0,8,815,Clear,Daylight,-79.2967,43.7106
1045157,3175,Pedestrian,20 to 24,Minor,Other,Unknown,1,0,1,0,0,0,0,0,0,1,0,0,0,8,815,Clear,Daylight,-79.2967,43.7106
1045157,3176,Pedestrian,85 to 89,Major,Other,Unknown,1,0,1,0,0,0,0,0,0,1,0,0,0,8,815,Clear,Daylight,-79.2967,43.7106
1045558,3184,Passenger,20 to 24,Minor,Other,NULL,0,0,1,0,0,0,0,1,0,0,0,1,0,1,120,Clear,Dark,-79.5097,43.6211
1045558,3185,Passenger,25 to 29,Minor,Other,NULL,0,0,1,0,0,0,0,1,0,0,0,1,0,1,120,Clear,Dark,-79.5097,43.6211
1045558,3186,Passenger,25 to 29,Major,Other,NULL,0,0,1,0,0,0,0,1,0,0,0,1,0,1,120,Clear,Dark,-79.5097,43.6211
1045558,3187,Passenger,25 to 29,Major,Other,NULL,0,0,1,0,0,0,0,1,0,0,0,1,0,1,120,Clear,Dark,-79.5097,43.6211
1045558,3188,Driver,30 to 34,Major,"Automobile, Station Wagon",Going Ahead,0,0,1,0,0,0,0,1,0,0,0,1,0,1,120,Clear,Dark,-79.5097,43.6211
1045692,3192,Driver,25 to 29,None,"Automobile, Station Wagon",Going Ahead,1,0,1,0,0,0,0,0,0,1,1,0,0,17,1733,Clear,Daylight,-79.3889,43.747
1045692,3193,Pedestrian,5 to 9,None,Other,NULL,1,0,1,0,0,0,0,0,0,1,1,0,0,17,1733,Clear,Daylight,-79.3889,43.747
1045692,3194,Pedestrian,5 to 9,None,Other,Unknown,1,0,1,0,0,0,0,0,0,1,1,0,0,17,1733,Clear,Daylight,-79.3889,43.747
1045692,3195,Pedestrian,25 to 29,Minor,Other,NULL,1,0,1,0,0,0,0,0,0,1,1,0,0,17,1733,Clear,Daylight,-79.3889,43.747
1045692,3196,Pedestrian,15 to 19,Major,Other,Unknown,1,0,1,0,0,0,0,0,0,1,1,0,0,17,1733,Clear,Daylight,-79.3889,43.747
1045776,3926,Driver,20 to 24,None,"Automobile, Station Wagon",Stopped,0,1,1,0,0,0,0,0,0,1,0,0,0,12,1215,Clear,Daylight,-79.4866,43.6185
1045776,3927,Cyclist,25 to 29,Major,Bicycle,Going Ahead,0,1,1,0,0,0,0,0,0,1,0,0,0,12,1215,Clear,Daylight,-79.4866,43.6185
1046411,3206,Driver,50 to 54,None,"Automobile, Station Wagon",Changing Lanes,1,0,1,0,0,0,0,0,0,0,0,0,0,18,1750,Clear,Daylight,-79.4657,43.6918
1046411,3207,Pedestrian,25 to 29,Major,Other,NULL,1,0,1,0,0,0,0,0,0,0,0,0,0,18,1750,Clear,Daylight,-79.4657,43.6918
1046412,3204,Driver,25 to 29,Minor,"Automobile, Station Wagon",Going Ahead,0,0,1,0,0,0,0,0,0,1,0,0,0,13,1345,Clear,Daylight,-79.2423,43.7379
1046412,3205,Driver,80 to 84,Fatal,"Automobile, Station Wagon",Going Ahead,0,0,1,0,0,0,0,0,0,1,0,0,0,13,1345,Clear,Daylight,-79.2423,43.7379
1050562,3584,Other,unknown,None,Other,Parked,1,0,1,0,0,0,0,0,0,0,0,0,0,12,1235,Clear,Daylight,-79.2463,43.7115
1050562,3586,Other,unknown,None,Other,Parked,1,0,1,0,0,0,0,0,0,0,0,0,0,12,1235,Clear,Daylight,-79.2463,43.7115
1050562,3587,Driver,55 to 59,None,"Automobile, Station Wagon",Going Ahead,1,0,1,0,0,0,0,0,0,0,0,0,0,12,1235,Clear,Daylight,-79.2463,43.7115
1050562,3588,Pedestrian,45 to 49,Major,Other,NULL,1,0,1,0,0,0,0,0,0,0,0,0,0,12,1235,Clear,Daylight,-79.2463,43.7115
1052487,3532,Driver,55 to 59,Major,"Automobile, Station Wagon",Turning Left,0,0,1,0,0,0,0,0,1,1,0,0,0,11,1110,Clear,Daylight,-79.3065,43.7759
1052487,3538,Driver,15 to 19,None,"Automobile, Station Wagon",Going Ahead,0,0,1,0,0,0,0,0,1,1,0,0,0,11,1110,Clear,Daylight,-79.3065,43.7759
1053153,3619,Driver,unknown,None,"Automobile, Station Wagon",Reversing,1,0,1,0,0,0,0,0,0,0,0,0,0,17,1659,Clear,Daylight,-79.4409,43.6912
1053153,3700,Pedestrian,5 to 9,Major,Other,NULL,1,0,1,0,0,0,0,0,0,0,0,0,0,17,1659,Clear,Daylight,-79.4409,43.6912
1053672,3947,Driver,65 to 69,None,"Automobile, Station Wagon",Going Ahead,1,0,1,0,0,0,0,0,0,0,0,0,0,21,2125,Clear,Dark,-79.3161,43.7978
1053672,3948,Pedestrian,45 to 49,Fatal,Other,Going Ahead,1,0,1,0,0,0,0,0,0,0,0,0,0,21,2125,Clear,Dark,-79.3161,43.7978
1053740,3224,Driver,unknown,None,"Automobile, Station Wagon",Turning Left,0,1,1,0,0,0,0,0,0,0,0,0,0,22,2210,Clear,Dark,-79.4387,43.7745
1053740,3236,Cyclist,40 to 44,Major,Bicycle,Going Ahead,0,1,1,0,0,0,0,0,0,0,0,0,0,22,2210,Clear,Dark,-79.4387,43.7745
1053906,3706,Motorcycle Driver,25 to 29,Major,Motorcycle,Going Ahead,0,0,1,1,0,0,0,0,0,0,0,0,0,20,2045,Clear,Dark,-79.4624,43.6736
981104,2473,Driver,40 to 44,Minimal,"Automobile, Station Wagon",Going Ahead,0,0,1,0,0,0,0,1,0,1,0,0,0,10,1000,Clear,Daylight,-79.1799,43.8531
981104,2457,Driver,45 to 49,Major,Other,Going Ahead,0,0,1,0,0,0,0,1,0,1,0,0,0,10,1000,Clear,Daylight,-79.1799,43.8531
981588,2664,Driver,15 to 19,None,"Automobile, Station Wagon",Going Ahead,1,0,1,0,0,0,0,0,0,0,0,0,0,19,1930,Clear,Daylight,-79.4127,43.7688
981588,2674,Pedestrian,30 to 34,Major,Other,NULL,1,0,1,0,0,0,0,0,0,0,0,0,0,19,1930,Clear,Daylight,-79.4127,43.7688
982399,2766,Vehicle Owner,unknown,None,Other,NULL,0,0,1,0,0,0,0,0,0,1,0,0,0,17,1730,Clear,Daylight,-79.478,43.7086
982399,2767,Driver,15 to 19,None,"Automobile, Station Wagon",Going Ahead,0,0,1,0,0,0,0,0,0,1,0,0,0,17,1730,Clear,Daylight,-79.478,43.7086
982399,2768,Driver,35 to 39,Major,"Automobile, Station Wagon",Stopped,0,0,1,0,0,0,0,0,0,1,0,0,0,17,1730,Clear,Daylight,-79.478,43.7086
984087,2418,Pedestrian,60 to 64,Major,Other,NULL,1,1,0,0,0,0,0,0,0,0,0,0,0,8,845,Clear,Daylight,-79.3801,43.6399
984087,2419,Cyclist,30 to 34,Major,Bicycle,Going Ahead,1,1,0,0,0,0,0,0,0,0,0,0,0,8,845,Clear,Daylight,-79.3801,43.6399
985348,1561,Driver,40 to 44,Major,"Automobile, Station Wagon",Going Ahead,0,0,1,0,0,0,0,0,0,0,0,0,0,2,226,Clear,Dark,-79.3543,43.6709
985348,1562,Other Property Owner,unknown,None,Other,NULL,0,0,1,0,0,0,0,0,0,0,0,0,0,2,226,Clear,Dark,-79.3543,43.6709
985457,2290,Pedestrian,20 to 24,Major,Other,NULL,1,0,1,0,0,0,0,1,1,1,0,0,0,13,1345,Clear,Daylight,-79.5174,43.7012
985457,2270,Passenger,20 to 24,None,Other,NULL,1,0,1,0,0,0,0,1,1,1,0,0,0,13,1345,Clear,Daylight,-79.5174,43.7012
985457,2280,Driver,15 to 19,None,"Automobile, Station Wagon",Going Ahead,1,0,1,0,0,0,0,1,1,1,0,0,0,13,1345,Clear,Daylight,-79.5174,43.7012
986718,2410,Driver,50 to 54,None,"Automobile, Station Wagon",Going Ahead,1,0,1,0,0,0,0,0,0,0,0,0,0,11,1055,Clear,Daylight,-79.246,43.7553
986718,2412,Driver,35 to 39,None,"Automobile, Station Wagon",Going Ahead,1,0,1,0,0,0,0,0,0,0,0,0,0,11,1055,Clear,Daylight,-79.246,43.7553
986718,2413,Pedestrian,75 to 79,Fatal,Other,NULL,1,0,1,0,0,0,0,0,0,0,0,0,0,11,1055,Clear,Daylight,-79.246,43.7553
986752,2342,Vehicle Owner,unknown,None,Other,NULL,0,0,1,0,0,0,0,0,0,1,1,0,0,9,914,Clear,Daylight,-79.5527,43.6813
986752,2343,Driver,25 to 29,None,"Automobile, Station Wagon",Going Ahead,0,0,1,0,0,0,0,0,0,1,1,0,0,9,914,Clear,Daylight,-79.5527,43.6813
986752,2352,Vehicle Owner,unknown,None,Other,NULL,0,0,1,0,0,0,0,0,0,1,1,0,0,9,914,Clear,Daylight,-79.5527,43.6813
986752,2359,Driver,45 to 49,Major,"Automobile, Station Wagon",Going Ahead,0,0,1,0,0,0,0,0,0,1,1,0,0,9,914,Clear,Daylight,-79.5527,43.6813
987504,2700,Truck Driver,unknown,None,Truck - Open,Going Ahead,0,1,0,0,1,0,0,0,0,0,0,0,0,2,245,Clear,Dark,-79.3064,43.7511
987504,2702,Cyclist,40 to 44,Fatal,Bicycle,Going Ahead,0,1,0,0,1,0,0,0,0,0,0,0,0,2,245,Clear,Dark,-79.3064,43.7511
988599,2431,Passenger,20 to 24,Major,Other,NULL,0,0,1,0,0,0,0,1,0,1,1,0,0,3,300,Clear,Dark,-79.4086,43.6344
988599,2430,Passenger,20 to 24,Minor,Other,NULL,0,0,1,0,0,0,0,1,0,1,1,0,0,3,300,Clear,Dark,-79.4086,43.6344
988599,2432,Driver,20 to 24,Minimal,"Automobile, Station Wagon",Going Ahead,0,0,1,0,0,0,0,1,0,1,1,0,0,3,300,Clear,Dark,-79.4086,43.6344
988599,2433,Vehicle Owner,unknown,None,Other,NULL,0,0,1,0,0,0,0,1,0,1,1,0,0,3,300,Clear,Dark,-79.4086,43.6344
988599,2434,Driver,45 to 49,None,Taxi,Turning Left,0,0,1,0,0,0,0,1,0,1,1,0,0,3,300,Clear,Dark,-79.4086,43.6344
990178,2453,Driver,40 to 44,Minor,"Automobile, Station Wagon",Going Ahead,0,0,1,0,0,0,0,0,0,1,1,0,0,9,928,Clear,Daylight,-79.1465,43.7773
990178,2454,Driver,55 to 59,Major,"Automobile, Station Wagon",Going Ahead,0,0,1,0,0,0,0,0,0,1,1,0,0,9,928,Clear,Daylight,-79.1465,43.7773
991482,2106,Passenger,20 to 24,Fatal,Other,NULL,0,0,1,0,0,0,0,1,1,1,0,0,0,22,2155,Clear,Dark,-79.4059,43.6721
991482,2108,Driver,20 to 24,Minimal,"Automobile, Station Wagon",Turning Left,0,0,1,0,0,0,0,1,1,1,0,0,0,22,2155,Clear,Dark,-79.4059,43.6721
991482,2109,Passenger,40 to 44,Minor,Other,NULL,0,0,1,0,0,0,0,1,1,1,0,0,0,22,2155,Clear,Dark,-79.4059,43.6721
991482,2110,Driver,35 to 39,Minimal,"Automobile, Station Wagon",Going Ahead,0,0,1,0,0,0,0,1,1,1,0,0,0,22,2155,Clear,Dark,-79.4059,43.6721
992577,2241,Vehicle Owner,unknown,None,Other,NULL,0,0,1,0,0,0,0,0,0,0,0,0,0,17,1711,Clear,Daylight,-79.4108,43.6738
992577,2247,Vehicle Owner,unknown,None,Other,NULL,0,0,1,0,0,0,0,0,0,0,0,0,0,17,1711,Clear,Daylight,-79.4108,43.6738
992577,2252,Driver,75 to 79,Major,"Automobile, Station Wagon",Reversing,0,0,1,0,0,0,0,0,0,0,0,0,0,17,1711,Clear,Daylight,-79.4108,43.6738
992577,2257,Vehicle Owner,unknown,None,Other,NULL,0,0,1,0,0,0,0,0,0,0,0,0,0,17,1711,Clear,Daylight,-79.4108,43.6738
992609,2557,Driver,40 to 44,None,"Automobile, Station Wagon",Going Ahead,1,0,1,0,0,0,0,0,0,0,0,0,0,18,1757,Clear,Daylight,-79.4047,43.6521
992609,2560,Pedestrian,60 to 64,Major,Other,NULL,1,0,1,0,0,0,0,0,0,0,0,0,0,18,1757,Clear,Daylight,-79.4047,43.6521
994265,2318,Driver,50 to 54,None,"Automobile, Station Wagon",Going Ahead,0,0,1,0,0,0,0,0,0,0,0,0,0,16,1555,Clear,Daylight,-79.5578,43.7339
994265,2325,Driver,30 to 34,Major,"Automobile, Station Wagon",Going Ahead,0,0,1,0,0,0,0,0,0,0,0,0,0,16,1555,Clear,Daylight,-79.5578,43.7339
995785,2775,Driver,55 to 59,Fatal,"Automobile, Station Wagon",Going Ahead,0,0,1,0,0,0,0,0,1,1,0,0,0,15,1503,Clear,Daylight,-79.5325,43.683
997046,2017,Other,unknown,None,Other,NULL,0,0,1,0,1,0,0,0,0,0,0,0,0,5,457,Clear,Dark,-79.443,43.6779
997046,2113,Vehicle Owner,unknown,None,Other,NULL,0,0,1,0,1,0,0,0,0,0,0,0,0,5,457,Clear,Dark,-79.443,43.6779
997046,2114,Truck Driver,30 to 34,None,Truck - Open,Going Ahead,0,0,1,0,1,0,0,0,0,0,0,0,0,5,457,Clear,Dark,-79.443,43.6779
997046,2115,Vehicle Owner,unknown,None,Other,NULL,0,0,1,0,1,0,0,0,0,0,0,0,0,5,457,Clear,Dark,-79.443,43.6779
997046,2116,Driver,30 to 34,Major,"Automobile, Station Wagon",Going Ahead,0,0,1,0,1,0,0,0,0,0,0,0,0,5,457,Clear,Dark,-79.443,43.6779
997564,2800,Passenger,80 to 84,Fatal,Other,NULL,0,0,1,0,0,1,0,1,0,0,0,1,0,10,1010,Rain,Daylight,-79.5586,43.7162
997564,2801,Passenger,80 to 84,Fatal,Other,NULL,0,0,1,0,0,1,0,1,0,0,0,1,0,10,1010,Rain,Daylight,-79.5586,43.7162
997564,2803,Driver,70 to 74,Major,"Automobile, Station Wagon",Going Ahead,0,0,1,0,0,1,0,1,0,0,0,1,0,10,1010,Rain,Daylight,-79.5586,43.7162
997564,2805,Driver,55 to 59,None,Municipal Transit Bus (TTC),Going Ahead,0,0,1,0,0,1,0,1,0,0,0,1,0,10,1010,Rain,Daylight,-79.5586,43.7162
998025,2321,Driver,60 to 64,None,"Automobile, Station Wagon",Turning Left,0,0,1,0,0,0,0,0,0,0,0,0,1,14,1350,Clear,Daylight,-79.5362,43.7532
998025,2338,Driver,45 to 49,Major,"Automobile, Station Wagon",Going Ahead,0,0,1,0,0,0,0,0,0,0,0,0,1,14,1350,Clear,Daylight,-79.5362,43.7532
1000440,2271,Motorcycle Driver,45 to 49,Major,Motorcycle,Going Ahead,0,0,1,1,0,0,0,0,0,1,0,0,0,14,1449,Clear,Daylight,-79.1799,43.8531
1000440,2279,Driver,55 to 59,None,"Automobile, Station Wagon",Going Ahead,0,0,1,1,0,0,0,0,0,1,0,0,0,14,1449,Clear,Daylight,-79.1799,43.8531
1005011,2854,Driver,40 to 44,None,"Automobile, Station Wagon",Going Ahead,1,0,1,0,0,0,0,0,0,0,0,0,0,22,2206,Clear,Dark,-79.3106,43.7847
1005011,2855,Pedestrian,40 to 44,Major,Other,NULL,1,0,1,0,0,0,0,0,0,0,0,0,0,22,2206,Clear,Dark,-79.3106,43.7847
1005011,2856,Pedestrian,30 to 34,Major,Other,NULL,1,0,1,0,0,0,0,0,0,0,0,0,0,22,2206,Clear,Dark,-79.3106,43.7847
1006590,2974,Driver,50 to 54,None,"Automobile, Station Wagon",Going Ahead,1,0,1,0,0,0,0,0,0,0,0,0,0,7,730,Strong wind,Daylight,-79.5151,43.6246
1006590,2975,Pedestrian,45 to 49,Major,Other,NULL,1,0,1,0,0,0,0,0,0,0,0,0,0,7,730,Strong wind,Daylight,-79.5151,43.6246
1007074,2574,Driver,45 to 49,None,"Automobile, Station Wagon",Changing Lanes,0,1,1,0,0,0,0,0,0,0,0,0,0,11,1100,Rain,Daylight,-79.4032,43.6438
1007074,2582,Cyclist,30 to 34,Major,Bicycle,Going Ahead,0,1,1,0,0,0,0,0,0,0,0,0,0,11,1100,Rain,Daylight,-79.4032,43.6438
1008571,2285,Driver,40 to 44,None,"Automobile, Station Wagon",Going Ahead,1,0,1,0,0,0,0,0,0,0,0,0,0,7,724,Clear,Daylight,-79.5339,43.5943
1008571,2289,Pedestrian,20 to 24,Major,Other,NULL,1,0,1,0,0,0,0,0,0,0,0,0,0,7,724,Clear,Daylight,-79.5339,43.5943
1009323,2998,Driver,55 to 59,None,"Automobile, Station Wagon",Turning Left,1,0,1,0,0,0,0,0,0,1,0,0,0,6,630,Clear,Dark,-79.5404,43.6831
1009323,2999,Pedestrian,50 to 54,Major,Other,NULL,1,0,1,0,0,0,0,0,0,1,0,0,0,6,630,Clear,Dark,-79.5404,43.6831
1011018,2157,Driver,unknown,None,"Automobile, Station Wagon",Unknown,1,0,1,0,0,0,0,0,0,0,0,0,0,1,135,Clear,Dark,-79.292,43.6903
1011018,2158,Pedestrian,unknown,Major,Other,Other,1,0,1,0,0,0,0,0,0,0,0,0,0,1,135,Clear,Dark,-79.292,43.6903
1012088,2126,Driver,45 to 49,None,"Automobile, Station Wagon",Making U Turn,1,0,1,0,0,0,0,0,0,0,0,0,0,9,935,Clear,Daylight,-79.2961,43.7093
1012088,2127,Pedestrian,25 to 29,Major,Other,NULL,1,0,1,0,0,0,0,0,0,0,0,0,0,9,935,Clear,Daylight,-79.2961,43.7093
1014428,2164,Driver,25 to 29,None,"Automobile, Station Wagon",Making U Turn,0,0,1,0,0,0,0,1,0,0,0,0,0,0,3,Clear,Dark,-79.3043,43.7288
1014428,2165,Passenger,20 to 24,Minor,Other,NULL,0,0,1,0,0,0,0,1,0,0,0,0,0,0,3,Clear,Dark,-79.3043,43.7288
1014428,2166,Driver,20 to 24,Major,"Automobile, Station Wagon",Going Ahead,0,0,1,0,0,0,0,1,0,0,0,0,0,0,3,Clear,Dark,-79.3043,43.7288
1014871,2216,Driver,40 to 44,None,"Automobile, Station Wagon",Turning Right,1,0,1,0,0,0,0,0,0,0,0,0,0,7,652,Snow,"Dusk, artificial",-79.4719,43.682
1014871,2217,Pedestrian,85 to 89,Major,Other,NULL,1,0,1,0,0,0,0,0,0,0,0,0,0,7,652,Snow,"Dusk, artificial",-79.4719,43.682
987501,2696,Passenger,65 to 69,Minimal,Other,NULL,0,0,1,0,0,0,0,1,0,0,0,0,0,24,2350,Clear,Dark,-79.2856,43.7775
987501,2697,Passenger,55 to 59,Minimal,Other,NULL,0,0,1,0,0,0,0,1,0,0,0,0,0,24,2350,Clear,Dark,-79.2856,43.7775
987501,2698,Driver,70 to 74,Minimal,"Automobile, Station Wagon",Going Ahead,0,0,1,0,0,0,0,1,0,0,0,0,0,24,2350,Clear,Dark,-79.2856,43.7775
987519,16039,Motorcycle Driver,30 to 34,Major,Motorcycle,Going Ahead,0,0,1,1,0,0,0,1,1,1,0,0,0,0,44,Clear,"Dark, artificial",-79.2267,43.7594
987519,16040,Driver,20 to 24,None,"Automobile, Station Wagon",Turning Left,0,0,1,1,0,0,0,1,1,1,0,0,0,0,44,Clear,"Dark, artificial",-79.2267,43.7594
987519,16041,Passenger,20 to 24,None,NULL,NULL,0,0,1,1,0,0,0,1,1,1,0,0,0,0,44,Clear,"Dark, artificial",-79.2267,43.7594
989800,2447,Passenger,25 to 29,Major,Other,NULL,0,0,1,0,0,0,0,1,0,0,0,0,0,13,1250,Clear,Daylight,-79.3446,43.6797
989800,2450,Other Property Owner,unknown,None,Other,NULL,0,0,1,0,0,0,0,1,0,0,0,0,0,13,1250,Clear,Daylight,-79.3446,43.6797
989800,2448,Vehicle Owner,unknown,None,Other,Unknown,0,0,1,0,0,0,0,1,0,0,0,0,0,13,1250,Clear,Daylight,-79.3446,43.6797
989800,2449,Driver,30 to 34,Major,"Automobile, Station Wagon",Making U Turn,0,0,1,0,0,0,0,1,0,0,0,0,0,13,1250,Clear,Daylight,-79.3446,43.6797
990402,2461,Passenger,20 to 24,None,Other,NULL,0,1,1,0,0,0,0,1,0,0,0,0,0,14,1441,Clear,Daylight,-79.368,43.79
990402,2464,Driver,30 to 34,None,"Automobile, Station Wagon",Going Ahead,0,1,1,0,0,0,0,1,0,0,0,0,0,14,1441,Clear,Daylight,-79.368,43.79
990402,2471,Cyclist,70 to 74,Major,Bicycle,Going Ahead,0,1,1,0,0,0,0,1,0,0,0,0,0,14,1441,Clear,Daylight,-79.368,43.79
991154,2092,Driver,70 to 74,Minimal,"Automobile, Station Wagon",Turning Left,1,0,1,0,0,0,0,0,0,1,0,0,0,13,1308,Clear,Daylight,-79.3898,43.6889
991154,2093,Pedestrian,65 to 69,Major,Other,NULL,1,0,1,0,0,0,0,0,0,1,0,0,0,13,1308,Clear,Daylight,-79.3898,43.6889
992122,2825,Driver,30 to 34,None,"Automobile, Station Wagon",Stopped,0,1,1,0,0,0,0,0,0,0,0,0,0,2,210,Clear,Dark,-79.3256,43.6642
992122,2826,Cyclist,20 to 24,Major,Bicycle,Going Ahead,0,1,1,0,0,0,0,0,0,0,0,0,0,2,210,Clear,Dark,-79.3256,43.6642
994814,2097,Driver,30 to 34,None,Municipal Transit Bus (TTC),Going Ahead,0,1,1,0,0,1,0,0,0,0,0,0,0,18,1825,Clear,Daylight,-79.3285,43.6636
994814,2098,Driver,60 to 64,None,"Automobile, Station Wagon",Parked,0,1,1,0,0,1,0,0,0,0,0,0,0,18,1825,Clear,Daylight,-79.3285,43.6636
994814,2099,Cyclist,30 to 34,Major,Bicycle,Going Ahead,0,1,1,0,0,1,0,0,0,0,0,0,0,18,1825,Clear,Daylight,-79.3285,43.6636
995498,2090,Driver,55 to 59,None,"Automobile, Station Wagon",Turning Left,0,1,1,0,0,0,0,0,0,0,0,0,0,19,1920,Clear,Daylight,-79.384,43.6922
995498,2091,Cyclist,40 to 44,Major,Bicycle,Going Ahead,0,1,1,0,0,0,0,0,0,0,0,0,0,19,1920,Clear,Daylight,-79.384,43.6922
996561,2641,Vehicle Owner,unknown,None,Other,NULL,0,0,1,0,1,0,0,1,0,1,1,0,0,13,1330,Clear,Daylight,-79.5916,43.7367
996561,2649,Truck Driver,15 to 19,None,Truck - Open,Going Ahead,0,0,1,0,1,0,0,1,0,1,1,0,0,13,1330,Clear,Daylight,-79.5916,43.7367
996561,2653,Passenger,35 to 39,Major,Other,NULL,0,0,1,0,1,0,0,1,0,1,1,0,0,13,1330,Clear,Daylight,-79.5916,43.7367
996561,2656,Driver,35 to 39,Minor,"Automobile, Station Wagon",Turning Left,0,0,1,0,1,0,0,1,0,1,1,0,0,13,1330,Clear,Daylight,-79.5916,43.7367
996561,2661,Driver,20 to 24,None,"Automobile, Station Wagon",Stopped,0,0,1,0,1,0,0,1,0,1,1,0,0,13,1330,Clear,Daylight,-79.5916,43.7367
997688,2118,Pedestrian,25 to 29,Major,Other,NULL,1,0,1,0,0,0,0,0,0,0,0,0,0,1,120,Clear,Dark,-79.4113,43.7632
997688,2807,Driver,45 to 49,None,"Automobile, Station Wagon",Going Ahead,1,0,1,0,0,0,0,0,0,0,0,0,0,1,120,Clear,Dark,-79.4113,43.7632
997888,2368,Motorcycle Driver,55 to 59,Major,Motorcycle,Going Ahead,0,0,1,1,0,0,0,0,0,1,0,0,0,12,1225,Clear,Daylight,-79.3865,43.6388
997888,2386,Driver,35 to 39,None,"Automobile, Station Wagon",Turning Left,0,0,1,1,0,0,0,0,0,1,0,0,0,12,1225,Clear,Daylight,-79.3865,43.6388
997965,2630,Driver,20 to 24,None,"Automobile, Station Wagon",Going Ahead,0,1,1,0,0,0,0,0,0,1,0,0,0,3,300,Clear,Dark,-79.1577,43.7784
997965,2632,Cyclist,15 to 19,Major,Bicycle,Going Ahead,0,1,1,0,0,0,0,0,0,1,0,0,0,3,300,Clear,Dark,-79.1577,43.7784
998090,2588,Motorcycle Driver,50 to 54,Major,Motorcycle,Going Ahead,0,0,1,1,0,0,0,0,0,0,0,0,0,16,1620,Clear,Daylight,-79.2828,43.7166
998090,2593,Driver,75 to 79,None,"Automobile, Station Wagon",Turning Left,0,0,1,1,0,0,0,0,0,0,0,0,0,16,1620,Clear,Daylight,-79.2828,43.7166
998724,2485,Driver,35 to 39,Major,"Automobile, Station Wagon",Going Ahead,0,0,1,0,0,0,0,0,0,1,0,0,0,22,2200,Clear,Dark,-79.5133,43.758
998724,2491,Driver,20 to 24,Minimal,"Automobile, Station Wagon",Turning Left,0,0,1,0,0,0,0,0,0,1,0,0,0,22,2200,Clear,Dark,-79.5133,43.758
1000028,2567,Passenger,20 to 24,Major,Other,NULL,0,0,1,0,0,1,0,1,1,1,0,0,0,1,126,Rain,Dark,-79.4352,43.6779
1000028,2572,Driver,20 to 24,Major,"Automobile, Station Wagon",Going Ahead,0,0,1,0,0,1,0,1,1,1,0,0,0,1,126,Rain,Dark,-79.4352,43.6779
1000028,2580,Driver,40 to 44,None,Municipal Transit Bus (TTC),Going Ahead,0,0,1,0,0,1,0,1,1,1,0,0,0,1,126,Rain,Dark,-79.4352,43.6779
1000312,2600,Driver,40 to 44,Major,"Automobile, Station Wagon",Going Ahead,0,0,1,0,0,0,0,0,1,1,0,0,0,2,200,Clear,Dark,-79.5339,43.5943
1000380,2624,Driver,55 to 59,None,"Automobile, Station Wagon",Turning Right,1,0,1,0,0,0,0,0,0,0,0,0,0,10,1005,Clear,Daylight,-79.4359,43.6371
1000380,2629,Pedestrian,75 to 79,Major,Other,NULL,1,0,1,0,0,0,0,0,0,0,0,0,0,10,1005,Clear,Daylight,-79.4359,43.6371
1000446,2225,Cyclist,25 to 29,Major,Bicycle,Going Ahead,0,1,1,0,0,0,0,0,0,0,0,0,0,7,726,Clear,Dark,-79.3125,43.6672
1000446,2120,Driver,75 to 79,None,"Automobile, Station Wagon",Turning Left,0,1,1,0,0,0,0,0,0,0,0,0,0,7,726,Clear,Dark,-79.3125,43.6672
1000871,2671,Driver,35 to 39,None,"Automobile, Station Wagon",Turning Left,1,0,1,0,0,0,0,0,0,1,0,0,0,7,710,Clear,Daylight,-79.2974,43.752
1000871,2675,Pedestrian,45 to 49,Fatal,Other,NULL,1,0,1,0,0,0,0,0,0,1,0,0,0,7,710,Clear,Daylight,-79.2974,43.752
1003629,2884,Driver,45 to 49,Minor,"Automobile, Station Wagon",Going Ahead,0,0,1,0,0,0,0,0,0,1,0,0,0,6,635,Clear,Dark,-79.4117,43.765
1003629,2885,Driver,55 to 59,Minimal,"Automobile, Station Wagon",Slowing or Stopping,0,0,1,0,0,0,0,0,0,1,0,0,0,6,635,Clear,Dark,-79.4117,43.765
1003629,2125,Driver,35 to 39,Major,"Automobile, Station Wagon",Slowing or Stopping,0,0,1,0,0,0,0,0,0,1,0,0,0,6,635,Clear,Dark,-79.4117,43.765
1004306,2887,Other,unknown,None,Other,Parked,0,0,1,0,0,0,0,1,0,0,0,0,0,19,1947,Clear,Dark,-79.2425,43.7206
1004306,2939,Passenger,20 to 24,Fatal,Other,NULL,0,0,1,0,0,0,0,1,0,0,0,0,0,19,1947,Clear,Dark,-79.2425,43.7206
1004306,2940,Driver,25 to 29,None,"Automobile, Station Wagon",Going Ahead,0,0,1,0,0,0,0,1,0,0,0,0,0,19,1947,Clear,Dark,-79.2425,43.7206
1004974,2561,Pedestrian,35 to 39,Major,Other,NULL,1,0,1,0,0,0,0,0,0,1,0,0,0,18,1803,Clear,Dark,-79.2297,43.7956
1004974,2545,Other,60 to 64,None,"Automobile, Station Wagon",Parked,1,0,1,0,0,0,0,0,0,1,0,0,0,18,1803,Clear,Dark,-79.2297,43.7956
1004974,2554,Driver,15 to 19,None,"Automobile, Station Wagon",Going Ahead,1,0,1,0,0,0,0,0,0,1,0,0,0,18,1803,Clear,Dark,-79.2297,43.7956