ACCNUM,ObjectId,INVTYPE,INVAGE,INJURY,VEHTYPE,MANOEUVER,PEDESTRIAN,CYCLIST,AUTOMOBILE,MOTORCYCLE,TRUCK,TRSN_CITY_VEH,EMERG_VEH,PASSENGER,SPEEDING,AG_DRIV,REDLIGHT,ALCOHOL,DISABILITY,HOUR,TIME,VISIBILITY,LIGHT,collision_lat,collision_long
1004974,2537,Driver,45 to 49,None,"Automobile, Station Wagon",Slowing or Stopping,1,0,1,0,0,0,0,0,0,1,0,0,0,18,1803,Clear,Dark,-79.2297,43.7956
1005351,2525,Driver,30 to 34,Major,"Automobile, Station Wagon",Unknown,0,0,1,0,0,0,0,0,0,0,0,0,0,7,735,Clear,Daylight,-79.337,43.7005
1007205,2981,Driver,unknown,None,"Automobile, Station Wagon",Turning Left,1,0,1,0,0,0,0,0,0,1,0,0,0,18,1755,Clear,Dark,-79.4503,43.6496
1007205,2982,Pedestrian,70 to 74,Major,Other,NULL,1,0,1,0,0,0,0,0,0,1,0,0,0,18,1755,Clear,Dark,-79.4503,43.6496
1008034,2947,Driver,75 to 79,None,"Automobile, Station Wagon",Going Ahead,1,0,1,0,0,0,0,0,0,0,0,0,0,8,805,Clear,Daylight,-79.4393,43.6889
1008034,2948,Pedestrian,20 to 24,Major,Other,NULL,1,0,1,0,0,0,0,0,0,0,0,0,0,8,805,Clear,Daylight,-79.4393,43.6889
1008693,3000,Driver,70 to 74,Major,"Automobile, Station Wagon",Unknown,0,0,1,0,0,0,0,0,0,0,0,0,0,12,1247,Clear,Daylight,-79.4735,43.6711
1008986,2131,Driver,55 to 59,None,"Automobile, Station Wagon",Going Ahead,1,0,1,0,0,0,0,0,0,0,0,0,0,12,1212,Snow,Daylight,-79.211,43.7628
1008986,2132,Pedestrian,40 to 44,Fatal,Other,NULL,1,0,1,0,0,0,0,0,0,0,0,0,0,12,1212,Snow,Daylight,-79.211,43.7628
1009854,2966,Driver,35 to 39,None,"Automobile, Station Wagon",Changing Lanes,1,0,1,0,0,0,0,0,1,1,0,1,0,3,258,Snow,Dark,-79.3981,43.6743
1009854,2968,Pedestrian,40 to 44,Major,Other,NULL,1,0,1,0,0,0,0,0,1,1,0,1,0,3,258,Snow,Dark,-79.3981,43.6743
1010140,2977,Truck Driver,35 to 39,None,Truck - Open,Turning Right,1,0,0,0,1,0,0,0,0,0,0,0,0,13,1250,Clear,Daylight,-79.3878,43.6728
1010140,2978,Pedestrian,15 to 19,Major,Other,NULL,1,0,0,0,1,0,0,0,0,0,0,0,0,13,1250,Clear,Daylight,-79.3878,43.6728
1010606,16043,Motorcycle Driver,25 to 29,Fatal,Motorcycle,Going Ahead,0,0,1,1,0,0,0,0,1,1,0,0,0,18,1820,Clear,Daylight,-79.4285,43.7141
1010606,16044,Driver,15 to 19,None,"Automobile, Station Wagon",Turning Left,0,0,1,1,0,0,0,0,1,1,0,0,0,18,1820,Clear,Daylight,-79.4285,43.7141
1011551,2142,Passenger,5 to 9,Minimal,Other,NULL,0,0,1,0,0,0,0,1,0,1,1,0,0,12,1232,Clear,Daylight,-79.5714,43.6928
1011551,2143,Passenger,5 to 9,Minimal,Other,NULL,0,0,1,0,0,0,0,1,0,1,1,0,0,12,1232,Clear,Daylight,-79.5714,43.6928
1000894,2777,Pedestrian,30 to 34,Major,Other,NULL,1,0,1,0,0,0,0,0,0,1,0,0,0,21,2115,Rain,Dark,-79.3578,43.7939
1000894,2730,Driver,55 to 59,None,"Automobile, Station Wagon",Turning Left,1,0,1,0,0,0,0,0,0,1,0,0,0,21,2115,Rain,Dark,-79.3578,43.7939
1002149,2872,Pedestrian,65 to 69,Major,"Automobile, Station Wagon",NULL,1,0,1,0,0,0,0,0,0,0,0,0,0,18,1825,Rain,Dark,-79.5323,43.7062
1002149,2873,Driver,unknown,None,"Automobile, Station Wagon",Going Ahead,1,0,1,0,0,0,0,0,0,0,0,0,0,18,1825,Rain,Dark,-79.5323,43.7062
1002316,2631,Driver,45 to 49,None,"Automobile, Station Wagon",Turning Left,1,0,1,0,0,0,0,0,0,1,0,0,0,19,1852,Rain,Dark,-79.3192,43.6729
1002316,2634,Pedestrian,70 to 74,Major,Other,NULL,1,0,1,0,0,0,0,0,0,1,0,0,0,19,1852,Rain,Dark,-79.3192,43.6729
1003217,2719,Driver,60 to 64,None,"Automobile, Station Wagon",Turning Left,1,0,1,0,0,0,0,0,0,1,0,0,0,18,1836,Rain,Dusk,-79.2521,43.7745
1003217,2723,Pedestrian,30 to 34,Major,Other,NULL,1,0,1,0,0,0,0,0,0,1,0,0,0,18,1836,Rain,Dusk,-79.2521,43.7745
1003569,2881,Driver,30 to 34,None,"Automobile, Station Wagon",Turning Right,1,0,1,0,0,0,0,0,0,0,0,0,0,16,1551,Clear,Daylight,-79.4372,43.6473
1003569,2882,Pedestrian,70 to 74,Major,Other,NULL,1,0,1,0,0,0,0,0,0,0,0,0,0,16,1551,Clear,Daylight,-79.4372,43.6473
1005791,2957,Driver,unknown,None,"Automobile, Station Wagon",Going Ahead,1,0,1,0,0,0,0,0,0,0,0,0,0,24,2357,Clear,Dark,-79.3669,43.6619
1005791,2958,Pedestrian,60 to 64,Major,Other,NULL,1,0,1,0,0,0,0,0,0,0,0,0,0,24,2357,Clear,Dark,-79.3669,43.6619
1009018,2134,Driver,40 to 44,None,NULL,Going Ahead,0,0,1,0,0,0,0,0,0,0,0,0,0,1,58,Snow,Dark,-79.3325,43.7436
1009018,2136,Driver,20 to 24,Major,"Automobile, Station Wagon",Going Ahead,0,0,1,0,0,0,0,0,0,0,0,0,0,1,58,Snow,Dark,-79.3325,43.7436
1011408,2148,Driver,45 to 49,Major,"Automobile, Station Wagon",Going Ahead,0,0,1,0,0,0,0,0,0,0,0,0,0,8,846,Clear,Daylight,-79.3519,43.6775
1011759,2983,Driver,60 to 64,Major,"Automobile, Station Wagon",Going Ahead,0,0,1,0,0,0,0,0,0,0,0,1,0,19,1949,Clear,Dark,-79.2931,43.7415
1011759,2984,Driver,60 to 64,None,"Automobile, Station Wagon",Going Ahead,0,0,1,0,0,0,0,0,0,0,0,1,0,19,1949,Clear,Dark,-79.2931,43.7415
1013128,2146,Driver,40 to 44,None,"Automobile, Station Wagon",Going Ahead,1,0,1,0,0,0,0,0,0,0,0,0,0,5,455,Clear,Dark,-79.3821,43.6445
1013128,2147,Pedestrian,20 to 24,Major,Other,NULL,1,0,1,0,0,0,0,0,0,0,0,0,0,5,455,Clear,Dark,-79.3821,43.6445
1014650,2212,Passenger,20 to 24,Major,Other,NULL,0,0,1,0,0,0,0,1,0,0,0,1,0,22,2232,Snow,Dark,-79.2397,43.7498
1014650,2213,Passenger,20 to 24,Major,Other,NULL,0,0,1,0,0,0,0,1,0,0,0,1,0,22,2232,Snow,Dark,-79.2397,43.7498
1014650,2215,Driver,20 to 24,Major,"Automobile, Station Wagon",Going Ahead,0,0,1,0,0,0,0,1,0,0,0,1,0,22,2232,Snow,Dark,-79.2397,43.7498
1017926,3410,Driver,60 to 64,Major,"Automobile, Station Wagon",Slowing or Stopping,0,0,1,0,0,0,0,0,0,1,0,0,0,8,807,Snow,Daylight,-79.4663,43.6532
1017926,3427,Driver,20 to 24,Minimal,"Automobile, Station Wagon",Going Ahead,0,0,1,0,0,0,0,0,0,1,0,0,0,8,807,Snow,Daylight,-79.4663,43.6532
1017926,3399,Driver,50 to 54,None,"Automobile, Station Wagon",Going Ahead,0,0,1,0,0,0,0,0,0,1,0,0,0,8,807,Snow,Daylight,-79.4663,43.6532
1025897,3245,Driver,50 to 54,None,"Automobile, Station Wagon",Reversing,1,0,1,0,0,0,0,0,0,1,0,0,0,9,905,Clear,Daylight,-79.3668,43.6542
1025897,3250,Pedestrian,25 to 29,Major,Other,NULL,1,0,1,0,0,0,0,0,0,1,0,0,0,9,905,Clear,Daylight,-79.3668,43.6542
1029708,3837,Driver,30 to 34,Major,"Automobile, Station Wagon",Going Ahead,0,0,1,0,0,0,0,0,0,1,1,0,0,15,1450,Clear,Daylight,-79.2525,43.7273
1029708,3838,Driver,15 to 19,Minimal,"Automobile, Station Wagon",Going Ahead,0,0,1,0,0,0,0,0,0,1,1,0,0,15,1450,Clear,Daylight,-79.2525,43.7273
1030609,3828,Driver,50 to 54,Major,"Automobile, Station Wagon",Turning Left,0,0,1,0,0,1,0,0,0,0,0,0,0,17,1720,Clear,Daylight,-79.3784,43.6405
1030609,3830,Driver,60 to 64,None,Municipal Transit Bus (TTC),Going Ahead,0,0,1,0,0,1,0,0,0,0,0,0,0,17,1720,Clear,Daylight,-79.3784,43.6405
1030828,3866,Driver,40 to 44,None,"Automobile, Station Wagon",Going Ahead,1,0,1,0,0,0,0,0,0,1,0,0,0,14,1350,Clear,Daylight,-79.2879,43.7468
1030828,3026,Pedestrian,75 to 79,Major,Other,NULL,1,0,1,0,0,0,0,0,0,1,0,0,0,14,1350,Clear,Daylight,-79.2879,43.7468
1032314,3226,Pedestrian,10 to 14,Major,Other,NULL,1,0,1,0,0,0,0,0,0,0,0,0,0,18,1800,Clear,Daylight,-79.2181,43.7414
1032314,3123,Driver,60 to 64,None,"Automobile, Station Wagon",Going Ahead,1,0,1,0,0,0,0,0,0,0,0,0,0,18,1800,Clear,Daylight,-79.2181,43.7414
1033099,3729,Driver,45 to 49,None,"Automobile, Station Wagon",Parked,0,0,1,0,0,0,0,1,0,0,0,0,0,22,2209,Rain,Dark,-79.238,43.7201
1033099,3730,Passenger,70 to 74,Major,Other,NULL,0,0,1,0,0,0,0,1,0,0,0,0,0,22,2209,Rain,Dark,-79.238,43.7201
1033099,3731,Driver,70 to 74,Minimal,"Automobile, Station Wagon",Going Ahead,0,0,1,0,0,0,0,1,0,0,0,0,0,22,2209,Rain,Dark,-79.238,43.7201
1034287,3726,Driver,40 to 44,Major,"Automobile, Station Wagon",Slowing or Stopping,0,0,1,0,0,0,0,1,0,1,0,0,0,18,1849,Clear,Daylight,-79.5114,43.6839
1034287,3727,Driver,45 to 49,Minimal,"Automobile, Station Wagon",Going Ahead,0,0,1,0,0,0,0,1,0,1,0,0,0,18,1849,Clear,Daylight,-79.5114,43.6839
1034287,3724,Passenger,35 to 39,None,Other,NULL,0,0,1,0,0,0,0,1,0,1,0,0,0,18,1849,Clear,Daylight,-79.5114,43.6839
1034570,3772,Motorcycle Driver,30 to 34,Major,Motorcycle,Going Ahead,0,0,1,1,0,0,0,0,0,0,0,0,0,11,1111,Clear,Daylight,-79.1401,43.788
1034570,3774,Driver,25 to 29,None,"Automobile, Station Wagon",Turning Left,0,0,1,1,0,0,0,0,0,0,0,0,0,11,1111,Clear,Daylight,-79.1401,43.788
1035924,3251,Truck Driver,35 to 39,None,Truck - Open,Turning Left,1,0,0,0,1,0,0,0,0,0,0,0,0,7,738,Clear,Daylight,-79.247,43.7196
1035924,3261,Pedestrian,50 to 54,Fatal,Other,NULL,1,0,0,0,1,0,0,0,0,0,0,0,0,7,738,Clear,Daylight,-79.247,43.7196
1036978,3768,Cyclist,20 to 24,Major,Bicycle,Going Ahead,0,1,1,0,0,0,0,0,0,0,0,0,0,8,805,Clear,Daylight,-79.4953,43.6496
1036978,3767,Driver,35 to 39,None,"Automobile, Station Wagon",Turning Right,0,1,1,0,0,0,0,0,0,0,0,0,0,8,805,Clear,Daylight,-79.4953,43.6496
1039417,3779,Motorcycle Driver,30 to 34,Major,Motorcycle,Going Ahead,0,0,1,1,0,0,0,0,0,0,0,0,0,20,2020,Clear,Dark,-79.4599,43.6741
1039417,3781,Driver,20 to 24,None,"Automobile, Station Wagon",Changing Lanes,0,0,1,1,0,0,0,0,0,0,0,0,0,20,2020,Clear,Dark,-79.4599,43.6741
1039584,3911,Driver,55 to 59,None,NULL,Going Ahead,0,1,1,0,0,0,0,0,0,0,0,0,0,13,1310,Clear,Daylight,-79.4102,43.7042
1039584,3913,Driver,40 to 44,None,"Automobile, Station Wagon",Parked,0,1,1,0,0,0,0,0,0,0,0,0,0,13,1310,Clear,Daylight,-79.4102,43.7042
1039584,3914,Cyclist,55 to 59,Fatal,Bicycle,Going Ahead,0,1,1,0,0,0,0,0,0,0,0,0,0,13,1310,Clear,Daylight,-79.4102,43.7042
1041105,3041,Driver,50 to 54,None,"Automobile, Station Wagon",Going Ahead,0,0,1,0,0,0,0,0,0,1,0,0,0,18,1838,Clear,Daylight,-79.5296,43.6968
1041105,3042,Driver,15 to 19,Major,"Automobile, Station Wagon",Going Ahead,0,0,1,0,0,0,0,0,0,1,0,0,0,18,1838,Clear,Daylight,-79.5296,43.6968
1043011,3113,Driver,25 to 29,Minimal,"Automobile, Station Wagon",Going Ahead,1,0,1,0,0,0,0,0,0,0,0,0,0,23,2321,Rain,Dark,-79.3465,43.7691
1043011,3114,Pedestrian,25 to 29,Major,Other,NULL,1,0,1,0,0,0,0,0,0,0,0,0,0,23,2321,Rain,Dark,-79.3465,43.7691
1044781,3058,Driver,25 to 29,Minimal,"Automobile, Station Wagon",Going Ahead,0,0,1,0,0,0,0,0,0,1,1,0,0,14,1355,Clear,Daylight,-79.5522,43.7499
1044781,3057,Driver,50 to 54,Minimal,"Automobile, Station Wagon",Stopped,0,0,1,0,0,0,0,0,0,1,1,0,0,14,1355,Clear,Daylight,-79.5522,43.7499
1044781,3059,Driver,60 to 64,Major,"Automobile, Station Wagon",Going Ahead,0,0,1,0,0,0,0,0,0,1,1,0,0,14,1355,Clear,Daylight,-79.5522,43.7499
1044815,3164,Driver,25 to 29,None,"Automobile, Station Wagon",Going Ahead,1,0,1,0,0,0,0,0,0,1,0,0,0,22,2226,Clear,Dark,-79.5183,43.7187
1044815,3165,Pedestrian,75 to 79,Fatal,Other,NULL,1,0,1,0,0,0,0,0,0,1,0,0,0,22,2226,Clear,Dark,-79.5183,43.7187
1044949,3171,Passenger,35 to 39,None,Other,NULL,0,1,1,0,0,0,0,1,0,0,0,0,0,20,2040,Clear,Daylight,-79.5125,43.7282
1044949,3172,Driver,35 to 39,None,"Automobile, Station Wagon",Going Ahead,0,1,1,0,0,0,0,1,0,0,0,0,0,20,2040,Clear,Daylight,-79.5125,43.7282
1044949,3173,Cyclist,5 to 9,Major,Bicycle,Going Ahead,0,1,1,0,0,0,0,1,0,0,0,0,0,20,2040,Clear,Daylight,-79.5125,43.7282
1046554,3208,Pedestrian,15 to 19,Major,Other,NULL,1,0,0,0,0,0,0,0,0,0,0,0,0,6,552,Clear,Daylight,-79.2987,43.8212
1046603,3101,Driver,35 to 39,None,"Automobile, Station Wagon",Going Ahead,0,1,1,0,0,0,0,0,0,0,0,0,0,9,945,Clear,Daylight,-79.394,43.6687
1046603,3102,Cyclist,20 to 24,Major,Bicycle,Changing Lanes,0,1,1,0,0,0,0,0,0,0,0,0,0,9,945,Clear,Daylight,-79.394,43.6687
1046604,3099,Driver,60 to 64,None,"Automobile, Station Wagon",Going Ahead,1,0,1,0,0,0,0,0,0,1,0,0,0,9,902,Clear,Daylight,-79.4078,43.6853
1046604,3100,Pedestrian,35 to 39,Major,Other,NULL,1,0,1,0,0,0,0,0,0,1,0,0,0,9,902,Clear,Daylight,-79.4078,43.6853
1047021,3126,Driver,40 to 44,None,"Automobile, Station Wagon",Overtaking,0,1,1,0,0,0,0,0,0,1,0,0,0,13,1340,Clear,Daylight,-79.4334,43.655
1047021,3127,Cyclist,15 to 19,Major,Bicycle,Going Ahead,0,1,1,0,0,0,0,0,0,1,0,0,0,13,1340,Clear,Daylight,-79.4334,43.655
985784,2846,Driver,40 to 44,Minimal,"Automobile, Station Wagon",Turning Left,0,0,1,0,0,0,0,1,0,1,0,0,0,22,2240,Clear,Dark,-79.3882,43.6547
986972,2380,Passenger,25 to 29,Major,Other,NULL,0,0,0,0,0,0,0,1,1,1,0,0,0,0,42,Clear,Dark,-79.2541,43.7795
986972,2381,Driver,15 to 19,None,Other,Merging,0,0,0,0,0,0,0,1,1,1,0,0,0,0,42,Clear,Dark,-79.2541,43.7795
987223,2395,Vehicle Owner,unknown,None,Other,NULL,0,0,1,0,0,0,0,1,0,1,0,0,0,8,830,Clear,Daylight,-79.4532,43.7601
987223,2396,Driver,40 to 44,Major,"Automobile, Station Wagon",Stopped,0,0,1,0,0,0,0,1,0,1,0,0,0,8,830,Clear,Daylight,-79.4532,43.7601
987223,2397,Passenger,20 to 24,Minimal,Other,NULL,0,0,1,0,0,0,0,1,0,1,0,0,0,8,830,Clear,Daylight,-79.4532,43.7601
987223,2398,Driver,45 to 49,Minimal,"Automobile, Station Wagon",Going Ahead,0,0,1,0,0,0,0,1,0,1,0,0,0,8,830,Clear,Daylight,-79.4532,43.7601
987506,2688,Passenger,40 to 44,Minor,Other,NULL,0,0,1,0,0,0,0,1,1,1,1,0,0,16,1605,Clear,Daylight,-79.2511,43.8365
987506,2689,Driver,40 to 44,Minimal,"Automobile, Station Wagon",Going Ahead,0,0,1,0,0,0,0,1,1,1,1,0,0,16,1605,Clear,Daylight,-79.2511,43.8365
987506,2690,Passenger,5 to 9,None,Other,NULL,0,0,1,0,0,0,0,1,1,1,1,0,0,16,1605,Clear,Daylight,-79.2511,43.8365
987506,2691,Passenger,0 to 4,None,Other,NULL,0,0,1,0,0,0,0,1,1,1,1,0,0,16,1605,Clear,Daylight,-79.2511,43.8365
987506,2692,Passenger,5 to 9,None,Other,NULL,0,0,1,0,0,0,0,1,1,1,1,0,0,16,1605,Clear,Daylight,-79.2511,43.8365
987506,2693,Passenger,30 to 34,Minor,Other,NULL,0,0,1,0,0,0,0,1,1,1,1,0,0,16,1605,Clear,Daylight,-79.2511,43.8365
987506,2694,Driver,30 to 34,None,"Automobile, Station Wagon",Going Ahead,0,0,1,0,0,0,0,1,1,1,1,0,0,16,1605,Clear,Daylight,-79.2511,43.8365
987506,2679,Vehicle Owner,unknown,None,Other,NULL,0,0,1,0,0,0,0,1,1,1,1,0,0,16,1605,Clear,Daylight,-79.2511,43.8365
987506,2680,Driver,45 to 49,Major,"Automobile, Station Wagon",Going Ahead,0,0,1,0,0,0,0,1,1,1,1,0,0,16,1605,Clear,Daylight,-79.2511,43.8365
987506,2681,Passenger,45 to 49,None,Other,NULL,0,0,1,0,0,0,0,1,1,1,1,0,0,16,1605,Clear,Daylight,-79.2511,43.8365
987506,2682,Driver,50 to 54,None,"Automobile, Station Wagon",Going Ahead,0,0,1,0,0,0,0,1,1,1,1,0,0,16,1605,Clear,Daylight,-79.2511,43.8365
987506,2683,Passenger,0 to 4,Minor,Other,NULL,0,0,1,0,0,0,0,1,1,1,1,0,0,16,1605,Clear,Daylight,-79.2511,43.8365
987506,2684,Passenger,15 to 19,Minor,Other,NULL,0,0,1,0,0,0,0,1,1,1,1,0,0,16,1605,Clear,Daylight,-79.2511,43.8365
987506,2685,Driver,35 to 39,None,"Automobile, Station Wagon",Going Ahead,0,0,1,0,0,0,0,1,1,1,1,0,0,16,1605,Clear,Daylight,-79.2511,43.8365
987941,2021,Driver,40 to 44,None,"Automobile, Station Wagon",Going Ahead,0,0,1,0,0,0,0,0,0,0,0,0,1,10,1015,Clear,Daylight,-79.6036,43.651
987941,2022,Vehicle Owner,unknown,None,Other,NULL,0,0,1,0,0,0,0,0,0,0,0,0,1,10,1015,Clear,Daylight,-79.6036,43.651
987941,2023,Driver,50 to 54,Major,"Automobile, Station Wagon",Going Ahead,0,0,1,0,0,0,0,0,0,0,0,0,1,10,1015,Clear,Daylight,-79.6036,43.651
989043,2422,Driver,30 to 34,Minimal,"Automobile, Station Wagon",Stopped,1,0,1,0,0,0,0,0,0,1,0,0,0,2,210,Clear,Dark,-79.3289,43.6732
989043,2423,Driver,25 to 29,Minor,"Automobile, Station Wagon",Going Ahead,1,0,1,0,0,0,0,0,0,1,0,0,0,2,210,Clear,Dark,-79.3289,43.6732
989043,2424,Pedestrian,25 to 29,Major,Other,NULL,1,0,1,0,0,0,0,0,0,1,0,0,0,2,210,Clear,Dark,-79.3289,43.6732
989495,2051,Driver,40 to 44,None,"Automobile, Station Wagon",Going Ahead,1,0,1,0,0,0,0,0,0,1,0,0,0,16,1635,Clear,Daylight,-79.2931,43.7265
989495,2052,Pedestrian,55 to 59,Major,Other,NULL,1,0,1,0,0,0,0,0,0,1,0,0,0,16,1635,Clear,Daylight,-79.2931,43.7265
990014,2058,Truck Driver,20 to 24,None,Truck - Open,Turning Left,1,0,0,0,1,0,0,0,0,0,0,0,0,10,1005,Clear,Daylight,-79.5242,43.7559
990014,2059,Pedestrian,65 to 69,Fatal,Other,NULL,1,0,0,0,1,0,0,0,0,0,0,0,0,10,1005,Clear,Daylight,-79.5242,43.7559
992854,2358,Driver,25 to 29,Minimal,"Automobile, Station Wagon",Stopped,0,0,1,0,0,0,0,0,0,1,0,0,0,16,1640,Clear,Daylight,-79.3389,43.7209
992854,2331,Driver,45 to 49,None,"Automobile, Station Wagon",Going Ahead,0,0,1,0,0,0,0,0,0,1,0,0,0,16,1640,Clear,Daylight,-79.3389,43.7209
992854,2335,Driver,60 to 64,Major,"Automobile, Station Wagon",Going Ahead,0,0,1,0,0,0,0,0,0,1,0,0,0,16,1640,Clear,Daylight,-79.3389,43.7209
993657,2027,Driver,20 to 24,Minimal,"Automobile, Station Wagon",Going Ahead,0,0,1,0,0,0,0,0,0,0,0,0,0,11,1110,Clear,Daylight,-79.3379,43.7785
993657,2028,Driver,65 to 69,Major,"Automobile, Station Wagon",Turning Left,0,0,1,0,0,0,0,0,0,0,0,0,0,11,1110,Clear,Daylight,-79.3379,43.7785
994409,2053,Driver,55 to 59,None,"Automobile, Station Wagon",Turning Left,1,0,1,0,0,0,0,0,0,1,0,0,0,6,610,Rain,Dark,-79.281,43.7657
994409,2054,Pedestrian,45 to 49,Major,Other,NULL,1,0,1,0,0,0,0,0,0,1,0,0,0,6,610,Rain,Dark,-79.281,43.7657
998487,2562,Passenger,35 to 39,Major,Other,NULL,0,0,1,0,0,0,0,1,1,1,0,0,0,18,1750,Clear,Daylight,-79.3998,43.6458
998487,2576,Driver,30 to 34,Minor,"Automobile, Station Wagon",Pulling Onto Shoulder or towardCurb,0,0,1,0,0,0,0,1,1,1,0,0,0,18,1750,Clear,Daylight,-79.3998,43.6458
1001761,2870,Driver,35 to 39,None,"Automobile, Station Wagon",Turning Left,1,0,1,0,0,0,0,0,0,1,0,0,0,18,1810,Rain,Dark,-79.517,43.7548
1001761,2871,Pedestrian,80 to 84,Fatal,Other,NULL,1,0,1,0,0,0,0,0,0,1,0,0,0,18,1810,Rain,Dark,-79.517,43.7548
1001762,2874,Driver,20 to 24,None,"Automobile, Station Wagon",Going Ahead,1,0,1,0,0,0,0,1,0,1,0,0,0,19,1853,Rain,Dark,-79.2711,43.8092
1001762,2875,Passenger,30 to 34,None,Other,NULL,1,0,1,0,0,0,0,1,0,1,0,0,0,19,1853,Rain,Dark,-79.2711,43.8092
1001762,2877,Pedestrian,15 to 19,Minimal,Other,NULL,1,0,1,0,0,0,0,1,0,1,0,0,0,19,1853,Rain,Dark,-79.2711,43.8092
1001762,2878,Pedestrian,40 to 44,Major,Other,NULL,1,0,1,0,0,0,0,1,0,1,0,0,0,19,1853,Rain,Dark,-79.2711,43.8092
1003332,2859,Driver,50 to 54,None,"Automobile, Station Wagon",Going Ahead,1,0,1,0,0,0,0,0,0,0,0,0,0,19,1945,Rain,Dark,-79.2666,43.756
1003332,2860,Pedestrian,40 to 44,Major,Other,NULL,1,0,1,0,0,0,0,0,0,0,0,0,0,19,1945,Rain,Dark,-79.2666,43.756
1005723,2310,Driver,50 to 54,Major,"Automobile, Station Wagon",Stopped,0,0,1,0,0,0,0,0,0,0,0,0,0,11,1050,Clear,Daylight,-79.2689,43.7882
1005723,2330,Driver,25 to 29,None,"Automobile, Station Wagon",Turning Right,0,0,1,0,0,0,0,0,0,0,0,0,0,11,1050,Clear,Daylight,-79.2689,43.7882
1006207,2614,Truck Driver,20 to 24,None,Truck - Open,Going Ahead,0,0,1,0,1,0,0,0,0,1,0,0,0,22,2209,Clear,Dark,-79.5837,43.7468
1006207,2621,Driver,25 to 29,Major,"Automobile, Station Wagon",Turning Left,0,0,1,0,1,0,0,0,0,1,0,0,0,22,2209,Clear,Dark,-79.5837,43.7468
1006875,2979,Driver,75 to 79,None,"Automobile, Station Wagon",Going Ahead,1,0,1,0,0,0,0,0,0,0,0,0,0,19,1856,Clear,Dark,-79.4219,43.6524
1006875,2980,Pedestrian,45 to 49,Fatal,Other,NULL,1,0,1,0,0,0,0,0,0,0,0,0,0,19,1856,Clear,Dark,-79.4219,43.6524
1009783,2953,Passenger,20 to 24,Major,Other,NULL,0,0,1,0,0,0,0,1,1,1,0,0,0,1,144,Rain,Dark,-79.3823,43.6523
1009783,2954,Driver,20 to 24,None,"Automobile, Station Wagon",Going Ahead,0,0,1,0,0,0,0,1,1,1,0,0,0,1,144,Rain,Dark,-79.3823,43.6523
1011055,2159,Driver,15 to 19,None,"Automobile, Station Wagon",Going Ahead,1,0,1,0,0,0,0,0,0,0,0,0,0,19,1905,Clear,Dark,-79.3768,43.6629
1011055,2160,Pedestrian,35 to 39,Major,Other,NULL,1,0,1,0,0,0,0,0,0,0,0,0,0,19,1905,Clear,Dark,-79.3768,43.6629
1013495,2196,Passenger,25 to 29,Fatal,Other,NULL,0,0,1,0,0,0,0,1,0,0,0,0,0,6,550,Clear,Dark,-79.5851,43.7147
1013495,2198,Driver,25 to 29,Minimal,"Automobile, Station Wagon",Going Ahead,0,0,1,0,0,0,0,1,0,0,0,0,0,6,550,Clear,Dark,-79.5851,43.7147
1014715,2180,Driver,55 to 59,Major,"Automobile, Station Wagon",Slowing or Stopping,0,0,1,0,0,0,0,0,0,1,0,0,0,15,1510,Clear,Daylight,-79.5638,43.734
1014715,2181,Driver,35 to 39,None,"Automobile, Station Wagon",Going Ahead,0,0,1,0,0,0,0,0,0,1,0,0,0,15,1510,Clear,Daylight,-79.5638,43.734
1017137,3626,Driver,25 to 29,None,"Automobile, Station Wagon",Going Ahead,0,0,1,0,0,0,0,1,1,1,0,0,0,18,1823,Clear,Dark,-79.4664,43.682
1017137,3623,Passenger,55 to 59,Minor,Other,NULL,0,0,1,0,0,0,0,1,1,1,0,0,0,18,1823,Clear,Dark,-79.4664,43.682
1017137,3624,Driver,75 to 79,Fatal,"Automobile, Station Wagon",Going Ahead,0,0,1,0,0,0,0,1,1,1,0,0,0,18,1823,Clear,Dark,-79.4664,43.682
1023187,3419,Passenger,15 to 19,Fatal,Other,NULL,0,0,1,0,0,0,0,1,0,0,0,1,0,21,2132,Clear,Dark,-79.4466,43.7882
1023187,3433,Passenger,15 to 19,Minor,Other,NULL,0,0,1,0,0,0,0,1,0,0,0,1,0,21,2132,Clear,Dark,-79.4466,43.7882
1023187,3426,Passenger,15 to 19,Minor,Other,NULL,0,0,1,0,0,0,0,1,0,0,0,1,0,21,2132,Clear,Dark,-79.4466,43.7882
1023187,3440,Driver,15 to 19,Minor,"Automobile, Station Wagon",Going Ahead,0,0,1,0,0,0,0,1,0,0,0,1,0,21,2132,Clear,Dark,-79.4466,43.7882
1023187,3403,Passenger,60 to 64,Minor,Other,NULL,0,0,1,0,0,0,0,1,0,0,0,1,0,21,2132,Clear,Dark,-79.4466,43.7882
1023187,3407,Driver,65 to 69,Minor,"Automobile, Station Wagon",Going Ahead,0,0,1,0,0,0,0,1,0,0,0,1,0,21,2132,Clear,Dark,-79.4466,43.7882
1023204,3658,Passenger,30 to 34,Major,Other,NULL,0,0,1,0,0,0,0,1,0,1,1,1,0,3,343,Clear,Dark,-79.2511,43.8365
1023204,3659,Passenger,35 to 39,Minor,Other,NULL,0,0,1,0,0,0,0,1,0,1,1,1,0,3,343,Clear,Dark,-79.2511,43.8365
1023204,3660,Driver,35 to 39,Minor,"Automobile, Station Wagon",Going Ahead,0,0,1,0,0,0,0,1,0,1,1,1,0,3,343,Clear,Dark,-79.2511,43.8365
1023204,3661,Driver,15 to 19,None,"Automobile, Station Wagon",Going Ahead,0,0,1,0,0,0,0,1,0,1,1,1,0,3,343,Clear,Dark,-79.2511,43.8365