ACCNUM,ObjectId,INVTYPE,INVAGE,INJURY,VEHTYPE,MANOEUVER,PEDESTRIAN,CYCLIST,AUTOMOBILE,MOTORCYCLE,TRUCK,TRSN_CITY_VEH,EMERG_VEH,PASSENGER,SPEEDING,AG_DRIV,REDLIGHT,ALCOHOL,DISABILITY,HOUR,TIME,VISIBILITY,LIGHT,collision_lat,collision_long
1024139,3687,Driver,75 to 79,None,"Automobile, Station Wagon",Going Ahead,1,0,1,0,0,0,0,0,0,0,0,0,0,12,1239,Clear,Daylight,-79.4357,43.6799
1024139,3688,Pedestrian,40 to 44,Major,Other,NULL,1,0,1,0,0,0,0,0,0,0,0,0,0,12,1239,Clear,Daylight,-79.4357,43.6799
1024408,3692,Driver,unknown,None,"Automobile, Station Wagon",Going Ahead,1,0,1,0,0,0,0,0,0,0,0,0,0,19,1900,Clear,Dark,-79.3089,43.7809
1024408,3693,Pedestrian,60 to 64,Major,Other,NULL,1,0,1,0,0,0,0,0,0,0,0,0,0,19,1900,Clear,Dark,-79.3089,43.7809
1025610,3814,Driver,70 to 74,Major,"Automobile, Station Wagon",Going Ahead,0,0,1,0,0,0,0,0,0,0,0,0,1,13,1331,Clear,Daylight,-79.508,43.6845
960441,1985,Driver,30 to 34,None,"Automobile, Station Wagon",Going Ahead,1,0,1,0,0,0,0,1,0,1,0,0,0,16,1610,Clear,Daylight,-79.3915,43.7464
960441,1986,Pedestrian,15 to 19,Major,Other,NULL,1,0,1,0,0,0,0,1,0,1,0,0,0,16,1610,Clear,Daylight,-79.3915,43.7464
961761,1731,Other,unknown,None,Other,NULL,0,0,1,0,1,0,0,0,0,1,1,0,1,21,2145,Clear,Dark,-79.481,43.7846
961761,1727,Driver,50 to 54,Major,"Automobile, Station Wagon",Turning Left,0,0,1,0,1,0,0,0,0,1,1,0,1,21,2145,Clear,Dark,-79.481,43.7846
961761,1720,Vehicle Owner,unknown,None,Other,NULL,0,0,1,0,1,0,0,0,0,1,1,0,1,21,2145,Clear,Dark,-79.481,43.7846
961761,1722,Truck Driver,30 to 34,None,Truck - Open,Turning Left,0,0,1,0,1,0,0,0,0,1,1,0,1,21,2145,Clear,Dark,-79.481,43.7846
963700,1782,Passenger,30 to 34,Major,Other,NULL,0,0,1,0,0,0,0,1,0,0,0,0,0,4,400,Snow,Dark,-79.3488,43.6566
963700,1783,Vehicle Owner,unknown,None,Other,NULL,0,0,1,0,0,0,0,1,0,0,0,0,0,4,400,Snow,Dark,-79.3488,43.6566
963700,1784,Driver,25 to 29,None,"Automobile, Station Wagon",Going Ahead,0,0,1,0,0,0,0,1,0,0,0,0,0,4,400,Snow,Dark,-79.3488,43.6566
963700,1785,Other Property Owner,unknown,None,Other,NULL,0,0,1,0,0,0,0,1,0,0,0,0,0,4,400,Snow,Dark,-79.3488,43.6566
963934,1788,Driver,20 to 24,None,"Automobile, Station Wagon",Slowing or Stopping,1,0,1,0,0,0,0,0,0,1,1,0,0,14,1400,Clear,Daylight,-79.3745,43.657
963934,1789,Pedestrian,55 to 59,Major,Other,NULL,1,0,1,0,0,0,0,0,0,1,1,0,0,14,1400,Clear,Daylight,-79.3745,43.657
964318,1353,Driver,45 to 49,None,"Automobile, Station Wagon",Going Ahead,1,0,1,0,0,0,0,0,0,0,0,0,0,13,1305,Clear,Daylight,-79.3542,43.7927
964318,1354,Pedestrian,65 to 69,Major,Other,NULL,1,0,1,0,0,0,0,0,0,0,0,0,0,13,1305,Clear,Daylight,-79.3542,43.7927
964835,1368,Passenger,80 to 84,Major,Other,NULL,0,0,1,0,0,0,0,1,0,0,0,0,0,16,1603,Clear,Daylight,-79.5431,43.6026
964835,1369,Driver,90 to 94,Fatal,"Automobile, Station Wagon",Going Ahead,0,0,1,0,0,0,0,1,0,0,0,0,0,16,1603,Clear,Daylight,-79.5431,43.6026
964870,1113,Driver,40 to 44,None,"Automobile, Station Wagon",Turning Left,0,1,1,0,0,0,0,0,0,0,0,0,0,20,2045,Clear,Dark,-79.4006,43.6614
964870,1121,Cyclist,65 to 69,Major,Bicycle,Going Ahead,0,1,1,0,0,0,0,0,0,0,0,0,0,20,2045,Clear,Dark,-79.4006,43.6614
966139,1327,Driver,30 to 34,None,"Automobile, Station Wagon",Going Ahead,1,0,1,0,0,0,0,0,0,0,0,0,0,12,1220,Clear,Daylight,-79.2366,43.7214
966139,1328,Pedestrian,15 to 19,Major,Other,NULL,1,0,1,0,0,0,0,0,0,0,0,0,0,12,1220,Clear,Daylight,-79.2366,43.7214
967962,1355,Driver,65 to 69,None,"Automobile, Station Wagon",Going Ahead,0,0,1,0,0,0,0,1,0,1,1,0,0,10,1040,Clear,Daylight,-79.5634,43.7048
967962,1356,Passenger,10 to 14,Minimal,Other,NULL,0,0,1,0,0,0,0,1,0,1,1,0,0,10,1040,Clear,Daylight,-79.5634,43.7048
967962,1357,Passenger,60 to 64,Major,Other,NULL,0,0,1,0,0,0,0,1,0,1,1,0,0,10,1040,Clear,Daylight,-79.5634,43.7048
967962,1358,Passenger,15 to 19,Minimal,Other,NULL,0,0,1,0,0,0,0,1,0,1,1,0,0,10,1040,Clear,Daylight,-79.5634,43.7048
967962,1359,Driver,45 to 49,Minimal,"Automobile, Station Wagon",Going Ahead,0,0,1,0,0,0,0,1,0,1,1,0,0,10,1040,Clear,Daylight,-79.5634,43.7048
970485,1548,Passenger,15 to 19,Major,Other,NULL,0,0,1,0,0,0,0,1,0,1,0,0,0,23,2300,Clear,Dark,-79.2658,43.7015
970485,1549,Passenger,15 to 19,Minor,Other,NULL,0,0,1,0,0,0,0,1,0,1,0,0,0,23,2300,Clear,Dark,-79.2658,43.7015
970485,1550,Driver,15 to 19,Minimal,"Automobile, Station Wagon",Turning Left,0,0,1,0,0,0,0,1,0,1,0,0,0,23,2300,Clear,Dark,-79.2658,43.7015
970485,1547,Passenger,15 to 19,Minimal,Other,NULL,0,0,1,0,0,0,0,1,0,1,0,0,0,23,2300,Clear,Dark,-79.2658,43.7015
970485,1543,Passenger,30 to 34,Minor,Other,NULL,0,0,1,0,0,0,0,1,0,1,0,0,0,23,2300,Clear,Dark,-79.2658,43.7015
970485,1544,Driver,40 to 44,Minimal,"Automobile, Station Wagon",Going Ahead,0,0,1,0,0,0,0,1,0,1,0,0,0,23,2300,Clear,Dark,-79.2658,43.7015
970485,1545,Passenger,15 to 19,Minimal,Other,NULL,0,0,1,0,0,0,0,1,0,1,0,0,0,23,2300,Clear,Dark,-79.2658,43.7015
970485,1546,Passenger,15 to 19,Minimal,Other,NULL,0,0,1,0,0,0,0,1,0,1,0,0,0,23,2300,Clear,Dark,-79.2658,43.7015
971237,1284,Passenger,0 to 4,Minor,Other,NULL,0,0,1,0,0,0,0,1,0,1,1,0,0,19,1905,Clear,Daylight,-79.248,43.7366
971237,1289,Passenger,10 to 14,Minor,Other,NULL,0,0,1,0,0,0,0,1,0,1,1,0,0,19,1905,Clear,Daylight,-79.248,43.7366
971237,1300,Driver,45 to 49,Major,"Automobile, Station Wagon",Going Ahead,0,0,1,0,0,0,0,1,0,1,1,0,0,19,1905,Clear,Daylight,-79.248,43.7366
971237,1305,Driver,15 to 19,Minor,"Automobile, Station Wagon",Going Ahead,0,0,1,0,0,0,0,1,0,1,1,0,0,19,1905,Clear,Daylight,-79.248,43.7366
972006,2332,Driver,30 to 34,None,"Automobile, Station Wagon",Going Ahead,1,0,1,0,0,0,0,0,0,0,0,0,0,18,1800,Clear,Daylight,-79.5956,43.7595
972006,2336,Pedestrian,85 to 89,Major,Other,NULL,1,0,1,0,0,0,0,0,0,0,0,0,0,18,1800,Clear,Daylight,-79.5956,43.7595
972774,2006,Motorcycle Driver,20 to 24,Major,Motorcycle,Going Ahead,0,0,0,1,0,0,0,0,0,1,0,0,0,18,1840,Clear,Daylight,-79.35,43.7801
972841,2460,Driver,20 to 24,None,"Automobile, Station Wagon",Turning Left,0,0,1,1,0,0,0,1,1,1,0,0,0,19,1910,Clear,Daylight,-79.2612,43.77
972841,2354,Motorcycle Driver,35 to 39,Fatal,Motorcycle,Going Ahead,0,0,1,1,0,0,0,1,1,1,0,0,0,19,1910,Clear,Daylight,-79.2612,43.77
972841,2356,Passenger,25 to 29,None,Other,NULL,0,0,1,1,0,0,0,1,1,1,0,0,0,19,1910,Clear,Daylight,-79.2612,43.77
972841,2362,Passenger,15 to 19,None,Other,NULL,0,0,1,1,0,0,0,1,1,1,0,0,0,19,1910,Clear,Daylight,-79.2612,43.77
974078,2897,Driver,40 to 44,None,"Automobile, Station Wagon",Going Ahead,1,0,1,0,0,0,0,0,0,1,1,0,0,8,840,Clear,Daylight,-79.3025,43.7076
974078,2898,Pedestrian,10 to 14,Major,Other,NULL,1,0,1,0,0,0,0,0,0,1,1,0,0,8,840,Clear,Daylight,-79.3025,43.7076
979559,2366,Vehicle Owner,unknown,None,Other,NULL,0,0,1,0,0,0,0,1,1,1,1,0,0,22,2227,Clear,Dark,-79.5941,43.7419
979559,2369,Driver,25 to 29,Major,"Automobile, Station Wagon",Going Ahead,0,0,1,0,0,0,0,1,1,1,1,0,0,22,2227,Clear,Dark,-79.5941,43.7419
979559,2347,Passenger,25 to 29,None,Other,NULL,0,0,1,0,0,0,0,1,1,1,1,0,0,22,2227,Clear,Dark,-79.5941,43.7419
979559,2351,Passenger,20 to 24,None,Other,NULL,0,0,1,0,0,0,0,1,1,1,1,0,0,22,2227,Clear,Dark,-79.5941,43.7419
979559,2360,Driver,20 to 24,Minimal,"Automobile, Station Wagon",Unknown,0,0,1,0,0,0,0,1,1,1,1,0,0,22,2227,Clear,Dark,-79.5941,43.7419
979559,2341,Vehicle Owner,unknown,None,Other,NULL,0,0,1,0,0,0,0,1,1,1,1,0,0,22,2227,Clear,Dark,-79.5941,43.7419
980194,2915,Motorcycle Driver,55 to 59,Major,Motorcycle,Going Ahead,0,0,1,1,0,0,0,0,0,1,0,0,0,10,1029,Clear,Daylight,-79.4477,43.6769
980194,2916,Driver,70 to 74,None,"Automobile, Station Wagon",Making U Turn,0,0,1,1,0,0,0,0,0,1,0,0,0,10,1029,Clear,Daylight,-79.4477,43.6769
980579,2240,Pedestrian,35 to 39,Major,Other,NULL,1,1,0,0,0,0,0,0,0,0,0,0,0,10,954,Clear,Daylight,-79.3961,43.6961
980579,2255,Cyclist,15 to 19,Minor,Bicycle,Going Ahead,1,1,0,0,0,0,0,0,0,0,0,0,0,10,954,Clear,Daylight,-79.3961,43.6961
981582,2548,Driver,55 to 59,None,"Automobile, Station Wagon",Overtaking,0,1,1,0,0,0,0,0,0,0,0,0,0,11,1139,Clear,Daylight,-79.3846,43.7507
981582,2551,Cyclist,70 to 74,Major,Bicycle,Going Ahead,0,1,1,0,0,0,0,0,0,0,0,0,0,11,1139,Clear,Daylight,-79.3846,43.7507
984072,2416,Vehicle Owner,unknown,None,Other,NULL,0,0,1,0,0,0,0,0,0,0,0,0,0,5,450,Clear,Dark,-79.5821,43.6633
984072,2417,Driver,20 to 24,Major,"Automobile, Station Wagon",Going Ahead,0,0,1,0,0,0,0,0,0,0,0,0,0,5,450,Clear,Dark,-79.5821,43.6633
984340,2831,Passenger,25 to 29,None,Other,NULL,0,0,1,0,0,0,0,1,0,0,0,1,0,13,1301,Clear,Daylight,-79.5143,43.7441
984340,2829,Driver,40 to 44,None,"Automobile, Station Wagon",Going Ahead,0,0,1,0,0,0,0,1,0,0,0,1,0,13,1301,Clear,Daylight,-79.5143,43.7441
984340,2830,Passenger,15 to 19,Major,Other,NULL,0,0,1,0,0,0,0,1,0,0,0,1,0,13,1301,Clear,Daylight,-79.5143,43.7441
984340,2832,Vehicle Owner,unknown,None,Other,NULL,0,0,1,0,0,0,0,1,0,0,0,1,0,13,1301,Clear,Daylight,-79.5143,43.7441
984340,2833,Driver,15 to 19,Minimal,"Automobile, Station Wagon",Changing Lanes,0,0,1,0,0,0,0,1,0,0,0,1,0,13,1301,Clear,Daylight,-79.5143,43.7441
985777,2834,Passenger,55 to 59,Minimal,Other,NULL,0,0,1,0,0,0,0,1,0,1,0,0,0,14,1409,Clear,Daylight,-79.3033,43.7995
985777,2835,Driver,60 to 64,None,"Automobile, Station Wagon",Stopped,0,0,1,0,0,0,0,1,0,1,0,0,0,14,1409,Clear,Daylight,-79.3033,43.7995
985777,2836,Driver,25 to 29,Minor,"Automobile, Station Wagon",Stopped,0,0,1,0,0,0,0,1,0,1,0,0,0,14,1409,Clear,Daylight,-79.3033,43.7995
985777,2837,Passenger,35 to 39,Major,Other,NULL,0,0,1,0,0,0,0,1,0,1,0,0,0,14,1409,Clear,Daylight,-79.3033,43.7995
985777,2838,Vehicle Owner,unknown,None,Other,NULL,0,0,1,0,0,0,0,1,0,1,0,0,0,14,1409,Clear,Daylight,-79.3033,43.7995
985777,2839,Driver,35 to 39,None,Other,Going Ahead,0,0,1,0,0,0,0,1,0,1,0,0,0,14,1409,Clear,Daylight,-79.3033,43.7995
986578,2282,Motorcycle Driver,30 to 34,Major,Motorcycle,Going Ahead,0,0,1,1,0,0,0,0,0,1,0,0,0,20,2016,Clear,Daylight,-79.4563,43.6554
986578,2294,Driver,20 to 24,None,"Automobile, Station Wagon",Making U Turn,0,0,1,1,0,0,0,0,0,1,0,0,0,20,2016,Clear,Daylight,-79.4563,43.6554
988551,2031,Driver,55 to 59,None,"Automobile, Station Wagon",Going Ahead,1,0,1,0,0,0,0,0,0,0,0,0,0,15,1530,Clear,Daylight,-79.3999,43.7145
988551,2032,Pedestrian,80 to 84,Major,Other,NULL,1,0,1,0,0,0,0,0,0,0,0,0,0,15,1530,Clear,Daylight,-79.3999,43.7145
988601,2427,Vehicle Owner,unknown,None,Other,NULL,0,0,1,1,0,0,0,0,0,1,0,0,0,2,217,Clear,Dark,-79.3035,43.7689
988601,2428,Motorcycle Driver,20 to 24,Major,Motorcycle,Going Ahead,0,0,1,1,0,0,0,0,0,1,0,0,0,2,217,Clear,Dark,-79.3035,43.7689
988601,2429,Driver,30 to 34,Minimal,"Automobile, Station Wagon",Turning Left,0,0,1,1,0,0,0,0,0,1,0,0,0,2,217,Clear,Dark,-79.3035,43.7689
990139,2455,Vehicle Owner,unknown,None,Other,NULL,0,0,1,0,0,1,0,0,1,1,0,0,0,14,1425,Clear,Daylight,-79.4264,43.664
990139,2456,Driver,45 to 49,Major,"Automobile, Station Wagon",Going Ahead,0,0,1,0,0,1,0,0,1,1,0,0,0,14,1425,Clear,Daylight,-79.4264,43.664
990139,2009,Vehicle Owner,unknown,None,Other,NULL,0,0,1,0,0,1,0,0,1,1,0,0,0,14,1425,Clear,Daylight,-79.4264,43.664
990139,2014,Driver,35 to 39,None,"Automobile, Station Wagon",Stopped,0,0,1,0,0,1,0,0,1,1,0,0,0,14,1425,Clear,Daylight,-79.4264,43.664
990139,2123,Vehicle Owner,unknown,None,Other,NULL,0,0,1,0,0,1,0,0,1,1,0,0,0,14,1425,Clear,Daylight,-79.4264,43.664
990139,2226,Driver,45 to 49,None,Municipal Transit Bus (TTC),Stopped,0,0,1,0,0,1,0,0,1,1,0,0,0,14,1425,Clear,Daylight,-79.4264,43.664
990256,2070,Passenger,10 to 14,None,Other,NULL,0,0,1,0,0,0,0,1,0,1,0,0,0,19,1913,Rain,Dawn,-79.4974,43.6222
990256,2071,Vehicle Owner,unknown,None,Other,NULL,0,0,1,0,0,0,0,1,0,1,0,0,0,19,1913,Rain,Dawn,-79.4974,43.6222
990256,2072,Driver,40 to 44,Major,"Automobile, Station Wagon",Slowing or Stopping,0,0,1,0,0,0,0,1,0,1,0,0,0,19,1913,Rain,Dawn,-79.4974,43.6222
990256,2073,Passenger,0 to 4,None,Other,NULL,0,0,1,0,0,0,0,1,0,1,0,0,0,19,1913,Rain,Dawn,-79.4974,43.6222
990256,2074,Driver,45 to 49,Minimal,"Automobile, Station Wagon",Going Ahead,0,0,1,0,0,0,0,1,0,1,0,0,0,19,1913,Rain,Dawn,-79.4974,43.6222
998916,2747,Passenger,50 to 54,Major,Other,NULL,0,0,1,1,0,0,0,1,1,1,1,0,0,1,142,Clear,Dark,-79.3635,43.6879
998916,2749,Driver,45 to 49,None,"Automobile, Station Wagon",Turning Left,0,0,1,1,0,0,0,1,1,1,1,0,0,1,142,Clear,Dark,-79.3635,43.6879
999384,2522,Truck Driver,25 to 29,Major,Truck - Open,Merging,0,0,0,0,1,0,0,0,0,0,0,0,0,11,1140,Clear,Daylight,-79.349,43.6537
999852,2353,Driver,20 to 24,None,"Automobile, Station Wagon",Turning Right,1,0,1,0,0,0,0,0,0,1,0,0,0,7,650,Rain,Dark,-79.41,43.7582
999852,2364,Pedestrian,25 to 29,Major,Other,NULL,1,0,1,0,0,0,0,0,0,1,0,0,0,7,650,Rain,Dark,-79.41,43.7582
1007992,2955,Driver,60 to 64,None,"Automobile, Station Wagon",Turning Left,1,0,1,0,0,0,0,0,0,1,0,0,0,17,1742,Clear,Dark,-79.2414,43.7208
1007992,2956,Pedestrian,55 to 59,Major,Other,NULL,1,0,1,0,0,0,0,0,0,1,0,0,0,17,1742,Clear,Dark,-79.2414,43.7208
1008576,2608,Pedestrian,45 to 49,Major,Other,NULL,1,0,1,0,0,0,0,0,0,0,0,0,0,19,1925,Rain,Dark,-79.3196,43.6737
1008576,2596,Driver,50 to 54,None,"Automobile, Station Wagon",Going Ahead,1,0,1,0,0,0,0,0,0,0,0,0,0,19,1925,Rain,Dark,-79.3196,43.6737
1011434,2167,Driver,55 to 59,None,"Automobile, Station Wagon",Going Ahead,1,0,1,0,0,0,0,0,0,0,0,0,0,9,904,Clear,Daylight,-79.2283,43.759
1011434,2168,Pedestrian,80 to 84,Major,Other,Other,1,0,1,0,0,0,0,0,0,0,0,0,0,9,904,Clear,Daylight,-79.2283,43.759
1011634,2140,Driver,25 to 29,None,NULL,Turning Left,0,0,1,0,0,0,0,0,0,0,0,0,0,18,1800,Snow,Dark,-79.5479,43.6997
1011634,2141,Driver,30 to 34,Major,"Automobile, Station Wagon",Going Ahead,0,0,1,0,0,0,0,0,0,0,0,0,0,18,1800,Snow,Dark,-79.5479,43.6997
1012988,2188,Driver,80 to 84,Minimal,"Automobile, Station Wagon",Going Ahead,1,0,1,0,0,0,0,0,0,0,0,0,0,19,1935,Clear,Dark,-79.5649,43.6843
1012988,2189,Pedestrian,75 to 79,Fatal,Other,NULL,1,0,1,0,0,0,0,0,0,0,0,0,0,19,1935,Clear,Dark,-79.5649,43.6843
1014167,2205,Driver,65 to 69,None,"Automobile, Station Wagon",Turning Left,1,0,1,0,0,0,0,0,0,1,0,0,0,8,820,Clear,Daylight,-79.5148,43.7223
1014167,2206,Pedestrian,80 to 84,Major,Other,NULL,1,0,1,0,0,0,0,0,0,1,0,0,0,8,820,Clear,Daylight,-79.5148,43.7223
1014978,2172,Driver,70 to 74,Minimal,"Automobile, Station Wagon",Other,0,0,1,0,0,0,0,1,0,1,0,0,0,13,1303,Clear,Daylight,-79.3028,43.7756
1014978,2173,Passenger,25 to 29,Minimal,Other,NULL,0,0,1,0,0,0,0,1,0,1,0,0,0,13,1303,Clear,Daylight,-79.3028,43.7756
1014978,2174,Passenger,25 to 29,Minimal,Other,NULL,0,0,1,0,0,0,0,1,0,1,0,0,0,13,1303,Clear,Daylight,-79.3028,43.7756
1014978,2175,Driver,30 to 34,Major,"Automobile, Station Wagon",Going Ahead,0,0,1,0,0,0,0,1,0,1,0,0,0,13,1303,Clear,Daylight,-79.3028,43.7756
1015580,3264,Driver,30 to 34,Minimal,"Automobile, Station Wagon",Going Ahead,0,0,1,0,0,0,0,0,0,1,0,0,0,20,1957,Clear,Dark,-79.3623,43.6818
1015580,3241,Driver,50 to 54,Major,"Automobile, Station Wagon",Going Ahead,0,0,1,0,0,0,0,0,0,1,0,0,0,20,1957,Clear,Dark,-79.3623,43.6818
1015580,3252,Driver,20 to 24,None,"Automobile, Station Wagon",Changing Lanes,0,0,1,0,0,0,0,0,0,1,0,0,0,20,1957,Clear,Dark,-79.3623,43.6818
1015680,2207,Driver,70 to 74,None,"Automobile, Station Wagon",Turning Left,1,0,1,0,0,0,0,0,0,0,0,0,0,9,944,Clear,Daylight,-79.3369,43.7935
1015680,2208,Pedestrian,40 to 44,Major,Other,NULL,1,0,1,0,0,0,0,0,0,0,0,0,0,9,944,Clear,Daylight,-79.3369,43.7935
1017943,3643,Driver,40 to 44,Major,"Automobile, Station Wagon",Parked,0,0,1,0,0,0,0,0,0,1,0,0,0,24,2355,Rain,Dark,-79.4531,43.695
1017943,3645,Driver,35 to 39,Minor,"Automobile, Station Wagon",Going Ahead,0,0,1,0,0,0,0,0,0,1,0,0,0,24,2355,Rain,Dark,-79.4531,43.695
1018638,3651,Driver,80 to 84,Major,"Automobile, Station Wagon",Turning Left,0,0,1,0,0,0,0,0,1,1,0,0,0,12,1249,Clear,Daylight,-79.2391,43.7674
1018638,3652,Driver,20 to 24,Major,"Automobile, Station Wagon",Going Ahead,0,0,1,0,0,0,0,0,1,1,0,0,0,12,1249,Clear,Daylight,-79.2391,43.7674
1019958,2199,Passenger,15 to 19,Minor,Other,NULL,0,0,1,0,0,0,0,1,1,1,1,0,0,3,328,Rain,Dark,-79.4236,43.6876
1019958,2200,Passenger,20 to 24,Major,Other,NULL,0,0,1,0,0,0,0,1,1,1,1,0,0,3,328,Rain,Dark,-79.4236,43.6876
1019958,2201,Driver,20 to 24,Minor,"Automobile, Station Wagon",Going Ahead,0,0,1,0,0,0,0,1,1,1,1,0,0,3,328,Rain,Dark,-79.4236,43.6876
1019958,2204,Driver,unknown,None,"Automobile, Station Wagon",Going Ahead,0,0,1,0,0,0,0,1,1,1,1,0,0,3,328,Rain,Dark,-79.4236,43.6876
1021846,3231,Driver,25 to 29,Minimal,"Automobile, Station Wagon",Going Ahead,0,0,1,0,0,0,0,1,0,0,0,1,0,11,1058,Rain,Daylight,-79.2289,43.769
1021846,3115,Passenger,20 to 24,Minimal,Other,NULL,0,0,1,0,0,0,0,1,0,0,0,1,0,11,1058,Rain,Daylight,-79.2289,43.769
1021846,3010,Driver,65 to 69,Major,"Automobile, Station Wagon",Going Ahead,0,0,1,0,0,0,0,1,0,0,0,1,0,11,1058,Rain,Daylight,-79.2289,43.769
1023759,2150,Pedestrian,50 to 54,Major,Other,NULL,1,0,1,0,0,0,0,0,0,0,0,0,0,18,1820,Clear,Dark,-79.452,43.7023
1023759,2149,Driver,40 to 44,None,"Automobile, Station Wagon",Turning Left,1,0,1,0,0,0,0,0,0,0,0,0,0,18,1820,Clear,Dark,-79.452,43.7023
1026199,3616,Driver,20 to 24,Minor,"Automobile, Station Wagon",Stopped,0,0,1,0,0,0,0,1,1,1,0,0,0,20,2040,Snow,Dark,-79.6015,43.7304
1026199,3620,Driver,30 to 34,None,Other,Going Ahead,0,0,1,0,0,0,0,1,1,1,0,0,0,20,2040,Snow,Dark,-79.6015,43.7304
1026199,3534,Passenger,20 to 24,Major,Other,NULL,0,0,1,0,0,0,0,1,1,1,0,0,0,20,2040,Snow,Dark,-79.6015,43.7304
1033337,3746,Truck Driver,40 to 44,None,Truck - Open,Turning Left,1,0,0,0,1,0,0,0,0,0,0,0,0,16,1630,Clear,Daylight,-79.3695,43.6681
1033337,3747,Pedestrian,30 to 34,Major,Other,NULL,1,0,0,0,1,0,0,0,0,0,0,0,0,16,1630,Clear,Daylight,-79.3695,43.6681
1033955,3255,Pedestrian,40 to 44,Major,Other,NULL,1,0,1,0,0,0,0,0,0,0,0,0,0,14,1422,Clear,Daylight,-79.4263,43.7008
1033955,3238,Driver,65 to 69,None,"Automobile, Station Wagon",Going Ahead,1,0,1,0,0,0,0,0,0,0,0,0,0,14,1422,Clear,Daylight,-79.4263,43.7008
1034841,3775,Driver,65 to 69,Major,"Automobile, Station Wagon",Going Ahead,0,0,1,0,0,0,0,0,0,0,0,0,0,1,53,Clear,Dark,-79.5087,43.759
1034841,3776,Driver,45 to 49,Minor,"Automobile, Station Wagon",Going Ahead,0,0,1,0,0,0,0,0,0,0,0,0,0,1,53,Clear,Dark,-79.5087,43.759
1036361,3761,Driver,45 to 49,None,"Automobile, Station Wagon",Slowing or Stopping,1,0,1,0,0,0,0,0,0,1,0,0,0,14,1405,Clear,Daylight,-79.383,43.6613
1036361,3762,Pedestrian,20 to 24,Major,Other,NULL,1,0,1,0,0,0,0,0,0,1,0,0,0,14,1405,Clear,Daylight,-79.383,43.6613
1036520,3441,Driver,70 to 74,None,"Automobile, Station Wagon",Going Ahead,1,0,1,0,0,0,0,0,0,1,0,0,0,11,1105,Clear,Daylight,-79.4955,43.7516
1036520,3430,Driver,70 to 74,None,"Automobile, Station Wagon",Stopped,1,0,1,0,0,0,0,0,0,1,0,0,0,11,1105,Clear,Daylight,-79.4955,43.7516
1036520,3435,Driver,55 to 59,None,"Automobile, Station Wagon",Stopped,1,0,1,0,0,0,0,0,0,1,0,0,0,11,1105,Clear,Daylight,-79.4955,43.7516
1036520,3530,Pedestrian,75 to 79,Major,Other,NULL,1,0,1,0,0,0,0,0,0,1,0,0,0,11,1105,Clear,Daylight,-79.4955,43.7516
1036979,3272,Driver,35 to 39,Major,Other,Stopped,0,0,1,0,0,0,0,0,0,0,0,0,0,7,708,Clear,Daylight,-79.2511,43.8366
1036979,3278,Driver,35 to 39,None,"Automobile, Station Wagon",Changing Lanes,0,0,1,0,0,0,0,0,0,0,0,0,0,7,708,Clear,Daylight,-79.2511,43.8366
1037840,3794,Driver,30 to 34,None,"Automobile, Station Wagon",Turning Left,0,1,1,0,0,0,0,0,0,0,0,0,0,17,1700,Clear,Daylight,-79.4304,43.6555
1037840,3795,Cyclist,60 to 64,Major,Bicycle,Going Ahead,0,1,1,0,0,0,0,0,0,0,0,0,0,17,1700,Clear,Daylight,-79.4304,43.6555
1038517,3890,Pedestrian,70 to 74,Major,Other,NULL,1,0,1,0,0,0,0,0,0,1,0,0,0,14,1403,Clear,Daylight,-79.3947,43.6703
1038517,3892,Driver,35 to 39,None,"Automobile, Station Wagon",Turning Left,1,0,1,0,0,0,0,0,0,1,0,0,0,14,1403,Clear,Daylight,-79.3947,43.6703
1040891,3028,Driver,40 to 44,None,"Automobile, Station Wagon",Turning Left,1,0,1,0,0,0,0,0,0,0,0,0,0,7,746,Clear,Daylight,-79.3901,43.6713
1040891,3029,Pedestrian,70 to 74,Fatal,Other,NULL,1,0,1,0,0,0,0,0,0,0,0,0,0,7,746,Clear,Daylight,-79.3901,43.6713
1040898,3030,Driver,50 to 54,Major,"Automobile, Station Wagon",Going Ahead,1,0,1,0,0,0,0,0,1,1,0,0,1,11,1138,Rain,Daylight,-79.2344,43.7415
1040898,3031,Other,unknown,Major,Other,Parked,1,0,1,0,0,0,0,0,1,1,0,0,1,11,1138,Rain,Daylight,-79.2344,43.7415
1040898,3032,Pedestrian,10 to 14,Major,Other,Other,1,0,1,0,0,0,0,0,1,1,0,0,1,11,1138,Rain,Daylight,-79.2344,43.7415
1041784,3704,Driver,40 to 44,None,Municipal Transit Bus (TTC),Pulling Away from Shoulder or Curb,1,0,0,0,0,1,0,0,0,1,0,0,0,20,1956,Clear,Daylight,-79.4182,43.683
1041784,3707,Pedestrian,60 to 64,Major,NULL,NULL,1,0,0,0,0,1,0,0,0,1,0,0,0,20,1956,Clear,Daylight,-79.4182,43.683
1042268,3924,Driver,25 to 29,None,"Automobile, Station Wagon",Turning Right,0,1,1,0,0,0,0,0,0,1,0,0,0,12,1238,Clear,Daylight,-79.4223,43.6738
1042268,3925,Cyclist,35 to 39,Major,Bicycle,Going Ahead,0,1,1,0,0,0,0,0,0,1,0,0,0,12,1238,Clear,Daylight,-79.4223,43.6738
982207,2669,Driver,50 to 54,None,"Automobile, Station Wagon",Going Ahead,1,0,1,0,1,0,0,1,0,0,0,0,0,16,1607,Clear,Daylight,-79.2946,43.7453
982207,2666,Driver,25 to 29,Minor,"Automobile, Station Wagon",Stopped,1,0,1,0,1,0,0,1,0,0,0,0,0,16,1607,Clear,Daylight,-79.2946,43.7453