ACCNUM,ObjectId,INVTYPE,INVAGE,INJURY,VEHTYPE,MANOEUVER,PEDESTRIAN,CYCLIST,AUTOMOBILE,MOTORCYCLE,TRUCK,TRSN_CITY_VEH,EMERG_VEH,PASSENGER,SPEEDING,AG_DRIV,REDLIGHT,ALCOHOL,DISABILITY,HOUR,TIME,VISIBILITY,LIGHT,collision_lat,collision_long
982207,2815,Truck Driver,50 to 54,Minor,Truck - Open,Going Ahead,1,0,1,0,1,0,0,1,0,0,0,0,0,16,1607,Clear,Daylight,-79.2946,43.7453
982207,2809,Pedestrian,35 to 39,Minor,Other,NULL,1,0,1,0,1,0,0,1,0,0,0,0,0,16,1607,Clear,Daylight,-79.2946,43.7453
982207,2810,Pedestrian,unknown,Minor,Other,NULL,1,0,1,0,1,0,0,1,0,0,0,0,0,16,1607,Clear,Daylight,-79.2946,43.7453
982207,2812,Pedestrian,35 to 39,Fatal,Other,NULL,1,0,1,0,1,0,0,1,0,0,0,0,0,16,1607,Clear,Daylight,-79.2946,43.7453
982207,2720,Passenger,5 to 9,Minor,Other,NULL,1,0,1,0,1,0,0,1,0,0,0,0,0,16,1607,Clear,Daylight,-79.2946,43.7453
982207,2725,Passenger,0 to 4,Minor,Other,NULL,1,0,1,0,1,0,0,1,0,0,0,0,0,16,1607,Clear,Daylight,-79.2946,43.7453
982207,2728,Driver,45 to 49,Major,"Automobile, Station Wagon",Going Ahead,1,0,1,0,1,0,0,1,0,0,0,0,0,16,1607,Clear,Daylight,-79.2946,43.7453
982207,2732,Other,unknown,None,Other,NULL,1,0,1,0,1,0,0,1,0,0,0,0,0,16,1607,Clear,Daylight,-79.2946,43.7453
982264,2382,Driver,30 to 34,Major,"Automobile, Station Wagon",Going Ahead,0,0,1,0,0,0,0,1,0,0,0,0,0,17,1745,Clear,Daylight,-79.3469,43.6508
982264,2383,Passenger,20 to 24,None,Other,NULL,0,0,1,0,0,0,0,1,0,0,0,0,0,17,1745,Clear,Daylight,-79.3469,43.6508
982264,2384,Passenger,15 to 19,None,Other,NULL,0,0,1,0,0,0,0,1,0,0,0,0,0,17,1745,Clear,Daylight,-79.3469,43.6508
982264,2388,Passenger,5 to 9,None,Other,NULL,0,0,1,0,0,0,0,1,0,0,0,0,0,17,1745,Clear,Daylight,-79.3469,43.6508
982264,2389,Vehicle Owner,unknown,None,Other,NULL,0,0,1,0,0,0,0,1,0,0,0,0,0,17,1745,Clear,Daylight,-79.3469,43.6508
982264,2390,Driver,20 to 24,None,"Automobile, Station Wagon",Turning Left,0,0,1,0,0,0,0,1,0,0,0,0,0,17,1745,Clear,Daylight,-79.3469,43.6508
982600,2769,Passenger,10 to 14,Minimal,Other,NULL,0,0,1,0,0,0,0,1,0,0,0,0,0,20,2020,Clear,Daylight,-79.4405,43.6721
982600,2770,Driver,25 to 29,Major,"Automobile, Station Wagon",Going Ahead,0,0,1,0,0,0,0,1,0,0,0,0,0,20,2020,Clear,Daylight,-79.4405,43.6721
982600,2005,Driver,40 to 44,Minimal,"Automobile, Station Wagon",Turning Left,0,0,1,0,0,0,0,1,0,0,0,0,0,20,2020,Clear,Daylight,-79.4405,43.6721
982600,2002,Passenger,5 to 9,Minimal,Other,NULL,0,0,1,0,0,0,0,1,0,0,0,0,0,20,2020,Clear,Daylight,-79.4405,43.6721
983041,2742,Driver,35 to 39,None,"Automobile, Station Wagon",Going Ahead,0,0,1,0,0,0,0,1,0,0,0,0,0,18,1815,Clear,Daylight,-79.4472,43.7154
983041,2743,Passenger,40 to 44,Major,Other,NULL,0,0,1,0,0,0,0,1,0,0,0,0,0,18,1815,Clear,Daylight,-79.4472,43.7154
983041,2744,Vehicle Owner,unknown,None,Other,NULL,0,0,1,0,0,0,0,1,0,0,0,0,0,18,1815,Clear,Daylight,-79.4472,43.7154
983041,2745,Driver,35 to 39,None,Other,Stopped,0,0,1,0,0,0,0,1,0,0,0,0,0,18,1815,Clear,Daylight,-79.4472,43.7154
983259,2302,Motorcycle Driver,45 to 49,Major,Motorcycle,Going Ahead,0,0,0,1,0,0,0,0,0,0,0,0,0,10,1030,Rain,Daylight,-79.4452,43.6511
983325,2399,Driver,40 to 44,Major,"Automobile, Station Wagon",Going Ahead,0,0,1,0,0,0,0,0,0,0,0,0,0,21,2125,Clear,Dark,-79.3999,43.6373
983325,2400,Vehicle Owner,unknown,None,Other,NULL,0,0,1,0,0,0,0,0,0,0,0,0,0,21,2125,Clear,Dark,-79.3999,43.6373
983325,2401,Driver,25 to 29,None,"Automobile, Station Wagon",Making U Turn,0,0,1,0,0,0,0,0,0,0,0,0,0,21,2125,Clear,Dark,-79.3999,43.6373
983702,2502,Driver,25 to 29,Major,"Automobile, Station Wagon",Going Ahead,0,0,1,0,0,0,0,0,0,0,0,0,0,22,2157,Clear,Dark,-79.5576,43.6756
983702,2509,Vehicle Owner,unknown,None,Other,NULL,0,0,1,0,0,0,0,0,0,0,0,0,0,22,2157,Clear,Dark,-79.5576,43.6756
983702,2512,Driver,20 to 24,None,"Automobile, Station Wagon",Turning Left,0,0,1,0,0,0,0,0,0,0,0,0,0,22,2157,Clear,Dark,-79.5576,43.6756
983702,2499,Vehicle Owner,unknown,None,Other,NULL,0,0,1,0,0,0,0,0,0,0,0,0,0,22,2157,Clear,Dark,-79.5576,43.6756
985456,2248,Driver,50 to 54,None,"Automobile, Station Wagon",Going Ahead,1,0,1,0,0,0,0,0,0,0,0,0,0,13,1341,Clear,Daylight,-79.2844,43.692
985456,2260,Pedestrian,60 to 64,Major,Other,NULL,1,0,1,0,0,0,0,0,0,0,0,0,0,13,1341,Clear,Daylight,-79.2844,43.692
985490,2304,Driver,55 to 59,None,"Automobile, Station Wagon",Going Ahead,1,0,1,0,0,0,0,0,0,0,0,0,0,11,1134,Clear,Daylight,-79.5685,43.7533
985490,2309,Pedestrian,70 to 74,Major,Other,NULL,1,0,1,0,0,0,0,0,0,0,0,0,0,11,1134,Clear,Daylight,-79.5685,43.7533
986760,2637,Pedestrian,70 to 74,Major,Other,NULL,1,0,0,0,0,0,0,0,0,0,0,0,0,8,809,Clear,Daylight,-79.3483,43.6884
986760,2627,Driver,50 to 54,None,NULL,Reversing,1,0,0,0,0,0,0,0,0,0,0,0,0,8,809,Clear,Daylight,-79.3483,43.6884
986987,2737,Driver,45 to 49,None,"Automobile, Station Wagon",Parked,0,1,1,0,0,0,0,0,0,0,0,0,0,21,2143,Clear,Dark,-79.3179,43.666
986987,2738,Cyclist,35 to 39,Major,Bicycle,Going Ahead,0,1,1,0,0,0,0,0,0,0,0,0,0,21,2143,Clear,Dark,-79.3179,43.666
987119,2534,Cyclist,5 to 9,Fatal,Bicycle,Going Ahead,0,1,0,0,0,0,0,0,0,0,0,0,0,12,1244,Clear,Daylight,-79.3034,43.7821
987119,2528,Driver,40 to 44,None,NULL,Going Ahead,0,1,0,0,0,0,0,0,0,0,0,0,0,12,1244,Clear,Daylight,-79.3034,43.7821
990888,2083,Passenger,0 to 4,None,Other,NULL,1,0,1,0,0,0,0,1,0,0,0,0,0,13,1314,Clear,Daylight,-79.5375,43.6185
990888,2084,Driver,30 to 34,None,"Automobile, Station Wagon",Going Ahead,1,0,1,0,0,0,0,1,0,0,0,0,0,13,1314,Clear,Daylight,-79.5375,43.6185
990888,2085,Pedestrian,35 to 39,Major,Other,Going Ahead,1,0,1,0,0,0,0,1,0,0,0,0,0,13,1314,Clear,Daylight,-79.5375,43.6185
991215,2328,Pedestrian,10 to 14,Major,Other,NULL,1,0,0,0,0,1,0,0,0,0,0,0,0,17,1655,Clear,Daylight,-79.2529,43.7753
991215,2323,Driver,50 to 54,None,Municipal Transit Bus (TTC),Going Ahead,1,0,0,0,0,1,0,0,0,0,0,0,0,17,1655,Clear,Daylight,-79.2529,43.7753
992576,2278,Pedestrian,40 to 44,Major,Other,NULL,1,0,0,0,1,0,0,0,0,0,0,0,0,10,950,Clear,Daylight,-79.3369,43.8167
992576,2268,Pedestrian,40 to 44,None,Other,NULL,1,0,0,0,1,0,0,0,0,0,0,0,0,10,950,Clear,Daylight,-79.3369,43.8167
992576,2272,Truck Driver,60 to 64,None,Truck - Open,Going Ahead,1,0,0,0,1,0,0,0,0,0,0,0,0,10,950,Clear,Daylight,-79.3369,43.8167
992910,2712,Driver,45 to 49,Major,"Automobile, Station Wagon",Going Ahead,0,0,1,0,0,0,0,0,0,0,0,0,0,6,630,Clear,Daylight,-79.3041,43.8112
992910,2713,Other Property Owner,unknown,None,Other,NULL,0,0,1,0,0,0,0,0,0,0,0,0,0,6,630,Clear,Daylight,-79.3041,43.8112
993646,2043,Vehicle Owner,unknown,None,Other,NULL,1,0,1,0,0,0,0,0,0,0,0,0,0,3,300,Clear,Dark,-79.3928,43.6473
993646,2044,Driver,45 to 49,None,"Automobile, Station Wagon",Going Ahead,1,0,1,0,0,0,0,0,0,0,0,0,0,3,300,Clear,Dark,-79.3928,43.6473
993646,2045,Pedestrian,15 to 19,Major,Other,NULL,1,0,1,0,0,0,0,0,0,0,0,0,0,3,300,Clear,Dark,-79.3928,43.6473
993905,2703,Passenger,20 to 24,Minor,Other,NULL,0,0,1,0,0,0,0,1,1,1,0,1,0,3,324,Clear,Dark,-79.2441,43.7806
993905,2705,Passenger,20 to 24,Major,Other,NULL,0,0,1,0,0,0,0,1,1,1,0,1,0,3,324,Clear,Dark,-79.2441,43.7806
993905,2706,Vehicle Owner,unknown,None,Other,NULL,0,0,1,0,0,0,0,1,1,1,0,1,0,3,324,Clear,Dark,-79.2441,43.7806
993905,2707,Driver,25 to 29,Minimal,"Automobile, Station Wagon",Going Ahead,0,0,1,0,0,0,0,1,1,1,0,1,0,3,324,Clear,Dark,-79.2441,43.7806
993905,2708,Other Property Owner,unknown,None,Other,NULL,0,0,1,0,0,0,0,1,1,1,0,1,0,3,324,Clear,Dark,-79.2441,43.7806
993905,2704,Passenger,20 to 24,Minor,Other,NULL,0,0,1,0,0,0,0,1,1,1,0,1,0,3,324,Clear,Dark,-79.2441,43.7806
996538,2791,Driver,85 to 89,Major,"Automobile, Station Wagon",Turning Left,0,0,1,0,0,0,0,0,0,0,0,0,0,19,1900,Clear,Dark,-79.3559,43.7345
996538,2792,Driver,40 to 44,None,"Automobile, Station Wagon",Going Ahead,0,0,1,0,0,0,0,0,0,0,0,0,0,19,1900,Clear,Dark,-79.3559,43.7345
996697,2676,Driver,25 to 29,None,Municipal Transit Bus (TTC),Going Ahead,0,0,1,0,0,1,0,1,0,1,1,0,0,18,1836,Clear,Daylight,-79.3991,43.6558
996697,2665,Driver,35 to 39,Major,"Automobile, Station Wagon",Making U Turn,0,0,1,0,0,1,0,1,0,1,1,0,0,18,1836,Clear,Daylight,-79.3991,43.6558
996697,2658,Passenger,30 to 34,Minor,Other,NULL,0,0,1,0,0,1,0,1,0,1,1,0,0,18,1836,Clear,Daylight,-79.3991,43.6558
997765,2266,Pedestrian,unknown,Major,Other,Other,1,0,1,0,0,0,0,1,0,0,0,1,0,2,235,Clear,Dark,-79.5952,43.6861
997765,2258,Passenger,unknown,None,Other,Other,1,0,1,0,0,0,0,1,0,0,0,1,0,2,235,Clear,Dark,-79.5952,43.6861
997765,2259,Passenger,unknown,None,Other,Other,1,0,1,0,0,0,0,1,0,0,0,1,0,2,235,Clear,Dark,-79.5952,43.6861
997765,2230,Driver,25 to 29,None,"Automobile, Station Wagon",Other,1,0,1,0,0,0,0,1,0,0,0,1,0,2,235,Clear,Dark,-79.5952,43.6861
997765,2244,Passenger,unknown,None,Other,Other,1,0,1,0,0,0,0,1,0,0,0,1,0,2,235,Clear,Dark,-79.5952,43.6861
999780,2788,Vehicle Owner,unknown,None,Other,NULL,1,0,1,0,0,0,0,0,0,0,0,0,0,19,1930,Rain,Dark,-79.2044,43.7642
999780,2789,Driver,55 to 59,None,"Automobile, Station Wagon",Going Ahead,1,0,1,0,0,0,0,0,0,0,0,0,0,19,1930,Rain,Dark,-79.2044,43.7642
999780,2790,Pedestrian,60 to 64,Major,Other,NULL,1,0,1,0,0,0,0,0,0,0,0,0,0,19,1930,Rain,Dark,-79.2044,43.7642
1000055,2385,Truck Driver,60 to 64,None,Truck - Open,Going Ahead,1,0,0,0,1,0,0,0,0,0,0,0,0,9,924,Clear,Daylight,-79.3702,43.6584
1000055,2463,Pedestrian,30 to 34,Major,Other,NULL,1,0,0,0,1,0,0,0,0,0,0,0,0,9,924,Clear,Daylight,-79.3702,43.6584
1000080,2793,Passenger,unknown,Minor,Other,Other,0,0,1,0,0,0,0,1,0,0,0,0,0,1,125,Clear,Dark,-79.4464,43.789
1000080,2794,Vehicle Owner,unknown,None,Other,Other,0,0,1,0,0,0,0,1,0,0,0,0,0,1,125,Clear,Dark,-79.4464,43.789
1000080,2795,Driver,25 to 29,Major,"Automobile, Station Wagon",Going Ahead,0,0,1,0,0,0,0,1,0,0,0,0,0,1,125,Clear,Dark,-79.4464,43.789
1000339,2606,Driver,55 to 59,None,"Automobile, Station Wagon",Going Ahead,1,0,1,0,0,0,0,0,0,0,0,0,0,6,610,Clear,Dark,-79.511,43.7777
1000339,2609,Pedestrian,25 to 29,Major,Other,NULL,1,0,1,0,0,0,0,0,0,0,0,0,0,6,610,Clear,Dark,-79.511,43.7777
1015121,2184,Driver,55 to 59,Minor,"Automobile, Station Wagon",Going Ahead,0,0,1,0,0,0,0,0,0,0,0,0,0,15,1540,Clear,Daylight,-79.3502,43.755
1015121,2185,Driver,15 to 19,Major,"Automobile, Station Wagon",Going Ahead,0,0,1,0,0,0,0,0,0,0,0,0,0,15,1540,Clear,Daylight,-79.3502,43.755
1016775,3436,Driver,30 to 34,None,"Automobile, Station Wagon",Going Ahead,1,0,1,0,0,0,0,0,0,0,0,0,0,6,645,Clear,Dark,-79.6033,43.7578
1016775,3442,Pedestrian,50 to 54,Major,Other,NULL,1,0,1,0,0,0,0,0,0,0,0,0,0,6,645,Clear,Dark,-79.6033,43.7578
1017679,3392,Pedestrian,50 to 54,Major,Other,NULL,1,0,1,0,0,0,0,0,0,0,0,0,0,19,1940,Clear,Dark,-79.5563,43.6089
1017679,3287,Driver,65 to 69,None,"Automobile, Station Wagon",Turning Left,1,0,1,0,0,0,0,0,0,0,0,0,0,19,1940,Clear,Dark,-79.5563,43.6089
1018347,3650,Driver,85 to 89,Minor,"Automobile, Station Wagon",Turning Left,0,0,1,0,0,0,0,1,0,0,0,0,0,14,1440,Clear,Daylight,-79.349,43.7827
1018347,3649,Passenger,80 to 84,Fatal,Other,NULL,0,0,1,0,0,0,0,1,0,0,0,0,0,14,1440,Clear,Daylight,-79.349,43.7827
1020344,3639,Driver,20 to 24,None,"Automobile, Station Wagon",Turning Left,1,0,1,0,0,0,0,0,0,1,0,0,0,20,1955,Rain,Dark,-79.3534,43.6652
1020344,3640,Pedestrian,65 to 69,Major,Other,NULL,1,0,1,0,0,0,0,0,0,1,0,0,0,20,1955,Rain,Dark,-79.3534,43.6652
1020812,3677,Driver,70 to 74,Major,"Automobile, Station Wagon",Slowing or Stopping,0,0,1,0,0,0,0,1,0,1,0,0,0,17,1651,Clear,Dusk,-79.5515,43.6786
1020812,3678,Passenger,50 to 54,Minimal,Other,NULL,0,0,1,0,0,0,0,1,0,1,0,0,0,17,1651,Clear,Dusk,-79.5515,43.6786
1020812,3679,Driver,30 to 34,Minimal,"Automobile, Station Wagon",Going Ahead,0,0,1,0,0,0,0,1,0,1,0,0,0,17,1651,Clear,Dusk,-79.5515,43.6786
1022016,3633,Driver,25 to 29,None,"Automobile, Station Wagon",Slowing or Stopping,1,0,1,0,0,0,0,0,0,1,0,0,0,10,1015,Clear,Daylight,-79.2671,43.751
1022016,3634,Pedestrian,65 to 69,Major,Other,NULL,1,0,1,0,0,0,0,0,0,1,0,0,0,10,1015,Clear,Daylight,-79.2671,43.751
1025433,3630,Driver,45 to 49,Major,"Automobile, Station Wagon",Turning Left,0,0,1,0,0,0,0,0,0,1,0,0,0,10,1047,Clear,Daylight,-79.4055,43.6974
1025433,3628,Driver,40 to 44,None,"Automobile, Station Wagon",Going Ahead,0,0,1,0,0,0,0,0,0,1,0,0,0,10,1047,Clear,Daylight,-79.4055,43.6974
1026360,3703,Driver,35 to 39,None,"Automobile, Station Wagon",Going Ahead,1,0,1,0,0,0,0,0,0,1,0,0,0,8,845,Clear,Daylight,-79.3228,43.7617
1026360,3708,Pedestrian,5 to 9,Major,Other,NULL,1,0,1,0,0,0,0,0,0,1,0,0,0,8,845,Clear,Daylight,-79.3228,43.7617
1026562,3817,Driver,25 to 29,None,"Automobile, Station Wagon",Going Ahead,0,0,1,0,0,0,0,0,1,1,0,0,0,17,1700,Snow,Daylight,-79.3247,43.7709
1026562,3818,Driver,50 to 54,Major,"Automobile, Station Wagon",Going Ahead,0,0,1,0,0,0,0,0,1,1,0,0,0,17,1700,Snow,Daylight,-79.3247,43.7709
1027162,3831,Passenger,85 to 89,Major,"Automobile, Station Wagon",NULL,0,0,1,0,0,0,0,1,1,1,0,0,0,22,2155,Clear,Dark,-79.5389,43.6798
1027162,3832,Driver,85 to 89,Minor,"Automobile, Station Wagon",Turning Left,0,0,1,0,0,0,0,1,1,1,0,0,0,22,2155,Clear,Dark,-79.5389,43.6798
1027162,3834,Driver,15 to 19,Minimal,"Automobile, Station Wagon",Slowing or Stopping,0,0,1,0,0,0,0,1,1,1,0,0,0,22,2155,Clear,Dark,-79.5389,43.6798
1029779,3845,Driver,35 to 39,Major,"Automobile, Station Wagon",Stopped,0,0,1,0,0,0,0,0,0,1,0,0,0,22,2219,Clear,Dark,-79.3847,43.6476
1029779,3846,Driver,30 to 34,None,"Automobile, Station Wagon",Going Ahead,0,0,1,0,0,0,0,0,0,1,0,0,0,22,2219,Clear,Dark,-79.3847,43.6476
1031031,3815,Driver,50 to 54,None,"Automobile, Station Wagon",Turning Right,1,0,1,0,0,0,0,0,0,0,0,0,0,15,1530,Clear,Daylight,-79.4911,43.6657
1031031,3816,Pedestrian,15 to 19,Major,Other,NULL,1,0,1,0,0,0,0,0,0,0,0,0,0,15,1530,Clear,Daylight,-79.4911,43.6657
1033112,3732,Passenger,20 to 24,None,Other,NULL,1,0,1,0,0,0,0,1,0,0,0,0,0,2,244,Rain,Dark,-79.4226,43.6543
1033112,3734,Driver,45 to 49,None,Taxi,Going Ahead,1,0,1,0,0,0,0,1,0,0,0,0,0,2,244,Rain,Dark,-79.4226,43.6543
1033112,3735,Pedestrian,20 to 24,Fatal,Other,NULL,1,0,1,0,0,0,0,1,0,0,0,0,0,2,244,Rain,Dark,-79.4226,43.6543
1033146,3743,Driver,unknown,None,"Automobile, Station Wagon",Unknown,1,0,1,0,0,0,0,0,0,1,0,0,0,15,1509,Clear,Daylight,-79.3423,43.6729
1033146,3744,Pedestrian,35 to 39,Major,Other,Unknown,1,0,1,0,0,0,0,0,0,1,0,0,0,15,1509,Clear,Daylight,-79.3423,43.6729
1036238,3388,Other,unknown,None,Other,Parked,0,0,1,0,0,0,0,0,0,0,0,1,0,2,245,"Fog, Mist, Smoke, Dust",Dark,-79.323,43.7965
1036238,3393,Other,unknown,None,Other,Parked,0,0,1,0,0,0,0,0,0,0,0,1,0,2,245,"Fog, Mist, Smoke, Dust",Dark,-79.323,43.7965
1036238,3398,Driver,20 to 24,Fatal,"Automobile, Station Wagon",Going Ahead,0,0,1,0,0,0,0,0,0,0,0,1,0,2,245,"Fog, Mist, Smoke, Dust",Dark,-79.323,43.7965
1038269,3886,Driver,65 to 69,None,"Automobile, Station Wagon",Turning Left,1,0,1,0,0,0,0,0,0,1,0,0,0,8,800,Clear,Daylight,-79.4367,43.7927
1038269,3887,Pedestrian,45 to 49,Major,Other,NULL,1,0,1,0,0,0,0,0,0,1,0,0,0,8,800,Clear,Daylight,-79.4367,43.7927
1038453,3790,Driver,20 to 24,None,"Automobile, Station Wagon",Turning Left,0,0,1,0,0,0,0,0,0,1,0,0,0,16,1616,Clear,Daylight,-79.4447,43.781
1038453,3792,Driver,20 to 24,Major,"Automobile, Station Wagon",Going Ahead,0,0,1,0,0,0,0,0,0,1,0,0,0,16,1616,Clear,Daylight,-79.4447,43.781
1038469,3284,Driver,60 to 64,None,"Automobile, Station Wagon",Going Ahead,1,0,1,0,0,0,0,0,0,0,0,0,0,16,1550,Rain,Daylight,-79.2561,43.7846
1038469,3381,Pedestrian,55 to 59,Major,Other,Unknown,1,0,1,0,0,0,0,0,0,0,0,0,0,16,1550,Rain,Daylight,-79.2561,43.7846
1039230,3533,Driver,unknown,None,"Automobile, Station Wagon",Going Ahead,0,1,1,0,0,0,0,0,0,0,0,0,0,17,1734,Rain,Daylight,-79.4281,43.6532
1039230,3618,Cyclist,20 to 24,Major,Bicycle,Unknown,0,1,1,0,0,0,0,0,0,0,0,0,0,17,1734,Rain,Daylight,-79.4281,43.6532
1041602,3905,Passenger,65 to 69,Major,Other,NULL,0,0,1,0,0,0,0,1,0,0,0,0,0,8,840,Clear,Daylight,-79.1624,43.7848
1041602,3904,Driver,40 to 44,Major,"Automobile, Station Wagon",Going Ahead,0,0,1,0,0,0,0,1,0,0,0,0,0,8,840,Clear,Daylight,-79.1624,43.7848
1041602,3906,Driver,35 to 39,Minor,"Automobile, Station Wagon",Going Ahead,0,0,1,0,0,0,0,1,0,0,0,0,0,8,840,Clear,Daylight,-79.1624,43.7848
1042295,3082,Driver,75 to 79,Major,"Automobile, Station Wagon",Going Ahead,0,0,1,0,0,0,0,1,0,1,1,0,0,12,1223,Clear,Daylight,-79.2974,43.752
1042295,3083,Passenger,5 to 9,None,Other,NULL,0,0,1,0,0,0,0,1,0,1,1,0,0,12,1223,Clear,Daylight,-79.2974,43.752
1042295,3084,Driver,35 to 39,None,"Automobile, Station Wagon",Going Ahead,0,0,1,0,0,0,0,1,0,1,1,0,0,12,1223,Clear,Daylight,-79.2974,43.752
1045221,3178,Driver,30 to 34,None,Municipal Transit Bus (TTC),Going Ahead,0,0,1,0,0,1,0,1,1,1,0,1,0,1,53,Clear,Dark,-79.4018,43.636
1045221,3179,Passenger,20 to 24,Major,Other,NULL,0,0,1,0,0,1,0,1,1,1,0,1,0,1,53,Clear,Dark,-79.4018,43.636
1045221,3180,Driver,20 to 24,Fatal,"Automobile, Station Wagon",Going Ahead,0,0,1,0,0,1,0,1,1,1,0,1,0,1,53,Clear,Dark,-79.4018,43.636
1047995,3111,Driver,60 to 64,None,Taxi,Changing Lanes,0,1,1,0,0,0,0,0,0,0,0,0,0,14,1400,Clear,Daylight,-79.4189,43.6551
1047995,3112,Cyclist,50 to 54,Major,Bicycle,Going Ahead,0,1,1,0,0,0,0,0,0,0,0,0,0,14,1400,Clear,Daylight,-79.4189,43.6551
1052462,16053,Driver,45 to 49,Minimal,"Automobile, Station Wagon",Turning Right,0,0,1,1,0,0,0,0,1,1,0,0,0,8,830,Clear,Daylight,-79.4987,43.7038
1052462,16054,Motorcycle Driver,25 to 29,Major,Motorcycle,Going Ahead,0,0,1,1,0,0,0,0,1,1,0,0,0,8,830,Clear,Daylight,-79.4987,43.7038
1052679,3384,Passenger,unknown,Minor,Other,Other,0,0,1,0,0,0,0,1,0,0,0,0,0,3,316,Clear,Dark,-79.4416,43.6585
1052679,3386,Driver,unknown,None,"Automobile, Station Wagon",Going Ahead,0,0,1,0,0,0,0,1,0,0,0,0,0,3,316,Clear,Dark,-79.4416,43.6585
1052679,3267,Vehicle Owner,unknown,None,Other,Parked,0,0,1,0,0,0,0,1,0,0,0,0,0,3,316,Clear,Dark,-79.4416,43.6585
1052679,3273,Passenger,unknown,Minor,Other,Other,0,0,1,0,0,0,0,1,0,0,0,0,0,3,316,Clear,Dark,-79.4416,43.6585
1052679,3286,Passenger,unknown,Major,Other,Other,0,0,1,0,0,0,0,1,0,0,0,0,0,3,316,Clear,Dark,-79.4416,43.6585
1052679,3276,Vehicle Owner,unknown,None,Other,Unknown,0,0,1,0,0,0,0,1,0,0,0,0,0,3,316,Clear,Dark,-79.4416,43.6585
1053515,3722,Driver,30 to 34,None,"Automobile, Station Wagon",Turning Right,0,0,1,0,0,0,0,0,0,1,0,0,1,7,700,Clear,Daylight,-79.4082,43.7046
1053515,3799,Driver,85 to 89,Major,"Automobile, Station Wagon",Going Ahead,0,0,1,0,0,0,0,0,0,1,0,0,1,7,700,Clear,Daylight,-79.4082,43.7046
1055551,16055,Driver,unknown,None,"Automobile, Station Wagon",Turning Left,0,1,1,0,0,0,0,0,0,1,0,0,0,17,1656,Clear,Daylight,-79.4562,43.751
1055551,16056,Cyclist,10 to 14,Major,Bicycle,Going Ahead,0,1,1,0,0,0,0,0,0,1,0,0,0,17,1656,Clear,Daylight,-79.4562,43.751
1057892,3465,Driver,50 to 54,None,"Automobile, Station Wagon",Turning Left,0,1,1,0,0,0,0,0,1,1,0,0,0,8,806,Clear,Daylight,-79.4989,43.6973
1057892,3466,Cyclist,50 to 54,Fatal,Bicycle,NULL,0,1,1,0,0,0,0,0,1,1,0,0,0,8,806,Clear,Daylight,-79.4989,43.6973
1060768,3467,Driver,65 to 69,None,"Automobile, Station Wagon",Turning Left,0,1,1,0,0,0,0,0,0,1,0,0,0,20,2047,Clear,Daylight,-79.2512,43.7187
1060768,3468,Cyclist,55 to 59,Major,Bicycle,Going Ahead,0,1,1,0,0,0,0,0,0,1,0,0,0,20,2047,Clear,Daylight,-79.2512,43.7187
1061921,3277,Driver,55 to 59,None,"Automobile, Station Wagon",Going Ahead,1,0,1,0,0,0,0,0,0,0,0,0,0,7,707,Rain,Daylight,-79.4404,43.7551
1061921,3271,Pedestrian,40 to 44,Major,Other,NULL,1,0,1,0,0,0,0,0,0,0,0,0,0,7,707,Rain,Daylight,-79.4404,43.7551
1064375,16062,Driver,unknown,None,"Automobile, Station Wagon",Parked,0,0,1,1,0,0,0,0,0,0,0,0,0,22,2201,Clear,Dark,-79.3008,43.6883
1064375,16060,Motorcycle Driver,35 to 39,Major,Motorcycle,Going Ahead,0,0,1,1,0,0,0,0,0,0,0,0,0,22,2201,Clear,Dark,-79.3008,43.6883
1064375,16061,Driver,25 to 29,Minimal,"Automobile, Station Wagon",Stopped,0,0,1,1,0,0,0,0,0,0,0,0,0,22,2201,Clear,Dark,-79.3008,43.6883
1064375,16063,Other,30 to 34,Minimal,NULL,NULL,0,0,1,1,0,0,0,0,0,0,0,0,0,22,2201,Clear,Dark,-79.3008,43.6883
1069392,3366,Truck Driver,35 to 39,None,Truck - Open,Going Ahead,1,0,0,0,1,0,0,0,0,1,0,0,0,15,1520,Clear,Daylight,-79.5072,43.6464
1069392,3367,Pedestrian,60 to 64,Major,Other,NULL,1,0,0,0,1,0,0,0,0,1,0,0,0,15,1520,Clear,Daylight,-79.5072,43.6464
1011551,2144,Driver,35 to 39,Major,"Automobile, Station Wagon",Going Ahead,0,0,1,0,0,0,0,1,0,1,1,0,0,12,1232,Clear,Daylight,-79.5714,43.6928
1011551,2145,Driver,45 to 49,Minimal,"Automobile, Station Wagon",Going Ahead,0,0,1,0,0,0,0,1,0,1,1,0,0,12,1232,Clear,Daylight,-79.5714,43.6928
1011635,2137,Driver,55 to 59,Minimal,"Automobile, Station Wagon",Pulling Away from Shoulder or Curb,0,0,1,0,0,0,0,0,0,0,0,0,0,12,1222,Snow,Daylight,-79.5905,43.737
1011635,2138,Driver,25 to 29,Major,"Automobile, Station Wagon",Going Ahead,0,0,1,0,0,0,0,0,0,0,0,0,0,12,1222,Snow,Daylight,-79.5905,43.737
1015320,2194,Driver,25 to 29,None,"Automobile, Station Wagon",Turning Left,1,0,1,0,0,0,0,0,0,1,0,0,0,18,1803,Rain,Dark,-79.3313,43.7183
1015320,2195,Pedestrian,10 to 14,Major,Other,NULL,1,0,1,0,0,0,0,0,0,1,0,0,0,18,1803,Rain,Dark,-79.3313,43.7183
1015704,2210,Driver,35 to 39,None,"Automobile, Station Wagon",Going Ahead,1,0,1,0,0,0,0,0,0,1,0,0,0,18,1840,Clear,Dark,-79.2357,43.7967
1015704,2211,Pedestrian,60 to 64,Major,Other,NULL,1,0,1,0,0,0,0,0,0,1,0,0,0,18,1840,Clear,Dark,-79.2357,43.7967