ACCNUM,ObjectId,INVTYPE,INVAGE,INJURY,VEHTYPE,MANOEUVER,PEDESTRIAN,CYCLIST,AUTOMOBILE,MOTORCYCLE,TRUCK,TRSN_CITY_VEH,EMERG_VEH,PASSENGER,SPEEDING,AG_DRIV,REDLIGHT,ALCOHOL,DISABILITY,HOUR,TIME,VISIBILITY,LIGHT,collision_lat,collision_long
1019180,3668,Passenger,55 to 59,None,Other,NULL,0,0,1,0,0,0,0,1,0,0,0,0,0,12,1245,Clear,Daylight,-79.319,43.7001
1019180,3669,Passenger,85 to 89,Major,Other,NULL,0,0,1,0,0,0,0,1,0,0,0,0,0,12,1245,Clear,Daylight,-79.319,43.7001
1019180,3671,Driver,45 to 49,None,"Automobile, Station Wagon",Slowing or Stopping,0,0,1,0,0,0,0,1,0,0,0,0,0,12,1245,Clear,Daylight,-79.319,43.7001
1025489,3641,Driver,55 to 59,None,"Automobile, Station Wagon",Going Ahead,1,0,1,0,0,0,0,0,0,1,0,0,0,21,2129,Rain,Dark,-79.3518,43.6636
1025489,3642,Pedestrian,30 to 34,Major,Other,NULL,1,0,1,0,0,0,0,0,0,1,0,0,0,21,2129,Rain,Dark,-79.3518,43.6636
1026032,3382,Driver,40 to 44,None,"Automobile, Station Wagon",Going Ahead,0,0,1,0,0,0,0,1,0,1,1,0,0,12,1245,Clear,Daylight,-79.5707,43.6915
1026032,3389,Passenger,60 to 64,Minor,Other,NULL,0,0,1,0,0,0,0,1,0,1,1,0,0,12,1245,Clear,Daylight,-79.5707,43.6915
1026032,3396,Driver,65 to 69,Major,"Automobile, Station Wagon",Going Ahead,0,0,1,0,0,0,0,1,0,1,1,0,0,12,1245,Clear,Daylight,-79.5707,43.6915
1026057,3253,Passenger,15 to 19,Minimal,Other,NULL,0,0,1,0,0,0,0,1,0,1,1,0,0,9,940,Clear,Daylight,-79.3541,43.7902
1026057,3274,Driver,45 to 49,Major,"Automobile, Station Wagon",Going Ahead,0,0,1,0,0,0,0,1,0,1,1,0,0,9,940,Clear,Daylight,-79.3541,43.7902
1026057,3260,Passenger,50 to 54,Minimal,Other,NULL,0,0,1,0,0,0,0,1,0,1,1,0,0,9,940,Clear,Daylight,-79.3541,43.7902
1026057,3285,Driver,35 to 39,Minor,"Automobile, Station Wagon",Going Ahead,0,0,1,0,0,0,0,1,0,1,1,0,0,9,940,Clear,Daylight,-79.3541,43.7902
1026843,3819,Passenger,60 to 64,Minor,Other,NULL,0,0,1,0,0,0,0,1,0,1,0,0,0,9,920,Clear,Daylight,-79.5124,43.6855
1026843,3820,Driver,85 to 89,Fatal,"Automobile, Station Wagon",Turning Left,0,0,1,0,0,0,0,1,0,1,0,0,0,9,920,Clear,Daylight,-79.5124,43.6855
1026843,3821,Driver,70 to 74,Minor,"Automobile, Station Wagon",Going Ahead,0,0,1,0,0,0,0,1,0,1,0,0,0,9,920,Clear,Daylight,-79.5124,43.6855
1027277,3716,Driver,unknown,None,"Automobile, Station Wagon",Going Ahead,0,0,1,0,0,0,0,0,0,0,0,0,0,14,1432,Clear,Daylight,-79.5466,43.697
1027277,3712,Driver,50 to 54,Major,"Automobile, Station Wagon",Stopped,0,0,1,0,0,0,0,0,0,0,0,0,0,14,1432,Clear,Daylight,-79.5466,43.697
1032200,3421,Pedestrian,70 to 74,Major,Other,NULL,1,0,1,0,0,0,0,0,0,0,0,0,0,16,1645,Clear,Daylight,-79.2387,43.7938
1032200,3413,Driver,70 to 74,None,"Automobile, Station Wagon",Turning Left,1,0,1,0,0,0,0,0,0,0,0,0,0,16,1645,Clear,Daylight,-79.2387,43.7938
1032559,3705,Pedestrian,65 to 69,Major,Other,NULL,1,0,1,0,0,0,0,0,0,1,0,0,0,6,624,Clear,Dark,-79.4447,43.6823
1032559,3702,Driver,40 to 44,None,"Automobile, Station Wagon",Turning Left,1,0,1,0,0,0,0,0,0,1,0,0,0,6,624,Clear,Dark,-79.4447,43.6823
1032843,3717,Driver,30 to 34,None,"Automobile, Station Wagon",Going Ahead,1,0,1,0,0,0,0,0,0,0,0,0,0,22,2210,Clear,Dark,-79.2858,43.6917
1032843,3721,Pedestrian,40 to 44,Major,"Automobile, Station Wagon",NULL,1,0,1,0,0,0,0,0,0,0,0,0,0,22,2210,Clear,Dark,-79.2858,43.6917
1033770,3758,Driver,20 to 24,None,"Automobile, Station Wagon",Slowing or Stopping,0,0,1,0,0,0,0,0,0,1,0,0,0,22,2225,Clear,Daylight,-79.42,43.7979
1033770,3759,Driver,25 to 29,Major,"Automobile, Station Wagon",Stopped,0,0,1,0,0,0,0,0,0,1,0,0,0,22,2225,Clear,Daylight,-79.42,43.7979
1034749,3736,Driver,20 to 24,None,"Automobile, Station Wagon",Slowing or Stopping,0,0,1,0,0,0,0,1,0,1,0,0,0,11,1110,Clear,Daylight,-79.4839,43.6842
1034749,3737,Passenger,35 to 39,Major,Other,NULL,0,0,1,0,0,0,0,1,0,1,0,0,0,11,1110,Clear,Daylight,-79.4839,43.6842
1034749,3739,Driver,40 to 44,None,"Automobile, Station Wagon",Stopped,0,0,1,0,0,0,0,1,0,1,0,0,0,11,1110,Clear,Daylight,-79.4839,43.6842
1036453,3710,Driver,60 to 64,None,"Automobile, Station Wagon",Going Ahead,1,0,1,0,0,0,0,0,0,0,0,0,0,16,1646,Clear,Daylight,-79.3503,43.6777
1036453,3713,Pedestrian,45 to 49,Major,Other,NULL,1,0,1,0,0,0,0,0,0,0,0,0,0,16,1646,Clear,Daylight,-79.3503,43.6777
1037389,3723,Driver,60 to 64,None,"Automobile, Station Wagon",Going Ahead,1,0,1,0,0,0,0,0,0,0,0,0,0,12,1216,Clear,Daylight,-79.446,43.6855
1037389,3798,Pedestrian,30 to 34,Major,Other,NULL,1,0,1,0,0,0,0,0,0,0,0,0,0,12,1216,Clear,Daylight,-79.446,43.6855
1038516,3893,Passenger,80 to 84,Major,Other,NULL,0,0,1,0,0,0,0,1,0,1,0,0,0,14,1428,Clear,"Daylight, artificial",-79.4302,43.7764
1038516,3894,Driver,90 to 94,Minimal,"Automobile, Station Wagon",Turning Left,0,0,1,0,0,0,0,1,0,1,0,0,0,14,1428,Clear,"Daylight, artificial",-79.4302,43.7764
1038516,3895,Passenger,20 to 24,None,Other,NULL,0,0,1,0,0,0,0,1,0,1,0,0,0,14,1428,Clear,"Daylight, artificial",-79.4302,43.7764
1038516,3897,Driver,25 to 29,None,"Automobile, Station Wagon",Going Ahead,0,0,1,0,0,0,0,1,0,1,0,0,0,14,1428,Clear,"Daylight, artificial",-79.4302,43.7764
1040088,3004,Driver,60 to 64,Major,"Automobile, Station Wagon",Going Ahead,0,0,1,0,0,1,0,0,0,0,0,0,1,14,1440,Clear,Daylight,-79.3689,43.6546
1040088,3017,Driver,50 to 54,None,Municipal Transit Bus (TTC),Slowing or Stopping,0,0,1,0,0,1,0,0,0,0,0,0,1,14,1440,Clear,Daylight,-79.3689,43.6546
1040690,3901,Driver,25 to 29,Major,"Automobile, Station Wagon",Going Ahead,0,0,1,0,0,0,0,0,0,0,0,0,0,5,535,Clear,Dark,-79.4215,43.7784
1041835,3916,Driver,35 to 39,None,"Automobile, Station Wagon",Going Ahead,1,0,1,0,0,0,0,0,0,0,0,0,0,12,1244,Clear,Daylight,-79.5714,43.7216
1041835,3917,Pedestrian,10 to 14,Major,Other,NULL,1,0,1,0,0,0,0,0,0,0,0,0,0,12,1244,Clear,Daylight,-79.5714,43.7216
1043405,3125,Pedestrian,25 to 29,Fatal,Other,NULL,1,0,1,0,0,0,0,0,0,1,0,0,0,0,5,Rain,Dark,-79.3323,43.8077
1043405,3015,Driver,45 to 49,None,"Automobile, Station Wagon",Going Ahead,1,0,1,0,0,0,0,0,0,1,0,0,0,0,5,Rain,Dark,-79.3323,43.8077
1043405,3117,Pedestrian,25 to 29,Fatal,Other,NULL,1,0,1,0,0,0,0,0,0,1,0,0,0,0,5,Rain,Dark,-79.3323,43.8077
1043639,3139,Driver,20 to 24,None,"Automobile, Station Wagon",Going Ahead,1,0,1,0,0,0,0,0,0,0,0,0,0,14,1355,Clear,Daylight,-79.4343,43.7388
1043639,3140,Pedestrian,35 to 39,Major,Other,NULL,1,0,1,0,0,0,0,0,0,0,0,0,0,14,1355,Clear,Daylight,-79.4343,43.7388
1043639,3141,Pedestrian,0 to 4,Major,Other,NULL,1,0,1,0,0,0,0,0,0,0,0,0,0,14,1355,Clear,Daylight,-79.4343,43.7388
1044584,3044,Driver,25 to 29,Major,"Automobile, Station Wagon",Going Ahead,0,0,1,0,0,0,0,0,0,0,0,0,0,11,1146,Clear,Daylight,-79.4834,43.6804
1044659,3045,Driver,70 to 74,None,"Automobile, Station Wagon",Stopped,0,0,1,0,0,0,0,1,0,0,0,0,0,15,1455,Clear,Daylight,-79.392,43.785
1044659,3047,Driver,60 to 64,Major,"Automobile, Station Wagon",Pulling Onto Shoulder or towardCurb,0,0,1,0,0,0,0,1,0,0,0,0,0,15,1455,Clear,Daylight,-79.392,43.785
1044659,3048,Passenger,35 to 39,Minimal,Other,NULL,0,0,1,0,0,0,0,1,0,0,0,0,0,15,1455,Clear,Daylight,-79.392,43.785
1044659,3049,Driver,45 to 49,Minor,"Automobile, Station Wagon",Going Ahead,0,0,1,0,0,0,0,1,0,0,0,0,0,15,1455,Clear,Daylight,-79.392,43.785
1044659,3050,Driver,45 to 49,None,"Automobile, Station Wagon",Going Ahead,0,0,1,0,0,0,0,1,0,0,0,0,0,15,1455,Clear,Daylight,-79.392,43.785
1044675,3054,Driver,40 to 44,None,"Automobile, Station Wagon",Going Ahead,1,0,1,0,0,0,0,0,0,0,0,0,0,15,1517,Clear,Daylight,-79.4273,43.7932
1044675,3055,Pedestrian,15 to 19,Major,Other,NULL,1,0,1,0,0,0,0,0,0,0,0,0,0,15,1517,Clear,Daylight,-79.4273,43.7932
1047683,3254,Pedestrian,85 to 89,Fatal,Other,NULL,1,0,1,0,0,0,0,0,0,0,0,0,0,20,2018,Clear,Dusk,-79.4121,43.6776
1047683,3247,Driver,60 to 64,None,"Automobile, Station Wagon",Reversing,1,0,1,0,0,0,0,0,0,0,0,0,0,20,2018,Clear,Dusk,-79.4121,43.6776
1047910,3270,Driver,30 to 34,None,"Automobile, Station Wagon",Going Ahead,1,0,1,0,0,0,0,1,1,1,0,0,1,13,1337,Clear,Daylight,-79.3235,43.6833
1047910,3275,Driver,60 to 64,Major,"Automobile, Station Wagon",Going Ahead,1,0,1,0,0,0,0,1,1,1,0,0,1,13,1337,Clear,Daylight,-79.3235,43.6833
1047910,3283,Passenger,0 to 4,None,Other,NULL,1,0,1,0,0,0,0,1,1,1,0,0,1,13,1337,Clear,Daylight,-79.3235,43.6833
1047910,3418,Driver,50 to 54,None,"Automobile, Station Wagon",Stopped,1,0,1,0,0,0,0,1,1,1,0,0,1,13,1337,Clear,Daylight,-79.3235,43.6833
1047910,3429,Pedestrian,50 to 54,Fatal,Other,NULL,1,0,1,0,0,0,0,1,1,1,0,0,1,13,1337,Clear,Daylight,-79.3235,43.6833
1047910,3387,Passenger,10 to 14,None,Other,NULL,1,0,1,0,0,0,0,1,1,1,0,0,1,13,1337,Clear,Daylight,-79.3235,43.6833
1047910,3405,Passenger,0 to 4,None,Other,NULL,1,0,1,0,0,0,0,1,1,1,0,0,1,13,1337,Clear,Daylight,-79.3235,43.6833
1047910,3406,Passenger,15 to 19,None,Other,NULL,1,0,1,0,0,0,0,1,1,1,0,0,1,13,1337,Clear,Daylight,-79.3235,43.6833
1049080,3548,Passenger,25 to 29,None,Other,NULL,0,0,1,0,0,0,0,1,0,0,0,0,0,3,300,Rain,Dark,-79.4767,43.6816
1053906,3709,Driver,unknown,None,"Automobile, Station Wagon",Changing Lanes,0,0,1,1,0,0,0,0,0,0,0,0,0,20,2045,Clear,Dark,-79.4624,43.6736
1055195,3981,Driver,65 to 69,None,"Automobile, Station Wagon",Reversing,1,0,1,0,0,0,0,0,0,0,0,0,0,11,1111,Clear,Daylight,-79.4659,43.7346
1055195,3982,Pedestrian,75 to 79,Fatal,Other,NULL,1,0,1,0,0,0,0,0,0,0,0,0,0,11,1111,Clear,Daylight,-79.4659,43.7346
1057099,3458,Driver,20 to 24,None,"Automobile, Station Wagon",Going Ahead,1,0,1,0,0,0,0,0,0,0,0,0,0,9,859,Clear,Daylight,-79.5596,43.641
1057099,3459,Pedestrian,20 to 24,Major,Other,NULL,1,0,1,0,0,0,0,0,0,0,0,0,0,9,859,Clear,Daylight,-79.5596,43.641
1057950,3952,Truck Driver,55 to 59,None,Truck - Open,Going Ahead,1,0,0,0,1,0,0,0,0,1,0,0,0,12,1220,Clear,Daylight,-79.3907,43.6731
1057950,3953,Pedestrian,85 to 89,Major,Other,NULL,1,0,0,0,1,0,0,0,0,1,0,0,0,12,1220,Clear,Daylight,-79.3907,43.6731
1058686,3983,Motorcycle Driver,50 to 54,Major,Motorcycle,Going Ahead,0,0,1,1,0,0,0,0,0,1,0,0,0,7,723,Clear,Daylight,-79.4402,43.6978
1058686,3984,Driver,55 to 59,Minimal,"Automobile, Station Wagon",Turning Left,0,0,1,1,0,0,0,0,0,1,0,0,0,7,723,Clear,Daylight,-79.4402,43.6978
1058820,3269,Driver,50 to 54,Major,"Automobile, Station Wagon",Going Ahead,0,0,1,0,0,0,0,0,1,1,0,0,0,22,2240,Clear,Dark,-79.3678,43.7893
1058854,3249,Driver,45 to 49,None,"Automobile, Station Wagon",Stopped,0,0,1,0,0,0,0,1,0,1,0,0,0,18,1825,Clear,Daylight,-79.5507,43.7253
1058854,3257,Driver,30 to 34,Minor,"Automobile, Station Wagon",Going Ahead,0,0,1,0,0,0,0,1,0,1,0,0,0,18,1825,Clear,Daylight,-79.5507,43.7253
1058854,3246,Passenger,40 to 44,Major,Other,NULL,0,0,1,0,0,0,0,1,0,1,0,0,0,18,1825,Clear,Daylight,-79.5507,43.7253
1062415,3292,Driver,45 to 49,None,"Automobile, Station Wagon",Going Ahead,1,0,1,0,0,0,0,0,0,0,0,0,0,10,1025,Clear,Daylight,-79.4163,43.7832
1062415,3293,Pedestrian,85 to 89,Fatal,Other,NULL,1,0,1,0,0,0,0,0,0,0,0,0,0,10,1025,Clear,Daylight,-79.4163,43.7832
1063149,3316,Motorcycle Driver,35 to 39,Major,Motorcycle,Going Ahead,0,0,1,1,0,0,0,0,0,1,0,0,0,22,2230,Clear,Dark,-79.2335,43.7809
1063149,3317,Driver,25 to 29,None,Pick Up Truck,Turning Left,0,0,1,1,0,0,0,0,0,1,0,0,0,22,2230,Clear,Dark,-79.2335,43.7809
1063951,3325,Driver,30 to 34,None,"Automobile, Station Wagon",Going Ahead,0,0,1,0,0,0,0,0,0,1,1,0,0,1,145,Clear,Dark,-79.258,43.7345
1063951,3327,Driver,35 to 39,Major,"Automobile, Station Wagon",Going Ahead,0,0,1,0,0,0,0,0,0,1,1,0,0,1,145,Clear,Dark,-79.258,43.7345
1064117,3502,Driver,55 to 59,None,"Automobile, Station Wagon",Turning Left,1,0,1,0,0,0,0,0,0,1,0,0,0,6,600,Clear,Dawn,-79.5772,43.6905
1064117,3503,Pedestrian,50 to 54,Major,Other,NULL,1,0,1,0,0,0,0,0,0,1,0,0,0,6,600,Clear,Dawn,-79.5772,43.6905
1064302,16059,Passenger,20 to 24,None,NULL,NULL,0,1,1,0,0,0,0,1,0,0,0,0,0,21,2148,Clear,"Dark, artificial",-79.4353,43.6598
1064302,16057,Driver,20 to 24,None,"Automobile, Station Wagon",Making U Turn,0,1,1,0,0,0,0,1,0,0,0,0,0,21,2148,Clear,"Dark, artificial",-79.4353,43.6598
1064302,16058,Cyclist,50 to 54,Major,Bicycle,Going Ahead,0,1,1,0,0,0,0,1,0,0,0,0,0,21,2148,Clear,"Dark, artificial",-79.4353,43.6598
1064434,3510,Passenger,20 to 24,Minimal,Other,NULL,1,0,1,0,0,0,0,1,1,1,0,0,0,20,2025,Rain,Dark,-79.2847,43.7475
1064434,3512,Driver,20 to 24,None,"Automobile, Station Wagon",Going Ahead,1,0,1,0,0,0,0,1,1,1,0,0,0,20,2025,Rain,Dark,-79.2847,43.7475
1064434,3513,Pedestrian,40 to 44,Major,Other,NULL,1,0,1,0,0,0,0,1,1,1,0,0,0,20,2025,Rain,Dark,-79.2847,43.7475
1064702,3331,Truck Driver,45 to 49,None,Truck - Open,Turning Right,1,0,0,0,1,0,0,0,0,1,0,0,0,12,1150,Other,Daylight,-79.265,43.7515
1064702,3332,Pedestrian,35 to 39,Major,Other,NULL,1,0,0,0,1,0,0,0,0,1,0,0,0,12,1150,Other,Daylight,-79.265,43.7515
1066274,3376,Driver,60 to 64,None,"Automobile, Station Wagon",Going Ahead,1,0,1,0,0,0,0,0,0,0,0,0,0,22,2235,Rain,Dark,-79.3182,43.7261
1066274,3377,Pedestrian,75 to 79,Fatal,Other,NULL,1,0,1,0,0,0,0,0,0,0,0,0,0,22,2235,Rain,Dark,-79.3182,43.7261
1068648,3337,Passenger,20 to 24,Major,Other,NULL,0,0,1,0,0,0,0,1,0,1,1,0,0,12,1219,Clear,Daylight,-79.1946,43.762
1068648,3338,Driver,20 to 24,Major,"Automobile, Station Wagon",Going Ahead,0,0,1,0,0,0,0,1,0,1,1,0,0,12,1219,Clear,Daylight,-79.1946,43.762
1068648,3339,Driver,50 to 54,None,"Automobile, Station Wagon",Going Ahead,0,0,1,0,0,0,0,1,0,1,1,0,0,12,1219,Clear,Daylight,-79.1946,43.762
1070099,4837,Pedestrian,75 to 79,Major,Other,Other,1,0,0,0,0,0,0,0,0,0,0,0,0,16,1620,Rain,Daylight,-79.2914,43.7269
1070403,4838,Driver,50 to 54,Major,"Automobile, Station Wagon",Stopped,0,0,1,0,0,0,0,0,0,0,0,0,1,7,748,Clear,Daylight,-79.5724,43.6433
1070403,4839,Driver,35 to 39,None,"Automobile, Station Wagon",Stopped,0,0,1,0,0,0,0,0,0,0,0,0,1,7,748,Clear,Daylight,-79.5724,43.6433
1070403,4840,Driver,45 to 49,None,"Automobile, Station Wagon",Stopped,0,0,1,0,0,0,0,0,0,0,0,0,1,7,748,Clear,Daylight,-79.5724,43.6433
1072541,4397,Passenger,65 to 69,None,Other,NULL,1,0,1,0,0,0,0,1,0,0,0,0,0,17,1714,Rain,Dark,-79.3149,43.7948
1072541,4405,Driver,70 to 74,None,"Automobile, Station Wagon",Going Ahead,1,0,1,0,0,0,0,1,0,0,0,0,0,17,1714,Rain,Dark,-79.3149,43.7948
1072541,4497,Driver,45 to 49,None,"Automobile, Station Wagon",Going Ahead,1,0,1,0,0,0,0,1,0,0,0,0,0,17,1714,Rain,Dark,-79.3149,43.7948
1072541,4502,Pedestrian,55 to 59,Fatal,Other,NULL,1,0,1,0,0,0,0,1,0,0,0,0,0,17,1714,Rain,Dark,-79.3149,43.7948
1072743,4785,Driver,60 to 64,None,"Automobile, Station Wagon",Turning Right,1,0,1,0,0,0,0,0,0,1,0,1,0,19,1854,Rain,Dark,-79.3706,43.672
1072743,4855,Pedestrian,50 to 54,Major,Other,NULL,1,0,1,0,0,0,0,0,0,1,0,1,0,19,1854,Rain,Dark,-79.3706,43.672
1073092,4800,Driver,20 to 24,Major,"Automobile, Station Wagon",Going Ahead,0,0,1,0,0,0,0,0,0,0,0,0,0,16,1620,Clear,Daylight,-79.4076,43.6747
1074830,4846,Driver,45 to 49,Major,"Automobile, Station Wagon",Turning Left,0,0,1,0,0,0,0,0,1,1,0,0,0,14,1445,Clear,Daylight,-79.469,43.6823
1074830,4847,Other,unknown,None,Other,Parked,0,0,1,0,0,0,0,0,1,1,0,0,0,14,1445,Clear,Daylight,-79.469,43.6823
1075851,4141,Driver,25 to 29,Major,"Automobile, Station Wagon",Turning Left,0,0,1,0,0,0,0,0,0,0,0,0,1,19,1943,Clear,Daylight,-79.2216,43.8091
1076502,4603,Driver,90 to 94,None,"Automobile, Station Wagon",Turning Left,1,0,1,0,0,0,0,0,0,1,0,0,0,9,946,Clear,Daylight,-79.2818,43.7932
1076502,4693,Pedestrian,55 to 59,Major,Other,NULL,1,0,1,0,0,0,0,0,0,1,0,0,0,9,946,Clear,Daylight,-79.2818,43.7932
1078876,4999,Passenger,70 to 74,Major,Other,NULL,0,0,1,0,0,0,0,1,0,0,0,0,0,20,2011,Snow,Dark,-79.3124,43.7979
1078876,5000,Driver,80 to 84,Minimal,"Automobile, Station Wagon",Going Ahead,0,0,1,0,0,0,0,1,0,0,0,0,0,20,2011,Snow,Dark,-79.3124,43.7979
1080314,4271,Passenger,unknown,Minimal,Other,NULL,0,0,1,0,0,0,0,1,0,1,0,0,0,14,1430,Clear,Daylight,-79.4076,43.6564
1080314,4272,Driver,45 to 49,Major,"Automobile, Station Wagon",Stopped,0,0,1,0,0,0,0,1,0,1,0,0,0,14,1430,Clear,Daylight,-79.4076,43.6564
1080314,4273,Driver,25 to 29,None,"Automobile, Station Wagon",Going Ahead,0,0,1,0,0,0,0,1,0,1,0,0,0,14,1430,Clear,Daylight,-79.4076,43.6564
1080448,4275,Driver,20 to 24,None,"Automobile, Station Wagon",Turning Left,1,0,1,0,0,0,0,0,0,0,0,0,0,14,1445,Clear,Daylight,-79.4263,43.7966
1080448,4276,Pedestrian,70 to 74,Minor,Other,NULL,1,0,1,0,0,0,0,0,0,0,0,0,0,14,1445,Clear,Daylight,-79.4263,43.7966
1080448,4277,Pedestrian,70 to 74,Major,Other,NULL,1,0,1,0,0,0,0,0,0,0,0,0,0,14,1445,Clear,Daylight,-79.4263,43.7966
1083356,4779,Driver,35 to 39,None,"Automobile, Station Wagon",Stopped,0,0,1,0,0,0,0,0,0,1,1,0,0,10,950,Clear,Daylight,-79.2521,43.7745
1083356,4697,Driver,70 to 74,None,"Automobile, Station Wagon",Going Ahead,0,0,1,0,0,0,0,0,0,1,1,0,0,10,950,Clear,Daylight,-79.2521,43.7745
1083356,4701,Driver,35 to 39,Major,"Automobile, Station Wagon",Going Ahead,0,0,1,0,0,0,0,0,0,1,1,0,0,10,950,Clear,Daylight,-79.2521,43.7745
1083673,4979,Driver,45 to 49,None,Municipal Transit Bus (TTC),Going Ahead,1,0,0,0,0,1,0,0,0,0,0,0,0,17,1710,Snow,Dark,-79.3971,43.6508
1083673,4980,Pedestrian,45 to 49,Major,Other,NULL,1,0,0,0,0,1,0,0,0,0,0,0,0,17,1710,Snow,Dark,-79.3971,43.6508
1086962,16072,Cyclist,55 to 59,Major,Bicycle,Going Ahead,0,1,1,0,0,0,0,0,0,0,0,0,0,10,1040,Clear,Daylight,-79.3694,43.6544
1086962,16073,Driver,50 to 54,None,Pick Up Truck,Going Ahead,0,1,1,0,0,0,0,0,0,0,0,0,0,10,1040,Clear,Daylight,-79.3694,43.6544
1087632,4278,Driver,65 to 69,None,"Automobile, Station Wagon",Turning Left,1,0,1,0,0,0,0,0,0,1,0,0,0,16,1640,Clear,Daylight,-79.3403,43.6681
1087632,4279,Pedestrian,50 to 54,Major,Other,NULL,1,0,1,0,0,0,0,0,0,1,0,0,0,16,1640,Clear,Daylight,-79.3403,43.6681
1088236,4283,Driver,45 to 49,Major,"Automobile, Station Wagon",Turning Left,0,0,1,0,0,0,0,1,0,0,0,0,0,9,850,Clear,Daylight,-79.2047,43.7974
1088236,4284,Passenger,unknown,Minor,Other,NULL,0,0,1,0,0,0,0,1,0,0,0,0,0,9,850,Clear,Daylight,-79.2047,43.7974
1088236,4285,Driver,15 to 19,None,"Automobile, Station Wagon",Going Ahead,0,0,1,0,0,0,0,1,0,0,0,0,0,9,850,Clear,Daylight,-79.2047,43.7974
1089504,4321,Pedestrian,85 to 89,Major,Other,NULL,1,0,1,0,0,0,0,0,0,0,0,0,0,16,1621,Clear,Daylight,-79.4414,43.7552
1089504,4158,Driver,55 to 59,None,"Automobile, Station Wagon",Reversing,1,0,1,0,0,0,0,0,0,0,0,0,0,16,1621,Clear,Daylight,-79.4414,43.7552
1089553,4288,Driver,80 to 84,None,"Automobile, Station Wagon",Going Ahead,1,0,1,0,0,0,0,0,0,0,0,0,0,9,938,Snow,Daylight,-79.2116,43.7626
1027349,3808,Driver,25 to 29,None,"Automobile, Station Wagon",Turning Left,1,0,1,0,0,0,0,0,0,1,0,0,0,13,1341,Clear,Daylight,-79.395,43.6711
1027349,3809,Pedestrian,15 to 19,Major,Other,NULL,1,0,1,0,0,0,0,0,0,1,0,0,0,13,1341,Clear,Daylight,-79.395,43.6711
1028235,3848,Driver,20 to 24,None,"Automobile, Station Wagon",Going Ahead,1,0,1,0,0,0,0,0,0,0,0,0,0,14,1404,Clear,Daylight,-79.3795,43.6723
1028235,3849,Pedestrian,25 to 29,Fatal,Other,NULL,1,0,1,0,0,0,0,0,0,0,0,0,0,14,1404,Clear,Daylight,-79.3795,43.6723
1029220,3852,Driver,50 to 54,None,"Automobile, Station Wagon",Turning Right,0,1,1,0,0,0,0,0,0,0,0,0,0,13,1332,Clear,Daylight,-79.4098,43.6459
1029220,3853,Cyclist,35 to 39,Major,Bicycle,Turning Right,0,1,1,0,0,0,0,0,0,0,0,0,0,13,1332,Clear,Daylight,-79.4098,43.6459
1034552,3750,Passenger,30 to 34,Minimal,Other,NULL,0,0,1,0,0,0,0,1,0,1,0,0,0,23,2321,Clear,Dark,-79.6009,43.7346
1034552,3748,Passenger,40 to 44,Major,Other,NULL,0,0,1,0,0,0,0,1,0,1,0,0,0,23,2321,Clear,Dark,-79.6009,43.7346
1034552,3749,Passenger,25 to 29,Major,Other,NULL,0,0,1,0,0,0,0,1,0,1,0,0,0,23,2321,Clear,Dark,-79.6009,43.7346
1034552,3751,Driver,25 to 29,None,"Automobile, Station Wagon",Stopped,0,0,1,0,0,0,0,1,0,1,0,0,0,23,2321,Clear,Dark,-79.6009,43.7346
1034552,3752,Passenger,25 to 29,Major,Other,NULL,0,0,1,0,0,0,0,1,0,1,0,0,0,23,2321,Clear,Dark,-79.6009,43.7346
1034552,3753,Passenger,50 to 54,Major,Other,NULL,0,0,1,0,0,0,0,1,0,1,0,0,0,23,2321,Clear,Dark,-79.6009,43.7346
1034552,3755,Driver,35 to 39,None,"Automobile, Station Wagon",Going Ahead,0,0,1,0,0,0,0,1,0,1,0,0,0,23,2321,Clear,Dark,-79.6009,43.7346
1035404,3229,Driver,35 to 39,None,"Automobile, Station Wagon",Going Ahead,1,0,1,0,0,0,0,0,0,0,0,0,0,20,2000,Clear,Daylight,-79.3182,43.7261
1035404,3232,Pedestrian,75 to 79,Major,Other,NULL,1,0,1,0,0,0,0,0,0,0,0,0,0,20,2000,Clear,Daylight,-79.3182,43.7261
1035405,3012,Pedestrian,85 to 89,Fatal,Other,Other,1,0,1,0,0,0,0,0,0,0,0,0,1,17,1722,Clear,Daylight,-79.6034,43.7191
1035405,3007,Driver,60 to 64,Minimal,"Automobile, Station Wagon",Going Ahead,1,0,1,0,0,0,0,0,0,0,0,0,1,17,1722,Clear,Daylight,-79.6034,43.7191
1037827,3777,Motorcycle Driver,25 to 29,Major,Motorcycle,Going Ahead,0,0,1,1,0,0,0,0,0,0,0,0,0,12,1217,Clear,Daylight,-79.3498,43.6923
1037827,3778,Driver,70 to 74,None,"Automobile, Station Wagon",Going Ahead,0,0,1,1,0,0,0,0,0,0,0,0,0,12,1217,Clear,Daylight,-79.3498,43.6923
1038512,3888,Driver,35 to 39,None,"Automobile, Station Wagon",Turning Left,0,0,1,0,0,0,0,0,0,1,1,0,1,10,950,Clear,Daylight,-79.5642,43.6549
1038512,3889,Driver,80 to 84,Major,"Automobile, Station Wagon",Going Ahead,0,0,1,0,0,0,0,0,0,1,1,0,1,10,950,Clear,Daylight,-79.5642,43.6549
1040168,3412,Driver,55 to 59,Major,"Automobile, Station Wagon",Changing Lanes,0,0,1,0,0,0,0,0,0,0,0,1,0,23,2320,Clear,Dark,-79.4547,43.7145