ACCNUM,ObjectId,INVTYPE,INVAGE,INJURY,VEHTYPE,MANOEUVER,PEDESTRIAN,CYCLIST,AUTOMOBILE,MOTORCYCLE,TRUCK,TRSN_CITY_VEH,EMERG_VEH,PASSENGER,SPEEDING,AG_DRIV,REDLIGHT,ALCOHOL,DISABILITY,HOUR,TIME,VISIBILITY,LIGHT,collision_lat,collision_long
1040168,3420,Driver,20 to 24,Minor,"Automobile, Station Wagon",Going Ahead,0,0,1,0,0,0,0,0,0,0,0,1,0,23,2320,Clear,Dark,-79.4547,43.7145
1041453,3052,Pedestrian,70 to 74,Major,Other,NULL,1,0,1,0,0,0,0,0,0,1,0,0,0,12,1230,Rain,Daylight,-79.4225,43.7589
1041453,3053,Driver,80 to 84,None,"Automobile, Station Wagon",Turning Left,1,0,1,0,0,0,0,0,0,1,0,0,0,12,1230,Rain,Daylight,-79.4225,43.7589
1041588,3060,Driver,60 to 64,None,"Automobile, Station Wagon",Going Ahead,0,0,1,0,0,0,0,0,0,0,0,0,0,18,1838,Clear,Daylight,-79.1457,43.7985
1041588,3061,Driver,65 to 69,Major,"Automobile, Station Wagon",Changing Lanes,0,0,1,0,0,0,0,0,0,0,0,0,0,18,1838,Clear,Daylight,-79.1457,43.7985
1041888,3065,Motorcycle Driver,25 to 29,Major,Motorcycle,Going Ahead,0,0,1,1,0,0,0,0,0,0,0,0,0,8,750,Clear,Daylight,-79.4714,43.6909
1041888,3066,Driver,55 to 59,None,"Automobile, Station Wagon",Stopped,0,0,1,1,0,0,0,0,0,0,0,0,0,8,750,Clear,Daylight,-79.4714,43.6909
1041888,3067,Driver,35 to 39,None,"Automobile, Station Wagon",Stopped,0,0,1,1,0,0,0,0,0,0,0,0,0,8,750,Clear,Daylight,-79.4714,43.6909
1042256,3922,Motorcycle Passenger,20 to 24,Minimal,Other,NULL,0,0,0,1,0,0,0,1,0,0,0,0,0,2,200,Clear,Dark,-79.3947,43.6448
1042256,3923,Motorcycle Driver,20 to 24,Major,Motorcycle,Turning Left,0,0,0,1,0,0,0,1,0,0,0,0,0,2,200,Clear,Dark,-79.3947,43.6448
1042389,3918,Passenger,25 to 29,Major,Other,NULL,0,0,1,1,0,0,0,1,0,1,0,0,0,21,2135,Clear,Dark,-79.5814,43.6507
1042389,3919,Motorcycle Driver,20 to 24,Minor,Motorcycle,Going Ahead,0,0,1,1,0,0,0,1,0,1,0,0,0,21,2135,Clear,Dark,-79.5814,43.6507
1042389,3920,Driver,20 to 24,None,"Automobile, Station Wagon",Turning Left,0,0,1,1,0,0,0,1,0,1,0,0,0,21,2135,Clear,Dark,-79.5814,43.6507
1043009,3104,Passenger,75 to 79,Minor,Other,NULL,0,0,1,0,0,0,0,1,0,1,1,0,0,12,1235,Clear,Daylight,-79.5451,43.6016
1043009,3105,Driver,50 to 54,Minor,"Automobile, Station Wagon",Going Ahead,0,0,1,0,0,0,0,1,0,1,1,0,0,12,1235,Clear,Daylight,-79.5451,43.6016
1043009,3106,Passenger,85 to 89,Minor,Other,NULL,0,0,1,0,0,0,0,1,0,1,1,0,0,12,1235,Clear,Daylight,-79.5451,43.6016
1043009,3107,Driver,50 to 54,Minimal,"Automobile, Station Wagon",Going Ahead,0,0,1,0,0,0,0,1,0,1,1,0,0,12,1235,Clear,Daylight,-79.5451,43.6016
1043009,3108,Passenger,35 to 39,Minimal,Other,NULL,0,0,1,0,0,0,0,1,0,1,1,0,0,12,1235,Clear,Daylight,-79.5451,43.6016
1043009,3109,Driver,40 to 44,Major,"Automobile, Station Wagon",Going Ahead,0,0,1,0,0,0,0,1,0,1,1,0,0,12,1235,Clear,Daylight,-79.5451,43.6016
1044246,3154,Driver,50 to 54,Major,"Automobile, Station Wagon",Going Ahead,0,0,1,0,0,0,0,0,0,0,0,0,1,15,1500,Clear,Daylight,-79.2609,43.7777
1045598,3062,Motorcycle Driver,30 to 34,Major,Motorcycle,Changing Lanes,0,0,1,1,0,0,0,0,0,0,0,0,0,12,1220,Clear,Daylight,-79.5377,43.718
1045598,3064,Driver,60 to 64,None,"Automobile, Station Wagon",Going Ahead,0,0,1,1,0,0,0,0,0,0,0,0,0,12,1220,Clear,Daylight,-79.5377,43.718
1047170,3023,Driver,65 to 69,None,"Automobile, Station Wagon",Turning Left,0,0,1,0,0,0,0,0,0,1,0,0,0,23,2310,Clear,Dark,-79.4449,43.7159
1047170,3024,Driver,35 to 39,Major,"Automobile, Station Wagon",Going Ahead,0,0,1,0,0,0,0,0,0,1,0,0,0,23,2310,Clear,Dark,-79.4449,43.7159
1051205,3431,Driver,25 to 29,None,"Automobile, Station Wagon",Going Ahead,1,0,1,0,0,0,0,0,0,1,0,0,0,19,1935,Clear,Dusk,-79.3464,43.7734
1051205,3438,Pedestrian,35 to 39,Major,Other,NULL,1,0,1,0,0,0,0,0,0,1,0,0,0,19,1935,Clear,Dusk,-79.3464,43.7734
1052382,3394,Passenger,20 to 24,None,"Automobile, Station Wagon",NULL,1,0,1,0,1,0,0,1,0,1,0,0,0,10,1035,Clear,Daylight,-79.3866,43.6992
1052382,3400,Passenger,30 to 34,None,Other,NULL,1,0,1,0,1,0,0,1,0,1,0,0,0,10,1035,Clear,Daylight,-79.3866,43.6992
1052382,3415,Truck Driver,60 to 64,None,Truck - Open,Turning Left,1,0,1,0,1,0,0,1,0,1,0,0,0,10,1035,Clear,Daylight,-79.3866,43.6992
1052382,3521,Pedestrian,80 to 84,Fatal,Other,NULL,1,0,1,0,1,0,0,1,0,1,0,0,0,10,1035,Clear,Daylight,-79.3866,43.6992
1052609,3197,Driver,30 to 34,None,"Automobile, Station Wagon",Going Ahead,0,0,1,0,0,0,0,1,0,1,0,0,0,12,1155,Clear,Daylight,-79.4887,43.7545
1052609,3198,Passenger,0 to 4,Major,Other,NULL,0,0,1,0,0,0,0,1,0,1,0,0,0,12,1155,Clear,Daylight,-79.4887,43.7545
1052609,3199,Driver,30 to 34,Minor,"Automobile, Station Wagon",Slowing or Stopping,0,0,1,0,0,0,0,1,0,1,0,0,0,12,1155,Clear,Daylight,-79.4887,43.7545
1053809,3554,Driver,30 to 34,None,"Automobile, Station Wagon",Going Ahead,1,0,1,0,0,0,0,0,0,0,0,0,0,3,320,Rain,Dark,-79.412,43.7659
1053809,3555,Pedestrian,25 to 29,Major,Other,NULL,1,0,1,0,0,0,0,0,0,0,0,0,0,3,320,Rain,Dark,-79.412,43.7659
1054754,3589,Driver,25 to 29,None,"Automobile, Station Wagon",Going Ahead,0,1,1,0,0,0,0,0,0,0,0,0,0,16,1610,Clear,Daylight,-79.4842,43.6303
1054754,3590,Cyclist,20 to 24,Major,Bicycle,Changing Lanes,0,1,1,0,0,0,0,0,0,0,0,0,0,16,1610,Clear,Daylight,-79.4842,43.6303
1057151,3463,Driver,25 to 29,None,"Automobile, Station Wagon",Going Ahead,1,0,1,0,0,0,0,0,0,0,0,0,0,22,2150,Rain,Dark,-79.2457,43.8194
1057151,3464,Pedestrian,45 to 49,Fatal,Other,NULL,1,0,1,0,0,0,0,0,0,0,0,0,0,22,2150,Rain,Dark,-79.2457,43.8194
1057630,3151,Driver,unknown,None,"Automobile, Station Wagon",Turning Left,1,0,1,0,0,0,0,0,0,1,0,0,0,10,1030,Clear,Daylight,-79.4941,43.743
1057630,3152,Pedestrian,20 to 24,Major,Other,NULL,1,0,1,0,0,0,0,0,0,1,0,0,0,10,1030,Clear,Daylight,-79.4941,43.743
1057921,3469,Driver,40 to 44,Major,"Automobile, Station Wagon",Going Ahead,0,0,1,0,0,0,0,0,0,0,0,0,0,21,2133,Clear,Dark,-79.3984,43.6377
1058466,3978,Driver,30 to 34,None,"Automobile, Station Wagon",Parked,0,1,1,0,0,0,0,0,0,0,0,0,0,7,745,Clear,Daylight,-79.4329,43.6801
1058466,3979,Cyclist,45 to 49,Major,Bicycle,Going Ahead,0,1,1,0,0,0,0,0,0,0,0,0,0,7,745,Clear,Daylight,-79.4329,43.6801
1058523,3994,Truck Driver,45 to 49,Major,Truck - Open,Going Ahead,0,0,1,0,1,0,0,1,0,1,1,0,0,14,1440,Clear,Daylight,-79.3313,43.7183
1058523,3995,Passenger,55 to 59,Minor,Other,NULL,0,0,1,0,1,0,0,1,0,1,1,0,0,14,1440,Clear,Daylight,-79.3313,43.7183
1058523,3996,Driver,70 to 74,Minimal,"Automobile, Station Wagon",Going Ahead,0,0,1,0,1,0,0,1,0,1,1,0,0,14,1440,Clear,Daylight,-79.3313,43.7183
1058659,3474,Driver,30 to 34,Major,"Automobile, Station Wagon",Going Ahead,0,0,1,0,0,0,0,0,0,0,0,0,0,22,2230,Clear,Dark,-79.356,43.6491
1058925,3452,Pedestrian,35 to 39,Major,Other,NULL,1,0,1,0,0,0,0,0,0,1,0,1,0,23,2334,Clear,Daylight,-79.3841,43.6638
1058925,3451,Driver,20 to 24,None,"Automobile, Station Wagon",Turning Left,1,0,1,0,0,0,0,0,0,1,0,1,0,23,2334,Clear,Daylight,-79.3841,43.6638
1058993,3477,Driver,20 to 24,Major,"Automobile, Station Wagon",Changing Lanes,0,0,1,0,0,0,0,0,0,0,0,0,0,10,1003,Clear,Daylight,-79.4383,43.7745
1060729,3461,Driver,20 to 24,None,"Automobile, Station Wagon",Going Ahead,1,0,1,0,0,0,0,0,0,0,0,0,0,16,1613,Clear,Daylight,-79.4908,43.7635
1060729,3462,Pedestrian,45 to 49,Major,Other,NULL,1,0,1,0,0,0,0,0,0,0,0,0,0,16,1613,Clear,Daylight,-79.4908,43.7635
1061106,3504,Motorcycle Driver,45 to 49,Major,Motorcycle,Going Ahead,0,0,1,1,0,0,0,0,0,1,0,0,0,20,2027,Clear,Dark,-79.3775,43.6646
1047657,3222,Driver,25 to 29,Fatal,"Automobile, Station Wagon",Overtaking,0,0,1,0,0,0,0,0,1,1,0,0,0,0,38,Clear,Dark,-79.5194,43.6947
1047657,3227,Other,unknown,None,"Automobile, Station Wagon",Parked,0,0,1,0,0,0,0,0,1,1,0,0,0,0,38,Clear,Dark,-79.5194,43.6947
1047657,3016,Other,unknown,None,"Automobile, Station Wagon",Parked,0,0,1,0,0,0,0,0,1,1,0,0,0,0,38,Clear,Dark,-79.5194,43.6947
1048242,3158,Pedestrian,20 to 24,Major,Other,NULL,1,0,0,0,0,1,0,0,0,0,0,0,0,10,950,Clear,Daylight,-79.402,43.663
1048242,3160,Driver,40 to 44,None,Municipal Transit Bus (TTC),Going Ahead,1,0,0,0,0,1,0,0,0,0,0,0,0,10,950,Clear,Daylight,-79.402,43.663
1053990,3559,Driver,50 to 54,None,"Automobile, Station Wagon",Going Ahead,0,0,1,0,0,0,0,0,0,1,0,0,0,9,857,Rain,Dark,-79.3353,43.6964
1053990,3560,Driver,35 to 39,None,"Automobile, Station Wagon",Going Ahead,0,0,1,0,0,0,0,0,0,1,0,0,0,9,857,Rain,Dark,-79.3353,43.6964
1053990,3561,Driver,45 to 49,Major,"Automobile, Station Wagon",Going Ahead,0,0,1,0,0,0,0,0,0,1,0,0,0,9,857,Rain,Dark,-79.3353,43.6964
1053990,3562,Driver,40 to 44,None,"Automobile, Station Wagon",Going Ahead,0,0,1,0,0,0,0,0,0,1,0,0,0,9,857,Rain,Dark,-79.3353,43.6964
1054475,3570,Driver,30 to 34,None,"Automobile, Station Wagon",Changing Lanes,1,0,1,0,0,0,0,0,0,0,0,0,0,5,542,Clear,Daylight,-79.449,43.6463
1054475,3571,Other,unknown,None,Other,Parked,1,0,1,0,0,0,0,0,0,0,0,0,0,5,542,Clear,Daylight,-79.449,43.6463
1054475,3572,Pedestrian,50 to 54,Major,Other,NULL,1,0,1,0,0,0,0,0,0,0,0,0,0,5,542,Clear,Daylight,-79.449,43.6463
1058134,3969,Driver,25 to 29,Major,"Automobile, Station Wagon",Going Ahead,0,0,1,0,0,0,0,0,1,1,0,1,0,2,220,Clear,Dark,-79.5476,43.6383
1058736,3998,Driver,40 to 44,None,"Automobile, Station Wagon",Going Ahead,0,0,1,0,0,0,0,1,0,0,0,0,0,3,308,Clear,Daylight,-79.3889,43.6563
1058736,4000,Driver,40 to 44,None,"Automobile, Station Wagon",Going Ahead,0,0,1,0,0,0,0,1,0,0,0,0,0,3,308,Clear,Daylight,-79.3889,43.6563
1058736,3002,Passenger,20 to 24,Major,Other,NULL,0,0,1,0,0,0,0,1,0,0,0,0,0,3,308,Clear,Daylight,-79.3889,43.6563
1058736,3008,Driver,25 to 29,None,"Automobile, Station Wagon",Turning Left,0,0,1,0,0,0,0,1,0,0,0,0,0,3,308,Clear,Daylight,-79.3889,43.6563
1062414,3714,Driver,40 to 44,None,"Automobile, Station Wagon",Going Ahead,0,0,1,0,0,0,0,0,0,0,0,0,1,6,630,Clear,Daylight,-79.4671,43.7113
1062414,3719,Driver,85 to 89,Major,"Automobile, Station Wagon",Going Ahead,0,0,1,0,0,0,0,0,0,0,0,0,1,6,630,Clear,Daylight,-79.4671,43.7113
1062512,3472,Cyclist,20 to 24,Major,Bicycle,Going Ahead,0,1,0,0,0,0,0,0,0,0,0,0,0,15,1450,Clear,Daylight,-79.3622,43.6543
1064016,3318,Driver,unknown,Major,Other,Unknown,0,0,1,0,0,0,0,0,0,0,0,0,0,16,1600,Rain,Daylight,-79.3863,43.6581
1064016,3319,Driver,25 to 29,None,"Automobile, Station Wagon",Reversing,0,0,1,0,0,0,0,0,0,0,0,0,0,16,1600,Rain,Daylight,-79.3863,43.6581
1064016,3320,Vehicle Owner,unknown,None,Other,Parked,0,0,1,0,0,0,0,0,0,0,0,0,0,16,1600,Rain,Daylight,-79.3863,43.6581
1064337,3488,Driver,unknown,None,"Automobile, Station Wagon",Turning Left,1,0,1,0,0,0,0,0,0,1,0,0,0,8,840,Clear,Daylight,-79.5985,43.7508
1064337,3489,Pedestrian,10 to 14,Major,Other,NULL,1,0,1,0,0,0,0,0,0,1,0,0,0,8,840,Clear,Daylight,-79.5985,43.7508
1064720,3282,Driver,60 to 64,Major,"Automobile, Station Wagon",Stopped,0,0,1,0,0,0,0,0,0,1,0,0,0,12,1150,Rain,Daylight,-79.4865,43.6479
1064720,3290,Driver,15 to 19,Major,"Automobile, Station Wagon",Going Ahead,0,0,1,0,0,0,0,0,0,1,0,0,0,12,1150,Rain,Daylight,-79.4865,43.6479
1065571,3368,Passenger,70 to 74,None,Other,NULL,0,0,1,0,0,0,0,1,0,0,0,0,1,2,231,Clear,Dark,-79.4817,43.6499
1065571,3369,Driver,75 to 79,Major,"Automobile, Station Wagon",Going Ahead,0,0,1,0,0,0,0,1,0,0,0,0,1,2,231,Clear,Dark,-79.4817,43.6499
1066390,3378,Other,35 to 39,None,"Automobile, Station Wagon",Going Ahead,1,0,1,0,0,0,0,0,0,0,0,0,0,23,2329,Clear,Dark,-79.5058,43.6967
1066390,3380,Pedestrian,20 to 24,Fatal,Other,NULL,1,0,1,0,0,0,0,0,0,0,0,0,0,23,2329,Clear,Dark,-79.5058,43.6967
1067813,3470,Driver,30 to 34,None,"Automobile, Station Wagon",Going Ahead,1,0,1,0,0,0,0,0,0,0,0,0,0,15,1529,Clear,Daylight,-79.3778,43.6621
1067813,3471,Wheelchair,45 to 49,Major,Other,NULL,1,0,1,0,0,0,0,0,0,0,0,0,0,15,1529,Clear,Daylight,-79.3778,43.6621
1068411,3333,Driver,45 to 49,None,"Automobile, Station Wagon",Changing Lanes,0,1,1,0,0,0,0,0,0,0,0,0,0,17,1748,Clear,Daylight,-79.414,43.7741
1068411,3334,Cyclist,30 to 34,Major,Bicycle,Going Ahead,0,1,1,0,0,0,0,0,0,0,0,0,0,17,1748,Clear,Daylight,-79.414,43.7741
1069132,3356,Cyclist,65 to 69,Major,Bicycle,Going Ahead,0,1,1,0,0,0,0,0,0,1,0,0,0,15,1500,Clear,Daylight,-79.2916,43.8272
1069132,3355,Driver,45 to 49,None,"Automobile, Station Wagon",Turning Right,0,1,1,0,0,0,0,0,0,1,0,0,0,15,1500,Clear,Daylight,-79.2916,43.8272
1069315,4817,Driver,65 to 69,None,Municipal Transit Bus (TTC),Turning Right,1,0,0,0,0,1,0,0,0,1,0,0,0,7,720,Clear,Daylight,-79.3364,43.8168
1069315,4815,Pedestrian,55 to 59,Fatal,Other,NULL,1,0,0,0,0,1,0,0,0,1,0,0,0,7,720,Clear,Daylight,-79.3364,43.8168
1071740,4784,Other,unknown,None,Other,Parked,0,0,1,0,0,0,0,1,0,0,0,0,0,17,1725,Clear,Daylight,-79.5677,43.7213
1071740,4786,Passenger,30 to 34,Minor,Other,NULL,0,0,1,0,0,0,0,1,0,0,0,0,0,17,1725,Clear,Daylight,-79.5677,43.7213
1071740,4782,Driver,50 to 54,Minor,"Automobile, Station Wagon",Going Ahead,0,0,1,0,0,0,0,1,0,0,0,0,0,17,1725,Clear,Daylight,-79.5677,43.7213
1071740,4778,Passenger,15 to 19,Major,Other,NULL,0,0,1,0,0,0,0,1,0,0,0,0,0,17,1725,Clear,Daylight,-79.5677,43.7213
1071740,4695,Other,unknown,None,Other,Parked,0,0,1,0,0,0,0,1,0,0,0,0,0,17,1725,Clear,Daylight,-79.5677,43.7213
1071740,4699,Passenger,60 to 64,Minor,Other,NULL,0,0,1,0,0,0,0,1,0,0,0,0,0,17,1725,Clear,Daylight,-79.5677,43.7213
1071838,16070,Driver,20 to 24,Major,"Automobile, Station Wagon",Going Ahead,0,0,1,0,0,0,0,1,1,1,0,0,0,2,219,Rain,"Dark, artificial",-79.437,43.6338
1071838,16071,Passenger,20 to 24,Major,NULL,NULL,0,0,1,0,0,0,0,1,1,1,0,0,0,2,219,Rain,"Dark, artificial",-79.437,43.6338
1072542,4594,Driver,20 to 24,None,"Automobile, Station Wagon",Merging,1,0,1,0,0,0,0,0,0,0,0,0,0,19,1919,Rain,Dark,-79.5799,43.7388
1072542,4598,Pedestrian,30 to 34,Major,Other,NULL,1,0,1,0,0,0,0,0,0,0,0,0,0,19,1919,Rain,Dark,-79.5799,43.7388
1073493,4807,Pedestrian,20 to 24,Major,Other,NULL,1,0,1,0,0,0,0,0,0,0,0,0,0,22,2220,Clear,Dark,-79.3902,43.6478
1073493,4808,Driver,20 to 24,None,"Automobile, Station Wagon",Going Ahead,1,0,1,0,0,0,0,0,0,0,0,0,0,22,2220,Clear,Dark,-79.3902,43.6478
1075399,4852,Driver,80 to 84,None,"Automobile, Station Wagon",Going Ahead,0,0,1,0,0,0,0,0,0,1,0,0,0,18,1810,Clear,Daylight,-79.5127,43.7009
1075399,4019,Driver,30 to 34,Major,"Automobile, Station Wagon",Stopped,0,0,1,0,0,0,0,0,0,1,0,0,0,18,1810,Clear,Daylight,-79.5127,43.7009
1075633,4971,Driver,60 to 64,None,"Automobile, Station Wagon",Going Ahead,0,0,1,0,0,0,0,0,0,0,0,0,0,21,2101,Clear,Dark,-79.1986,43.8022
1075633,4969,Driver,30 to 34,Fatal,"Automobile, Station Wagon",Turning Left,0,0,1,0,0,0,0,0,0,0,0,0,0,21,2101,Clear,Dark,-79.1986,43.8022
1080111,4952,Driver,60 to 64,Minor,"Automobile, Station Wagon",Going Ahead,0,0,1,0,0,0,0,1,0,1,1,0,0,6,555,Clear,Dark,-79.5242,43.7559
1080111,4953,Passenger,45 to 49,Major,Other,NULL,0,0,1,0,0,0,0,1,0,1,1,0,0,6,555,Clear,Dark,-79.5242,43.7559
1080111,4955,Driver,25 to 29,Minimal,"Automobile, Station Wagon",Going Ahead,0,0,1,0,0,0,0,1,0,1,1,0,0,6,555,Clear,Dark,-79.5242,43.7559
1081583,4294,Driver,35 to 39,None,"Automobile, Station Wagon",Turning Left,1,0,1,0,0,0,0,0,0,1,0,0,0,14,1355,Snow,Daylight,-79.237,43.8142
1081583,4295,Pedestrian,60 to 64,Major,Other,NULL,1,0,1,0,0,0,0,0,0,1,0,0,0,14,1355,Snow,Daylight,-79.237,43.8142
1085959,4337,Truck Driver,55 to 59,None,Truck - Open,Turning Left,1,0,0,0,1,0,0,0,0,1,0,0,0,16,1610,Clear,Daylight,-79.5423,43.752
1085959,4338,Pedestrian,90 to 94,Fatal,Other,NULL,1,0,0,0,1,0,0,0,0,1,0,0,0,16,1610,Clear,Daylight,-79.5423,43.752
1087565,4344,Driver,35 to 39,None,"Automobile, Station Wagon",Going Ahead,1,0,1,0,0,0,0,0,0,0,0,0,0,0,2,Clear,Dark,-79.3452,43.6799
1087565,4345,Pedestrian,70 to 74,Major,Other,NULL,1,0,1,0,0,0,0,0,0,0,0,0,0,0,2,Clear,Dark,-79.3452,43.6799
1092879,4340,Driver,35 to 39,None,"Automobile, Station Wagon",Turning Left,1,0,1,0,0,0,0,0,0,0,0,0,0,9,905,Clear,Daylight,-79.3787,43.7497
1092879,4341,Pedestrian,20 to 24,Major,Other,NULL,1,0,1,0,0,0,0,0,0,0,0,0,0,9,905,Clear,Daylight,-79.3787,43.7497
1097142,4677,Driver,15 to 19,None,"Automobile, Station Wagon",Turning Left,1,0,1,0,0,0,0,0,0,1,0,0,0,21,2051,Rain,Dark,-79.2348,43.7946
1097142,4678,Pedestrian,45 to 49,Major,Other,NULL,1,0,1,0,0,0,0,0,0,1,0,0,0,21,2051,Rain,Dark,-79.2348,43.7946
1097174,4004,Pedestrian,40 to 44,Major,Other,NULL,1,0,0,0,0,1,0,0,0,0,0,0,0,21,2128,Clear,Dark,-79.4524,43.6563
1097174,4006,Driver,40 to 44,None,Municipal Transit Bus (TTC),Going Ahead,1,0,0,0,0,1,0,0,0,0,0,0,0,21,2128,Clear,Dark,-79.4524,43.6563
1097712,4056,Pedestrian,25 to 29,Fatal,Other,NULL,1,0,1,0,0,0,0,0,0,0,0,1,0,2,228,Rain,Dark,-79.4099,43.6653
1097712,4057,Driver,20 to 24,None,"Automobile, Station Wagon",Going Ahead,1,0,1,0,0,0,0,0,0,0,0,1,0,2,228,Rain,Dark,-79.4099,43.6653
1098480,4075,Driver,30 to 34,None,"Automobile, Station Wagon",Going Ahead,1,0,1,0,0,0,0,0,0,0,0,0,0,14,1418,Clear,Daylight,-79.51,43.6597
1042286,3899,Driver,60 to 64,None,"Automobile, Station Wagon",Going Ahead,0,1,1,0,0,0,0,0,0,0,0,0,0,19,1920,Clear,Daylight,-79.4197,43.7248
1042286,3900,Cyclist,35 to 39,Major,Bicycle,Going Ahead,0,1,1,0,0,0,0,0,0,0,0,0,0,19,1920,Clear,Daylight,-79.4197,43.7248
1043747,3148,Pedestrian,85 to 89,Fatal,Other,NULL,1,0,1,0,0,0,0,0,0,1,0,0,0,9,909,Clear,Daylight,-79.4994,43.6669
1043747,3150,Driver,55 to 59,None,"Automobile, Station Wagon",Going Ahead,1,0,1,0,0,0,0,0,0,1,0,0,0,9,909,Clear,Daylight,-79.4994,43.6669
1044158,3037,Pedestrian,35 to 39,Minor,Other,NULL,1,0,1,0,0,0,0,1,1,1,1,0,0,10,1031,Clear,Daylight,-79.232,43.7402
1044158,3038,Pedestrian,25 to 29,Major,Other,NULL,1,0,1,0,0,0,0,1,1,1,1,0,0,10,1031,Clear,Daylight,-79.232,43.7402
1044158,3034,Passenger,20 to 24,Minimal,Other,NULL,1,0,1,0,0,0,0,1,1,1,1,0,0,10,1031,Clear,Daylight,-79.232,43.7402
1044158,3035,Driver,25 to 29,Minimal,"Automobile, Station Wagon",Going Ahead,1,0,1,0,0,0,0,1,1,1,1,0,0,10,1031,Clear,Daylight,-79.232,43.7402
1044158,3036,Driver,60 to 64,Minimal,"Automobile, Station Wagon",Going Ahead,1,0,1,0,0,0,0,1,1,1,1,0,0,10,1031,Clear,Daylight,-79.232,43.7402
1044158,3033,Passenger,20 to 24,Minimal,Other,NULL,1,0,1,0,0,0,0,1,1,1,1,0,0,10,1031,Clear,Daylight,-79.232,43.7402
1045060,16052,Pedestrian,15 to 19,Minor,NULL,NULL,1,0,1,0,0,0,0,0,1,1,0,0,0,0,15,Clear,"Dark, artificial",-79.4836,43.7335
1045060,16050,Pedestrian,15 to 19,Fatal,NULL,NULL,1,0,1,0,0,0,0,0,1,1,0,0,0,0,15,Clear,"Dark, artificial",-79.4836,43.7335
1045060,16051,Driver,45 to 49,None,"Automobile, Station Wagon",Turning Left,1,0,1,0,0,0,0,0,1,1,0,0,0,0,15,Clear,"Dark, artificial",-79.4836,43.7335
1045778,3001,Driver,50 to 54,None,"Automobile, Station Wagon",Turning Left,0,1,1,0,0,0,0,1,0,0,0,0,0,14,1410,Clear,Daylight,-79.3817,43.6483
1045778,3003,Cyclist,20 to 24,Major,Bicycle,Unknown,0,1,1,0,0,0,0,1,0,0,0,0,0,14,1410,Clear,Daylight,-79.3817,43.6483
1045778,3933,Passenger,40 to 44,None,Other,NULL,0,1,1,0,0,0,0,1,0,0,0,0,0,14,1410,Clear,Daylight,-79.3817,43.6483
1047968,3216,Truck Driver,25 to 29,None,Truck - Open,Going Ahead,0,0,1,0,1,0,0,1,1,1,0,0,0,22,2155,Clear,Dark,-79.4639,43.7884
1047968,3217,Passenger,20 to 24,Minor,Other,NULL,0,0,1,0,1,0,0,1,1,1,0,0,0,22,2155,Clear,Dark,-79.4639,43.7884
1047968,3218,Driver,55 to 59,Minor,"Automobile, Station Wagon",Going Ahead,0,0,1,0,1,0,0,1,1,1,0,0,0,22,2155,Clear,Dark,-79.4639,43.7884
1047968,3220,Driver,30 to 34,Fatal,"Automobile, Station Wagon",Going Ahead,0,0,1,0,1,0,0,1,1,1,0,0,0,22,2155,Clear,Dark,-79.4639,43.7884
1050893,3230,Driver,30 to 34,None,"Automobile, Station Wagon",Turning Left,0,1,1,0,0,0,0,0,0,0,0,0,0,12,1220,Clear,Daylight,-79.4594,43.6548
1050893,3237,Cyclist,55 to 59,Major,Bicycle,Going Ahead,0,1,1,0,0,0,0,0,0,0,0,0,0,12,1220,Clear,Daylight,-79.4594,43.6548
1051168,3567,Driver,unknown,None,"Automobile, Station Wagon",Unknown,1,0,1,0,0,0,0,0,0,0,0,0,0,23,2330,Rain,Dark,-79.4111,43.6651
1051168,3568,Pedestrian,45 to 49,Major,Other,NULL,1,0,1,0,0,0,0,0,0,0,0,0,0,23,2330,Rain,Dark,-79.4111,43.6651
1051990,3169,Driver,65 to 69,None,"Automobile, Station Wagon",Turning Left,0,1,1,0,0,0,0,0,0,0,0,0,0,18,1820,Clear,Daylight,-79.399,43.6807
1051990,3170,Cyclist,35 to 39,Major,Bicycle,Going Ahead,0,1,1,0,0,0,0,0,0,0,0,0,0,18,1820,Clear,Daylight,-79.399,43.6807
1052865,3542,Driver,65 to 69,Major,"Automobile, Station Wagon",Turning Left,0,0,1,0,0,0,0,0,0,0,0,0,0,8,751,Clear,Daylight,-79.3879,43.6497
1052865,3541,Driver,40 to 44,None,"Automobile, Station Wagon",Going Ahead,0,0,1,0,0,0,0,0,0,0,0,0,0,8,751,Clear,Daylight,-79.3879,43.6497
1052983,3544,Driver,30 to 34,None,"Automobile, Station Wagon",Turning Left,0,1,1,0,0,0,0,0,0,1,0,0,0,8,800,Clear,Daylight,-79.3411,43.6713
1052983,3545,Cyclist,55 to 59,Major,Bicycle,Going Ahead,0,1,1,0,0,0,0,0,0,1,0,0,0,8,800,Clear,Daylight,-79.3411,43.6713
1054012,3565,Driver,60 to 64,None,"Automobile, Station Wagon",Going Ahead,1,0,1,0,0,0,0,0,0,0,0,0,0,23,2329,Rain,Dark,-79.4069,43.6547
1054012,3566,Pedestrian,50 to 54,Major,Other,NULL,1,0,1,0,0,0,0,0,0,0,0,0,0,23,2329,Rain,Dark,-79.4069,43.6547
1055623,3118,Driver,35 to 39,None,"Automobile, Station Wagon",Going Ahead,0,0,1,0,0,0,0,1,0,0,0,0,0,16,1614,Clear,Daylight,-79.2501,43.7686
1055623,3013,Driver,45 to 49,None,"Automobile, Station Wagon",Stopped,0,0,1,0,0,0,0,1,0,0,0,0,0,16,1614,Clear,Daylight,-79.2501,43.7686
1055623,3233,Driver,30 to 34,None,"Automobile, Station Wagon",Going Ahead,0,0,1,0,0,0,0,1,0,0,0,0,0,16,1614,Clear,Daylight,-79.2501,43.7686