ACCNUM,ObjectId,INVTYPE,INVAGE,INJURY,VEHTYPE,MANOEUVER,PEDESTRIAN,CYCLIST,AUTOMOBILE,MOTORCYCLE,TRUCK,TRSN_CITY_VEH,EMERG_VEH,PASSENGER,SPEEDING,AG_DRIV,REDLIGHT,ALCOHOL,DISABILITY,HOUR,TIME,VISIBILITY,LIGHT,collision_lat,collision_long
1055623,3228,Passenger,25 to 29,Major,Other,NULL,0,0,1,0,0,0,0,1,0,0,0,0,0,16,1614,Clear,Daylight,-79.2501,43.7686
1055623,3240,Driver,40 to 44,Minor,"Automobile, Station Wagon",Going Ahead,0,0,1,0,0,0,0,1,0,0,0,0,0,16,1614,Clear,Daylight,-79.2501,43.7686
1057170,3116,Driver,30 to 34,Major,"Automobile, Station Wagon",Going Ahead,0,0,1,0,0,0,0,1,0,1,0,0,1,17,1737,Clear,Daylight,-79.2772,43.6936
1057170,3612,Passenger,35 to 39,Minor,Other,NULL,0,0,1,0,0,0,0,1,0,1,0,0,1,17,1737,Clear,Daylight,-79.2772,43.6936
1057170,3613,Driver,50 to 54,Minor,"Automobile, Station Wagon",Stopped,0,0,1,0,0,0,0,1,0,1,0,0,1,17,1737,Clear,Daylight,-79.2772,43.6936
1057170,3614,Passenger,15 to 19,Minor,Other,Other,0,0,1,0,0,0,0,1,0,1,0,0,1,17,1737,Clear,Daylight,-79.2772,43.6936
1057170,3006,Passenger,10 to 14,Minor,Other,NULL,0,0,1,0,0,0,0,1,0,1,0,0,1,17,1737,Clear,Daylight,-79.2772,43.6936
1058363,3964,Driver,15 to 19,None,NULL,Turning Left,0,0,1,0,0,0,0,0,0,1,0,0,0,14,1355,Clear,Daylight,-79.5623,43.6273
1058363,3966,Driver,40 to 44,None,NULL,Stopped,0,0,1,0,0,0,0,0,0,1,0,0,0,14,1355,Clear,Daylight,-79.5623,43.6273
1058363,3967,Driver,25 to 29,Major,"Automobile, Station Wagon",Going Ahead,0,0,1,0,0,0,0,0,0,1,0,0,0,14,1355,Clear,Daylight,-79.5623,43.6273
1058699,3985,Motorcycle Driver,45 to 49,Major,Motorcycle,Going Ahead,1,0,0,1,0,0,0,0,0,0,0,0,0,14,1354,Clear,Daylight,-79.3084,43.7387
1058699,3986,Pedestrian,40 to 44,None,Other,NULL,1,0,0,1,0,0,0,0,0,0,0,0,0,14,1354,Clear,Daylight,-79.3084,43.7387
1058981,3478,Driver,20 to 24,Major,"Automobile, Station Wagon",Going Ahead,0,0,1,0,0,0,0,0,0,0,0,0,0,22,2205,Other,Dark,-79.4423,43.7739
1059399,3483,Truck Driver,45 to 49,Fatal,Truck - Open,Going Ahead,0,0,1,0,1,0,0,0,0,0,0,0,1,18,1838,Clear,Daylight,-79.3078,43.6739
1059399,3485,Driver,50 to 54,None,"Automobile, Station Wagon",Stopped,0,0,1,0,1,0,0,0,0,0,0,0,1,18,1838,Clear,Daylight,-79.3078,43.6739
1059535,3992,Driver,80 to 84,None,"Automobile, Station Wagon",Going Ahead,0,1,1,0,0,0,0,0,0,1,0,0,0,13,1333,Clear,Daylight,-79.4787,43.6571
1059535,3993,Cyclist,60 to 64,Major,Bicycle,Going Ahead,0,1,1,0,0,0,0,0,0,1,0,0,0,13,1333,Clear,Daylight,-79.4787,43.6571
1062586,3490,Driver,55 to 59,Minimal,"Automobile, Station Wagon",Going Ahead,0,0,1,0,0,0,0,0,0,1,0,0,0,10,1025,Clear,Daylight,-79.5466,43.697
1062586,3491,Driver,45 to 49,Major,"Automobile, Station Wagon",Slowing or Stopping,0,0,1,0,0,0,0,0,0,1,0,0,0,10,1025,Clear,Daylight,-79.5466,43.697
1063404,3514,Driver,unknown,None,"Automobile, Station Wagon",Going Ahead,1,0,1,0,0,0,0,0,0,0,0,0,0,1,128,"Fog, Mist, Smoke, Dust",Dark,-79.4028,43.7278
1063404,3515,Pedestrian,50 to 54,Major,Other,NULL,1,0,1,0,0,0,0,0,0,0,0,0,0,1,128,"Fog, Mist, Smoke, Dust",Dark,-79.4028,43.7278
1064422,16064,Motorcycle Driver,20 to 24,Minor,Motorcycle,Going Ahead,0,0,1,1,0,0,0,1,1,1,0,0,0,22,2211,Clear,"Dark, artificial",-79.2436,43.726
1064422,16065,Passenger,20 to 24,Fatal,NULL,NULL,0,0,1,1,0,0,0,1,1,1,0,0,0,22,2211,Clear,"Dark, artificial",-79.2436,43.726
1064422,16066,Driver,20 to 24,None,Pick Up Truck,Turning Left,0,0,1,1,0,0,0,1,1,1,0,0,0,22,2211,Clear,"Dark, artificial",-79.2436,43.726
1066823,3321,Driver,60 to 64,Major,"Automobile, Station Wagon",Turning Left,0,0,1,0,0,0,0,0,0,1,0,0,0,10,1013,Clear,Daylight,-79.5585,43.6942
1066823,3323,Driver,50 to 54,None,NULL,Going Ahead,0,0,1,0,0,0,0,0,0,1,0,0,0,10,1013,Clear,Daylight,-79.5585,43.6942
1067680,4692,Pedestrian,55 to 59,Major,Other,NULL,1,0,1,0,0,0,0,0,0,0,0,0,0,11,1145,Clear,Daylight,-79.3321,43.6628
1067680,4689,Driver,50 to 54,None,"Automobile, Station Wagon",Making U Turn,1,0,1,0,0,0,0,0,0,0,0,0,0,11,1145,Clear,Daylight,-79.3321,43.6628
1069209,3362,Driver,60 to 64,Major,Other,Reversing,0,0,1,0,0,0,0,0,0,0,0,0,1,4,400,Rain,Dark,-79.5131,43.7393
1069502,3373,Driver,40 to 44,None,"Automobile, Station Wagon",Turning Right,1,0,1,0,0,0,0,0,0,1,0,0,0,14,1448,Clear,Daylight,-79.4944,43.7815
1069502,3374,Pedestrian,25 to 29,Major,Other,NULL,1,0,1,0,0,0,0,0,0,1,0,0,0,14,1448,Clear,Daylight,-79.4944,43.7815
1070817,16067,Cyclist,20 to 24,Major,Bicycle,Going Ahead,0,1,1,0,0,0,0,1,0,0,0,0,0,21,2115,Rain,"Dark, artificial",-79.4376,43.7174
1070817,16068,Driver,60 to 64,None,"Automobile, Station Wagon",Going Ahead,0,1,1,0,0,0,0,1,0,0,0,0,0,21,2115,Rain,"Dark, artificial",-79.4376,43.7174
1070817,16069,Passenger,55 to 59,None,NULL,NULL,0,1,1,0,0,0,0,1,0,0,0,0,0,21,2115,Rain,"Dark, artificial",-79.4376,43.7174
1071735,4122,Driver,60 to 64,Major,"Automobile, Station Wagon",Going Ahead,0,0,1,0,0,0,0,0,0,0,0,0,0,9,900,Snow,Daylight,-79.2061,43.7822
1071735,4130,Driver,30 to 34,Minimal,"Automobile, Station Wagon",Going Ahead,0,0,1,0,0,0,0,0,0,0,0,0,0,9,900,Snow,Daylight,-79.2061,43.7822
1072989,4798,Driver,15 to 19,None,"Automobile, Station Wagon",Turning Right,1,0,1,0,0,0,0,0,0,1,0,0,0,13,1310,Clear,Daylight,-79.2965,43.8012
1072989,4799,Pedestrian,70 to 74,Major,Other,NULL,1,0,1,0,0,0,0,0,0,1,0,0,0,13,1310,Clear,Daylight,-79.2965,43.8012
1000423,2781,Driver,25 to 29,None,"Automobile, Station Wagon",Changing Lanes,0,0,1,0,0,0,0,1,1,1,0,0,0,20,1955,Clear,Dark,-79.4044,43.6483
1000423,2782,Driver,50 to 54,Major,"Automobile, Station Wagon",Going Ahead,0,0,1,0,0,0,0,1,1,1,0,0,0,20,1955,Clear,Dark,-79.4044,43.6483
1000423,2783,Passenger,50 to 54,Major,Other,NULL,0,0,1,0,0,0,0,1,1,1,0,0,0,20,1955,Clear,Dark,-79.4044,43.6483
1001877,2879,Driver,40 to 44,None,"Automobile, Station Wagon",Going Ahead,1,0,1,0,0,0,0,0,0,0,0,0,0,11,1050,Clear,Daylight,-79.4781,43.6507
1001877,2880,Pedestrian,70 to 74,Major,Other,NULL,1,0,1,0,0,0,0,0,0,0,0,0,0,11,1050,Clear,Daylight,-79.4781,43.6507
1002002,2865,Pedestrian,40 to 44,Minimal,Other,NULL,1,0,1,0,0,0,0,0,0,1,1,0,0,22,2154,Rain,Dark,-79.3669,43.6619
1002002,2866,Pedestrian,10 to 14,Major,Other,NULL,1,0,1,0,0,0,0,0,0,1,1,0,0,22,2154,Rain,Dark,-79.3669,43.6619
1002002,2867,Pedestrian,5 to 9,Minimal,Other,NULL,1,0,1,0,0,0,0,0,0,1,1,0,0,22,2154,Rain,Dark,-79.3669,43.6619
1002002,2864,Driver,unknown,None,"Automobile, Station Wagon",Going Ahead,1,0,1,0,0,0,0,0,0,1,1,0,0,22,2154,Rain,Dark,-79.3669,43.6619
1002027,2507,Pedestrian,45 to 49,Major,Other,NULL,1,0,1,0,0,0,0,0,0,1,0,0,0,21,2135,Rain,Dark,-79.2894,43.7065
1002027,2500,Driver,50 to 54,None,"Automobile, Station Wagon",Going Ahead,1,0,1,0,0,0,0,0,0,1,0,0,0,21,2135,Rain,Dark,-79.2894,43.7065
1003447,2861,Driver,60 to 64,None,"Automobile, Station Wagon",Going Ahead,0,1,1,0,0,0,0,0,0,0,0,0,0,20,2014,Rain,Dark,-79.4256,43.6817
1003447,2863,Cyclist,35 to 39,Major,Bicycle,Stopped,0,1,1,0,0,0,0,0,0,0,0,0,0,20,2014,Rain,Dark,-79.4256,43.6817
1004342,2687,Pedestrian,85 to 89,Major,Other,NULL,1,0,0,0,0,1,0,0,0,0,0,0,0,10,950,Clear,Daylight,-79.3347,43.7109
1004342,2771,Pedestrian,75 to 79,Fatal,Other,NULL,1,0,0,0,0,1,0,0,0,0,0,0,0,10,950,Clear,Daylight,-79.3347,43.7109
1004342,2670,Driver,50 to 54,None,Municipal Transit Bus (TTC),Going Ahead,1,0,0,0,0,1,0,0,0,0,0,0,0,10,950,Clear,Daylight,-79.3347,43.7109
1006355,2808,Driver,45 to 49,None,"Automobile, Station Wagon",Merging,1,0,1,0,0,0,0,0,1,1,0,0,0,17,1700,Clear,Dusk,-79.3017,43.7438
1006355,2850,Pedestrian,20 to 24,Major,Other,NULL,1,0,1,0,0,0,0,0,1,1,0,0,0,17,1700,Clear,Dusk,-79.3017,43.7438
1006380,2633,Driver,55 to 59,None,"Automobile, Station Wagon",Slowing or Stopping,0,0,1,0,0,1,0,1,0,1,0,0,0,8,830,Snow,Daylight,-79.5377,43.6105
1006380,2657,Driver,55 to 59,None,Municipal Transit Bus (TTC),Going Ahead,0,0,1,0,0,1,0,1,0,1,0,0,0,8,830,Snow,Daylight,-79.5377,43.6105
1006380,2645,Passenger,55 to 59,Major,Other,NULL,0,0,1,0,0,1,0,1,0,1,0,0,0,8,830,Snow,Daylight,-79.5377,43.6105
1007918,2996,Driver,35 to 39,None,"Automobile, Station Wagon",Going Ahead,1,0,1,0,0,0,0,0,0,0,0,0,0,18,1806,Clear,Dark,-79.5992,43.7522
1007918,2997,Pedestrian,85 to 89,Major,Other,NULL,1,0,1,0,0,0,0,0,0,0,0,0,0,18,1806,Clear,Dark,-79.5992,43.7522
1008261,2970,Passenger,85 to 89,Major,Other,NULL,0,0,1,0,0,0,0,1,0,1,0,0,0,13,1250,Clear,Daylight,-79.3574,43.8076
1008261,2971,Driver,45 to 49,Minimal,"Automobile, Station Wagon",Going Ahead,0,0,1,0,0,0,0,1,0,1,0,0,0,13,1250,Clear,Daylight,-79.3574,43.8076
1008261,2972,Driver,35 to 39,Minor,"Automobile, Station Wagon",Stopped,0,0,1,0,0,0,0,1,0,1,0,0,0,13,1250,Clear,Daylight,-79.3574,43.8076
1008261,2969,Driver,45 to 49,Minimal,"Automobile, Station Wagon",Stopped,0,0,1,0,0,0,0,1,0,1,0,0,0,13,1250,Clear,Daylight,-79.3574,43.8076
1009774,2949,Driver,50 to 54,None,"Automobile, Station Wagon",Going Ahead,1,0,1,0,0,0,0,0,0,0,0,0,0,8,845,Clear,Daylight,-79.4905,43.6674
1009774,2950,Pedestrian,5 to 9,Major,Other,NULL,1,0,1,0,0,0,0,0,0,0,0,0,0,8,845,Clear,Daylight,-79.4905,43.6674
1011587,2945,Driver,55 to 59,None,"Automobile, Station Wagon",Going Ahead,1,0,1,0,0,0,0,0,0,0,0,0,0,20,2045,Clear,Dark,-79.3919,43.6432
1011587,2946,Pedestrian,40 to 44,Major,Other,NULL,1,0,1,0,0,0,0,0,0,0,0,0,0,20,2045,Clear,Dark,-79.3919,43.6432
1011703,2170,Passenger,35 to 39,Major,Other,NULL,0,0,1,0,0,0,0,1,1,1,0,0,0,15,1455,Clear,Daylight,-79.4703,43.6759
1011703,2171,Driver,25 to 29,Major,"Automobile, Station Wagon",Going Ahead,0,0,1,0,0,0,0,1,1,1,0,0,0,15,1455,Clear,Daylight,-79.4703,43.6759
1015097,2182,Driver,35 to 39,None,"Automobile, Station Wagon",Stopped,0,0,1,0,0,0,0,0,0,0,0,0,0,16,1623,Snow,Daylight,-79.3771,43.711
1015097,2183,Driver,60 to 64,Major,"Automobile, Station Wagon",Stopped,0,0,1,0,0,0,0,0,0,0,0,0,0,16,1623,Snow,Daylight,-79.3771,43.711
1015222,2220,Driver,75 to 79,Minor,"Automobile, Station Wagon",Going Ahead,0,0,1,0,0,0,0,0,0,0,0,0,0,10,950,Clear,Daylight,-79.5366,43.7147
1015222,2221,Driver,65 to 69,Major,"Automobile, Station Wagon",Going Ahead,0,0,1,0,0,0,0,0,0,0,0,0,0,10,950,Clear,Daylight,-79.5366,43.7147
1015331,2192,Driver,65 to 69,None,"Automobile, Station Wagon",Turning Left,1,0,1,0,0,0,0,0,0,1,0,0,0,17,1730,Clear,Dark,-79.2904,43.7949
1015331,2193,Pedestrian,10 to 14,Major,Other,NULL,1,0,1,0,0,0,0,0,0,1,0,0,0,17,1730,Clear,Dark,-79.2904,43.7949
1016685,3280,Driver,25 to 29,Major,"Automobile, Station Wagon",Turning Right,0,0,1,0,0,0,0,0,0,0,0,0,0,11,1100,Clear,Daylight,-79.4208,43.6476
1017235,16048,Driver,65 to 69,None,"Automobile, Station Wagon",Turning Left,0,1,1,0,0,0,0,0,0,0,0,0,0,19,1856,Clear,Daylight,-79.4196,43.6632
1017235,16049,Cyclist,45 to 49,Major,Bicycle,Going Ahead,0,1,1,0,0,0,0,0,0,0,0,0,0,19,1856,Clear,Daylight,-79.4196,43.6632
1017587,3635,Driver,55 to 59,None,"Automobile, Station Wagon",Turning Left,1,0,1,0,0,0,0,0,0,1,0,0,0,8,817,Clear,Daylight,-79.3154,43.8075
1017587,3636,Pedestrian,70 to 74,Major,Other,NULL,1,0,1,0,0,0,0,0,0,1,0,0,0,8,817,Clear,Daylight,-79.3154,43.8075
1018105,2218,Driver,unknown,None,"Automobile, Station Wagon",Turning Left,1,0,1,0,0,0,0,0,0,1,0,0,0,7,720,Snow,Daylight,-79.5496,43.7505
1018105,2219,Pedestrian,40 to 44,Major,Other,NULL,1,0,1,0,0,0,0,0,0,1,0,0,0,7,720,Snow,Daylight,-79.5496,43.7505
1018923,3622,Driver,35 to 39,None,"Automobile, Station Wagon",Going Ahead,0,0,1,0,0,0,0,0,0,1,0,0,0,9,900,Clear,Daylight,-79.4506,43.6504
1018923,3617,Driver,45 to 49,Major,"Automobile, Station Wagon",Stopped,0,0,1,0,0,0,0,0,0,1,0,0,0,9,900,Clear,Daylight,-79.4506,43.6504
1021038,3647,Driver,25 to 29,None,"Automobile, Station Wagon",Going Ahead,1,0,1,0,0,0,0,0,0,0,0,0,0,10,1049,Clear,Daylight,-79.4335,43.6552
1021038,3648,Pedestrian,25 to 29,Major,Other,NULL,1,0,1,0,0,0,0,0,0,0,0,0,0,10,1049,Clear,Daylight,-79.4335,43.6552
1024196,3720,Driver,unknown,None,"Automobile, Station Wagon",Going Ahead,1,0,1,0,0,0,0,0,0,1,0,0,0,6,600,Clear,Dark,-79.5929,43.7433
1024196,3797,Pedestrian,45 to 49,Major,Other,NULL,1,0,1,0,0,0,0,0,0,1,0,0,0,6,600,Clear,Dark,-79.5929,43.7433
1024623,3805,Truck Driver,50 to 54,None,Truck - Open,Going Ahead,0,0,1,0,1,0,0,1,1,1,0,0,0,15,1530,Snow,Daylight,-79.5355,43.7264
1024623,3806,Passenger,30 to 34,Fatal,Other,NULL,0,0,1,0,1,0,0,1,1,1,0,0,0,15,1530,Snow,Daylight,-79.5355,43.7264
1024623,3807,Driver,55 to 59,Fatal,"Automobile, Station Wagon",Going Ahead,0,0,1,0,1,0,0,1,1,1,0,0,0,15,1530,Snow,Daylight,-79.5355,43.7264
1026352,3672,Passenger,35 to 39,Minor,Other,NULL,0,0,1,0,0,0,0,1,0,1,0,0,0,23,2250,Clear,Dark,-79.5194,43.6044
1026352,3673,Driver,40 to 44,None,"Automobile, Station Wagon",Going Ahead,0,0,1,0,0,0,0,1,0,1,0,0,0,23,2250,Clear,Dark,-79.5194,43.6044
1026352,3674,Driver,15 to 19,None,"Automobile, Station Wagon",Going Ahead,0,0,1,0,0,0,0,1,0,1,0,0,0,23,2250,Clear,Dark,-79.5194,43.6044
1026352,3675,Passenger,15 to 19,Major,Other,NULL,0,0,1,0,0,0,0,1,0,1,0,0,0,23,2250,Clear,Dark,-79.5194,43.6044
1026352,3676,Driver,20 to 24,Major,"Automobile, Station Wagon",Going Ahead,0,0,1,0,0,0,0,1,0,1,0,0,0,23,2250,Clear,Dark,-79.5194,43.6044
1026920,3825,Driver,25 to 29,Major,"Automobile, Station Wagon",Going Ahead,0,0,1,0,0,0,0,0,0,0,0,0,0,3,300,Clear,Dark,-79.4373,43.6339
1027279,3803,Driver,25 to 29,None,"Automobile, Station Wagon",Going Ahead,1,0,1,0,0,0,0,0,0,0,0,0,0,19,1913,Clear,Dusk,-79.3904,43.6598
1027279,3804,Pedestrian,35 to 39,Major,Other,NULL,1,0,1,0,0,0,0,0,0,0,0,0,0,19,1913,Clear,Dusk,-79.3904,43.6598
1031943,3841,Driver,35 to 39,Major,"Automobile, Station Wagon",Going Ahead,0,0,1,0,0,0,0,1,1,1,1,0,0,0,10,Clear,Dark,-79.3389,43.6583
1031943,3842,Passenger,unknown,Minimal,Other,NULL,0,0,1,0,0,0,0,1,1,1,1,0,0,0,10,Clear,Dark,-79.3389,43.6583
1031943,3843,Driver,40 to 44,Minimal,"Automobile, Station Wagon",Going Ahead,0,0,1,0,0,0,0,1,1,1,1,0,0,0,10,Clear,Dark,-79.3389,43.6583
1034751,3740,Driver,50 to 54,Minor,"Automobile, Station Wagon",Going Ahead,0,0,1,0,0,0,0,1,0,1,1,0,0,14,1430,Clear,Daylight,-79.2838,43.7731
1034751,3741,Passenger,60 to 64,Minor,Other,NULL,0,0,1,0,0,0,0,1,0,1,1,0,0,14,1430,Clear,Daylight,-79.2838,43.7731
1034751,3742,Driver,60 to 64,Major,"Automobile, Station Wagon",Going Ahead,0,0,1,0,0,0,0,1,0,1,1,0,0,14,1430,Clear,Daylight,-79.2838,43.7731
1035403,3786,Driver,85 to 89,Minimal,"Automobile, Station Wagon",Turning Right,0,0,1,0,0,0,0,1,0,0,0,0,0,14,1438,Clear,Daylight,-79.3522,43.7931
1035403,3788,Driver,60 to 64,None,"Automobile, Station Wagon",Going Ahead,0,0,1,0,0,0,0,1,0,0,0,0,0,14,1438,Clear,Daylight,-79.3522,43.7931
1035403,3789,Passenger,85 to 89,Major,Other,NULL,0,0,1,0,0,0,0,1,0,0,0,0,0,14,1438,Clear,Daylight,-79.3522,43.7931
1037550,3756,Driver,35 to 39,None,"Automobile, Station Wagon",Going Ahead,1,0,1,0,0,0,0,0,0,0,0,0,0,21,2100,Clear,Dark,-79.225,43.7966
1037550,3757,Pedestrian,15 to 19,Major,Other,NULL,1,0,1,0,0,0,0,0,0,0,0,0,0,21,2100,Clear,Dark,-79.225,43.7966
990256,2075,Vehicle Owner,unknown,None,Other,NULL,0,0,1,0,0,0,0,1,0,1,0,0,0,19,1913,Rain,Dawn,-79.4974,43.6222
990256,2076,Passenger,25 to 29,Minimal,Other,NULL,0,0,1,0,0,0,0,1,0,1,0,0,0,19,1913,Rain,Dawn,-79.4974,43.6222
990256,2077,Driver,35 to 39,Minimal,"Automobile, Station Wagon",Going Ahead,0,0,1,0,0,0,0,1,0,1,0,0,0,19,1913,Rain,Dawn,-79.4974,43.6222
991727,2101,Truck Driver,35 to 39,None,Truck - Open,Going Ahead,0,0,1,0,1,0,0,1,1,1,0,0,0,20,2005,Clear,Dark,-79.4107,43.7094
991727,2102,Passenger,35 to 39,Minor,Other,NULL,0,0,1,0,1,0,0,1,1,1,0,0,0,20,2005,Clear,Dark,-79.4107,43.7094
991727,2103,Driver,35 to 39,Minor,"Automobile, Station Wagon",Stopped,0,0,1,0,1,0,0,1,1,1,0,0,0,20,2005,Clear,Dark,-79.4107,43.7094
991727,2105,Driver,20 to 24,Fatal,"Automobile, Station Wagon",Going Ahead,0,0,1,0,1,0,0,1,1,1,0,0,0,20,2005,Clear,Dark,-79.4107,43.7094
991727,2104,Passenger,20 to 24,Minor,Other,NULL,0,0,1,0,1,0,0,1,1,1,0,0,0,20,2005,Clear,Dark,-79.4107,43.7094
992979,2667,Vehicle Owner,unknown,None,Other,NULL,0,0,1,0,0,0,0,1,0,1,0,0,0,14,1433,Clear,Daylight,-79.3894,43.6575
992979,2660,Driver,25 to 29,None,"Automobile, Station Wagon",Going Ahead,0,0,1,0,0,0,0,1,0,1,0,0,0,14,1433,Clear,Daylight,-79.3894,43.6575
992979,2662,Passenger,25 to 29,Major,Other,NULL,0,0,1,0,0,0,0,1,0,1,0,0,0,14,1433,Clear,Daylight,-79.3894,43.6575
992979,2673,Driver,30 to 34,Minimal,"Automobile, Station Wagon",Turning Left,0,0,1,0,0,0,0,1,0,1,0,0,0,14,1433,Clear,Daylight,-79.3894,43.6575
992979,2677,Passenger,35 to 39,Major,Other,NULL,0,0,1,0,0,0,0,1,0,1,0,0,0,14,1433,Clear,Daylight,-79.3894,43.6575
992979,2678,Driver,50 to 54,Minimal,"Automobile, Station Wagon",Going Ahead,0,0,1,0,0,0,0,1,0,1,0,0,0,14,1433,Clear,Daylight,-79.3894,43.6575
993029,2020,Wheelchair,90 to 94,Major,Other,Going Ahead,1,0,0,0,0,0,0,0,0,0,0,0,0,9,855,Clear,Daylight,-79.3786,43.7197
993532,2033,Passenger,20 to 24,Major,Other,NULL,0,0,1,0,0,0,0,1,0,1,0,0,0,5,510,Clear,Dark,-79.4027,43.7825
993532,2034,Driver,15 to 19,Minor,"Automobile, Station Wagon",Going Ahead,0,0,1,0,0,0,0,1,0,1,0,0,0,5,510,Clear,Dark,-79.4027,43.7825
994300,2062,Driver,20 to 24,None,"Automobile, Station Wagon",Going Ahead,1,0,1,0,0,0,0,0,0,0,0,0,0,8,820,Clear,Daylight,-79.5376,43.6383
994300,2063,Pedestrian,35 to 39,Major,Other,NULL,1,0,1,0,0,0,0,0,0,0,0,0,0,8,820,Clear,Daylight,-79.5376,43.6383
994868,2111,Driver,45 to 49,None,"Automobile, Station Wagon",Turning Right,0,1,1,0,0,0,0,0,0,0,0,0,0,11,1053,Clear,Daylight,-79.268,43.7069
994868,2112,Cyclist,55 to 59,Major,Bicycle,Unknown,0,1,1,0,0,0,0,0,0,0,0,0,0,11,1053,Clear,Daylight,-79.268,43.7069
995821,2484,Vehicle Owner,unknown,None,Other,NULL,0,0,1,0,0,0,0,1,0,1,0,0,0,16,1600,Clear,Daylight,-79.5351,43.7112
995821,2489,Driver,60 to 64,Major,"Automobile, Station Wagon",Going Ahead,0,0,1,0,0,0,0,1,0,1,0,0,0,16,1600,Clear,Daylight,-79.5351,43.7112
995821,2492,Passenger,55 to 59,Minor,Other,NULL,0,0,1,0,0,0,0,1,0,1,0,0,0,16,1600,Clear,Daylight,-79.5351,43.7112
995821,2497,Driver,45 to 49,Minor,"Automobile, Station Wagon",Going Ahead,0,0,1,0,0,0,0,1,0,1,0,0,0,16,1600,Clear,Daylight,-79.5351,43.7112
996573,2595,Driver,25 to 29,None,"Automobile, Station Wagon",Stopped,0,0,1,0,0,0,0,1,1,1,0,0,0,19,1857,Clear,Dusk,-79.4327,43.6696
996573,2601,Passenger,30 to 34,Minimal,Other,NULL,0,0,1,0,0,0,0,1,1,1,0,0,0,19,1857,Clear,Dusk,-79.4327,43.6696
996573,2607,Driver,30 to 34,Major,"Automobile, Station Wagon",Going Ahead,0,0,1,0,0,0,0,1,1,1,0,0,0,19,1857,Clear,Dusk,-79.4327,43.6696
996573,2612,Driver,50 to 54,Minimal,"Automobile, Station Wagon",Turning Left,0,0,1,0,0,0,0,1,1,1,0,0,0,19,1857,Clear,Dusk,-79.4327,43.6696
1002690,2663,Driver,25 to 29,Minor,"Automobile, Station Wagon",Stopped,0,0,1,0,1,0,0,1,0,1,0,0,0,6,635,Rain,Dark,-79.243,43.8129
1002690,2647,Truck Driver,55 to 59,None,Truck - Open,Slowing or Stopping,0,0,1,0,1,0,0,1,0,1,0,0,0,6,635,Rain,Dark,-79.243,43.8129
1002690,2650,Passenger,20 to 24,Major,Other,NULL,0,0,1,0,1,0,0,1,0,1,0,0,0,6,635,Rain,Dark,-79.243,43.8129
1003358,2468,Driver,75 to 79,None,"Automobile, Station Wagon",Going Ahead,1,0,1,0,0,0,0,0,0,1,1,0,0,13,1255,Clear,Daylight,-79.4473,43.6886
1003358,2470,Pedestrian,40 to 44,Major,Other,NULL,1,0,1,0,0,0,0,0,0,1,1,0,0,13,1255,Clear,Daylight,-79.4473,43.6886
1003525,2868,Driver,45 to 49,None,"Automobile, Station Wagon",Going Ahead,1,0,1,0,0,0,0,0,0,0,0,0,0,8,840,Clear,"Daylight, artificial",-79.4416,43.785
1003525,2869,Pedestrian,10 to 14,Major,Other,NULL,1,0,1,0,0,0,0,0,0,0,0,0,0,8,840,Clear,"Daylight, artificial",-79.4416,43.785
1006449,2235,Driver,75 to 79,None,"Automobile, Station Wagon",Turning Left,0,1,1,0,0,0,0,0,0,0,0,0,0,18,1825,Clear,Dark,-79.4171,43.6409
1006449,2249,Cyclist,30 to 34,Major,Bicycle,Going Ahead,0,1,1,0,0,0,0,0,0,0,0,0,0,18,1825,Clear,Dark,-79.4171,43.6409
1008556,2851,Pedestrian,65 to 69,Major,Other,NULL,1,0,1,0,0,0,0,0,0,0,0,0,0,11,1130,Clear,Daylight,-79.4298,43.7
1008556,2813,Driver,35 to 39,None,"Automobile, Station Wagon",Reversing,1,0,1,0,0,0,0,0,0,0,0,0,0,11,1130,Clear,Daylight,-79.4298,43.7
1008573,2345,Driver,30 to 34,None,"Automobile, Station Wagon",Parked,1,0,1,0,0,0,0,0,0,0,0,0,0,2,205,Clear,Dark,-79.1703,43.7876
1008573,2357,Pedestrian,25 to 29,Major,Other,NULL,1,0,1,0,0,0,0,0,0,0,0,0,0,2,205,Clear,Dark,-79.1703,43.7876
1008573,2373,Driver,unknown,None,"Automobile, Station Wagon",Other,1,0,1,0,0,0,0,0,0,0,0,0,0,2,205,Clear,Dark,-79.1703,43.7876
1010845,16045,Driver,15 to 19,None,"Automobile, Station Wagon",Turning Right,0,0,1,0,0,0,0,1,0,0,0,0,0,19,1857,Clear,Daylight,-79.3135,43.7912
1010845,16046,Passenger,15 to 19,Major,NULL,NULL,0,0,1,0,0,0,0,1,0,0,0,0,0,19,1857,Clear,Daylight,-79.3135,43.7912
1010845,16047,Passenger,20 to 24,None,NULL,NULL,0,0,1,0,0,0,0,1,0,0,0,0,0,19,1857,Clear,Daylight,-79.3135,43.7912
1013134,2151,Passenger,20 to 24,Minimal,Other,NULL,0,0,1,0,1,0,0,1,0,0,0,0,0,5,525,Clear,Dark,-79.4572,43.7324
1013134,2152,Driver,20 to 24,Major,"Automobile, Station Wagon",Going Ahead,0,0,1,0,1,0,0,1,0,0,0,0,0,5,525,Clear,Dark,-79.4572,43.7324
1013134,2153,Other,unknown,None,Other,NULL,0,0,1,0,1,0,0,1,0,0,0,0,0,5,525,Clear,Dark,-79.4572,43.7324
1013134,2156,Truck Driver,60 to 64,None,Truck - Open,Turning Right,0,0,1,0,1,0,0,1,0,0,0,0,0,5,525,Clear,Dark,-79.4572,43.7324