ACCNUM,ObjectId,INVTYPE,INVAGE,INJURY,VEHTYPE,MANOEUVER,PEDESTRIAN,CYCLIST,AUTOMOBILE,MOTORCYCLE,TRUCK,TRSN_CITY_VEH,EMERG_VEH,PASSENGER,SPEEDING,AG_DRIV,REDLIGHT,ALCOHOL,DISABILITY,HOUR,TIME,VISIBILITY,LIGHT,collision_lat,collision_long
1013236,2190,Driver,30 to 34,None,"Automobile, Station Wagon",Turning Left,1,0,1,0,0,0,0,0,0,0,0,0,0,17,1702,Clear,Dark,-79.4205,43.7375
1013236,2191,Pedestrian,70 to 74,Fatal,Other,NULL,1,0,1,0,0,0,0,0,0,0,0,0,0,17,1702,Clear,Dark,-79.4205,43.7375
1013702,2176,Driver,60 to 64,None,"Automobile, Station Wagon",Going Ahead,1,0,1,0,0,0,0,0,0,0,0,0,0,22,2158,Clear,Dark,-79.3106,43.6861
1013702,2177,Pedestrian,unknown,Major,Other,Other,1,0,1,0,0,0,0,0,0,0,0,0,0,22,2158,Clear,Dark,-79.3106,43.6861
1014571,2178,Driver,65 to 69,Major,"Automobile, Station Wagon",Going Ahead,0,0,1,0,0,0,0,0,1,1,0,0,0,6,647,Snow,Dark,-79.5317,43.7733
1014571,2179,Driver,45 to 49,Major,"Automobile, Station Wagon",Slowing or Stopping,0,0,1,0,0,0,0,0,1,1,0,0,0,6,647,Snow,Dark,-79.5317,43.7733
1015408,2222,Driver,45 to 49,Minor,"Automobile, Station Wagon",Turning Left,0,0,1,0,0,0,0,0,0,1,1,0,1,16,1608,Clear,Daylight,-79.2916,43.791
1015408,2223,Driver,90 to 94,Major,"Automobile, Station Wagon",Going Ahead,0,0,1,0,0,0,0,0,0,1,1,0,1,16,1608,Clear,Daylight,-79.2916,43.791
1015759,2986,Truck Driver,70 to 74,None,Truck - Open,Stopped,0,0,1,0,1,0,0,1,0,1,0,0,0,17,1657,Clear,Daylight,-79.5059,43.711
1015759,2987,Driver,45 to 49,None,"Automobile, Station Wagon",Stopped,0,0,1,0,1,0,0,1,0,1,0,0,0,17,1657,Clear,Daylight,-79.5059,43.711
1015759,2988,Driver,30 to 34,Major,"Automobile, Station Wagon",Stopped,0,0,1,0,1,0,0,1,0,1,0,0,0,17,1657,Clear,Daylight,-79.5059,43.711
1015759,2989,Driver,55 to 59,None,"Automobile, Station Wagon",Stopped,0,0,1,0,1,0,0,1,0,1,0,0,0,17,1657,Clear,Daylight,-79.5059,43.711
1015759,2990,Passenger,60 to 64,Minor,Other,NULL,0,0,1,0,1,0,0,1,0,1,0,0,0,17,1657,Clear,Daylight,-79.5059,43.711
1015759,2991,Driver,70 to 74,Minor,"Automobile, Station Wagon",Going Ahead,0,0,1,0,1,0,0,1,0,1,0,0,0,17,1657,Clear,Daylight,-79.5059,43.711
1015759,2992,Driver,35 to 39,None,"Automobile, Station Wagon",Stopped,0,0,1,0,1,0,0,1,0,1,0,0,0,17,1657,Clear,Daylight,-79.5059,43.711
1016912,3225,Driver,35 to 39,None,"Automobile, Station Wagon",Going Ahead,1,0,1,0,0,0,0,0,0,0,0,0,0,18,1810,Clear,Dark,-79.3313,43.7931
1016912,3234,Pedestrian,20 to 24,Major,Other,NULL,1,0,1,0,0,0,0,0,0,0,0,0,0,18,1810,Clear,Dark,-79.3313,43.7931
1019552,3637,Driver,50 to 54,None,"Automobile, Station Wagon",Slowing or Stopping,1,0,1,0,0,0,0,0,0,0,0,0,0,18,1754,Clear,Dark,-79.3745,43.6552
1019552,3638,Pedestrian,65 to 69,Major,Other,NULL,1,0,1,0,0,0,0,0,0,0,0,0,0,18,1754,Clear,Dark,-79.3745,43.6552
1020755,3663,Driver,50 to 54,Major,"Automobile, Station Wagon",Going Ahead,0,0,1,0,0,0,0,1,1,1,0,0,0,15,1520,Clear,Daylight,-79.2798,43.7623
1020755,3664,Passenger,20 to 24,Minimal,Other,NULL,0,0,1,0,0,0,0,1,1,1,0,0,0,15,1520,Clear,Daylight,-79.2798,43.7623
1020755,3665,Passenger,20 to 24,Minimal,Other,NULL,0,0,1,0,0,0,0,1,1,1,0,0,0,15,1520,Clear,Daylight,-79.2798,43.7623
1020755,3667,Driver,20 to 24,None,"Automobile, Station Wagon",Going Ahead,0,0,1,0,0,0,0,1,1,1,0,0,0,15,1520,Clear,Daylight,-79.2798,43.7623
1024249,3689,Driver,45 to 49,Minor,"Automobile, Station Wagon",Turning Left,0,0,1,0,0,0,0,0,0,1,1,0,0,15,1509,Clear,Daylight,-79.2974,43.7256
1024249,3690,Driver,50 to 54,None,"Automobile, Station Wagon",Stopped,0,0,1,0,0,0,0,0,0,1,1,0,0,15,1509,Clear,Daylight,-79.2974,43.7256
1024249,3691,Driver,35 to 39,Major,"Automobile, Station Wagon",Going Ahead,0,0,1,0,0,0,0,0,0,1,1,0,0,15,1509,Clear,Daylight,-79.2974,43.7256
1027306,3800,Driver,60 to 64,Fatal,"Automobile, Station Wagon",Going Ahead,0,0,1,0,0,0,0,0,0,1,1,0,0,10,1025,Clear,Daylight,-79.3168,43.8213
1027306,3802,Driver,60 to 64,Minor,"Automobile, Station Wagon",Going Ahead,0,0,1,0,0,0,0,0,0,1,1,0,0,10,1025,Clear,Daylight,-79.3168,43.8213
1029413,3854,Driver,85 to 89,Major,"Automobile, Station Wagon",Turning Left,0,0,1,0,0,0,0,0,0,0,0,0,0,13,1305,Clear,Daylight,-79.4326,43.7113
1029413,3855,Driver,55 to 59,Minor,"Automobile, Station Wagon",Going Ahead,0,0,1,0,0,0,0,0,0,0,0,0,0,13,1305,Clear,Daylight,-79.4326,43.7113
1072032,4787,Passenger,55 to 59,Major,Other,NULL,0,0,1,0,0,0,0,1,1,1,0,0,0,1,50,Clear,Dark,-79.6242,43.7531
1072032,4788,Passenger,25 to 29,Minor,Other,NULL,0,0,1,0,0,0,0,1,1,1,0,0,0,1,50,Clear,Dark,-79.6242,43.7531
1072032,4789,Passenger,65 to 69,Minor,Other,NULL,0,0,1,0,0,0,0,1,1,1,0,0,0,1,50,Clear,Dark,-79.6242,43.7531
1072032,4790,Driver,25 to 29,Minor,"Automobile, Station Wagon",Changing Lanes,0,0,1,0,0,0,0,1,1,1,0,0,0,1,50,Clear,Dark,-79.6242,43.7531
1072032,4791,Driver,15 to 19,Minor,"Automobile, Station Wagon",Going Ahead,0,0,1,0,0,0,0,1,1,1,0,0,0,1,50,Clear,Dark,-79.6242,43.7531
1072049,4792,Passenger,40 to 44,Major,Other,NULL,0,0,1,0,0,0,0,1,0,0,0,0,0,15,1510,Clear,Daylight,-79.5196,43.6838
1072049,4793,Driver,40 to 44,Minimal,"Automobile, Station Wagon",Going Ahead,0,0,1,0,0,0,0,1,0,0,0,0,0,15,1510,Clear,Daylight,-79.5196,43.6838
1072049,4794,Driver,20 to 24,None,"Automobile, Station Wagon",Making U Turn,0,0,1,0,0,0,0,1,0,0,0,0,0,15,1510,Clear,Daylight,-79.5196,43.6838
1074035,4940,Truck Driver,55 to 59,None,Truck - Open,Going Ahead,1,0,0,0,1,0,0,0,0,0,0,0,0,7,701,Clear,Dark,-79.6102,43.7493
1074035,4942,Pedestrian,15 to 19,Major,Other,NULL,1,0,0,0,1,0,0,0,0,0,0,0,0,7,701,Clear,Dark,-79.6102,43.7493
1074072,4827,Driver,30 to 34,None,"Automobile, Station Wagon",Going Ahead,1,0,1,0,0,0,0,0,0,0,0,0,0,11,1105,Rain,Daylight,-79.3161,43.7599
1074072,4828,Pedestrian,15 to 19,Major,Other,NULL,1,0,1,0,0,0,0,0,0,0,0,0,0,11,1105,Rain,Daylight,-79.3161,43.7599
1074689,4956,Passenger,10 to 14,Minor,Other,NULL,0,0,1,0,0,0,0,1,0,0,0,0,0,2,245,Snow,Dark,-79.5297,43.6172
1074689,4957,Passenger,45 to 49,Major,Other,NULL,0,0,1,0,0,0,0,1,0,0,0,0,0,2,245,Snow,Dark,-79.5297,43.6172
1074689,4959,Driver,25 to 29,Minor,"Automobile, Station Wagon",Going Ahead,0,0,1,0,0,0,0,1,0,0,0,0,0,2,245,Snow,Dark,-79.5297,43.6172
1078551,4997,Driver,20 to 24,None,"Automobile, Station Wagon",Going Ahead,1,0,1,0,0,0,0,0,0,0,0,0,0,3,259,Clear,Dark,-79.2461,43.737
1078551,4998,Pedestrian,50 to 54,Fatal,Other,NULL,1,0,1,0,0,0,0,0,0,0,0,0,0,3,259,Clear,Dark,-79.2461,43.737
1079383,4257,Driver,70 to 74,None,"Automobile, Station Wagon",Changing Lanes,1,0,1,0,0,0,0,0,0,0,0,0,0,12,1247,Clear,Daylight,-79.3214,43.7719
1079383,4261,Pedestrian,40 to 44,Minimal,Other,NULL,1,0,1,0,0,0,0,0,0,0,0,0,0,12,1247,Clear,Daylight,-79.3214,43.7719
1079383,4262,Pedestrian,25 to 29,Major,Other,NULL,1,0,1,0,0,0,0,0,0,0,0,0,0,12,1247,Clear,Daylight,-79.3214,43.7719
1081341,4967,Driver,30 to 34,None,"Automobile, Station Wagon",Turning Left,1,0,1,0,0,0,0,0,0,0,0,0,0,24,2350,Clear,Dark,-79.3907,43.6491
1081341,4968,Pedestrian,20 to 24,Major,Other,NULL,1,0,1,0,0,0,0,0,0,0,0,0,0,24,2350,Clear,Dark,-79.3907,43.6491
1083196,4306,Passenger,50 to 54,Major,Other,NULL,0,0,1,0,0,0,0,1,0,0,0,0,0,15,1532,Clear,Dusk,-79.351,43.6953
1083196,4307,Driver,65 to 69,Minor,Taxi,Going Ahead,0,0,1,0,0,0,0,1,0,0,0,0,0,15,1532,Clear,Dusk,-79.351,43.6953
1083196,4308,Driver,70 to 74,Minor,"Automobile, Station Wagon",Going Ahead,0,0,1,0,0,0,0,1,0,0,0,0,0,15,1532,Clear,Dusk,-79.351,43.6953
1083896,4309,Driver,25 to 29,None,"Automobile, Station Wagon",Going Ahead,0,0,1,0,0,0,0,1,0,0,0,0,0,14,1420,Clear,Daylight,-79.3449,43.6485
1083896,4310,Passenger,25 to 29,Major,Other,Other,0,0,1,0,0,0,0,1,0,0,0,0,0,14,1420,Clear,Daylight,-79.3449,43.6485
1088275,4292,Pedestrian,15 to 19,Major,Other,NULL,1,0,1,0,0,0,0,0,0,1,0,0,0,13,1315,Clear,Daylight,-79.5404,43.6831
1088275,4291,Driver,40 to 44,None,"Automobile, Station Wagon",Turning Left,1,0,1,0,0,0,0,0,0,1,0,0,0,13,1315,Clear,Daylight,-79.5404,43.6831
1090380,4391,Driver,50 to 54,None,"Automobile, Station Wagon",Slowing or Stopping,0,0,1,0,0,0,0,1,0,0,0,0,0,10,955,Clear,Daylight,-79.3341,43.7094
1090380,4398,Passenger,75 to 79,Major,Other,NULL,0,0,1,0,0,0,0,1,0,0,0,0,0,10,955,Clear,Daylight,-79.3341,43.7094
1092352,4628,Driver,45 to 49,None,"Automobile, Station Wagon",Turning Left,1,0,1,0,0,0,0,0,0,1,0,0,0,10,1042,Clear,Daylight,-79.4138,43.6883
1092352,4629,Pedestrian,85 to 89,Major,Other,Other,1,0,1,0,0,0,0,0,0,1,0,0,0,10,1042,Clear,Daylight,-79.4138,43.6883
1092623,4633,Driver,35 to 39,None,"Automobile, Station Wagon",Slowing or Stopping,1,0,1,0,0,0,0,0,0,0,0,0,0,8,804,Clear,Daylight,-79.2206,43.8086
1092623,4634,Pedestrian,75 to 79,Major,Other,NULL,1,0,1,0,0,0,0,0,0,0,0,0,0,8,804,Clear,Daylight,-79.2206,43.8086
1093141,4660,Driver,20 to 24,Fatal,"Automobile, Station Wagon",Going Ahead,0,0,1,0,0,0,0,0,0,0,0,0,0,4,440,Clear,Dark,-79.4542,43.7418
1093205,4649,Passenger,30 to 34,Minimal,Other,NULL,0,0,1,0,0,0,0,1,0,1,0,0,0,4,420,Clear,Dark,-79.4423,43.6363
1093205,4650,Passenger,25 to 29,Minimal,Other,NULL,0,0,1,0,0,0,0,1,0,1,0,0,0,4,420,Clear,Dark,-79.4423,43.6363
1093205,4651,Passenger,30 to 34,Minimal,Other,NULL,0,0,1,0,0,0,0,1,0,1,0,0,0,4,420,Clear,Dark,-79.4423,43.6363
1093205,4652,Driver,30 to 34,None,"Automobile, Station Wagon",Stopped,0,0,1,0,0,0,0,1,0,1,0,0,0,4,420,Clear,Dark,-79.4423,43.6363
1093205,4653,Passenger,25 to 29,None,Other,NULL,0,0,1,0,0,0,0,1,0,1,0,0,0,4,420,Clear,Dark,-79.4423,43.6363
1093205,4654,Passenger,25 to 29,Minor,Other,NULL,0,0,1,0,0,0,0,1,0,1,0,0,0,4,420,Clear,Dark,-79.4423,43.6363
1093205,4655,Driver,25 to 29,Major,"Automobile, Station Wagon",Stopped,0,0,1,0,0,0,0,1,0,1,0,0,0,4,420,Clear,Dark,-79.4423,43.6363
1093205,4656,Driver,25 to 29,None,"Automobile, Station Wagon",Stopped,0,0,1,0,0,0,0,1,0,1,0,0,0,4,420,Clear,Dark,-79.4423,43.6363
1093205,4658,Driver,45 to 49,None,"Automobile, Station Wagon",Going Ahead,0,0,1,0,0,0,0,1,0,1,0,0,0,4,420,Clear,Dark,-79.4423,43.6363
1093891,4346,Driver,unknown,Major,Other,Going Ahead,0,0,0,0,0,0,0,0,0,0,0,0,0,0,1,Rain,Dark,-79.2651,43.8273
1095631,4030,Driver,80 to 84,None,"Automobile, Station Wagon",Going Ahead,1,0,1,0,0,0,0,0,0,0,0,0,0,21,2100,Clear,Dark,-79.6034,43.7191
1095631,4031,Pedestrian,70 to 74,Major,Other,NULL,1,0,1,0,0,0,0,0,0,0,0,0,0,21,2100,Clear,Dark,-79.6034,43.7191
1099908,4099,Passenger,35 to 39,Minimal,Other,NULL,0,0,1,0,0,0,0,1,0,1,1,0,0,15,1534,Clear,Daylight,-79.3757,43.644
1099908,4100,Driver,55 to 59,Minimal,"Automobile, Station Wagon",Stopped,0,0,1,0,0,0,0,1,0,1,1,0,0,15,1534,Clear,Daylight,-79.3757,43.644
1099908,4101,Driver,40 to 44,Minimal,"Automobile, Station Wagon",Going Ahead,0,0,1,0,0,0,0,1,0,1,1,0,0,15,1534,Clear,Daylight,-79.3757,43.644
1099908,4102,Passenger,0 to 4,Minimal,Other,NULL,0,0,1,0,0,0,0,1,0,1,1,0,0,15,1534,Clear,Daylight,-79.3757,43.644
1099908,4103,Passenger,0 to 4,Major,Other,NULL,0,0,1,0,0,0,0,1,0,1,1,0,0,15,1534,Clear,Daylight,-79.3757,43.644
1099908,4104,Passenger,0 to 4,Minimal,Other,NULL,0,0,1,0,0,0,0,1,0,1,1,0,0,15,1534,Clear,Daylight,-79.3757,43.644
1099908,4105,Passenger,25 to 29,Minor,Other,NULL,0,0,1,0,0,0,0,1,0,1,1,0,0,15,1534,Clear,Daylight,-79.3757,43.644
1099908,4106,Passenger,0 to 4,Major,Other,NULL,0,0,1,0,0,0,0,1,0,1,1,0,0,15,1534,Clear,Daylight,-79.3757,43.644
1099908,4107,Driver,35 to 39,Minimal,"Automobile, Station Wagon",Going Ahead,0,0,1,0,0,0,0,1,0,1,1,0,0,15,1534,Clear,Daylight,-79.3757,43.644
1105956,4508,Driver,20 to 24,None,"Automobile, Station Wagon",Turning Right,0,0,1,1,0,0,0,0,1,1,0,0,0,20,2039,Clear,Dark,-79.5551,43.6143
1105956,4509,Motorcycle Driver,25 to 29,Major,Motorcycle,Going Ahead,0,0,1,1,0,0,0,0,1,1,0,0,0,20,2039,Clear,Dark,-79.5551,43.6143
1106309,4512,Driver,15 to 19,None,"Automobile, Station Wagon",Going Ahead,0,1,1,0,0,0,0,0,1,1,0,0,0,15,1540,Clear,Daylight,-79.2518,43.7079
1106309,4513,Cyclist,20 to 24,Major,Bicycle,Turning Left,0,1,1,0,0,0,0,0,1,1,0,0,0,15,1540,Clear,Daylight,-79.2518,43.7079
1107460,4707,Motorcycle Driver,25 to 29,Major,Motorcycle,Going Ahead,0,0,1,1,0,0,0,0,1,1,0,0,0,0,0,Clear,Daylight,-79.5247,43.618
1107460,4708,Driver,40 to 44,None,"Automobile, Station Wagon",Changing Lanes,0,0,1,1,0,0,0,0,1,1,0,0,0,0,0,Clear,Daylight,-79.5247,43.618
1108349,4563,Passenger,10 to 14,Major,Other,NULL,0,0,1,0,0,0,0,1,0,0,0,0,0,16,1623,Clear,Daylight,-79.3704,43.7514
1108349,4564,Passenger,80 to 84,Minimal,Other,NULL,0,0,1,0,0,0,0,1,0,0,0,0,0,16,1623,Clear,Daylight,-79.3704,43.7514
1108349,4565,Passenger,10 to 14,Minor,Other,NULL,0,0,1,0,0,0,0,1,0,0,0,0,0,16,1623,Clear,Daylight,-79.3704,43.7514
1108349,4566,Driver,80 to 84,None,"Automobile, Station Wagon",Going Ahead,0,0,1,0,0,0,0,1,0,0,0,0,0,16,1623,Clear,Daylight,-79.3704,43.7514
1108349,4568,Driver,15 to 19,Minimal,"Automobile, Station Wagon",Turning Left,0,0,1,0,0,0,0,1,0,0,0,0,0,16,1623,Clear,Daylight,-79.3704,43.7514
1109235,4226,Pedestrian,60 to 64,Major,Other,NULL,1,0,1,0,0,0,0,0,0,0,0,0,0,16,1613,Clear,Daylight,-79.3935,43.7922
1109235,4228,Driver,20 to 24,None,"Automobile, Station Wagon",Going Ahead,1,0,1,0,0,0,0,0,0,0,0,0,0,16,1613,Clear,Daylight,-79.3935,43.7922
1111004,4349,Driver,unknown,None,"Automobile, Station Wagon",Reversing,1,0,1,0,0,0,0,0,0,0,0,0,0,19,1915,Rain,Dark,-79.4133,43.6841
1111004,4354,Pedestrian,80 to 84,Major,Other,NULL,1,0,1,0,0,0,0,0,0,0,0,0,0,19,1915,Rain,Dark,-79.4133,43.6841
1113026,4169,Driver,30 to 34,None,"Automobile, Station Wagon",Turning Left,1,0,1,0,0,0,0,0,0,1,0,0,0,24,2353,Rain,Dark,-79.2453,43.7555
1049080,3549,Passenger,35 to 39,Minor,Other,NULL,0,0,1,0,0,0,0,1,0,0,0,0,0,3,300,Rain,Dark,-79.4767,43.6816
1049080,3550,Passenger,70 to 74,Major,Other,NULL,0,0,1,0,0,0,0,1,0,0,0,0,0,3,300,Rain,Dark,-79.4767,43.6816
1049080,3552,Driver,30 to 34,Minimal,"Automobile, Station Wagon",Going Ahead,0,0,1,0,0,0,0,1,0,0,0,0,0,3,300,Rain,Dark,-79.4767,43.6816
1049080,3553,Driver,15 to 19,Minimal,"Automobile, Station Wagon",Turning Left,0,0,1,0,0,0,0,1,0,0,0,0,0,3,300,Rain,Dark,-79.4767,43.6816
1050109,3569,Motorcycle Driver,35 to 39,Major,Motorcycle,Slowing or Stopping,0,0,0,1,0,0,0,0,1,1,0,0,0,11,1133,Clear,Daylight,-79.4371,43.6339
1050384,3209,Driver,20 to 24,Major,"Automobile, Station Wagon",Pulling Onto Shoulder or towardCurb,0,0,1,0,0,0,0,0,0,1,0,0,0,4,437,Clear,Dark,-79.5342,43.6998
1051188,3524,Driver,50 to 54,Major,"Automobile, Station Wagon",Turning Left,0,0,1,0,0,0,0,0,0,1,1,0,0,20,2000,Clear,Daylight,-79.5023,43.6975
1051188,3526,Driver,20 to 24,Minor,"Automobile, Station Wagon",Going Ahead,0,0,1,0,0,0,0,0,0,1,1,0,0,20,2000,Clear,Daylight,-79.5023,43.6975
1053428,3935,Passenger,0 to 4,None,Other,NULL,1,0,1,0,0,0,0,1,0,0,0,0,0,18,1831,Clear,Daylight,-79.4143,43.7751
1053428,3936,Passenger,30 to 34,None,Other,NULL,1,0,1,0,0,0,0,1,0,0,0,0,0,18,1831,Clear,Daylight,-79.4143,43.7751
1053428,3937,Driver,30 to 34,None,"Automobile, Station Wagon",Going Ahead,1,0,1,0,0,0,0,1,0,0,0,0,0,18,1831,Clear,Daylight,-79.4143,43.7751
1053428,3938,Pedestrian,5 to 9,Major,Other,NULL,1,0,1,0,0,0,0,1,0,0,0,0,0,18,1831,Clear,Daylight,-79.4143,43.7751
1053428,3871,Passenger,0 to 4,None,Other,NULL,1,0,1,0,0,0,0,1,0,0,0,0,0,18,1831,Clear,Daylight,-79.4143,43.7751
1054021,3563,Motorcycle Driver,35 to 39,Major,Motorcycle,Going Ahead,0,0,1,1,0,0,0,0,0,1,0,0,0,21,2119,Clear,Daylight,-79.3773,43.6478
1054021,3564,Driver,25 to 29,None,"Automobile, Station Wagon",Slowing or Stopping,0,0,1,1,0,0,0,0,0,1,0,0,0,21,2119,Clear,Daylight,-79.3773,43.6478
1054496,3575,Driver,30 to 34,None,"Automobile, Station Wagon",Going Ahead,0,0,1,1,0,0,0,0,0,1,1,0,0,16,1553,Clear,Daylight,-79.3518,43.6848
1054496,3576,Motorcycle Driver,45 to 49,Major,Motorcycle,Going Ahead,0,0,1,1,0,0,0,0,0,1,1,0,0,16,1553,Clear,Daylight,-79.3518,43.6848
1054857,3972,Pedestrian,55 to 59,Major,Other,NULL,1,0,1,0,0,0,0,0,1,1,0,0,0,21,2123,Clear,Dark,-79.3694,43.6545
1054857,3973,Driver,unknown,None,"Automobile, Station Wagon",Unknown,1,0,1,0,0,0,0,0,1,1,0,0,0,21,2123,Clear,Dark,-79.3694,43.6545
1056625,3455,Driver,20 to 24,None,"Automobile, Station Wagon",Going Ahead,1,0,1,0,0,0,0,0,0,0,0,0,0,11,1134,Clear,Daylight,-79.4383,43.6982
1056625,3456,Pedestrian,60 to 64,Major,Other,NULL,1,0,1,0,0,0,0,0,0,0,0,0,0,11,1134,Clear,Daylight,-79.4383,43.6982
1056886,3449,Cyclist,35 to 39,Major,Police Vehicle,Going Ahead,0,1,1,0,0,0,1,0,0,1,0,0,0,15,1450,Clear,Daylight,-79.4028,43.69
1056886,3447,Driver,unknown,None,"Automobile, Station Wagon",Changing Lanes,0,1,1,0,0,0,1,0,0,1,0,0,0,15,1450,Clear,Daylight,-79.4028,43.69
1057611,3939,Driver,35 to 39,None,"Automobile, Station Wagon",Stopped,0,0,1,0,0,0,0,0,0,0,0,0,0,20,1958,Rain,Daylight,-79.4208,43.6717
1057611,3940,Driver,60 to 64,None,"Automobile, Station Wagon",Stopped,0,0,1,0,0,0,0,0,0,0,0,0,0,20,1958,Rain,Daylight,-79.4208,43.6717
1057611,3941,Driver,40 to 44,None,"Automobile, Station Wagon",Going Ahead,0,0,1,0,0,0,0,0,0,0,0,0,0,20,1958,Rain,Daylight,-79.4208,43.6717
1057611,3943,Driver,15 to 19,None,"Automobile, Station Wagon",Stopped,0,0,1,0,0,0,0,0,0,0,0,0,0,20,1958,Rain,Daylight,-79.4208,43.6717
1057611,3944,Driver,30 to 34,Minimal,"Automobile, Station Wagon",Stopped,0,0,1,0,0,0,0,0,0,0,0,0,0,20,1958,Rain,Daylight,-79.4208,43.6717
1057611,3945,Driver,50 to 54,Major,"Automobile, Station Wagon",Going Ahead,0,0,1,0,0,0,0,0,0,0,0,0,0,20,1958,Rain,Daylight,-79.4208,43.6717
1057611,3946,Driver,30 to 34,Minimal,"Automobile, Station Wagon",Stopped,0,0,1,0,0,0,0,0,0,0,0,0,0,20,1958,Rain,Daylight,-79.4208,43.6717
1057990,3957,Driver,25 to 29,Minimal,"Automobile, Station Wagon",Stopped,0,0,1,0,1,0,0,0,0,1,0,0,0,18,1755,Clear,Daylight,-79.5543,43.6763
1057990,3959,Truck Driver,25 to 29,None,Truck - Open,Going Ahead,0,0,1,0,1,0,0,0,0,1,0,0,0,18,1755,Clear,Daylight,-79.5543,43.6763
1057990,3960,Driver,30 to 34,None,"Automobile, Station Wagon",Stopped,0,0,1,0,1,0,0,0,0,1,0,0,0,18,1755,Clear,Daylight,-79.5543,43.6763
1057990,3961,Driver,60 to 64,None,"Automobile, Station Wagon",Stopped,0,0,1,0,1,0,0,0,0,1,0,0,0,18,1755,Clear,Daylight,-79.5543,43.6763
1057990,3962,Driver,40 to 44,Major,"Automobile, Station Wagon",Stopped,0,0,1,0,1,0,0,0,0,1,0,0,0,18,1755,Clear,Daylight,-79.5543,43.6763
1058658,3473,Driver,30 to 34,Major,"Automobile, Station Wagon",Going Ahead,0,0,1,0,0,0,0,0,0,0,0,0,0,22,2152,Rain,Dark,-79.3483,43.6509
1061341,3516,Driver,55 to 59,Fatal,"Automobile, Station Wagon",Going Ahead,0,0,1,0,0,0,0,0,1,1,0,0,0,5,545,Clear,Dark,-79.521,43.7181
1061541,3519,Passenger,50 to 54,Major,Other,NULL,0,0,1,0,0,0,0,1,0,1,0,1,0,4,412,Clear,Dark,-79.3529,43.6968
1061541,3014,Driver,50 to 54,Minor,"Automobile, Station Wagon",Going Ahead,0,0,1,0,0,0,0,1,0,1,0,1,0,4,412,Clear,Dark,-79.3529,43.6968
1061541,3223,Driver,20 to 24,Minor,"Automobile, Station Wagon",Going Ahead,0,0,1,0,0,0,0,1,0,1,0,1,0,4,412,Clear,Dark,-79.3529,43.6968
1061541,3243,Driver,25 to 29,Minimal,"Automobile, Station Wagon",Going Ahead,0,0,1,0,0,0,0,1,0,1,0,1,0,4,412,Clear,Dark,-79.3529,43.6968
1063638,3500,Driver,25 to 29,Major,"Automobile, Station Wagon",Going Ahead,0,0,1,0,0,0,0,0,1,1,0,0,1,20,2035,Clear,Dark,-79.5173,43.5991
1064349,3974,Driver,30 to 34,Major,"Automobile, Station Wagon",Going Ahead,0,0,1,0,0,0,0,1,0,1,1,1,0,2,235,Clear,Dark,-79.3373,43.6549
1064349,3975,Passenger,25 to 29,Major,Other,NULL,0,0,1,0,0,0,0,1,0,1,1,1,0,2,235,Clear,Dark,-79.3373,43.6549
1064349,3976,Passenger,20 to 24,Major,Other,NULL,0,0,1,0,0,0,0,1,0,1,1,1,0,2,235,Clear,Dark,-79.3373,43.6549
1064349,3977,Driver,25 to 29,Major,"Automobile, Station Wagon",Going Ahead,0,0,1,0,0,0,0,1,0,1,1,1,0,2,235,Clear,Dark,-79.3373,43.6549
1065056,3348,Pedestrian,75 to 79,Major,Other,NULL,1,0,1,0,0,0,0,0,0,1,0,0,0,9,915,Clear,Daylight,-79.4144,43.7992
1065056,3347,Driver,50 to 54,None,"Automobile, Station Wagon",Turning Left,1,0,1,0,0,0,0,0,0,1,0,0,0,9,915,Clear,Daylight,-79.4144,43.7992
1065135,3349,Passenger,50 to 54,None,Other,NULL,0,0,1,1,0,0,0,1,0,0,0,0,0,13,1315,Clear,Daylight,-79.3688,43.6782
1065135,3350,Passenger,50 to 54,None,Other,NULL,0,0,1,1,0,0,0,1,0,0,0,0,0,13,1315,Clear,Daylight,-79.3688,43.6782
1065135,3351,Driver,25 to 29,None,"Automobile, Station Wagon",Going Ahead,0,0,1,1,0,0,0,1,0,0,0,0,0,13,1315,Clear,Daylight,-79.3688,43.6782
1065135,3352,Motorcycle Driver,30 to 34,Fatal,Motorcycle,Going Ahead,0,0,1,1,0,0,0,1,0,0,0,0,0,13,1315,Clear,Daylight,-79.3688,43.6782
1065135,3353,Driver,20 to 24,None,"Automobile, Station Wagon",Going Ahead,0,0,1,1,0,0,0,1,0,0,0,0,0,13,1315,Clear,Daylight,-79.3688,43.6782
1065860,3299,Driver,40 to 44,None,"Automobile, Station Wagon",Turning Right,1,0,1,0,0,0,0,0,0,0,0,0,0,6,641,Clear,Dawn,-79.4804,43.6502
1065860,3300,Pedestrian,55 to 59,Major,Other,NULL,1,0,1,0,0,0,0,0,0,0,0,0,0,6,641,Clear,Dawn,-79.4804,43.6502
1067364,4505,Driver,55 to 59,Fatal,"Automobile, Station Wagon",Going Ahead,0,0,1,0,0,0,0,0,0,0,0,0,1,8,817,Clear,Daylight,-79.1586,43.7886
1069547,3371,Cyclist,25 to 29,Major,Bicycle,Going Ahead,0,1,1,0,0,0,0,0,0,0,0,0,0,19,1927,Clear,Dark,-79.3279,43.6941
1069547,3370,Driver,25 to 29,None,"Automobile, Station Wagon",Turning Left,0,1,1,0,0,0,0,0,0,0,0,0,0,19,1927,Clear,Dark,-79.3279,43.6941
1069861,4830,Driver,35 to 39,None,"Automobile, Station Wagon",Reversing,0,1,1,0,0,0,0,0,0,0,0,0,0,2,226,Clear,Dark,-79.4234,43.6461