ACCNUM,ObjectId,INVTYPE,INVAGE,INJURY,VEHTYPE,MANOEUVER,PEDESTRIAN,CYCLIST,AUTOMOBILE,MOTORCYCLE,TRUCK,TRSN_CITY_VEH,EMERG_VEH,PASSENGER,SPEEDING,AG_DRIV,REDLIGHT,ALCOHOL,DISABILITY,HOUR,TIME,VISIBILITY,LIGHT,collision_lat,collision_long
1069861,4831,Cyclist,35 to 39,Major,Bicycle,Stopped,0,1,1,0,0,0,0,0,0,0,0,0,0,2,226,Clear,Dark,-79.4234,43.6461
1070690,4841,Pedestrian,40 to 44,Major,Other,NULL,1,0,1,0,0,0,0,0,0,0,0,0,0,19,1915,Clear,Dark,-79.1702,43.7908
1070690,4842,Driver,75 to 79,None,"Automobile, Station Wagon",Going Ahead,1,0,1,0,0,0,0,0,0,0,0,0,0,19,1915,Clear,Dark,-79.1702,43.7908
1071508,4849,Driver,40 to 44,None,"Automobile, Station Wagon",Turning Left,1,0,1,0,0,0,0,0,0,0,0,0,0,8,840,Clear,Daylight,-79.5724,43.653
1071508,4850,Pedestrian,70 to 74,Major,Other,NULL,1,0,1,0,0,0,0,0,0,0,0,0,0,8,840,Clear,Daylight,-79.5724,43.653
1074266,4946,Driver,40 to 44,None,"Automobile, Station Wagon",Slowing or Stopping,1,0,1,0,0,0,0,0,0,0,0,0,0,14,1353,Clear,Daylight,-79.4421,43.7547
1074266,4947,Pedestrian,80 to 84,Major,Other,NULL,1,0,1,0,0,0,0,0,0,0,0,0,0,14,1353,Clear,Daylight,-79.4421,43.7547
1079532,4933,Truck Driver,40 to 44,None,Truck - Open,Going Ahead,1,0,0,0,1,0,0,0,0,0,0,0,0,11,1134,Clear,Daylight,-79.3231,43.7249
1079532,4934,Other,unknown,None,Other,Unknown,1,0,0,0,1,0,0,0,0,0,0,0,0,11,1134,Clear,Daylight,-79.3231,43.7249
1079532,4935,Pedestrian,50 to 54,Major,Other,NULL,1,0,0,0,1,0,0,0,0,0,0,0,0,11,1134,Clear,Daylight,-79.3231,43.7249
1079671,4266,Driver,50 to 54,None,"Automobile, Station Wagon",Turning Left,1,0,1,0,0,0,0,0,0,1,0,0,0,13,1349,Clear,Daylight,-79.383,43.7677
1079671,4267,Pedestrian,65 to 69,Fatal,Other,NULL,1,0,1,0,0,0,0,0,0,1,0,0,0,13,1349,Clear,Daylight,-79.383,43.7677
1090371,4604,Driver,80 to 84,Major,"Automobile, Station Wagon",Going Ahead,0,0,1,0,0,0,0,0,0,0,0,0,1,11,1105,Clear,Daylight,-79.3911,43.7111
1090810,4608,Driver,25 to 29,Major,"Automobile, Station Wagon",Stopped,0,0,1,0,0,0,0,0,0,1,0,0,0,16,1635,Clear,Daylight,-79.3746,43.6446
1089553,4289,Pedestrian,10 to 14,Major,Other,Other,1,0,1,0,0,0,0,0,0,0,0,0,0,9,938,Snow,Daylight,-79.2116,43.7626
1092227,4320,Driver,40 to 44,Major,"Automobile, Station Wagon",Stopped,0,0,1,0,0,0,0,0,0,1,0,0,0,17,1700,Clear,Dusk,-79.4828,43.6883
1092227,4323,Driver,35 to 39,None,"Automobile, Station Wagon",Going Ahead,0,0,1,0,0,0,0,0,0,1,0,0,0,17,1700,Clear,Dusk,-79.4828,43.6883
1092795,4327,Driver,20 to 24,Minor,"Automobile, Station Wagon",Going Ahead,0,0,1,0,0,0,0,1,0,0,0,0,0,13,1345,Clear,Daylight,-79.487,43.7475
1092795,4328,Passenger,unknown,Major,Other,NULL,0,0,1,0,0,0,0,1,0,0,0,0,0,13,1345,Clear,Daylight,-79.487,43.7475
1092795,4329,Driver,20 to 24,None,"Automobile, Station Wagon",Stopped,0,0,1,0,0,0,0,1,0,0,0,0,0,13,1345,Clear,Daylight,-79.487,43.7475
1092795,4330,Passenger,0 to 4,Minor,Other,NULL,0,0,1,0,0,0,0,1,0,0,0,0,0,13,1345,Clear,Daylight,-79.487,43.7475
1092795,4331,Passenger,unknown,Minor,Other,NULL,0,0,1,0,0,0,0,1,0,0,0,0,0,13,1345,Clear,Daylight,-79.487,43.7475
1092795,4332,Passenger,45 to 49,Minor,Other,NULL,0,0,1,0,0,0,0,1,0,0,0,0,0,13,1345,Clear,Daylight,-79.487,43.7475
1092795,4333,Driver,30 to 34,None,"Automobile, Station Wagon",Turning Left,0,0,1,0,0,0,0,1,0,0,0,0,0,13,1345,Clear,Daylight,-79.487,43.7475
1094001,4136,Driver,30 to 34,None,"Automobile, Station Wagon",Going Ahead,1,0,1,0,0,0,0,0,0,0,0,0,0,17,1725,Clear,Daylight,-79.4111,43.7623
1094001,4138,Pedestrian,25 to 29,Major,Other,NULL,1,0,1,0,0,0,0,0,0,0,0,0,0,17,1725,Clear,Daylight,-79.4111,43.7623
1094299,4014,Driver,40 to 44,None,Municipal Transit Bus (TTC),Going Ahead,1,0,0,0,0,1,0,0,0,1,0,0,0,9,914,Other,Daylight,-79.3484,43.6663
1094299,4013,Pedestrian,85 to 89,Fatal,Other,NULL,1,0,0,0,0,1,0,0,0,1,0,0,0,9,914,Other,Daylight,-79.3484,43.6663
1096124,4625,Driver,45 to 49,None,"Automobile, Station Wagon",Going Ahead,1,0,1,0,0,0,0,0,0,1,0,0,0,16,1628,Clear,Daylight,-79.4091,43.7657
1096124,4626,Pedestrian,35 to 39,Major,Other,NULL,1,0,1,0,0,0,0,0,0,1,0,0,0,16,1628,Clear,Daylight,-79.4091,43.7657
1097979,4049,Driver,15 to 19,None,"Automobile, Station Wagon",Going Ahead,0,0,1,0,0,0,0,0,0,1,0,0,0,12,1245,Clear,Daylight,-79.4897,43.6966
1097979,4050,Driver,40 to 44,Major,"Automobile, Station Wagon",Stopped,0,0,1,0,0,0,0,0,0,1,0,0,0,12,1245,Clear,Daylight,-79.4897,43.6966
1100819,4068,Driver,45 to 49,Major,"Automobile, Station Wagon",Going Ahead,0,0,1,0,0,0,0,0,0,0,0,0,0,0,45,Freezing Rain,Dark,-79.6261,43.7343
1102106,4073,Driver,55 to 59,Major,"Automobile, Station Wagon",Going Ahead,0,0,1,0,0,0,0,0,1,1,0,1,0,16,1608,Clear,Daylight,-79.3549,43.6893
1105663,4668,Passenger,20 to 24,Minimal,Other,NULL,0,0,1,0,0,0,0,1,0,1,0,0,0,0,15,Clear,Dark,-79.3914,43.6543
1105663,4669,Driver,20 to 24,Minimal,"Automobile, Station Wagon",Stopped,0,0,1,0,0,0,0,1,0,1,0,0,0,0,15,Clear,Dark,-79.3914,43.6543
1105663,4671,Driver,55 to 59,Major,"Automobile, Station Wagon",Slowing or Stopping,0,0,1,0,0,0,0,1,0,1,0,0,0,0,15,Clear,Dark,-79.3914,43.6543
1106184,4156,Driver,25 to 29,None,"Automobile, Station Wagon",Turning Right,0,1,1,0,0,0,0,0,0,0,0,0,0,19,1915,Rain,Daylight,-79.4632,43.6827
1106184,4161,Cyclist,50 to 54,Major,Bicycle,Going Ahead,0,1,1,0,0,0,0,0,0,0,0,0,0,19,1915,Rain,Daylight,-79.4632,43.6827
1106499,4167,Driver,65 to 69,Major,"Automobile, Station Wagon",Going Ahead,0,0,1,0,0,0,0,0,0,0,0,0,1,15,1534,Rain,Daylight,-79.577,43.6902
1107035,4180,Passenger,unknown,Minor,Other,Other,0,0,1,0,0,0,0,1,0,0,0,1,0,4,423,Clear,Dark,-79.4894,43.6869
1107035,4181,Driver,20 to 24,Major,"Automobile, Station Wagon",Going Ahead,0,0,1,0,0,0,0,1,0,0,0,1,0,4,423,Clear,Dark,-79.4894,43.6869
1108205,4211,Passenger,5 to 9,Minimal,Other,NULL,1,0,1,0,0,0,0,1,0,0,0,0,0,21,2128,Clear,Dark,-79.4576,43.6482
1108205,4212,Driver,35 to 39,Minimal,"Automobile, Station Wagon",Slowing or Stopping,1,0,1,0,0,0,0,1,0,0,0,0,0,21,2128,Clear,Dark,-79.4576,43.6482
1108205,4213,Passenger,30 to 34,Minimal,Other,NULL,1,0,1,0,0,0,0,1,0,0,0,0,0,21,2128,Clear,Dark,-79.4576,43.6482
1108205,4214,Driver,30 to 34,None,"Automobile, Station Wagon",Turning Left,1,0,1,0,0,0,0,1,0,0,0,0,0,21,2128,Clear,Dark,-79.4576,43.6482
1108205,4215,Pedestrian,25 to 29,Major,Other,NULL,1,0,1,0,0,0,0,1,0,0,0,0,0,21,2128,Clear,Dark,-79.4576,43.6482
1108724,4230,Driver,50 to 54,None,"Automobile, Station Wagon",Going Ahead,1,0,1,0,0,0,0,0,0,0,0,0,0,15,1546,Clear,Daylight,-79.4309,43.6998
1108724,4231,Driver,50 to 54,None,"Automobile, Station Wagon",Going Ahead,1,0,1,0,0,0,0,0,0,0,0,0,0,15,1546,Clear,Daylight,-79.4309,43.6998
1108724,4232,Pedestrian,40 to 44,Major,Other,NULL,1,0,1,0,0,0,0,0,0,0,0,0,0,15,1546,Clear,Daylight,-79.4309,43.6998
1110560,4719,Driver,45 to 49,Minor,"Automobile, Station Wagon",Stopped,0,0,1,0,0,0,0,0,0,1,0,0,0,24,2350,Clear,Dark,-79.4213,43.6349
1110560,4720,Driver,35 to 39,Major,"Automobile, Station Wagon",Going Ahead,0,0,1,0,0,0,0,0,0,1,0,0,0,24,2350,Clear,Dark,-79.4213,43.6349
1110560,4721,Driver,25 to 29,Minor,"Automobile, Station Wagon",Stopped,0,0,1,0,0,0,0,0,0,1,0,0,0,24,2350,Clear,Dark,-79.4213,43.6349
1111047,4557,Driver,55 to 59,None,"Automobile, Station Wagon",Turning Left,1,0,1,0,0,0,0,0,0,1,0,0,0,12,1205,Clear,Daylight,-79.2832,43.7717
1111047,4558,Pedestrian,20 to 24,Major,Other,NULL,1,0,1,0,0,0,0,0,0,1,0,0,0,12,1205,Clear,Daylight,-79.2832,43.7717
1112683,4755,Passenger,20 to 24,Minor,Other,NULL,0,0,1,0,0,0,0,1,1,1,0,0,0,20,2030,Clear,Daylight,-79.3279,43.7187
1112683,4756,Passenger,20 to 24,Fatal,Other,NULL,0,0,1,0,0,0,0,1,1,1,0,0,0,20,2030,Clear,Daylight,-79.3279,43.7187
1112683,4758,Driver,20 to 24,Fatal,"Automobile, Station Wagon",Changing Lanes,0,0,1,0,0,0,0,1,1,1,0,0,0,20,2030,Clear,Daylight,-79.3279,43.7187
1113455,4217,Motorcycle Driver,20 to 24,Major,Motorcycle,Going Ahead,0,0,1,1,0,0,0,0,0,0,0,0,0,12,1206,Clear,Daylight,-79.5104,43.6245
1113455,4216,Driver,80 to 84,None,"Automobile, Station Wagon",Turning Left,0,0,1,1,0,0,0,0,0,0,0,0,0,12,1206,Clear,Daylight,-79.5104,43.6245
1113770,4223,Driver,40 to 44,None,"Automobile, Station Wagon",Parked,0,1,1,0,0,0,0,0,0,0,0,0,0,20,2009,Clear,Daylight,-79.3182,43.6706
1113770,4224,Cyclist,50 to 54,Major,Bicycle,Going Ahead,0,1,1,0,0,0,0,0,0,0,0,0,0,20,2009,Clear,Daylight,-79.3182,43.6706
1118031,4920,Cyclist,50 to 54,Major,Bicycle,Going Ahead,0,1,0,0,0,0,0,0,0,0,0,0,0,19,1851,Clear,Daylight,-79.4982,43.6159
1118884,4400,Driver,65 to 69,Minimal,"Automobile, Station Wagon",Going Ahead,0,0,1,0,0,0,0,0,0,1,1,0,0,14,1400,Clear,Daylight,-79.1861,43.7684
1118884,4407,Driver,55 to 59,Major,"Automobile, Station Wagon",Going Ahead,0,0,1,0,0,0,0,0,0,1,1,0,0,14,1400,Clear,Daylight,-79.1861,43.7684
1120071,4759,Driver,75 to 79,None,"Automobile, Station Wagon",Turning Left,0,0,1,1,0,0,0,0,1,1,1,0,0,20,2030,Clear,Daylight,-79.4606,43.7702
1120071,4760,Motorcycle Driver,20 to 24,Major,Motorcycle,Going Ahead,0,0,1,1,0,0,0,0,1,1,1,0,0,20,2030,Clear,Daylight,-79.4606,43.7702
1120288,4766,Driver,60 to 64,None,"Automobile, Station Wagon",Going Ahead,1,0,1,0,0,0,0,0,0,0,0,0,0,24,2355,Clear,Dark,-79.5173,43.661
1120288,4767,Pedestrian,50 to 54,Major,Other,NULL,1,0,1,0,0,0,0,0,0,0,0,0,0,24,2355,Clear,Dark,-79.5173,43.661
1121624,4436,Driver,30 to 34,None,"Automobile, Station Wagon",Turning Left,1,0,1,0,0,0,0,0,0,1,0,0,0,9,947,Clear,Daylight,-79.4464,43.7156
1121624,4437,Pedestrian,85 to 89,Fatal,Other,NULL,1,0,1,0,0,0,0,0,0,1,0,0,0,9,947,Clear,Daylight,-79.4464,43.7156
1122296,4854,Driver,40 to 44,None,"Automobile, Station Wagon",Turning Left,1,0,1,0,0,0,0,0,0,1,0,0,0,16,1647,Clear,Daylight,-79.3142,43.689
1122296,4856,Pedestrian,55 to 59,Major,Other,NULL,1,0,1,0,0,0,0,0,0,1,0,0,0,16,1647,Clear,Daylight,-79.3142,43.689
1122545,4884,Driver,35 to 39,None,"Automobile, Station Wagon",Going Ahead,1,0,1,0,0,0,0,0,0,0,0,0,0,8,812,Clear,Daylight,-79.2979,43.6788
1122545,4885,Pedestrian,40 to 44,Major,Other,NULL,1,0,1,0,0,0,0,0,0,0,0,0,0,8,812,Clear,Daylight,-79.2979,43.6788
1122728,4886,Passenger,50 to 54,Minimal,Other,NULL,0,0,1,0,0,0,0,1,0,1,1,0,0,6,636,Clear,Daylight,-79.5428,43.6886
1122728,4887,Driver,45 to 49,Minor,"Automobile, Station Wagon",Going Ahead,0,0,1,0,0,0,0,1,0,1,1,0,0,6,636,Clear,Daylight,-79.5428,43.6886
1122728,4888,Driver,40 to 44,Major,"Automobile, Station Wagon",Going Ahead,0,0,1,0,0,0,0,1,0,1,1,0,0,6,636,Clear,Daylight,-79.5428,43.6886
1125153,4418,Driver,20 to 24,None,"Automobile, Station Wagon",Turning Right,1,0,1,0,0,0,0,0,0,1,0,0,0,14,1350,Clear,Daylight,-79.42,43.7979
1125153,4419,Pedestrian,50 to 54,Major,Other,NULL,1,0,1,0,0,0,0,0,0,1,0,0,0,14,1350,Clear,Daylight,-79.42,43.7979
1125870,4423,Driver,30 to 34,None,"Automobile, Station Wagon",Turning Left,0,0,1,0,0,0,0,0,0,1,0,0,0,0,29,Clear,Dark,-79.3125,43.6672
1125870,4424,Driver,60 to 64,Major,"Automobile, Station Wagon",Going Ahead,0,0,1,0,0,0,0,0,0,1,0,0,0,0,29,Clear,Dark,-79.3125,43.6672
1127576,5815,Truck Driver,45 to 49,None,Truck - Open,Turning Right,1,0,0,0,1,0,0,0,0,0,0,0,0,11,1122,Rain,Daylight,-79.5085,43.7209
1127576,5817,Pedestrian,85 to 89,Fatal,Other,NULL,1,0,0,0,1,0,0,0,0,0,0,0,0,11,1122,Rain,Daylight,-79.5085,43.7209
1128059,4466,Pedestrian,25 to 29,Major,Other,NULL,1,0,1,0,0,0,0,0,1,1,0,1,0,22,2203,Clear,Dark,-79.544,43.7517
1128059,4465,Driver,25 to 29,None,"Automobile, Station Wagon",Going Ahead,1,0,1,0,0,0,0,0,1,1,0,1,0,22,2203,Clear,Dark,-79.544,43.7517
1128125,4451,Driver,25 to 29,Minimal,"Automobile, Station Wagon",Going Ahead,0,1,1,0,0,0,0,0,0,0,0,0,0,14,1440,Clear,Daylight,-79.3904,43.6598
1061106,3506,Driver,65 to 69,None,"Automobile, Station Wagon",Making U Turn,0,0,1,1,0,0,0,0,0,1,0,0,0,20,2027,Clear,Dark,-79.3775,43.6646
1062269,3486,Driver,55 to 59,None,"Automobile, Station Wagon",Making U Turn,0,1,1,0,0,0,0,0,0,1,0,0,0,16,1620,Clear,Daylight,-79.3955,43.6579
1062269,3487,Cyclist,30 to 34,Major,Bicycle,Going Ahead,0,1,1,0,0,0,0,0,0,1,0,0,0,16,1620,Clear,Daylight,-79.3955,43.6579
1062444,3294,Pedestrian,65 to 69,Major,Other,NULL,1,0,1,0,0,0,0,1,0,0,0,0,0,20,2038,Rain,Dark,-79.4698,43.7681
1062444,3295,Passenger,15 to 19,None,Other,NULL,1,0,1,0,0,0,0,1,0,0,0,0,0,20,2038,Rain,Dark,-79.4698,43.7681
1062444,3297,Driver,15 to 19,None,"Automobile, Station Wagon",Going Ahead,1,0,1,0,0,0,0,1,0,0,0,0,0,20,2038,Rain,Dark,-79.4698,43.7681
1063278,3480,Driver,50 to 54,None,Municipal Transit Bus (TTC),Going Ahead,1,0,0,0,0,1,0,0,0,0,0,0,0,17,1655,Clear,Daylight,-79.4923,43.6686
1063278,3481,Pedestrian,15 to 19,Major,Other,NULL,1,0,0,0,0,1,0,0,0,0,0,0,0,17,1655,Clear,Daylight,-79.4923,43.6686
1064139,3508,Passenger,25 to 29,Major,Other,NULL,0,0,1,0,0,0,0,1,0,1,0,1,0,21,2110,Clear,Dark,-79.4589,43.766
1064139,3507,Driver,50 to 54,None,"Automobile, Station Wagon",Going Ahead,0,0,1,0,0,0,0,1,0,1,0,1,0,21,2110,Clear,Dark,-79.4589,43.766
1064139,3509,Driver,25 to 29,Minor,"Automobile, Station Wagon",Going Ahead,0,0,1,0,0,0,0,1,0,1,0,1,0,21,2110,Clear,Dark,-79.4589,43.766
1064784,3517,Motorcycle Passenger,30 to 34,Minor,Other,NULL,0,0,0,1,0,0,0,1,0,0,0,0,0,15,1517,Clear,Daylight,-79.3389,43.6583
1064784,3518,Motorcycle Driver,35 to 39,Major,Motorcycle,Slowing or Stopping,0,0,0,1,0,0,0,1,0,0,0,0,0,15,1517,Clear,Daylight,-79.3389,43.6583
1065141,3360,Pedestrian,60 to 64,Major,Other,NULL,1,0,0,0,1,0,0,0,1,1,0,0,0,9,850,Clear,Daylight,-79.2541,43.7795
1065141,3358,Truck Driver,55 to 59,None,Truck - Open,Going Ahead,1,0,0,0,1,0,0,0,1,1,0,0,0,9,850,Clear,Daylight,-79.2541,43.7795
1065143,3357,Pedestrian,30 to 34,Major,Other,NULL,1,0,0,0,0,0,0,0,0,0,0,0,0,2,220,Clear,Dark,-79.4315,43.7273
1066713,4115,Pedestrian,50 to 54,Major,Other,NULL,1,0,1,0,0,0,0,0,0,1,0,0,0,7,707,Clear,Daylight,-79.2533,43.7488
1066713,4016,Driver,50 to 54,None,"Automobile, Station Wagon",Turning Left,1,0,1,0,0,0,0,0,0,1,0,0,0,7,707,Clear,Daylight,-79.2533,43.7488
1067883,4795,Passenger,90 to 94,Fatal,Other,NULL,0,0,1,0,0,0,0,1,0,0,0,0,0,9,930,Clear,Daylight,-79.4439,43.6364
1067883,4797,Driver,40 to 44,Minor,"Automobile, Station Wagon",Going Ahead,0,0,1,0,0,0,0,1,0,0,0,0,0,9,930,Clear,Daylight,-79.4439,43.6364
1069560,4821,Driver,40 to 44,None,"Automobile, Station Wagon",Going Ahead,1,0,1,0,0,0,0,1,0,0,0,0,0,12,1151,Clear,Daylight,-79.4738,43.6904
1069560,4822,Passenger,50 to 54,None,Other,NULL,1,0,1,0,0,0,0,1,0,0,0,0,0,12,1151,Clear,Daylight,-79.4738,43.6904
1069560,4823,Pedestrian,10 to 14,Major,Other,NULL,1,0,1,0,0,0,0,1,0,0,0,0,0,12,1151,Clear,Daylight,-79.4738,43.6904
1073297,4802,Driver,30 to 34,Minor,"Automobile, Station Wagon",Going Ahead,0,0,1,0,0,0,0,0,0,1,1,0,0,10,1040,Clear,Daylight,-79.3209,43.8063
1073297,4803,Driver,55 to 59,Major,"Automobile, Station Wagon",Going Ahead,0,0,1,0,0,0,0,0,0,1,1,0,0,10,1040,Clear,Daylight,-79.3209,43.8063
1073663,4819,Driver,45 to 49,None,Municipal Transit Bus (TTC),Turning Left,1,0,0,0,0,1,0,0,0,1,0,0,0,14,1435,Clear,Daylight,-79.5867,43.6879
1073663,4820,Pedestrian,30 to 34,Major,Other,NULL,1,0,0,0,0,1,0,0,0,1,0,0,0,14,1435,Clear,Daylight,-79.5867,43.6879
1074265,4950,Driver,70 to 74,None,"Automobile, Station Wagon",Turning Right,1,0,1,0,0,0,0,0,0,1,0,0,0,15,1450,Clear,Daylight,-79.4908,43.7628
1074265,4951,Pedestrian,40 to 44,Major,Other,NULL,1,0,1,0,0,0,0,0,0,1,0,0,0,15,1450,Clear,Daylight,-79.4908,43.7628
1074265,4948,Driver,35 to 39,None,"Automobile, Station Wagon",Going Ahead,1,0,1,0,0,0,0,0,0,1,0,0,0,15,1450,Clear,Daylight,-79.4908,43.7628
1075169,4833,Driver,25 to 29,None,"Automobile, Station Wagon",Going Ahead,0,0,1,0,0,0,0,1,0,1,0,0,0,10,1020,Rain,Daylight,-79.4059,43.6751
1075169,4834,Driver,50 to 54,None,"Automobile, Station Wagon",Stopped,0,0,1,0,0,0,0,1,0,1,0,0,0,10,1020,Rain,Daylight,-79.4059,43.6751
1075169,4835,Passenger,55 to 59,Major,Other,NULL,0,0,1,0,0,0,0,1,0,1,0,0,0,10,1020,Rain,Daylight,-79.4059,43.6751
1075169,4836,Driver,55 to 59,Major,"Automobile, Station Wagon",Stopped,0,0,1,0,0,0,0,1,0,1,0,0,0,10,1020,Rain,Daylight,-79.4059,43.6751
1076080,4386,Driver,40 to 44,None,"Automobile, Station Wagon",Turning Right,0,1,1,0,0,0,0,0,0,1,0,0,0,18,1814,Rain,Dark,-79.3466,43.6566
1076080,4390,Cyclist,35 to 39,Major,Bicycle,Going Ahead,0,1,1,0,0,0,0,0,0,1,0,0,0,18,1814,Rain,Dark,-79.3466,43.6566
1077611,4981,Driver,55 to 59,None,"Automobile, Station Wagon",Unknown,1,0,1,0,0,0,0,0,0,1,0,0,0,17,1650,Other,Daylight,-79.4155,43.7797
1077611,4982,Pedestrian,unknown,Major,Other,Other,1,0,1,0,0,0,0,0,0,1,0,0,0,17,1650,Other,Daylight,-79.4155,43.7797
1078711,4928,Motorcycle Driver,35 to 39,Major,Motorcycle,Changing Lanes,0,0,1,1,0,0,0,0,0,0,0,0,0,13,1330,Freezing Rain,Daylight,-79.409,43.6597
1078711,4929,Driver,20 to 24,None,"Automobile, Station Wagon",Going Ahead,0,0,1,1,0,0,0,0,0,0,0,0,0,13,1330,Freezing Rain,Daylight,-79.409,43.6597
1078881,4114,Driver,25 to 29,Minor,"Automobile, Station Wagon",Stopped,0,0,1,0,0,0,0,0,0,1,0,0,0,3,339,Clear,Dark,-79.5055,43.7092
1078881,4121,Driver,20 to 24,Major,"Automobile, Station Wagon",Going Ahead,0,0,1,0,0,0,0,0,0,1,0,0,0,3,339,Clear,Dark,-79.5055,43.7092
1079815,4937,Driver,40 to 44,None,"Automobile, Station Wagon",Going Ahead,1,0,1,0,0,0,0,0,0,0,0,0,0,19,1905,Clear,Dark,-79.3862,43.6769
1079815,4938,Pedestrian,55 to 59,Major,Other,NULL,1,0,1,0,0,0,0,0,0,0,0,0,0,19,1905,Clear,Dark,-79.3862,43.6769
1080485,4281,Driver,25 to 29,None,"Automobile, Station Wagon",Going Ahead,0,0,1,0,0,0,0,0,0,0,0,0,1,18,1848,Clear,Dark,-79.4722,43.6837
1080485,4282,Driver,65 to 69,Major,"Automobile, Station Wagon",Going Ahead,0,0,1,0,0,0,0,0,0,0,0,0,1,18,1848,Clear,Dark,-79.4722,43.6837
1084902,4318,Passenger,unknown,Minor,"Automobile, Station Wagon",Going Ahead,0,0,1,0,0,0,0,1,0,0,0,0,0,21,2119,Clear,Dark,-79.5437,43.6118
1084902,4319,Driver,75 to 79,Major,"Automobile, Station Wagon",Other,0,0,1,0,0,0,0,1,0,0,0,0,0,21,2119,Clear,Dark,-79.5437,43.6118
1086335,4251,Driver,45 to 49,Minor,"Automobile, Station Wagon",Turning Left,0,0,1,0,0,0,0,0,0,1,0,0,0,8,831,Clear,Daylight,-79.5993,43.6953
1086335,4256,Driver,55 to 59,Major,"Automobile, Station Wagon",Going Ahead,0,0,1,0,0,0,0,0,0,1,0,0,0,8,831,Clear,Daylight,-79.5993,43.6953
1092885,4639,Vehicle Owner,unknown,None,Other,Other,0,0,1,0,0,0,0,1,0,0,0,0,0,21,2141,Other,Dark,-79.3017,43.6881
1092885,4636,Driver,unknown,None,Other,Unknown,0,0,1,0,0,0,0,1,0,0,0,0,0,21,2141,Other,Dark,-79.3017,43.6881
1092885,4637,Passenger,unknown,Major,Other,Other,0,0,1,0,0,0,0,1,0,0,0,0,0,21,2141,Other,Dark,-79.3017,43.6881
1092885,4640,Driver,50 to 54,Minor,"Automobile, Station Wagon",Unknown,0,0,1,0,0,0,0,1,0,0,0,0,0,21,2141,Other,Dark,-79.3017,43.6881
1092885,4638,Passenger,unknown,Minor,Other,Other,0,0,1,0,0,0,0,1,0,0,0,0,0,21,2141,Other,Dark,-79.3017,43.6881
1092885,4635,Vehicle Owner,unknown,None,Other,Other,0,0,1,0,0,0,0,1,0,0,0,0,0,21,2141,Other,Dark,-79.3017,43.6881
1093260,4342,Driver,50 to 54,None,"Automobile, Station Wagon",Going Ahead,0,1,1,0,0,0,0,0,0,0,0,0,0,19,1856,Clear,Dark,-79.4828,43.6655
1093260,4343,Cyclist,45 to 49,Major,Bicycle,Changing Lanes,0,1,1,0,0,0,0,0,0,0,0,0,0,19,1856,Clear,Dark,-79.4828,43.6655
1093819,4680,Truck Driver,45 to 49,None,Truck - Open,Turning Left,1,0,0,0,1,0,0,0,0,0,0,0,0,7,652,Rain,Dark,-79.5647,43.7665
1093819,4681,Pedestrian,55 to 59,Fatal,Other,NULL,1,0,0,0,1,0,0,0,0,0,0,0,0,7,652,Rain,Dark,-79.5647,43.7665
1094123,4007,Driver,80 to 84,None,"Automobile, Station Wagon",Going Ahead,1,0,1,0,0,0,0,0,0,0,0,0,1,15,1535,Clear,Daylight,-79.5185,43.7537
1094123,4008,Pedestrian,5 to 9,Major,Other,NULL,1,0,1,0,0,0,0,0,0,0,0,0,1,15,1535,Clear,Daylight,-79.5185,43.7537
1094623,4299,Passenger,65 to 69,Major,Other,NULL,0,0,1,0,0,0,0,1,0,0,0,0,0,18,1805,Snow,Dark,-79.3696,43.7125
1094623,4300,Driver,55 to 59,None,"Automobile, Station Wagon",Going Ahead,0,0,1,0,0,0,0,1,0,0,0,0,0,18,1805,Snow,Dark,-79.3696,43.7125
1094623,4301,Driver,35 to 39,Minor,"Automobile, Station Wagon",Turning Left,0,0,1,0,0,0,0,1,0,0,0,0,0,18,1805,Snow,Dark,-79.3696,43.7125
1095466,4622,Driver,55 to 59,Minor,"Automobile, Station Wagon",Going Ahead,0,0,1,0,0,0,0,1,0,0,0,0,0,7,730,Clear,Daylight,-79.2851,43.7763
1095466,4619,Passenger,45 to 49,Major,Other,NULL,0,0,1,0,0,0,0,1,0,0,0,0,0,7,730,Clear,Daylight,-79.2851,43.7763
1095466,4620,Driver,45 to 49,Minor,"Automobile, Station Wagon",Going Ahead,0,0,1,0,0,0,0,1,0,0,0,0,0,7,730,Clear,Daylight,-79.2851,43.7763
1095732,4025,Driver,40 to 44,None,"Automobile, Station Wagon",Going Ahead,1,0,1,0,0,0,0,0,0,0,0,0,0,23,2320,Clear,Dark,-79.2481,43.7111
1095732,4026,Pedestrian,15 to 19,Major,Other,NULL,1,0,1,0,0,0,0,0,0,0,0,0,0,23,2320,Clear,Dark,-79.2481,43.7111
1096493,4661,Driver,30 to 34,None,"Automobile, Station Wagon",Going Ahead,1,0,1,0,0,0,0,0,0,0,0,0,0,13,1318,Rain,Daylight,-79.4432,43.6861
1096493,4662,Pedestrian,10 to 14,Major,Other,Other,1,0,1,0,0,0,0,0,0,0,0,0,0,13,1318,Rain,Daylight,-79.4432,43.6861
1097106,4675,Driver,50 to 54,None,"Automobile, Station Wagon",Parked,0,1,1,0,0,0,0,0,0,0,0,0,0,12,1156,Clear,Daylight,-79.3433,43.6674
1097106,4676,Cyclist,45 to 49,Major,Bicycle,Going Ahead,0,1,1,0,0,0,0,0,0,0,0,0,0,12,1156,Clear,Daylight,-79.3433,43.6674
1097606,4631,Driver,60 to 64,Major,NULL,Going Ahead,0,0,1,0,0,0,0,0,1,1,0,0,0,19,1850,Clear,Dawn,-79.2729,43.7866