ACCNUM,ObjectId,INVTYPE,INVAGE,INJURY,VEHTYPE,MANOEUVER,PEDESTRIAN,CYCLIST,AUTOMOBILE,MOTORCYCLE,TRUCK,TRSN_CITY_VEH,EMERG_VEH,PASSENGER,SPEEDING,AG_DRIV,REDLIGHT,ALCOHOL,DISABILITY,HOUR,TIME,VISIBILITY,LIGHT,collision_lat,collision_long
1097606,4632,Driver,45 to 49,None,"Automobile, Station Wagon",Going Ahead,0,0,1,0,0,0,0,0,1,1,0,0,0,19,1850,Clear,Dawn,-79.2729,43.7866
1098480,4076,Wheelchair,65 to 69,Major,Other,Going Ahead,1,0,1,0,0,0,0,0,0,0,0,0,0,14,1418,Clear,Daylight,-79.51,43.6597
1100116,4036,Motorcycle Driver,40 to 44,Major,Motorcycle,Turning Right,0,0,0,1,0,0,0,0,0,0,0,0,0,19,1900,Clear,Daylight,-79.5038,43.6032
1102324,4515,Passenger,80 to 84,Minor,Other,NULL,0,0,1,0,0,0,0,1,0,0,0,0,0,12,1236,Clear,Daylight,-79.3997,43.6869
1102324,4516,Passenger,30 to 34,Minor,Other,NULL,0,0,1,0,0,0,0,1,0,0,0,0,0,12,1236,Clear,Daylight,-79.3997,43.6869
1102324,4514,Other,unknown,None,Other,Parked,0,0,1,0,0,0,0,1,0,0,0,0,0,12,1236,Clear,Daylight,-79.3997,43.6869
1102324,4517,Driver,35 to 39,Minor,"Automobile, Station Wagon",Going Ahead,0,0,1,0,0,0,0,1,0,0,0,0,0,12,1236,Clear,Daylight,-79.3997,43.6869
1102324,4518,Passenger,90 to 94,Fatal,Other,NULL,0,0,1,0,0,0,0,1,0,0,0,0,0,12,1236,Clear,Daylight,-79.3997,43.6869
1102324,4519,Other,unknown,None,Other,Parked,0,0,1,0,0,0,0,1,0,0,0,0,0,12,1236,Clear,Daylight,-79.3997,43.6869
1102324,4520,Other,unknown,None,Other,Parked,0,0,1,0,0,0,0,1,0,0,0,0,0,12,1236,Clear,Daylight,-79.3997,43.6869
1102324,4521,Other,unknown,None,Other,Parked,0,0,1,0,0,0,0,1,0,0,0,0,0,12,1236,Clear,Daylight,-79.3997,43.6869
1103726,4091,Driver,60 to 64,Major,"Automobile, Station Wagon",Going Ahead,0,0,1,0,0,0,0,0,0,0,0,0,1,15,1540,Clear,Daylight,-79.5729,43.7025
1103828,4039,Driver,unknown,None,"Automobile, Station Wagon",Unknown,0,1,1,0,0,0,0,0,0,1,0,0,0,14,1444,Clear,Daylight,-79.4452,43.6511
1103828,4040,Cyclist,30 to 34,Major,Bicycle,Going Ahead,0,1,1,0,0,0,0,0,0,1,0,0,0,14,1444,Clear,Daylight,-79.4452,43.6511
1104513,4560,Driver,75 to 79,Major,"Automobile, Station Wagon",Going Ahead,0,0,1,0,0,0,0,0,0,0,0,0,0,9,928,Clear,Daylight,-79.2958,43.7053
1104513,4562,Driver,20 to 24,Major,"Automobile, Station Wagon",Going Ahead,0,0,1,0,0,0,0,0,0,0,0,0,0,9,928,Clear,Daylight,-79.2958,43.7053
1104694,4350,Driver,40 to 44,Major,"Automobile, Station Wagon",Going Ahead,0,0,1,0,0,0,0,0,0,0,0,0,0,23,2336,Clear,Dark,-79.5114,43.6839
1104694,4254,Driver,50 to 54,None,"Automobile, Station Wagon",Turning Left,0,0,1,0,0,0,0,0,0,0,0,0,0,23,2336,Clear,Dark,-79.5114,43.6839
1105683,4070,Driver,30 to 34,None,"Automobile, Station Wagon",Going Ahead,0,0,1,0,0,0,0,0,0,1,0,0,0,12,1247,Clear,Daylight,-79.3995,43.6364
1105683,4071,Driver,60 to 64,Major,"Automobile, Station Wagon",Going Ahead,0,0,1,0,0,0,0,0,0,1,0,0,0,12,1247,Clear,Daylight,-79.3995,43.6364
1108321,4178,Driver,45 to 49,None,"Automobile, Station Wagon",Turning Left,1,0,1,0,0,0,0,0,0,1,0,0,0,21,2110,Rain,Dark,-79.2598,43.7168
1108321,4179,Pedestrian,55 to 59,Major,Other,NULL,1,0,1,0,0,0,0,0,0,1,0,0,0,21,2110,Rain,Dark,-79.2598,43.7168
1110059,4576,Driver,40 to 44,Major,"Automobile, Station Wagon",Going Ahead,0,0,1,0,0,0,0,0,0,0,0,0,1,22,2159,Clear,Dark,-79.4151,43.6413
1110059,4577,Other,unknown,None,Other,Parked,0,0,1,0,0,0,0,0,0,0,0,0,1,22,2159,Clear,Dark,-79.4151,43.6413
1110376,4703,Driver,unknown,None,"Automobile, Station Wagon",Going Ahead,0,1,1,0,0,0,0,0,0,1,0,0,0,16,1600,Clear,Daylight,-79.2708,43.6877
1110376,4704,Cyclist,45 to 49,Major,Bicycle,Turning Right,0,1,1,0,0,0,0,0,0,1,0,0,0,16,1600,Clear,Daylight,-79.2708,43.6877
1111516,4579,Driver,30 to 34,Major,Taxi,Pulling Onto Shoulder or towardCurb,0,0,1,0,0,0,0,0,0,0,0,0,0,3,252,Clear,Dark,-79.4195,43.6665
1112065,4175,Driver,40 to 44,None,"Automobile, Station Wagon",Going Ahead,0,0,1,0,0,0,0,0,0,1,0,0,0,15,1500,Rain,Daylight,-79.3134,43.726
1112065,4176,Driver,50 to 54,Major,"Automobile, Station Wagon",Stopped,0,0,1,0,0,0,0,0,0,1,0,0,0,15,1500,Rain,Daylight,-79.3134,43.726
1112065,4177,Driver,30 to 34,None,"Automobile, Station Wagon",Stopped,0,0,1,0,0,0,0,0,0,1,0,0,0,15,1500,Rain,Daylight,-79.3134,43.726
1113420,4205,Motorcycle Driver,45 to 49,Major,Motorcycle,Going Ahead,0,0,1,1,0,0,0,0,0,0,0,0,0,13,1258,Clear,Daylight,-79.4349,43.7754
1113420,4207,Driver,65 to 69,None,"Automobile, Station Wagon",Making U Turn,0,0,1,1,0,0,0,0,0,0,0,0,0,13,1258,Clear,Daylight,-79.4349,43.7754
1113871,4753,Driver,unknown,None,"Automobile, Station Wagon",Going Ahead,1,0,1,0,0,0,0,0,0,1,0,0,0,3,300,Clear,Dark,-79.449,43.6959
1113871,4754,Pedestrian,45 to 49,Major,Other,NULL,1,0,1,0,0,0,0,0,0,1,0,0,0,3,300,Clear,Dark,-79.449,43.6959
1117245,4730,Driver,15 to 19,None,"Automobile, Station Wagon",Going Ahead,1,0,1,0,0,0,0,0,0,0,0,0,0,18,1806,Clear,Daylight,-79.4345,43.6822
1117245,4731,Pedestrian,5 to 9,Major,Other,NULL,1,0,1,0,0,0,0,0,0,0,0,0,0,18,1806,Clear,Daylight,-79.4345,43.6822
1117715,4911,Pedestrian,55 to 59,Major,Other,NULL,1,1,0,0,0,0,0,0,0,0,0,0,0,15,1535,Clear,Daylight,-79.2886,43.7841
1117715,4912,Cyclist,15 to 19,None,Bicycle,Going Ahead,1,1,0,0,0,0,0,0,0,0,0,0,0,15,1535,Clear,Daylight,-79.2886,43.7841
1119919,16076,Driver,60 to 64,None,"Automobile, Station Wagon",Turning Left,1,0,1,0,0,0,0,0,0,1,0,0,0,10,958,Clear,Daylight,-79.3089,43.6763
1119919,16077,Pedestrian,60 to 64,Major,NULL,NULL,1,0,1,0,0,0,0,0,0,1,0,0,0,10,958,Clear,Daylight,-79.3089,43.6763
1120053,4900,Driver,45 to 49,Minimal,Other,Turning Left,0,0,1,0,0,0,0,0,0,0,0,0,0,10,1010,Clear,Daylight,-79.3043,43.7288
1120053,4901,Driver,30 to 34,Minimal,"Automobile, Station Wagon",Going Ahead,0,0,1,0,0,0,0,0,0,0,0,0,0,10,1010,Clear,Daylight,-79.3043,43.7288
1120053,4902,Driver,40 to 44,Major,"Automobile, Station Wagon",Going Ahead,0,0,1,0,0,0,0,0,0,0,0,0,0,10,1010,Clear,Daylight,-79.3043,43.7288
1120474,4771,Driver,45 to 49,None,"Automobile, Station Wagon",Turning Right,1,0,1,0,0,0,0,0,0,0,0,0,0,17,1743,Clear,Daylight,-79.2946,43.6851
1120474,4772,Pedestrian,15 to 19,Major,Other,NULL,1,0,1,0,0,0,0,0,0,0,0,0,0,17,1743,Clear,Daylight,-79.2946,43.6851
1121910,4780,Driver,30 to 34,None,"Automobile, Station Wagon",Going Ahead,1,0,1,0,0,0,0,0,0,0,0,0,0,1,128,Rain,Dark,-79.3979,43.6529
1121910,4783,Pedestrian,30 to 34,Major,Other,NULL,1,0,1,0,0,0,0,0,0,0,0,0,0,1,128,Rain,Dark,-79.3979,43.6529
1122576,4882,Driver,30 to 34,Major,"Automobile, Station Wagon",Going Ahead,0,0,1,0,0,0,0,0,0,1,1,0,0,7,725,Clear,Daylight,-79.3891,43.6452
1122576,4880,Driver,35 to 39,Minimal,"Automobile, Station Wagon",Going Ahead,0,0,1,0,0,0,0,0,0,1,1,0,0,7,725,Clear,Daylight,-79.3891,43.6452
1125601,5381,Driver,35 to 39,None,"Automobile, Station Wagon",Going Ahead,1,0,1,0,0,0,0,0,0,0,0,0,0,15,1520,Clear,Daylight,-79.2329,43.7795
1125601,5474,Pedestrian,75 to 79,Major,Other,NULL,1,0,1,0,0,0,0,0,0,0,0,0,0,15,1520,Clear,Daylight,-79.2329,43.7795
1126056,4427,Driver,45 to 49,None,"Automobile, Station Wagon",Going Ahead,0,0,1,0,0,0,0,0,0,1,0,0,0,20,2034,Rain,Dark,-79.3362,43.804
1126056,4428,Driver,40 to 44,Major,"Automobile, Station Wagon",Going Ahead,0,0,1,0,0,0,0,0,0,1,0,0,0,20,2034,Rain,Dark,-79.3362,43.804
1126624,4415,Cyclist,55 to 59,Major,Bicycle,Going Ahead,0,1,1,0,0,0,0,0,0,1,0,0,0,20,2040,Clear,Dark,-79.175,43.7754
1126624,4414,Driver,unknown,None,"Automobile, Station Wagon",Going Ahead,0,1,1,0,0,0,0,0,0,1,0,0,0,20,2040,Clear,Dark,-79.175,43.7754
1129211,4478,Driver,20 to 24,None,"Automobile, Station Wagon",Making U Turn,0,0,1,1,0,0,0,0,0,0,0,0,0,14,1400,Clear,Daylight,-79.3684,43.662
1129211,4476,Motorcycle Driver,25 to 29,Major,Motorcycle,Going Ahead,0,0,1,1,0,0,0,0,0,0,0,0,0,14,1400,Clear,Daylight,-79.3684,43.662
1133393,5823,Driver,55 to 59,Minor,"Automobile, Station Wagon",Turning Left,0,0,1,0,0,0,0,0,0,0,0,0,0,12,1240,Rain,Daylight,-79.525,43.6213
1133393,5824,Driver,25 to 29,Major,"Automobile, Station Wagon",Going Ahead,0,0,1,0,0,0,0,0,0,0,0,0,0,12,1240,Rain,Daylight,-79.525,43.6213
1133576,5469,Driver,35 to 39,Minimal,"Automobile, Station Wagon",Going Ahead,0,0,1,0,0,0,0,1,0,0,0,0,0,15,1520,Clear,Daylight,-79.4427,43.6972
1133576,5235,Driver,50 to 54,None,"Automobile, Station Wagon",Turning Left,0,0,1,0,0,0,0,1,0,0,0,0,0,15,1520,Clear,Daylight,-79.4427,43.6972
1133576,5241,Passenger,25 to 29,Major,Other,NULL,0,0,1,0,0,0,0,1,0,0,0,0,0,15,1520,Clear,Daylight,-79.4427,43.6972
1133727,5677,Driver,25 to 29,Minimal,"Automobile, Station Wagon",Stopped,0,0,1,0,0,0,0,0,0,1,0,0,0,17,1654,Clear,Daylight,-79.3618,43.7623
1133727,5687,Driver,30 to 34,None,"Automobile, Station Wagon",Going Ahead,0,0,1,0,0,0,0,0,0,1,0,0,0,17,1654,Clear,Daylight,-79.3618,43.7623
1133727,5690,Driver,40 to 44,Major,"Automobile, Station Wagon",Stopped,0,0,1,0,0,0,0,0,0,1,0,0,0,17,1654,Clear,Daylight,-79.3618,43.7623
1134244,5490,Driver,50 to 54,Minimal,"Automobile, Station Wagon",Turning Left,0,0,1,0,0,0,0,1,0,1,1,0,0,9,901,Rain,Daylight,-79.4944,43.7815
1134244,5481,Passenger,20 to 24,Minimal,Other,NULL,0,0,1,0,0,0,0,1,0,1,1,0,0,9,901,Rain,Daylight,-79.4944,43.7815
1134244,5483,Driver,15 to 19,Fatal,"Automobile, Station Wagon",Going Ahead,0,0,1,0,0,0,0,1,0,1,1,0,0,9,901,Rain,Daylight,-79.4944,43.7815
1134244,5575,Driver,55 to 59,None,"Automobile, Station Wagon",Stopped,0,0,1,0,0,0,0,1,0,1,1,0,0,9,901,Rain,Daylight,-79.4944,43.7815
1134663,5597,Driver,50 to 54,None,"Automobile, Station Wagon",Turning Left,1,0,1,0,0,0,0,0,0,1,0,0,0,14,1445,Clear,Daylight,-79.2587,43.736
1134663,5598,Pedestrian,85 to 89,Fatal,Other,NULL,1,0,1,0,0,0,0,0,0,1,0,0,0,14,1445,Clear,Daylight,-79.2587,43.736
1136099,5979,Driver,45 to 49,None,"Automobile, Station Wagon",Going Ahead,0,0,1,0,0,0,0,1,0,0,0,0,0,7,710,Clear,Daylight,-79.4396,43.6501
1136099,5980,Passenger,30 to 34,Minor,Other,NULL,0,0,1,0,0,0,0,1,0,0,0,0,0,7,710,Clear,Daylight,-79.4396,43.6501
1136099,5981,Driver,30 to 34,Major,"Automobile, Station Wagon",Turning Left,0,0,1,0,0,0,0,1,0,0,0,0,0,7,710,Clear,Daylight,-79.4396,43.6501
1137133,5644,Motorcycle Driver,40 to 44,Major,Motorcycle,Going Ahead,0,0,1,1,0,0,0,0,1,1,0,0,0,11,1127,Clear,Daylight,-79.3524,43.649
1137133,5645,Driver,40 to 44,None,"Automobile, Station Wagon",Changing Lanes,0,0,1,1,0,0,0,0,1,1,0,0,0,11,1127,Clear,Daylight,-79.3524,43.649
1137184,5648,Driver,45 to 49,None,"Automobile, Station Wagon",Slowing or Stopping,1,0,1,0,0,0,0,0,0,0,0,0,0,17,1700,Clear,Dusk,-79.4313,43.7266
1040090,3928,Driver,45 to 49,None,"Automobile, Station Wagon",Going Ahead,0,0,1,0,0,0,0,0,0,0,0,0,1,11,1125,Clear,Daylight,-79.3963,43.6966
1040090,3930,Driver,45 to 49,Major,"Automobile, Station Wagon",Going Ahead,0,0,1,0,0,0,0,0,0,0,0,0,1,11,1125,Clear,Daylight,-79.3963,43.6966
1041737,3931,Driver,50 to 54,None,"Automobile, Station Wagon",Going Ahead,0,0,1,0,0,0,0,0,0,0,0,0,0,11,1125,Clear,Daylight,-79.3962,43.6966
1041737,3932,Driver,45 to 49,Major,"Automobile, Station Wagon",Other,0,0,1,0,0,0,0,0,0,0,0,0,0,11,1125,Clear,Daylight,-79.3962,43.6966
1042071,3069,Driver,40 to 44,Minor,"Automobile, Station Wagon",Going Ahead,0,0,1,0,0,0,0,1,1,1,1,0,0,8,800,Clear,Daylight,-79.2026,43.8089
1042071,3070,Driver,45 to 49,Minor,"Automobile, Station Wagon",Stopped,0,0,1,0,0,0,0,1,1,1,1,0,0,8,800,Clear,Daylight,-79.2026,43.8089
1042071,3071,Passenger,10 to 14,Minimal,Other,NULL,0,0,1,0,0,0,0,1,1,1,1,0,0,8,800,Clear,Daylight,-79.2026,43.8089
1042071,3072,Passenger,45 to 49,Minor,Other,NULL,0,0,1,0,0,0,0,1,1,1,1,0,0,8,800,Clear,Daylight,-79.2026,43.8089
1042071,3074,Driver,20 to 24,Major,"Automobile, Station Wagon",Going Ahead,0,0,1,0,0,0,0,1,1,1,1,0,0,8,800,Clear,Daylight,-79.2026,43.8089
1042639,3021,Driver,50 to 54,None,"Automobile, Station Wagon",Turning Left,0,0,1,1,0,0,0,0,1,1,0,0,0,16,1648,Clear,Daylight,-79.358,43.7018
1042639,3020,Motorcycle Driver,45 to 49,Major,Motorcycle,Going Ahead,0,0,1,1,0,0,0,0,1,1,0,0,0,16,1648,Clear,Daylight,-79.358,43.7018
1043273,3095,Driver,55 to 59,None,"Automobile, Station Wagon",Turning Left,1,0,1,0,0,0,0,0,0,1,0,0,0,20,2010,Clear,Dusk,-79.5339,43.5943
1043273,3096,Pedestrian,60 to 64,Fatal,Other,NULL,1,0,1,0,0,0,0,0,0,1,0,0,0,20,2010,Clear,Dusk,-79.5339,43.5943
1044477,3039,Driver,40 to 44,None,Other,Turning Left,1,0,0,0,0,0,0,0,0,1,0,0,0,12,1150,Clear,Daylight,-79.3297,43.682
1044477,3040,Pedestrian,50 to 54,Major,Other,NULL,1,0,0,0,0,0,0,0,0,1,0,0,0,12,1150,Clear,Daylight,-79.3297,43.682
1044518,3134,Cyclist,35 to 39,Major,Bicycle,Going Ahead,0,1,1,0,0,0,0,0,0,0,0,0,0,2,215,Clear,Dark,-79.4513,43.6536
1044518,3133,Driver,unknown,None,"Automobile, Station Wagon",Going Ahead,0,1,1,0,0,0,0,0,0,0,0,0,0,2,215,Clear,Dark,-79.4513,43.6536
1044627,3146,Passenger,50 to 54,Major,"Automobile, Station Wagon",NULL,0,0,1,0,0,0,0,1,0,1,0,0,0,16,1614,Clear,Daylight,-79.4331,43.6707
1044627,3145,Driver,70 to 74,None,"Automobile, Station Wagon",Going Ahead,0,0,1,0,0,0,0,1,0,1,0,0,0,16,1614,Clear,Daylight,-79.4331,43.6707
1044627,3147,Driver,50 to 54,None,"Automobile, Station Wagon",Going Ahead,0,0,1,0,0,0,0,1,0,1,0,0,0,16,1614,Clear,Daylight,-79.4331,43.6707
1046692,3103,Motorcycle Driver,25 to 29,Major,Motorcycle,Going Ahead,0,0,0,1,0,0,0,0,0,0,0,0,0,22,2236,Clear,Dark,-79.5022,43.6766
1047410,3213,Driver,25 to 29,None,"Automobile, Station Wagon",Going Ahead,1,0,1,0,0,0,0,0,0,0,0,0,0,13,1348,Clear,Daylight,-79.357,43.6691
1047410,3214,Pedestrian,40 to 44,Major,Other,NULL,1,0,1,0,0,0,0,0,0,0,0,0,0,13,1348,Clear,Daylight,-79.357,43.6691
1048237,3156,Driver,45 to 49,None,"Automobile, Station Wagon",Going Ahead,0,1,1,0,0,0,0,0,0,0,0,0,0,18,1805,Clear,Daylight,-79.5372,43.717
1048237,3157,Cyclist,35 to 39,Major,Bicycle,Going Ahead,0,1,1,0,0,0,0,0,0,0,0,0,0,18,1805,Clear,Daylight,-79.5372,43.717
1049419,3189,Driver,45 to 49,None,"Automobile, Station Wagon",Parked,0,1,1,0,0,0,0,0,0,0,0,0,0,10,1040,Clear,Daylight,-79.4392,43.6501
1049419,3190,Cyclist,20 to 24,Major,Bicycle,Going Ahead,0,1,1,0,0,0,0,0,0,0,0,0,0,10,1040,Clear,Daylight,-79.4392,43.6501
1049787,3200,Driver,45 to 49,Minor,"Automobile, Station Wagon",Turning Left,0,0,1,0,0,0,0,0,0,0,0,0,0,13,1302,Clear,Daylight,-79.2519,43.7454
1049787,3202,Driver,25 to 29,Major,"Automobile, Station Wagon",Going Ahead,0,0,1,0,0,0,0,0,0,0,0,0,0,13,1302,Clear,Daylight,-79.2519,43.7454
1049787,3203,Driver,25 to 29,Major,"Automobile, Station Wagon",Going Ahead,0,0,1,0,0,0,0,0,0,0,0,0,0,13,1302,Clear,Daylight,-79.2519,43.7454
1051391,3598,Driver,15 to 19,None,"Automobile, Station Wagon",Going Ahead,1,0,1,0,0,0,0,1,1,1,0,1,0,21,2110,Clear,Dark,-79.1792,43.7746
1051391,3599,Pedestrian,15 to 19,None,Other,NULL,1,0,1,0,0,0,0,1,1,1,0,1,0,21,2110,Clear,Dark,-79.1792,43.7746
1051391,3600,Passenger,15 to 19,None,Other,NULL,1,0,1,0,0,0,0,1,1,1,0,1,0,21,2110,Clear,Dark,-79.1792,43.7746
1051391,3601,Pedestrian,40 to 44,Major,Other,NULL,1,0,1,0,0,0,0,1,1,1,0,1,0,21,2110,Clear,Dark,-79.1792,43.7746
1053246,3546,Motorcycle Driver,45 to 49,Major,Motorcycle,Going Ahead,0,0,1,1,0,0,0,0,0,0,0,1,0,17,1744,Clear,Daylight,-79.4059,43.6523
1053246,3547,Driver,25 to 29,None,"Automobile, Station Wagon",Turning Left,0,0,1,1,0,0,0,0,0,0,0,1,0,17,1744,Clear,Daylight,-79.4059,43.6523
1055418,3990,Driver,unknown,None,"Automobile, Station Wagon",Going Ahead,1,0,1,0,0,0,0,0,0,1,0,0,0,20,2022,Clear,Dark,-79.3177,43.7765
1055418,3991,Pedestrian,85 to 89,Major,Other,NULL,1,0,1,0,0,0,0,0,0,1,0,0,0,20,2022,Clear,Dark,-79.3177,43.7765
1056289,3608,Motorcycle Driver,35 to 39,Major,Motorcycle,Going Ahead,0,0,1,1,0,0,0,0,0,1,0,0,0,20,2007,Clear,Daylight,-79.466,43.7093
1056289,3609,Driver,35 to 39,None,"Automobile, Station Wagon",Turning Left,0,0,1,1,0,0,0,0,0,1,0,0,0,20,2007,Clear,Daylight,-79.466,43.7093
1056407,3445,Pedestrian,80 to 84,Major,Other,Unknown,1,0,1,0,0,0,0,0,0,1,0,0,0,19,1945,Clear,Daylight,-79.3011,43.7212
1056407,3446,Driver,45 to 49,None,"Automobile, Station Wagon",Going Ahead,1,0,1,0,0,0,0,0,0,1,0,0,0,19,1945,Clear,Daylight,-79.3011,43.7212
1057794,3950,Driver,65 to 69,Minimal,"Automobile, Station Wagon",Going Ahead,0,0,1,0,0,0,0,0,0,0,0,0,1,8,750,Clear,Daylight,-79.3387,43.8099
1057794,3951,Driver,50 to 54,Major,"Automobile, Station Wagon",Going Ahead,0,0,1,0,0,0,0,0,0,0,0,0,1,8,750,Clear,Daylight,-79.3387,43.8099
1058226,3954,Driver,50 to 54,Major,"Automobile, Station Wagon",Turning Left,0,0,1,0,0,0,0,0,0,1,1,0,0,19,1913,Clear,Daylight,-79.5724,43.6433
1058226,3955,Driver,50 to 54,Minimal,"Automobile, Station Wagon",Going Ahead,0,0,1,0,0,0,0,0,0,1,1,0,0,19,1913,Clear,Daylight,-79.5724,43.6433
1058226,3956,Driver,60 to 64,None,"Automobile, Station Wagon",Stopped,0,0,1,0,0,0,0,0,0,1,1,0,0,19,1913,Clear,Daylight,-79.5724,43.6433
1059047,3453,Driver,45 to 49,None,"Automobile, Station Wagon",Going Ahead,1,0,1,0,0,0,0,0,0,0,0,0,0,6,610,Rain,Dark,-79.5671,43.6445
1059047,3454,Pedestrian,50 to 54,Major,Other,Other,1,0,1,0,0,0,0,0,0,0,0,0,0,6,610,Rain,Dark,-79.5671,43.6445
1059312,3248,Motorcycle Driver,45 to 49,Major,Motorcycle,Pulling Away from Shoulder or Curb,0,0,1,1,0,0,0,0,0,0,0,1,0,2,151,Clear,Dark,-79.3191,43.6843
1059312,3262,Driver,35 to 39,None,"Automobile, Station Wagon",Going Ahead,0,0,1,1,0,0,0,0,0,0,0,1,0,2,151,Clear,Dark,-79.3191,43.6843
1060516,3497,Truck Driver,35 to 39,Minor,Truck - Open,Going Ahead,0,0,1,0,1,0,0,0,0,0,0,0,0,17,1652,Clear,Daylight,-79.5801,43.6836
1060516,3499,Driver,25 to 29,Fatal,"Automobile, Station Wagon",Pulling Away from Shoulder or Curb,0,0,1,0,1,0,0,0,0,0,0,0,0,17,1652,Clear,Daylight,-79.5801,43.6836
1062738,3308,Driver,45 to 49,None,"Automobile, Station Wagon",Going Ahead,1,0,1,0,0,0,0,0,0,0,0,0,0,3,338,Clear,Dark,-79.3995,43.6567
1062738,3309,Pedestrian,20 to 24,Minor,Other,NULL,1,0,1,0,0,0,0,0,0,0,0,0,0,3,338,Clear,Dark,-79.3995,43.6567
1062738,3310,Pedestrian,20 to 24,Major,Other,NULL,1,0,1,0,0,0,0,0,0,0,0,0,0,3,338,Clear,Dark,-79.3995,43.6567
1062955,3313,Driver,75 to 79,Major,Passenger Van,Going Ahead,0,0,1,0,0,0,0,0,0,0,0,0,0,14,1428,Clear,Daylight,-79.5944,43.7423
1064077,3475,Driver,unknown,None,"Automobile, Station Wagon",Going Ahead,1,0,1,0,0,0,0,0,0,1,0,0,0,23,2300,Rain,Dark,-79.3485,43.6671
1064077,3476,Pedestrian,25 to 29,Major,Other,NULL,1,0,1,0,0,0,0,0,0,1,0,0,0,23,2300,Rain,Dark,-79.3485,43.6671
1064595,3311,Driver,unknown,None,"Automobile, Station Wagon",Going Ahead,0,1,1,0,0,0,0,0,0,0,0,0,0,14,1445,Clear,Daylight,-79.5746,43.7281
1064595,3312,Cyclist,35 to 39,Major,Bicycle,Going Ahead,0,1,1,0,0,0,0,0,0,0,0,0,0,14,1445,Clear,Daylight,-79.5746,43.7281
1064977,3342,Driver,80 to 84,None,"Automobile, Station Wagon",Going Ahead,1,0,1,0,0,0,0,0,0,1,0,0,0,18,1755,Clear,Daylight,-79.3115,43.6936
1064977,3343,Pedestrian,70 to 74,Fatal,Other,NULL,1,0,1,0,0,0,0,0,0,1,0,0,0,18,1755,Clear,Daylight,-79.3115,43.6936
1064978,3344,Pedestrian,40 to 44,Major,Other,NULL,1,0,1,0,0,0,0,0,0,0,0,0,0,20,1956,Clear,Dark,-79.4824,43.7285
1064978,3345,Driver,25 to 29,None,"Automobile, Station Wagon",Going Ahead,1,0,1,0,0,0,0,0,0,0,0,0,0,20,1956,Clear,Dark,-79.4824,43.7285
1065481,3494,Driver,75 to 79,None,"Automobile, Station Wagon",Going Ahead,1,0,1,0,0,0,0,0,0,1,0,0,0,13,1305,Clear,Daylight,-79.2028,43.7482
1065481,3495,Pedestrian,65 to 69,Major,Other,NULL,1,0,1,0,0,0,0,0,0,1,0,0,0,13,1305,Clear,Daylight,-79.2028,43.7482
1065595,3364,Truck Driver,20 to 24,Fatal,Truck - Open,Going Ahead,0,0,0,0,1,0,0,0,1,1,0,0,0,5,545,Clear,Dark,-79.5827,43.69
1067167,4495,Pedestrian,85 to 89,Major,Other,NULL,1,0,1,0,0,0,0,0,0,1,1,0,0,21,2144,Clear,Dark,-79.5693,43.6882
1067167,4404,Driver,50 to 54,None,"Automobile, Station Wagon",Going Ahead,1,0,1,0,0,0,0,0,0,1,1,0,0,21,2144,Clear,Dark,-79.5693,43.6882
1067454,4597,Driver,40 to 44,None,"Automobile, Station Wagon",Going Ahead,1,0,1,0,0,0,0,0,0,0,0,0,0,11,1137,Clear,Daylight,-79.547,43.606
1067454,4685,Pedestrian,40 to 44,Major,Other,NULL,1,0,1,0,0,0,0,0,0,0,0,0,0,11,1137,Clear,Daylight,-79.547,43.606
1067454,4602,Pedestrian,10 to 14,Minimal,Other,NULL,1,0,1,0,0,0,0,0,0,0,0,0,0,11,1137,Clear,Daylight,-79.547,43.606
1073546,4930,Pedestrian,40 to 44,Major,Other,NULL,1,0,1,0,0,0,0,0,0,1,0,0,0,12,1222,Clear,Daylight,-79.49,43.7825
1073546,4931,Driver,50 to 54,None,"Automobile, Station Wagon",Turning Left,1,0,1,0,0,0,0,0,0,1,0,0,0,12,1222,Clear,Daylight,-79.49,43.7825
1075854,4127,Pedestrian,30 to 34,Major,Other,NULL,1,0,1,0,0,0,0,0,0,1,0,0,0,1,145,Clear,Dark,-79.4089,43.6562
1075854,4117,Driver,45 to 49,None,"Automobile, Station Wagon",Turning Right,1,0,1,0,0,0,0,0,0,1,0,0,0,1,145,Clear,Dark,-79.4089,43.6562
1075972,4312,Driver,15 to 19,Major,"Automobile, Station Wagon",Making U Turn,0,0,1,0,0,1,0,0,0,0,0,0,0,0,46,Clear,Dark,-79.5417,43.5925
1075972,4366,Driver,40 to 44,None,Municipal Transit Bus (TTC),Going Ahead,0,0,1,0,0,1,0,0,0,0,0,0,0,0,46,Clear,Dark,-79.5417,43.5925
1081545,4290,Driver,80 to 84,Major,"Automobile, Station Wagon",Going Ahead,0,0,1,0,0,0,0,0,0,0,0,0,1,11,1108,Clear,Daylight,-79.2948,43.8207
1081813,4974,Driver,25 to 29,None,"Automobile, Station Wagon",Turning Left,1,0,1,0,0,0,0,0,0,0,0,0,0,9,925,Rain,Daylight,-79.4173,43.7027
1081813,4975,Pedestrian,30 to 34,Major,Other,NULL,1,0,1,0,0,0,0,0,0,0,0,0,0,9,925,Rain,Daylight,-79.4173,43.7027
1083156,4976,Driver,40 to 44,None,"Automobile, Station Wagon",Going Ahead,1,0,1,0,0,0,0,0,0,0,0,0,0,22,2205,Clear,Dark,-79.3816,43.6518