ACCNUM,ObjectId,INVTYPE,INVAGE,INJURY,VEHTYPE,MANOEUVER,PEDESTRIAN,CYCLIST,AUTOMOBILE,MOTORCYCLE,TRUCK,TRSN_CITY_VEH,EMERG_VEH,PASSENGER,SPEEDING,AG_DRIV,REDLIGHT,ALCOHOL,DISABILITY,HOUR,TIME,VISIBILITY,LIGHT,collision_lat,collision_long
1083156,4977,Pedestrian,55 to 59,Major,Other,NULL,1,0,1,0,0,0,0,0,0,0,0,0,0,22,2205,Clear,Dark,-79.3816,43.6518
1084803,4986,Driver,40 to 44,None,"Automobile, Station Wagon",Turning Left,1,0,1,0,0,0,0,0,0,1,0,0,0,9,920,Clear,Daylight,-79.4481,43.7728
1084803,4987,Pedestrian,50 to 54,Major,Other,NULL,1,0,1,0,0,0,0,0,0,1,0,0,0,9,920,Clear,Daylight,-79.4481,43.7728
1088222,4286,Driver,50 to 54,None,"Automobile, Station Wagon",Turning Left,1,0,1,0,0,0,0,0,0,1,0,0,0,11,1116,Clear,Daylight,-79.3134,43.726
1088222,4287,Pedestrian,40 to 44,Major,Other,NULL,1,0,1,0,0,0,0,0,0,1,0,0,0,11,1116,Clear,Daylight,-79.3134,43.726
1089526,4355,Pedestrian,50 to 54,Major,Other,Other,1,0,1,0,0,0,0,0,0,0,0,0,0,6,613,Clear,Dark,-79.2921,43.8146
1089526,4369,Driver,unknown,None,"Automobile, Station Wagon",Going Ahead,1,0,1,0,0,0,0,0,0,0,0,0,0,6,613,Clear,Dark,-79.2921,43.8146
1092716,4316,Driver,45 to 49,None,"Automobile, Station Wagon",Stopped,0,0,1,0,0,0,0,0,0,0,0,0,0,14,1352,Snow,Daylight,-79.382,43.659
1092716,4317,Driver,20 to 24,Major,"Automobile, Station Wagon",Slowing or Stopping,0,0,1,0,0,0,0,0,0,0,0,0,0,14,1352,Snow,Daylight,-79.382,43.659
1092784,4324,Driver,50 to 54,None,"Automobile, Station Wagon",Turning Left,1,0,1,0,0,0,0,0,0,1,0,0,0,9,930,Clear,Daylight,-79.3265,43.6675
1092784,4325,Pedestrian,35 to 39,Major,Other,NULL,1,0,1,0,0,0,0,0,0,1,0,0,0,9,930,Clear,Daylight,-79.3265,43.6675
1093202,4667,Driver,35 to 39,None,Municipal Transit Bus (TTC),Stopped,0,0,1,0,0,1,0,1,0,1,0,1,0,0,12,Rain,Dark,-79.5451,43.6016
1093202,4663,Driver,50 to 54,Major,"Automobile, Station Wagon",Going Ahead,0,0,1,0,0,1,0,1,0,1,0,1,0,0,12,Rain,Dark,-79.5451,43.6016
1093202,4665,Passenger,unknown,Minimal,Other,NULL,0,0,1,0,0,1,0,1,0,1,0,1,0,0,12,Rain,Dark,-79.5451,43.6016
1093334,4589,Wheelchair,40 to 44,Major,Other,NULL,1,0,1,0,0,0,0,0,0,1,0,0,0,19,1945,Clear,Dark,-79.5063,43.6947
1093334,4503,Driver,unknown,None,"Automobile, Station Wagon",Going Ahead,1,0,1,0,0,0,0,0,0,1,0,0,0,19,1945,Clear,Dark,-79.5063,43.6947
1093852,4118,Driver,45 to 49,None,Municipal Transit Bus (TTC),Going Ahead,0,0,1,0,0,1,0,0,0,0,0,0,0,14,1444,Clear,Daylight,-79.4306,43.6477
1093852,4348,Driver,35 to 39,Major,"Automobile, Station Wagon",Going Ahead,0,0,1,0,0,1,0,0,0,0,0,0,0,14,1444,Clear,Daylight,-79.4306,43.6477
1095081,4403,Driver,60 to 64,None,"Automobile, Station Wagon",Going Ahead,1,0,1,0,0,0,0,0,0,0,0,0,0,14,1438,Clear,Daylight,-79.2869,43.6879
1095081,4494,Pedestrian,40 to 44,Major,Other,Other,1,0,1,0,0,0,0,0,0,0,0,0,0,14,1438,Clear,Daylight,-79.2869,43.6879
1098793,4054,Driver,15 to 19,None,"Automobile, Station Wagon",Turning Left,1,0,1,0,0,0,0,0,0,0,0,0,0,14,1429,Rain,Daylight,-79.3782,43.6662
1098793,4055,Pedestrian,90 to 94,Fatal,Other,NULL,1,0,1,0,0,0,0,0,0,0,0,0,0,14,1429,Rain,Daylight,-79.3782,43.6662
1100690,4065,Driver,40 to 44,Minor,"Automobile, Station Wagon",Going Ahead,0,0,1,0,0,0,0,0,1,1,0,1,0,22,2150,Freezing Rain,Dark,-79.6265,43.7476
1100690,4066,Driver,35 to 39,Major,"Automobile, Station Wagon",Going Ahead,0,0,1,0,0,0,0,0,1,1,0,1,0,22,2150,Freezing Rain,Dark,-79.6265,43.7476
1101072,4381,Pedestrian,0 to 4,Major,Other,NULL,1,0,1,0,0,0,0,0,0,1,0,0,0,10,1035,Clear,Daylight,-79.3801,43.6399
1101072,4373,Driver,35 to 39,None,"Automobile, Station Wagon",Going Ahead,1,0,1,0,0,0,0,0,0,1,0,0,0,10,1035,Clear,Daylight,-79.3801,43.6399
1101272,4058,Passenger,15 to 19,Minor,Other,NULL,0,0,1,0,0,1,0,1,0,0,0,0,0,21,2140,Freezing Rain,Dark,-79.2529,43.8108
1101272,4064,Driver,30 to 34,None,Municipal Transit Bus (TTC),Stopped,0,0,1,0,0,1,0,1,0,0,0,0,0,21,2140,Freezing Rain,Dark,-79.2529,43.8108
1101272,4059,Driver,55 to 59,Major,"Automobile, Station Wagon",Going Ahead,0,0,1,0,0,1,0,1,0,0,0,0,0,21,2140,Freezing Rain,Dark,-79.2529,43.8108
1101272,4060,Passenger,15 to 19,Minor,Other,NULL,0,0,1,0,0,1,0,1,0,0,0,0,0,21,2140,Freezing Rain,Dark,-79.2529,43.8108
1101272,4061,Passenger,20 to 24,Minor,Other,NULL,0,0,1,0,0,1,0,1,0,0,0,0,0,21,2140,Freezing Rain,Dark,-79.2529,43.8108
1101272,4062,Driver,45 to 49,Minor,"Automobile, Station Wagon",Going Ahead,0,0,1,0,0,1,0,1,0,0,0,0,0,21,2140,Freezing Rain,Dark,-79.2529,43.8108
1103248,4538,Driver,15 to 19,None,Passenger Van,Going Ahead,0,1,1,0,0,0,0,0,0,0,0,0,0,23,2307,Clear,Dark,-79.3207,43.6765
1103248,4539,Cyclist,15 to 19,Major,Bicycle,Changing Lanes,0,1,1,0,0,0,0,0,0,0,0,0,0,23,2307,Clear,Dark,-79.3207,43.6765
1106370,4553,Driver,unknown,None,"Automobile, Station Wagon",Going Ahead,1,0,1,0,0,0,0,0,1,1,0,0,0,2,239,Clear,Dark,-79.5979,43.6866
1106370,4554,Pedestrian,35 to 39,Major,Other,NULL,1,0,1,0,0,0,0,0,1,1,0,0,0,2,239,Clear,Dark,-79.5979,43.6866
1107567,4540,Passenger,15 to 19,Major,Other,Other,0,0,1,0,0,0,0,1,0,1,0,0,0,17,1743,Clear,Daylight,-79.3127,43.6856
1107567,4541,Driver,20 to 24,Minor,"Automobile, Station Wagon",Going Ahead,0,0,1,0,0,0,0,1,0,1,0,0,0,17,1743,Clear,Daylight,-79.3127,43.6856
1107892,4210,Driver,40 to 44,None,"Automobile, Station Wagon",Slowing or Stopping,0,0,1,0,0,0,0,1,0,0,0,0,0,14,1400,Clear,Daylight,-79.354,43.6959
1107892,4208,Passenger,25 to 29,Minimal,NULL,NULL,0,0,1,0,0,0,0,1,0,0,0,0,0,14,1400,Clear,Daylight,-79.354,43.6959
1107892,4209,Driver,30 to 34,Major,"Automobile, Station Wagon",Slowing or Stopping,0,0,1,0,0,0,0,1,0,0,0,0,0,14,1400,Clear,Daylight,-79.354,43.6959
1109010,4573,Driver,35 to 39,Major,"Automobile, Station Wagon",Turning Left,0,0,1,0,0,0,0,1,0,0,0,0,0,16,1646,Clear,Daylight,-79.1687,43.7845
1109010,4574,Passenger,20 to 24,Minor,Other,NULL,0,0,1,0,0,0,0,1,0,0,0,0,0,16,1646,Clear,Daylight,-79.1687,43.7845
1109010,4575,Driver,20 to 24,Minor,"Automobile, Station Wagon",Going Ahead,0,0,1,0,0,0,0,1,0,0,0,0,0,16,1646,Clear,Daylight,-79.1687,43.7845
1109028,4235,Passenger,55 to 59,Minimal,Other,NULL,0,0,1,0,0,0,0,1,0,0,0,0,0,10,1030,Clear,Daylight,-79.4729,43.6349
1109028,4236,Passenger,unknown,Major,Other,NULL,0,0,1,0,0,0,0,1,0,0,0,0,0,10,1030,Clear,Daylight,-79.4729,43.6349
1109028,4237,Driver,55 to 59,Minimal,"Automobile, Station Wagon",Slowing or Stopping,0,0,1,0,0,0,0,1,0,0,0,0,0,10,1030,Clear,Daylight,-79.4729,43.6349
1109028,4239,Driver,50 to 54,None,"Automobile, Station Wagon",Stopped,0,0,1,0,0,0,0,1,0,0,0,0,0,10,1030,Clear,Daylight,-79.4729,43.6349
1110532,4709,Passenger,0 to 4,Major,Other,NULL,0,0,1,0,0,0,0,1,0,1,0,0,0,8,802,Clear,Daylight,-79.3013,43.746
1110532,4710,Driver,25 to 29,Minor,"Automobile, Station Wagon",Going Ahead,0,0,1,0,0,0,0,1,0,1,0,0,0,8,802,Clear,Daylight,-79.3013,43.746
1110725,4723,Truck Driver,30 to 34,None,Truck - Open,Turning Left,1,0,0,0,1,0,0,0,0,1,0,0,0,14,1449,Clear,Daylight,-79.4439,43.658
1110725,4724,Pedestrian,75 to 79,Fatal,Other,NULL,1,0,0,0,1,0,0,0,0,1,0,0,0,14,1449,Clear,Daylight,-79.4439,43.658
1111668,4735,Driver,20 to 24,None,"Automobile, Station Wagon",Going Ahead,1,0,1,0,0,0,0,0,0,0,0,0,0,10,1011,Clear,Daylight,-79.4431,43.7545
1111668,4736,Pedestrian,80 to 84,Major,Other,NULL,1,0,1,0,0,0,0,0,0,0,0,0,0,10,1011,Clear,Daylight,-79.4431,43.7545
1113047,4186,In-Line Skater,15 to 19,Major,Other,Going Ahead,1,0,0,0,0,0,0,0,0,0,0,0,0,13,1256,Clear,Daylight,-79.488,43.6705
1115973,4690,Driver,35 to 39,None,"Automobile, Station Wagon",Going Ahead,1,0,1,0,0,0,0,0,0,0,0,0,0,21,2130,Clear,Dark,-79.5041,43.7044
1115973,4694,Pedestrian,0 to 4,Major,Other,NULL,1,0,1,0,0,0,0,0,0,0,0,0,0,21,2130,Clear,Dark,-79.5041,43.7044
1116959,4894,Passenger,35 to 39,Minor,Other,NULL,0,0,1,0,0,0,0,1,1,1,0,0,0,21,2138,Clear,Dark,-79.3525,43.6486
1116959,4895,Driver,25 to 29,Major,"Automobile, Station Wagon",Going Ahead,0,0,1,0,0,0,0,1,1,1,0,0,0,21,2138,Clear,Dark,-79.3525,43.6486
1117084,4896,Passenger,40 to 44,Minor,Other,NULL,0,0,1,0,0,0,0,1,0,0,0,0,0,12,1240,Clear,Daylight,-79.3608,43.67
1117084,4897,Driver,40 to 44,None,"Automobile, Station Wagon",Going Ahead,0,0,1,0,0,0,0,1,0,0,0,0,0,12,1240,Clear,Daylight,-79.3608,43.67
1030716,3850,Driver,unknown,None,"Automobile, Station Wagon",Going Ahead,1,0,1,0,0,0,0,0,1,1,0,0,0,22,2230,Clear,Dark,-79.4317,43.6746
1030716,3851,Pedestrian,65 to 69,Major,Other,NULL,1,0,1,0,0,0,0,0,1,1,0,0,0,22,2230,Clear,Dark,-79.4317,43.6746
1032504,3856,Driver,45 to 49,Major,"Automobile, Station Wagon",Stopped,0,0,1,0,0,0,0,0,0,0,0,0,0,0,1,Clear,Daylight,-79.237,43.8142
1032504,3858,Driver,45 to 49,None,"Automobile, Station Wagon",Stopped,0,0,1,0,0,0,0,0,0,0,0,0,0,0,1,Clear,Daylight,-79.237,43.8142
1032504,3860,Driver,55 to 59,None,"Automobile, Station Wagon",Going Ahead,0,0,1,0,0,0,0,0,0,0,0,0,0,0,1,Clear,Daylight,-79.237,43.8142
1032504,3861,Driver,15 to 19,None,"Automobile, Station Wagon",Going Ahead,0,0,1,0,0,0,0,0,0,0,0,0,0,0,1,Clear,Daylight,-79.237,43.8142
1035278,3863,Driver,20 to 24,None,"Automobile, Station Wagon",Going Ahead,1,0,1,0,0,0,0,0,0,0,0,0,0,22,2152,Clear,Dark,-79.3469,43.7558
1035278,3864,Pedestrian,40 to 44,Major,Other,NULL,1,0,1,0,0,0,0,0,0,0,0,0,0,22,2152,Clear,Dark,-79.3469,43.7558
1036983,3769,Driver,40 to 44,None,"Automobile, Station Wagon",Going Ahead,0,0,1,0,0,0,0,0,0,0,0,0,0,8,845,Clear,Daylight,-79.5311,43.6624
1036983,3770,Driver,75 to 79,Major,"Automobile, Station Wagon",Going Ahead,0,0,1,0,0,0,0,0,0,0,0,0,0,8,845,Clear,Daylight,-79.5311,43.6624
1036983,3771,Driver,35 to 39,None,"Automobile, Station Wagon",Turning Left,0,0,1,0,0,0,0,0,0,0,0,0,0,8,845,Clear,Daylight,-79.5311,43.6624
1037585,3766,Driver,40 to 44,None,"Automobile, Station Wagon",Turning Left,0,0,1,1,0,0,0,0,0,1,0,0,0,13,1307,Clear,Daylight,-79.1691,43.784
1037585,3765,Motorcycle Driver,50 to 54,Major,Motorcycle,Going Ahead,0,0,1,1,0,0,0,0,0,1,0,0,0,13,1307,Clear,Daylight,-79.1691,43.784
1042297,3075,Passenger,60 to 64,Minimal,Other,Other,0,0,1,0,0,0,0,1,0,0,0,0,1,17,1720,Clear,Daylight,-79.5373,43.721
1042297,3076,Passenger,65 to 69,Minimal,Other,Other,0,0,1,0,0,0,0,1,0,0,0,0,1,17,1720,Clear,Daylight,-79.5373,43.721
1042297,3077,Passenger,75 to 79,Minimal,Other,Other,0,0,1,0,0,0,0,1,0,0,0,0,1,17,1720,Clear,Daylight,-79.5373,43.721
1042297,3078,Passenger,80 to 84,Minimal,Other,Other,0,0,1,0,0,0,0,1,0,0,0,0,1,17,1720,Clear,Daylight,-79.5373,43.721
1042297,3079,Passenger,60 to 64,Minimal,Other,Other,0,0,1,0,0,0,0,1,0,0,0,0,1,17,1720,Clear,Daylight,-79.5373,43.721
1042297,3080,Driver,65 to 69,Major,"Automobile, Station Wagon",Going Ahead,0,0,1,0,0,0,0,1,0,0,0,0,1,17,1720,Clear,Daylight,-79.5373,43.721
1043101,3128,Driver,75 to 79,Major,"Automobile, Station Wagon",Changing Lanes,1,0,1,0,0,1,0,0,0,0,0,0,0,18,1813,Clear,Daylight,-79.4319,43.7287
1043101,3131,Driver,25 to 29,None,Municipal Transit Bus (TTC),Going Ahead,1,0,1,0,0,1,0,0,0,0,0,0,0,18,1813,Clear,Daylight,-79.4319,43.7287
1043101,3132,Pedestrian,55 to 59,Major,Other,NULL,1,0,1,0,0,1,0,0,0,0,0,0,0,18,1813,Clear,Daylight,-79.4319,43.7287
1045205,3907,Driver,50 to 54,Major,"Automobile, Station Wagon",Stopped,0,0,1,0,0,0,0,0,0,1,0,0,0,18,1840,Clear,Daylight,-79.4201,43.6827
1045205,3908,Driver,40 to 44,Minor,"Automobile, Station Wagon",Stopped,0,0,1,0,0,0,0,0,0,1,0,0,0,18,1840,Clear,Daylight,-79.4201,43.6827
1045205,3910,Driver,40 to 44,None,"Automobile, Station Wagon",Going Ahead,0,0,1,0,0,0,0,0,0,1,0,0,0,18,1840,Clear,Daylight,-79.4201,43.6827
1046342,3085,Passenger,55 to 59,Minimal,Other,NULL,0,0,0,0,0,1,0,1,0,0,0,0,0,6,550,Clear,Daylight,-79.3837,43.6557
1046342,3086,Passenger,55 to 59,Minimal,Other,NULL,0,0,0,0,0,1,0,1,0,0,0,0,0,6,550,Clear,Daylight,-79.3837,43.6557
1046342,3087,Passenger,35 to 39,Minimal,Other,NULL,0,0,0,0,0,1,0,1,0,0,0,0,0,6,550,Clear,Daylight,-79.3837,43.6557
1046342,3088,Passenger,30 to 34,Minimal,Other,NULL,0,0,0,0,0,1,0,1,0,0,0,0,0,6,550,Clear,Daylight,-79.3837,43.6557
1046342,3089,Passenger,40 to 44,Minimal,Other,NULL,0,0,0,0,0,1,0,1,0,0,0,0,0,6,550,Clear,Daylight,-79.3837,43.6557
1046342,3090,Passenger,60 to 64,Major,Other,NULL,0,0,0,0,0,1,0,1,0,0,0,0,0,6,550,Clear,Daylight,-79.3837,43.6557
1046342,3091,Driver,50 to 54,None,Municipal Transit Bus (TTC),Going Ahead,0,0,0,0,0,1,0,1,0,0,0,0,0,6,550,Clear,Daylight,-79.3837,43.6557
1046342,3093,Driver,60 to 64,Major,Municipal Transit Bus (TTC),Going Ahead,0,0,0,0,0,1,0,1,0,0,0,0,0,6,550,Clear,Daylight,-79.3837,43.6557
1046409,3161,Motorcycle Driver,35 to 39,Major,Motorcycle,Going Ahead,0,0,1,1,0,0,0,0,1,1,0,0,0,18,1838,Clear,Daylight,-79.3414,43.6533
1046409,3162,Driver,50 to 54,None,"Automobile, Station Wagon",Changing Lanes,0,0,1,1,0,0,0,0,1,1,0,0,0,18,1838,Clear,Daylight,-79.3414,43.6533
1047045,3135,Driver,25 to 29,Minor,"Automobile, Station Wagon",Going Ahead,0,0,1,0,0,0,0,0,0,1,0,0,0,18,1840,Rain,Dark,-79.5666,43.7117
1047045,3136,Driver,45 to 49,Major,"Automobile, Station Wagon",Turning Left,0,0,1,0,0,0,0,0,0,1,0,0,0,18,1840,Rain,Dark,-79.5666,43.7117
1047294,3143,Driver,45 to 49,None,"Automobile, Station Wagon",Going Ahead,1,0,1,0,0,0,0,0,0,0,0,0,0,15,1540,Clear,Daylight,-79.4818,43.6308
1047294,3144,Pedestrian,75 to 79,Major,Other,NULL,1,0,1,0,0,0,0,0,0,0,0,0,0,15,1540,Clear,Daylight,-79.4818,43.6308
1048465,3539,Driver,65 to 69,Major,"Automobile, Station Wagon",Going Ahead,0,0,1,0,0,0,0,0,0,1,1,0,1,17,1655,Clear,Daylight,-79.4148,43.7769
1048465,3540,Driver,55 to 59,None,"Automobile, Station Wagon",Stopped,0,0,1,0,0,0,0,0,0,1,1,0,1,17,1655,Clear,Daylight,-79.4148,43.7769
1048611,3167,Driver,40 to 44,None,"Automobile, Station Wagon",Turning Left,1,0,1,0,0,0,0,0,0,0,0,0,0,7,730,Clear,Daylight,-79.1868,43.7706
1048611,3168,Pedestrian,50 to 54,Major,Other,Unknown,1,0,1,0,0,0,0,0,0,0,0,0,0,7,730,Clear,Daylight,-79.1868,43.7706
1048845,3182,Driver,35 to 39,None,"Automobile, Station Wagon",Going Ahead,1,0,1,0,0,0,0,0,0,0,0,0,0,16,1601,Clear,Daylight,-79.3994,43.658
1048845,3183,Pedestrian,25 to 29,Major,Other,NULL,1,0,1,0,0,0,0,0,0,0,0,0,0,16,1601,Clear,Daylight,-79.3994,43.658
1049124,3556,Passenger,20 to 24,Minor,Other,NULL,1,0,1,0,0,0,0,1,0,0,0,0,0,3,305,Clear,Dark,-79.42,43.7979
1049124,3557,Driver,30 to 34,Minor,"Automobile, Station Wagon",Going Ahead,1,0,1,0,0,0,0,1,0,0,0,0,0,3,305,Clear,Dark,-79.42,43.7979
1049124,3558,Pedestrian,35 to 39,Fatal,Other,NULL,1,0,1,0,0,0,0,1,0,0,0,0,0,3,305,Clear,Dark,-79.42,43.7979
1049415,3097,Driver,30 to 34,None,"Automobile, Station Wagon",Stopped,0,1,1,0,0,0,0,0,0,0,0,0,0,9,853,Clear,Daylight,-79.4026,43.6439
1049415,3098,Cyclist,40 to 44,Major,Bicycle,Going Ahead,0,1,1,0,0,0,0,0,0,0,0,0,0,9,853,Clear,Daylight,-79.4026,43.6439
1050426,3573,Pedestrian,75 to 79,Major,Other,NULL,1,0,1,0,0,0,0,0,0,1,0,0,0,14,1407,Clear,Daylight,-79.3508,43.689
1050426,3574,Driver,50 to 54,None,"Automobile, Station Wagon",Reversing,1,0,1,0,0,0,0,0,0,1,0,0,0,14,1407,Clear,Daylight,-79.3508,43.689
1050560,3581,Driver,55 to 59,None,"Automobile, Station Wagon",Turning Left,1,0,1,0,0,0,0,0,0,1,0,0,0,7,708,Clear,Daylight,-79.5081,43.719
1050560,3582,Pedestrian,75 to 79,Major,Other,NULL,1,0,1,0,0,0,0,0,0,1,0,0,0,7,708,Clear,Daylight,-79.5081,43.719
1051130,3592,Driver,55 to 59,None,"Automobile, Station Wagon",Going Ahead,0,1,1,0,0,0,0,0,0,1,1,1,0,22,2245,Clear,Dark,-79.3708,43.6482
1051130,3593,Cyclist,50 to 54,Major,Bicycle,Turning Left,0,1,1,0,0,0,0,0,0,1,1,1,0,22,2245,Clear,Dark,-79.3708,43.6482
1053634,3949,Driver,80 to 84,Major,"Automobile, Station Wagon",Going Ahead,0,0,1,0,0,0,0,0,1,1,0,0,0,3,250,Clear,Dark,-79.4992,43.666
1055263,3578,Driver,unknown,None,Municipal Transit Bus (TTC),Changing Lanes,1,0,0,0,0,1,0,0,0,0,0,0,0,20,2005,Clear,Daylight,-79.549,43.7506
1055263,3579,Pedestrian,45 to 49,Major,Other,NULL,1,0,0,0,0,1,0,0,0,0,0,0,0,20,2005,Clear,Daylight,-79.549,43.7506
1055774,3602,Passenger,15 to 19,Minor,Other,NULL,1,0,1,0,0,0,0,1,0,1,0,1,0,23,2307,Clear,Dark,-79.3757,43.644
1055774,3603,Driver,20 to 24,Minor,"Automobile, Station Wagon",Turning Left,1,0,1,0,0,0,0,1,0,1,0,1,0,23,2307,Clear,Dark,-79.3757,43.644
1055774,3605,Driver,15 to 19,None,"Automobile, Station Wagon",Going Ahead,1,0,1,0,0,0,0,1,0,1,0,1,0,23,2307,Clear,Dark,-79.3757,43.644
1055774,3606,Pedestrian,25 to 29,Major,Other,NULL,1,0,1,0,0,0,0,1,0,1,0,1,0,23,2307,Clear,Dark,-79.3757,43.644
1055801,3595,Driver,25 to 29,Major,"Automobile, Station Wagon",Going Ahead,0,0,1,0,0,0,0,0,0,1,0,0,0,18,1815,Clear,Daylight,-79.4427,43.6586
1055801,3597,Driver,20 to 24,Minimal,Other,Turning Left,0,0,1,0,0,0,0,0,0,1,0,0,0,18,1815,Clear,Daylight,-79.4427,43.6586
1055967,3401,Driver,40 to 44,None,"Automobile, Station Wagon",Going Ahead,1,0,1,0,0,0,0,0,0,1,0,0,0,10,1027,Clear,Daylight,-79.3139,43.7543
1055967,3408,Driver,20 to 24,Minor,"Automobile, Station Wagon",Stopped,1,0,1,0,0,0,0,0,0,1,0,0,0,10,1027,Clear,Daylight,-79.3139,43.7543
1055967,3414,Pedestrian,70 to 74,Major,Other,NULL,1,0,1,0,0,0,0,0,0,1,0,0,0,10,1027,Clear,Daylight,-79.3139,43.7543
1056442,3610,Cyclist,20 to 24,Major,Bicycle,Going Ahead,0,1,0,0,0,0,0,0,0,0,0,0,0,15,1540,Clear,Daylight,-79.5136,43.6355
1056442,3611,Other,unknown,None,Other,Parked,0,1,0,0,0,0,0,0,0,0,0,0,0,15,1540,Clear,Daylight,-79.5136,43.6355
1113026,4170,Pedestrian,40 to 44,Major,Other,NULL,1,0,1,0,0,0,0,0,0,1,0,0,0,24,2353,Rain,Dark,-79.2453,43.7555
1113980,4225,Motorcycle Driver,35 to 39,Major,Motorcycle,Going Ahead,0,0,0,1,0,0,0,0,0,0,0,0,0,16,1631,Clear,Daylight,-79.5173,43.63
1114683,4240,Motorcycle Driver,35 to 39,Major,Motorcycle,Going Ahead,0,0,1,1,0,0,0,0,0,0,0,0,0,17,1725,Clear,Daylight,-79.3059,43.7142
1114683,4241,Driver,45 to 49,None,"Automobile, Station Wagon",Going Ahead,0,0,1,1,0,0,0,0,0,0,0,0,0,17,1725,Clear,Daylight,-79.3059,43.7142
1114984,4246,Motorcycle Driver,35 to 39,Major,Motorcycle,Slowing or Stopping,0,0,1,1,0,0,0,0,0,0,0,0,0,18,1818,Clear,Daylight,-79.4265,43.6705
1114984,4120,Driver,15 to 19,None,"Automobile, Station Wagon",Making U Turn,0,0,1,1,0,0,0,0,0,0,0,0,0,18,1818,Clear,Daylight,-79.4265,43.6705
1115566,4696,Driver,45 to 49,None,"Automobile, Station Wagon",Turning Left,1,0,1,0,0,0,0,0,0,1,0,0,0,17,1720,Rain,Daylight,-79.4564,43.7218
1115566,4700,Pedestrian,80 to 84,Major,Other,NULL,1,0,1,0,0,0,0,0,0,1,0,0,0,17,1720,Rain,Daylight,-79.4564,43.7218
1116001,4702,Pedestrian,15 to 19,Major,Other,NULL,1,0,1,0,0,0,0,0,0,0,0,0,0,22,2152,Clear,Dark,-79.3377,43.692
1116001,4698,Driver,45 to 49,None,"Automobile, Station Wagon",Going Ahead,1,0,1,0,0,0,0,0,0,0,0,0,0,22,2152,Clear,Dark,-79.3377,43.692
1122153,4461,Driver,20 to 24,Major,"Automobile, Station Wagon",Turning Left,0,0,1,0,0,0,0,0,0,1,1,0,0,24,2357,Clear,Dark,-79.5245,43.6158
1122153,4462,Driver,20 to 24,None,"Automobile, Station Wagon",Going Ahead,0,0,1,0,0,0,0,0,0,1,1,0,0,24,2357,Clear,Dark,-79.5245,43.6158
1122468,4877,Driver,30 to 34,None,"Automobile, Station Wagon",Going Ahead,0,1,1,0,0,0,0,0,0,0,0,0,0,12,1230,Clear,Daylight,-79.5491,43.6864
1122468,4878,Cyclist,35 to 39,Major,Bicycle,Other,0,1,1,0,0,0,0,0,0,0,0,0,0,12,1230,Clear,Daylight,-79.5491,43.6864
1122772,4909,Driver,30 to 34,None,"Automobile, Station Wagon",Turning Right,1,0,1,0,0,0,0,0,0,1,0,0,0,12,1230,Clear,Daylight,-79.3874,43.7645
1122772,4910,Pedestrian,40 to 44,Major,Other,NULL,1,0,1,0,0,0,0,0,0,1,0,0,0,12,1230,Clear,Daylight,-79.3874,43.7645
1123907,4927,Passenger,35 to 39,Major,Other,NULL,0,0,1,0,0,0,0,1,0,1,1,0,0,22,2242,Clear,Dark,-79.1707,43.8083
1123907,4017,Driver,40 to 44,None,"Automobile, Station Wagon",Going Ahead,0,0,1,0,0,0,0,1,0,1,1,0,0,22,2242,Clear,Dark,-79.1707,43.8083
1123907,4116,Driver,20 to 24,None,"Automobile, Station Wagon",Going Ahead,0,0,1,0,0,0,0,1,0,1,1,0,0,22,2242,Clear,Dark,-79.1707,43.8083
1125794,5771,Driver,65 to 69,Major,"Automobile, Station Wagon",Going Ahead,0,0,1,0,0,0,0,0,1,1,0,1,0,2,244,Clear,Dark,-79.4255,43.6494
1125794,5772,Driver,40 to 44,Major,"Automobile, Station Wagon",Going Ahead,0,0,1,0,0,0,0,0,1,1,0,1,0,2,244,Clear,Dark,-79.4255,43.6494
1125794,5773,Driver,30 to 34,Major,"Automobile, Station Wagon",Going Ahead,0,0,1,0,0,0,0,0,1,1,0,1,0,2,244,Clear,Dark,-79.4255,43.6494
1129305,4473,Passenger,20 to 24,Minor,Other,NULL,0,0,1,1,0,0,0,1,0,1,0,0,0,19,1941,Clear,Dark,-79.4019,43.644
1129305,4474,Motorcycle Driver,30 to 34,Major,Motorcycle,Going Ahead,0,0,1,1,0,0,0,1,0,1,0,0,0,19,1941,Clear,Dark,-79.4019,43.644
1129305,4475,Driver,40 to 44,None,"Automobile, Station Wagon",Turning Right,0,0,1,1,0,0,0,1,0,1,0,0,0,19,1941,Clear,Dark,-79.4019,43.644
1129523,4490,Motorcycle Driver,30 to 34,Major,Motorcycle,Going Ahead,0,0,1,1,0,0,0,0,1,1,0,0,0,14,1413,Clear,Daylight,-79.3434,43.7649
1129523,4491,Driver,20 to 24,None,"Automobile, Station Wagon",Turning Left,0,0,1,1,0,0,0,0,1,1,0,0,0,14,1413,Clear,Daylight,-79.3434,43.7649
1131878,5478,Driver,70 to 74,Major,"Automobile, Station Wagon",Turning Left,0,0,1,0,0,0,0,1,0,1,0,0,0,12,1203,Clear,Daylight,-79.4633,43.7502
1131878,5486,Driver,25 to 29,Minimal,"Automobile, Station Wagon",Stopped,0,0,1,0,0,0,0,1,0,1,0,0,0,12,1203,Clear,Daylight,-79.4633,43.7502
1131878,5577,Passenger,30 to 34,None,"Automobile, Station Wagon",NULL,0,0,1,0,0,0,0,1,0,1,0,0,0,12,1203,Clear,Daylight,-79.4633,43.7502