ACCNUM,ObjectId,INVTYPE,INVAGE,INJURY,VEHTYPE,MANOEUVER,PEDESTRIAN,CYCLIST,AUTOMOBILE,MOTORCYCLE,TRUCK,TRSN_CITY_VEH,EMERG_VEH,PASSENGER,SPEEDING,AG_DRIV,REDLIGHT,ALCOHOL,DISABILITY,HOUR,TIME,VISIBILITY,LIGHT,collision_lat,collision_long
1131878,5492,Passenger,45 to 49,None,"Automobile, Station Wagon",NULL,0,0,1,0,0,0,0,1,0,1,0,0,0,12,1203,Clear,Daylight,-79.4633,43.7502
1131878,5586,Driver,40 to 44,Minimal,"Automobile, Station Wagon",Going Ahead,0,0,1,0,0,0,0,1,0,1,0,0,0,12,1203,Clear,Daylight,-79.4633,43.7502
1131978,5792,Driver,35 to 39,None,"Automobile, Station Wagon",Turning Left,0,1,1,0,0,0,0,0,0,0,0,0,0,17,1730,Clear,Daylight,-79.4565,43.6645
1131978,5793,Cyclist,30 to 34,Major,Bicycle,Going Ahead,0,1,1,0,0,0,0,0,0,0,0,0,0,17,1730,Clear,Daylight,-79.4565,43.6645
1135071,5599,Driver,40 to 44,Minimal,"Automobile, Station Wagon",Going Ahead,0,0,1,0,0,0,0,1,0,0,0,0,0,17,1655,Clear,Daylight,-79.615,43.7552
1135071,5600,Driver,35 to 39,Major,"Automobile, Station Wagon",Going Ahead,0,0,1,0,0,0,0,1,0,0,0,0,0,17,1655,Clear,Daylight,-79.615,43.7552
1135071,5602,Driver,40 to 44,Minor,"Automobile, Station Wagon",Going Ahead,0,0,1,0,0,0,0,1,0,0,0,0,0,17,1655,Clear,Daylight,-79.615,43.7552
1135071,5603,Passenger,0 to 4,Minimal,Other,NULL,0,0,1,0,0,0,0,1,0,0,0,0,0,17,1655,Clear,Daylight,-79.615,43.7552
1135071,5604,Driver,20 to 24,Minor,"Automobile, Station Wagon",Going Ahead,0,0,1,0,0,0,0,1,0,0,0,0,0,17,1655,Clear,Daylight,-79.615,43.7552
1135839,5965,Driver,20 to 24,None,"Automobile, Station Wagon",Turning Left,1,0,1,0,0,0,0,0,0,1,0,0,0,12,1230,Clear,"Daylight, artificial",-79.5455,43.7213
1135839,5966,Pedestrian,50 to 54,Major,Other,NULL,1,0,1,0,0,0,0,0,0,1,0,0,0,12,1230,Clear,"Daylight, artificial",-79.5455,43.7213
1136272,5629,Driver,35 to 39,None,"Automobile, Station Wagon",Going Ahead,1,0,1,0,0,0,0,0,0,0,0,0,0,18,1759,Clear,Dusk,-79.2922,43.7676
1136272,5630,Pedestrian,45 to 49,Fatal,Other,NULL,1,0,1,0,0,0,0,0,0,0,0,0,0,18,1759,Clear,Dusk,-79.2922,43.7676
1140988,5880,Passenger,85 to 89,Fatal,Other,NULL,0,0,1,0,0,0,0,1,0,0,0,0,0,15,1456,Clear,Daylight,-79.3546,43.7926
1140988,5881,Driver,70 to 74,Minor,"Automobile, Station Wagon",Turning Left,0,0,1,0,0,0,0,1,0,0,0,0,0,15,1456,Clear,Daylight,-79.3546,43.7926
1140988,5882,Driver,20 to 24,None,"Automobile, Station Wagon",Stopped,0,0,1,0,0,0,0,1,0,0,0,0,0,15,1456,Clear,Daylight,-79.3546,43.7926
1140988,5884,Driver,20 to 24,Minor,"Automobile, Station Wagon",Going Ahead,0,0,1,0,0,0,0,1,0,0,0,0,0,15,1456,Clear,Daylight,-79.3546,43.7926
1141420,5634,Motorcycle Driver,45 to 49,Major,Motorcycle,Stopped,0,0,1,1,0,0,0,0,0,0,0,0,0,16,1558,Clear,Daylight,-79.4273,43.6561
1141420,5635,Driver,75 to 79,None,"Automobile, Station Wagon",Turning Right,0,0,1,1,0,0,0,0,0,0,0,0,0,16,1558,Clear,Daylight,-79.4273,43.6561
1142556,5661,Pedestrian,50 to 54,Major,Other,NULL,1,0,1,0,0,0,0,0,0,1,0,0,0,18,1835,Clear,Dark,-79.5603,43.6136
1142556,5662,Driver,55 to 59,None,"Automobile, Station Wagon",Turning Left,1,0,1,0,0,0,0,0,0,1,0,0,0,18,1835,Clear,Dark,-79.5603,43.6136
1142942,5897,Driver,65 to 69,Major,"Automobile, Station Wagon",Going Ahead,0,0,1,0,0,0,0,0,1,1,1,0,0,20,2010,Rain,Dark,-79.5477,43.639
1142942,5898,Driver,55 to 59,Minor,"Automobile, Station Wagon",Going Ahead,0,0,1,0,0,0,0,0,1,1,1,0,0,20,2010,Rain,Dark,-79.5477,43.639
1142942,5900,Driver,unknown,None,"Automobile, Station Wagon",Going Ahead,0,0,1,0,0,0,0,0,1,1,1,0,0,20,2010,Rain,Dark,-79.5477,43.639
1143896,5854,Driver,60 to 64,None,"Automobile, Station Wagon",Going Ahead,1,0,1,0,0,0,0,0,0,0,0,0,0,6,631,Clear,Dark,-79.3078,43.7595
1143896,5855,Pedestrian,30 to 34,Major,Other,NULL,1,0,1,0,0,0,0,0,0,0,0,0,0,6,631,Clear,Dark,-79.3078,43.7595
1144896,5674,Passenger,5 to 9,Major,Other,NULL,0,0,1,0,0,0,0,1,0,1,0,0,0,15,1543,Clear,Daylight,-79.3136,43.8019
1144896,5678,Driver,40 to 44,Major,"Automobile, Station Wagon",Making U Turn,0,0,1,0,0,0,0,1,0,1,0,0,0,15,1543,Clear,Daylight,-79.3136,43.8019
1144896,5682,Driver,35 to 39,Major,"Automobile, Station Wagon",Going Ahead,0,0,1,0,0,0,0,1,0,1,0,0,0,15,1543,Clear,Daylight,-79.3136,43.8019
1145050,5039,Driver,80 to 84,Major,"Automobile, Station Wagon",Going Ahead,0,0,1,0,0,0,0,0,0,0,0,0,0,11,1059,Rain,Daylight,-79.1456,43.7775
1145082,5040,Driver,40 to 44,None,"Automobile, Station Wagon",Going Ahead,1,0,1,0,0,0,0,0,0,0,0,0,0,19,1903,Rain,Dark,-79.4285,43.7141
1145082,5041,Pedestrian,35 to 39,Major,Other,NULL,1,0,1,0,0,0,0,0,0,0,0,0,0,19,1903,Rain,Dark,-79.4285,43.7141
1146000,5058,Driver,55 to 59,Major,"Automobile, Station Wagon",Going Ahead,0,0,1,0,0,0,0,0,0,0,0,0,1,20,2034,Clear,Dark,-79.3945,43.6879
1146000,5059,Other,unknown,None,Other,Parked,0,0,1,0,0,0,0,0,0,0,0,0,1,20,2034,Clear,Dark,-79.3945,43.6879
1146935,5856,Cyclist,55 to 59,Major,Bicycle,Going Ahead,0,1,0,0,0,0,0,0,0,0,0,0,0,14,1430,Clear,Daylight,-79.2677,43.7074
1147486,5105,Driver,55 to 59,None,"Automobile, Station Wagon",Going Ahead,0,0,1,0,0,0,0,1,0,1,1,0,0,12,1224,Clear,Daylight,-79.3584,43.6539
1147486,5106,Driver,20 to 24,Minimal,"Automobile, Station Wagon",Going Ahead,0,0,1,0,0,0,0,1,0,1,1,0,0,12,1224,Clear,Daylight,-79.3584,43.6539
1147486,5109,Passenger,25 to 29,Major,Other,NULL,0,0,1,0,0,0,0,1,0,1,1,0,0,12,1224,Clear,Daylight,-79.3584,43.6539
1148390,5132,Driver,50 to 54,None,Municipal Transit Bus (TTC),Turning Right,1,0,0,0,0,1,0,0,0,1,0,0,0,7,655,Clear,Dark,-79.3901,43.7084
1148390,5133,Pedestrian,60 to 64,Fatal,Other,NULL,1,0,0,0,0,1,0,0,0,1,0,0,0,7,655,Clear,Dark,-79.3901,43.7084
1148593,5139,Driver,65 to 69,None,"Automobile, Station Wagon",Reversing,1,0,1,0,0,0,0,0,0,0,0,0,0,12,1150,Clear,Daylight,-79.4453,43.6783
1148593,5140,Pedestrian,70 to 74,Major,Other,NULL,1,0,1,0,0,0,0,0,0,0,0,0,0,12,1150,Clear,Daylight,-79.4453,43.6783
1151934,5102,Driver,45 to 49,None,"Automobile, Station Wagon",Turning Left,1,0,1,0,0,0,0,0,0,1,0,0,0,14,1401,Clear,Daylight,-79.5028,43.6995
1128125,4452,Cyclist,45 to 49,Major,Bicycle,Going Ahead,0,1,1,0,0,0,0,0,0,0,0,0,0,14,1440,Clear,Daylight,-79.3904,43.6598
1130482,5479,Driver,40 to 44,None,"Automobile, Station Wagon",Going Ahead,1,0,1,0,0,0,0,0,0,0,0,0,0,0,45,Clear,Dark,-79.2651,43.6912
1130482,5489,Pedestrian,15 to 19,Major,Other,NULL,1,0,1,0,0,0,0,0,0,0,0,0,0,0,45,Clear,Dark,-79.2651,43.6912
1130499,5579,Driver,50 to 54,None,"Automobile, Station Wagon",Turning Left,1,0,1,0,0,0,0,0,0,0,0,0,0,23,2302,Clear,Dark,-79.3343,43.7099
1130499,5584,Pedestrian,25 to 29,Major,Other,NULL,1,0,1,0,0,0,0,0,0,0,0,0,0,23,2302,Clear,Dark,-79.3343,43.7099
1132522,5809,Passenger,55 to 59,Major,Other,NULL,0,0,1,0,0,0,0,1,0,1,0,0,0,15,1530,Clear,Daylight,-79.4288,43.681
1132522,5810,Driver,55 to 59,Minimal,"Automobile, Station Wagon",Stopped,0,0,1,0,0,0,0,1,0,1,0,0,0,15,1530,Clear,Daylight,-79.4288,43.681
1132522,5812,Passenger,20 to 24,Major,Other,NULL,0,0,1,0,0,0,0,1,0,1,0,0,0,15,1530,Clear,Daylight,-79.4288,43.681
1132522,5813,Driver,20 to 24,Minimal,"Automobile, Station Wagon",Stopped,0,0,1,0,0,0,0,1,0,1,0,0,0,15,1530,Clear,Daylight,-79.4288,43.681
1132522,5814,Driver,25 to 29,None,"Automobile, Station Wagon",Going Ahead,0,0,1,0,0,0,0,1,0,1,0,0,0,15,1530,Clear,Daylight,-79.4288,43.681
1132688,5986,Driver,40 to 44,None,"Automobile, Station Wagon",Going Ahead,1,0,1,0,0,0,0,0,0,0,0,0,0,17,1708,Rain,Daylight,-79.5577,43.7679
1132688,5987,Pedestrian,35 to 39,Major,Other,NULL,1,0,1,0,0,0,0,0,0,0,0,0,0,17,1708,Rain,Daylight,-79.5577,43.7679
1133909,5927,Passenger,0 to 4,Major,Other,NULL,0,0,1,0,0,0,0,1,0,1,0,0,0,19,1915,Clear,Dark,-79.258,43.7345
1133909,5928,Passenger,0 to 4,Minor,Other,NULL,0,0,1,0,0,0,0,1,0,1,0,0,0,19,1915,Clear,Dark,-79.258,43.7345
1133909,5929,Passenger,35 to 39,Minor,Other,NULL,0,0,1,0,0,0,0,1,0,1,0,0,0,19,1915,Clear,Dark,-79.258,43.7345
1133909,5930,Driver,40 to 44,Minor,"Automobile, Station Wagon",Going Ahead,0,0,1,0,0,0,0,1,0,1,0,0,0,19,1915,Clear,Dark,-79.258,43.7345
1133909,5925,Driver,20 to 24,None,"Automobile, Station Wagon",Turning Left,0,0,1,0,0,0,0,1,0,1,0,0,0,19,1915,Clear,Dark,-79.258,43.7345
1133909,5926,Passenger,5 to 9,Major,Other,NULL,0,0,1,0,0,0,0,1,0,1,0,0,0,19,1915,Clear,Dark,-79.258,43.7345
1137502,5655,Driver,75 to 79,None,"Automobile, Station Wagon",Going Ahead,1,0,1,0,0,0,0,0,0,1,0,0,0,16,1607,Clear,Daylight,-79.459,43.6981
1137502,5656,Wheelchair,75 to 79,Major,Other,Going Ahead,1,0,1,0,0,0,0,0,0,1,0,0,0,16,1607,Clear,Daylight,-79.459,43.6981
1138372,5267,Pedestrian,15 to 19,Major,Other,NULL,1,0,1,0,0,0,0,0,0,0,0,0,0,20,1950,Clear,Dark,-79.255,43.7274
1138372,5467,Driver,50 to 54,None,"Automobile, Station Wagon",Reversing,1,0,1,0,0,0,0,0,0,0,0,0,0,20,1950,Clear,Dark,-79.255,43.7274
1139055,5594,Driver,40 to 44,Minor,"Automobile, Station Wagon",Turning Left,0,0,1,0,0,0,0,0,0,1,0,0,0,18,1823,Clear,Dark,-79.488,43.6582
1139055,5595,Driver,55 to 59,Major,"Automobile, Station Wagon",Going Ahead,0,0,1,0,0,0,0,0,0,1,0,0,0,18,1823,Clear,Dark,-79.488,43.6582
1140459,5866,Driver,45 to 49,None,"Automobile, Station Wagon",Turning Left,1,0,1,0,0,0,0,0,0,1,0,0,0,22,2211,Clear,Dark,-79.3259,43.7943
1140459,5867,Pedestrian,50 to 54,Major,Other,NULL,1,0,1,0,0,0,0,0,0,1,0,0,0,22,2211,Clear,Dark,-79.3259,43.7943
1140944,5875,Driver,60 to 64,None,"Automobile, Station Wagon",Turning Left,1,0,1,0,0,0,0,0,0,0,0,0,0,5,540,Clear,Dark,-79.582,43.7432
1140944,5876,Pedestrian,70 to 74,Fatal,Other,NULL,1,0,1,0,0,0,0,0,0,0,0,0,0,5,540,Clear,Dark,-79.582,43.7432
1142399,5913,Driver,unknown,None,"Automobile, Station Wagon",Parked,0,1,1,0,0,0,0,0,0,0,0,0,0,19,1943,Clear,Dark,-79.3025,43.6775
1142399,5914,Driver,unknown,None,"Automobile, Station Wagon",Parked,0,1,1,0,0,0,0,0,0,0,0,0,0,19,1943,Clear,Dark,-79.3025,43.6775
1142399,5915,Cyclist,40 to 44,Major,Bicycle,Going Ahead,0,1,1,0,0,0,0,0,0,0,0,0,0,19,1943,Clear,Dark,-79.3025,43.6775
1142865,5916,Driver,35 to 39,None,"Automobile, Station Wagon",Going Ahead,1,0,1,0,0,0,0,0,0,0,0,0,0,20,1950,Clear,Dark,-79.3692,43.6729
1142865,5917,Pedestrian,60 to 64,Fatal,Other,NULL,1,0,1,0,0,0,0,0,0,0,0,0,0,20,1950,Clear,Dark,-79.3692,43.6729
1143350,5843,Driver,35 to 39,Major,"Automobile, Station Wagon",Stopped,0,0,1,0,0,0,0,0,0,1,0,0,0,15,1510,Clear,Daylight,-79.37,43.6461
1143350,5845,Driver,20 to 24,None,"Automobile, Station Wagon",Going Ahead,0,0,1,0,0,0,0,0,0,1,0,0,0,15,1510,Clear,Daylight,-79.37,43.6461
1143969,5863,Driver,20 to 24,None,"Automobile, Station Wagon",Turning Left,0,0,1,0,0,0,0,1,0,1,0,0,0,19,1920,Clear,Dark,-79.5981,43.7227
1143969,5864,Passenger,15 to 19,Minor,Other,NULL,0,0,1,0,0,0,0,1,0,1,0,0,0,19,1920,Clear,Dark,-79.5981,43.7227
1143969,5865,Driver,30 to 34,Major,"Automobile, Station Wagon",Turning Left,0,0,1,0,0,0,0,1,0,1,0,0,0,19,1920,Clear,Dark,-79.5981,43.7227
1144154,5015,Driver,60 to 64,None,"Automobile, Station Wagon",Going Ahead,1,0,1,0,0,0,0,0,0,0,0,0,0,6,640,Clear,Dark,-79.4444,43.7468
1144154,5016,Pedestrian,85 to 89,Fatal,Other,NULL,1,0,1,0,0,0,0,0,0,0,0,0,0,6,640,Clear,Dark,-79.4444,43.7468
1144503,5032,Driver,45 to 49,None,"Automobile, Station Wagon",Going Ahead,1,0,1,0,0,0,0,0,0,1,0,0,0,14,1420,Clear,Daylight,-79.3596,43.6581
1144503,5033,Pedestrian,0 to 4,Major,Other,NULL,1,0,1,0,0,0,0,0,0,1,0,0,0,14,1420,Clear,Daylight,-79.3596,43.6581
1146277,5890,Passenger,40 to 44,Major,Other,NULL,0,0,1,0,0,0,0,1,1,1,0,0,0,6,617,Snow,Dark,-79.39,43.6611
1146277,5892,Driver,55 to 59,Minimal,"Automobile, Station Wagon",Going Ahead,0,0,1,0,0,0,0,1,1,1,0,0,0,6,617,Snow,Dark,-79.39,43.6611
1146660,5069,Driver,50 to 54,None,"Automobile, Station Wagon",Going Ahead,1,0,1,0,0,0,0,0,0,0,0,0,0,18,1810,Clear,Dark,-79.5198,43.7569
1146660,5070,Pedestrian,85 to 89,Fatal,Other,NULL,1,0,1,0,0,0,0,0,0,0,0,0,0,18,1810,Clear,Dark,-79.5198,43.7569
1148132,5918,Driver,25 to 29,Minimal,"Automobile, Station Wagon",Going Ahead,1,0,1,0,0,0,0,0,0,0,0,0,0,21,2100,Clear,Dark,-79.4042,43.6678
1148132,5919,Pedestrian,20 to 24,Major,Other,NULL,1,0,1,0,0,0,0,0,0,0,0,0,0,21,2100,Clear,Dark,-79.4042,43.6678
1149753,5171,Driver,25 to 29,None,"Automobile, Station Wagon",Turning Left,1,0,1,0,0,0,0,0,0,0,0,0,0,18,1825,Clear,Dark,-79.4532,43.6707
1149753,5172,Pedestrian,35 to 39,Fatal,Other,NULL,1,0,1,0,0,0,0,0,0,0,0,0,0,18,1825,Clear,Dark,-79.4532,43.6707
1150406,5065,Driver,20 to 24,None,"Automobile, Station Wagon",Overtaking,0,1,1,0,0,0,0,0,0,1,0,0,0,21,2108,Clear,Dark,-79.2444,43.7495
1150406,5066,Cyclist,40 to 44,Major,Bicycle,Going Ahead,0,1,1,0,0,0,0,0,0,1,0,0,0,21,2108,Clear,Dark,-79.2444,43.7495
1152191,5119,Driver,25 to 29,None,"Automobile, Station Wagon",Turning Left,1,0,1,0,0,0,0,0,0,1,0,0,0,17,1743,Clear,Dark,-79.298,43.8199
1152191,5120,Pedestrian,25 to 29,Major,Other,NULL,1,0,1,0,0,0,0,0,0,1,0,0,0,17,1743,Clear,Dark,-79.298,43.8199
1153227,16078,Cyclist,20 to 24,Major,Bicycle,Going Ahead,0,1,1,0,0,0,0,0,0,0,0,0,0,6,611,Clear,Daylight,-79.4055,43.7243
1153227,16079,Driver,35 to 39,None,"Automobile, Station Wagon",Going Ahead,0,1,1,0,0,0,0,0,0,0,0,0,0,6,611,Clear,Daylight,-79.4055,43.7243
1153514,5370,Driver,75 to 79,Major,"Automobile, Station Wagon",Going Ahead,0,0,1,0,0,0,0,0,0,0,0,0,0,11,1108,Clear,Daylight,-79.5212,43.7235
1155869,5525,Vehicle Owner,unknown,None,Other,Unknown,0,0,1,1,0,0,0,0,0,1,0,0,0,13,1308,Clear,Daylight,-79.2624,43.7888
1155869,5526,Driver,50 to 54,None,"Automobile, Station Wagon",Turning Left,0,0,1,1,0,0,0,0,0,1,0,0,0,13,1308,Clear,Daylight,-79.2624,43.7888
1155869,5524,Motorcycle Driver,20 to 24,Major,Motorcycle,Going Ahead,0,0,1,1,0,0,0,0,0,1,0,0,0,13,1308,Clear,Daylight,-79.2624,43.7888
1157556,5189,Pedestrian,unknown,Major,Other,Unknown,1,0,0,0,0,0,0,0,0,0,0,0,0,19,1915,Other,Dark,-79.4174,43.681
1157556,5188,Driver,55 to 59,None,Other,Unknown,1,0,0,0,0,0,0,0,0,0,0,0,0,19,1915,Other,Dark,-79.4174,43.681
1160766,5275,Passenger,5 to 9,Major,Other,NULL,0,0,1,0,0,0,0,1,1,1,0,1,0,2,159,Clear,Dark,-79.6074,43.7442
1160766,5276,Driver,45 to 49,Minor,"Automobile, Station Wagon",Stopped,0,0,1,0,0,0,0,1,1,1,0,1,0,2,159,Clear,Dark,-79.6074,43.7442
1160766,5277,Passenger,20 to 24,Minimal,Other,NULL,0,0,1,0,0,0,0,1,1,1,0,1,0,2,159,Clear,Dark,-79.6074,43.7442
1160766,5279,Driver,20 to 24,Minimal,"Automobile, Station Wagon",Stopped,0,0,1,0,0,0,0,1,1,1,0,1,0,2,159,Clear,Dark,-79.6074,43.7442
1160766,5280,Passenger,25 to 29,None,Other,NULL,0,0,1,0,0,0,0,1,1,1,0,1,0,2,159,Clear,Dark,-79.6074,43.7442
1160766,5282,Driver,25 to 29,Minor,"Automobile, Station Wagon",Going Ahead,0,0,1,0,0,0,0,1,1,1,0,1,0,2,159,Clear,Dark,-79.6074,43.7442
1161266,5512,Passenger,70 to 74,Major,Other,NULL,0,0,1,0,0,0,0,1,0,1,0,0,0,17,1700,Clear,Daylight,-79.1462,43.7989
1161266,5513,Driver,20 to 24,None,"Automobile, Station Wagon",Turning Left,0,0,1,0,0,0,0,1,0,1,0,0,0,17,1700,Clear,Daylight,-79.1462,43.7989
1161266,5515,Driver,55 to 59,Minimal,"Automobile, Station Wagon",Going Ahead,0,0,1,0,0,0,0,1,0,1,0,0,0,17,1700,Clear,Daylight,-79.1462,43.7989
1090810,4609,Driver,55 to 59,None,"Automobile, Station Wagon",Stopped,0,0,1,0,0,0,0,0,0,1,0,0,0,16,1635,Clear,Daylight,-79.3746,43.6446
1090810,4610,Driver,60 to 64,None,"Automobile, Station Wagon",Going Ahead,0,0,1,0,0,0,0,0,0,1,0,0,0,16,1635,Clear,Daylight,-79.3746,43.6446
1091289,4617,Driver,60 to 64,None,"Automobile, Station Wagon",Going Ahead,1,0,1,0,0,0,0,0,0,0,0,0,0,19,1930,Rain,Dark,-79.6066,43.7307
1091289,4618,Pedestrian,20 to 24,Major,Other,NULL,1,0,1,0,0,0,0,0,0,0,0,0,0,19,1930,Rain,Dark,-79.6066,43.7307
1092886,4643,Passenger,unknown,Major,Other,Other,0,0,1,0,0,0,0,1,0,0,0,0,0,21,2141,Other,Dark,-79.3017,43.6881
1092886,4646,Driver,50 to 54,Minor,"Automobile, Station Wagon",Unknown,0,0,1,0,0,0,0,1,0,0,0,0,0,21,2141,Other,Dark,-79.3017,43.6881
1092886,4647,Other Property Owner,unknown,None,Other,Other,0,0,1,0,0,0,0,1,0,0,0,0,0,21,2141,Other,Dark,-79.3017,43.6881
1092886,4644,Passenger,unknown,Minor,Other,Other,0,0,1,0,0,0,0,1,0,0,0,0,0,21,2141,Other,Dark,-79.3017,43.6881
1092886,4645,Vehicle Owner,unknown,None,Other,Other,0,0,1,0,0,0,0,1,0,0,0,0,0,21,2141,Other,Dark,-79.3017,43.6881
1092886,4641,Vehicle Owner,unknown,None,Other,Other,0,0,1,0,0,0,0,1,0,0,0,0,0,21,2141,Other,Dark,-79.3017,43.6881
1092886,4642,Driver,unknown,None,Other,Unknown,0,0,1,0,0,0,0,1,0,0,0,0,0,21,2141,Other,Dark,-79.3017,43.6881
1095072,4593,Driver,35 to 39,None,"Automobile, Station Wagon",Going Ahead,1,0,1,0,0,0,0,0,0,1,0,1,0,3,255,Clear,Dark,-79.4366,43.7368
1095072,4599,Pedestrian,30 to 34,Major,Other,Other,1,0,1,0,0,0,0,0,0,1,0,1,0,3,255,Clear,Dark,-79.4366,43.7368
1095383,4612,Driver,60 to 64,None,Municipal Transit Bus (TTC),Turning Right,1,0,0,0,0,1,0,0,0,0,0,0,0,19,1925,Clear,"Dark, artificial",-79.3802,43.6486
1095383,4613,Pedestrian,30 to 34,Major,Other,NULL,1,0,0,0,0,1,0,0,0,0,0,0,0,19,1925,Clear,"Dark, artificial",-79.3802,43.6486
1095501,4028,Driver,30 to 34,None,"Automobile, Station Wagon",Going Ahead,1,0,1,0,0,0,0,0,0,0,0,0,0,9,852,Clear,Daylight,-79.4561,43.7137
1095501,4029,Pedestrian,70 to 74,Major,Other,NULL,1,0,1,0,0,0,0,0,0,0,0,0,0,9,852,Clear,Daylight,-79.4561,43.7137
1098055,4020,Driver,50 to 54,None,"Automobile, Station Wagon",Going Ahead,1,0,1,0,0,0,0,0,0,0,0,0,0,17,1707,Clear,Daylight,-79.3799,43.648
1098055,4021,Pedestrian,15 to 19,Major,Other,NULL,1,0,1,0,0,0,0,0,0,0,0,0,0,17,1707,Clear,Daylight,-79.3799,43.648
1099302,4615,Driver,unknown,None,Municipal Transit Bus (TTC),Pulling Away from Shoulder or Curb,1,0,0,0,0,1,0,0,0,0,0,0,0,3,308,Clear,Dark,-79.408,43.7521
1099302,4616,Pedestrian,55 to 59,Major,Other,NULL,1,0,0,0,0,1,0,0,0,0,0,0,0,3,308,Clear,Dark,-79.408,43.7521
1102178,4087,Driver,70 to 74,None,"Automobile, Station Wagon",Going Ahead,1,0,1,0,0,0,0,0,0,0,0,0,0,20,2040,Clear,Dark,-79.3402,43.6876
1102178,4088,Pedestrian,10 to 14,Major,Other,NULL,1,0,1,0,0,0,0,0,0,0,0,0,0,20,2040,Clear,Dark,-79.3402,43.6876
1106122,4510,Driver,20 to 24,None,"Automobile, Station Wagon",Turning Left,1,0,1,0,0,0,0,0,0,1,0,0,0,0,33,Clear,Dark,-79.1997,43.8019
1106122,4511,Pedestrian,25 to 29,Major,Other,NULL,1,0,1,0,0,0,0,0,0,1,0,0,0,0,33,Clear,Dark,-79.1997,43.8019
1106697,4171,Passenger,10 to 14,Major,Other,NULL,0,0,1,0,0,0,0,1,0,0,0,0,0,13,1252,Rain,Daylight,-79.5831,43.7328
1106697,4172,Passenger,5 to 9,Major,Other,NULL,0,0,1,0,0,0,0,1,0,0,0,0,0,13,1252,Rain,Daylight,-79.5831,43.7328
1106697,4174,Driver,40 to 44,Major,"Automobile, Station Wagon",Going Ahead,0,0,1,0,0,0,0,1,0,0,0,0,0,13,1252,Rain,Daylight,-79.5831,43.7328
1107097,4534,Driver,45 to 49,Major,"Automobile, Station Wagon",Going Ahead,0,0,1,0,0,0,0,0,0,1,1,1,0,6,553,Rain,Dawn,-79.4637,43.6636
1107097,4536,Driver,25 to 29,None,"Automobile, Station Wagon",Going Ahead,0,0,1,0,0,0,0,0,0,1,1,1,0,6,553,Rain,Dawn,-79.4637,43.6636
1110609,4586,Driver,40 to 44,None,"Automobile, Station Wagon",Stopped,0,0,1,0,0,0,0,1,0,1,0,0,0,18,1845,Clear,Daylight,-79.4956,43.6761
1110609,4587,Driver,65 to 69,None,"Automobile, Station Wagon",Stopped,0,0,1,0,0,0,0,1,0,1,0,0,0,18,1845,Clear,Daylight,-79.4956,43.6761
1110609,4588,Passenger,45 to 49,Major,Other,NULL,0,0,1,0,0,0,0,1,0,1,0,0,0,18,1845,Clear,Daylight,-79.4956,43.6761
1110609,4005,Driver,50 to 54,None,"Automobile, Station Wagon",Going Ahead,0,0,1,0,0,0,0,1,0,1,0,0,0,18,1845,Clear,Daylight,-79.4956,43.6761
1110977,4727,Motorcycle Driver,35 to 39,Major,Motorcycle,Slowing or Stopping,0,0,1,1,0,0,0,0,0,1,0,0,0,21,2144,Clear,Dark,-79.439,43.7057
1110977,4728,Driver,25 to 29,None,"Automobile, Station Wagon",Going Ahead,0,0,1,1,0,0,0,0,0,1,0,0,0,21,2144,Clear,Dark,-79.439,43.7057
1110977,4729,Driver,25 to 29,None,"Automobile, Station Wagon",Slowing or Stopping,0,0,1,1,0,0,0,0,0,1,0,0,0,21,2144,Clear,Dark,-79.439,43.7057
1111784,4154,Motorcycle Driver,35 to 39,Major,Motorcycle,Going Ahead,0,0,1,1,0,0,0,0,0,1,0,0,0,17,1720,Clear,Daylight,-79.4695,43.7681
1111784,4155,Driver,25 to 29,None,"Automobile, Station Wagon",Turning Left,0,0,1,1,0,0,0,0,0,1,0,0,0,17,1720,Clear,Daylight,-79.4695,43.7681
1111945,4745,Driver,50 to 54,None,Municipal Transit Bus (TTC),Turning Left,1,0,0,0,0,1,0,0,0,1,0,0,0,19,1930,Clear,Daylight,-79.2424,43.793
1111945,4746,Pedestrian,70 to 74,Fatal,Other,NULL,1,0,0,0,0,1,0,0,0,1,0,0,0,19,1930,Clear,Daylight,-79.2424,43.793
1112152,4163,Driver,35 to 39,None,"Automobile, Station Wagon",Going Ahead,0,0,1,0,0,0,0,0,0,0,0,0,1,14,1352,Clear,Daylight,-79.3165,43.6663
1112152,4164,Driver,45 to 49,None,"Automobile, Station Wagon",Stopped,0,0,1,0,0,0,0,0,0,0,0,0,1,14,1352,Clear,Daylight,-79.3165,43.6663
1112152,4166,Driver,35 to 39,Major,"Automobile, Station Wagon",Turning Left,0,0,1,0,0,0,0,0,0,0,0,0,1,14,1352,Clear,Daylight,-79.3165,43.6663
1115921,4374,Driver,70 to 74,None,"Automobile, Station Wagon",Reversing,1,0,1,0,0,0,0,0,0,0,0,0,0,10,1030,Clear,Daylight,-79.416,43.6642
1115921,4384,Pedestrian,40 to 44,Major,Other,NULL,1,0,1,0,0,0,0,0,0,0,0,0,0,10,1030,Clear,Daylight,-79.416,43.6642
1115921,4368,Other,unknown,None,Other,Parked,1,0,1,0,0,0,0,0,0,0,0,0,0,10,1030,Clear,Daylight,-79.416,43.6642
1116082,4858,Passenger,20 to 24,Major,Other,NULL,0,0,1,0,0,0,0,1,1,1,0,0,0,4,350,Rain,Dark,-79.3097,43.7421
1116082,4860,Driver,unknown,Major,"Automobile, Station Wagon",Going Ahead,0,0,1,0,0,0,0,1,1,1,0,0,0,4,350,Rain,Dark,-79.3097,43.7421