ACCNUM,ObjectId,INVTYPE,INVAGE,INJURY,VEHTYPE,MANOEUVER,PEDESTRIAN,CYCLIST,AUTOMOBILE,MOTORCYCLE,TRUCK,TRSN_CITY_VEH,EMERG_VEH,PASSENGER,SPEEDING,AG_DRIV,REDLIGHT,ALCOHOL,DISABILITY,HOUR,TIME,VISIBILITY,LIGHT,collision_lat,collision_long
1116589,4714,Passenger,25 to 29,Major,Other,NULL,0,0,1,1,0,0,0,1,0,0,0,0,0,22,2218,Clear,Dark,-79.3323,43.6814
1116589,4715,Motorcycle Driver,30 to 34,Minimal,Motorcycle,Going Ahead,0,0,1,1,0,0,0,1,0,0,0,0,0,22,2218,Clear,Dark,-79.3323,43.6814
1116589,4717,Driver,40 to 44,None,"Automobile, Station Wagon",Turning Left,0,0,1,1,0,0,0,1,0,0,0,0,0,22,2218,Clear,Dark,-79.3323,43.6814
1116707,4725,Pedestrian,90 to 94,Major,Other,NULL,1,1,0,0,0,0,0,0,0,0,0,0,0,19,1900,Clear,Daylight,-79.4084,43.6517
1116707,4726,Cyclist,15 to 19,None,Bicycle,Turning Left,1,1,0,0,0,0,0,0,0,0,0,0,0,19,1900,Clear,Daylight,-79.4084,43.6517
1117854,4913,Pedestrian,80 to 84,Fatal,Other,NULL,1,0,1,0,0,0,0,0,0,0,0,0,0,14,1448,Clear,Daylight,-79.2802,43.6846
1117854,4914,Driver,55 to 59,None,"Automobile, Station Wagon",Reversing,1,0,1,0,0,0,0,0,0,0,0,0,0,14,1448,Clear,Daylight,-79.2802,43.6846
1118840,4360,Pedestrian,unknown,None,Other,Other,1,0,1,0,0,0,0,0,0,0,0,0,0,21,2101,Clear,Dark,-79.3942,43.6885
1118840,4353,Driver,20 to 24,Major,"Automobile, Station Wagon",Going Ahead,1,0,1,0,0,0,0,0,0,0,0,0,0,21,2101,Clear,Dark,-79.3942,43.6885
1121287,4356,Cyclist,20 to 24,Major,Bicycle,Going Ahead,0,1,1,0,0,0,0,0,0,0,0,0,0,2,242,Clear,Dark,-79.3581,43.6611
1121287,4351,Driver,50 to 54,None,"Automobile, Station Wagon",Going Ahead,0,1,1,0,0,0,0,0,0,0,0,0,0,2,242,Clear,Dark,-79.3581,43.6611
1124595,4492,Driver,30 to 34,Minor,"Automobile, Station Wagon",Going Ahead,0,1,1,0,0,0,0,1,0,0,0,0,0,21,2103,Clear,Dark,-79.2527,43.7039
1124595,4493,Passenger,50 to 54,Minor,Other,Other,0,1,1,0,0,0,0,1,0,0,0,0,0,21,2103,Clear,Dark,-79.2527,43.7039
1124595,5108,Cyclist,45 to 49,Major,Bicycle,Going Ahead,0,1,1,0,0,0,0,1,0,0,0,0,0,21,2103,Clear,Dark,-79.2527,43.7039
1125917,4425,Driver,45 to 49,None,"Automobile, Station Wagon",Going Ahead,1,0,1,0,0,0,0,0,0,1,0,0,0,11,1057,Clear,Daylight,-79.3282,43.7987
1125917,4426,Pedestrian,55 to 59,Major,Other,NULL,1,0,1,0,0,0,0,0,0,1,0,0,0,11,1057,Clear,Daylight,-79.3282,43.7987
1127178,4434,Driver,50 to 54,None,"Automobile, Station Wagon",Turning Left,0,0,1,0,0,0,0,0,0,0,0,0,0,7,715,Rain,Daylight,-79.2612,43.77
1127178,4435,Driver,40 to 44,Major,"Automobile, Station Wagon",Stopped,0,0,1,0,0,0,0,0,0,0,0,0,0,7,715,Rain,Daylight,-79.2612,43.77
1128196,4454,Driver,55 to 59,None,"Automobile, Station Wagon",Going Ahead,1,0,1,0,0,0,0,0,0,1,0,0,0,20,2020,Clear,Dark,-79.4106,43.7603
1128196,4455,Pedestrian,25 to 29,Major,Other,NULL,1,0,1,0,0,0,0,0,0,1,0,0,0,20,2020,Clear,Dark,-79.4106,43.7603
1128346,4471,Motorcycle Driver,45 to 49,Major,Motorcycle,Going Ahead,0,0,1,1,0,0,0,0,0,0,0,0,0,15,1501,Clear,Daylight,-79.2834,43.6734
1128346,4472,Driver,30 to 34,None,"Automobile, Station Wagon",Making U Turn,0,0,1,1,0,0,0,0,0,0,0,0,0,15,1501,Clear,Daylight,-79.2834,43.6734
1129232,4907,Driver,75 to 79,Major,"Automobile, Station Wagon",Going Ahead,0,0,1,0,0,0,0,0,0,0,0,0,1,12,1216,Clear,Daylight,-79.1329,43.7993
1130411,5589,Driver,30 to 34,None,"Automobile, Station Wagon",Going Ahead,0,0,1,0,0,0,0,0,0,1,0,0,0,14,1418,Clear,Daylight,-79.3044,43.7603
1130411,5680,Driver,85 to 89,Fatal,"Automobile, Station Wagon",Turning Left,0,0,1,0,0,0,0,0,0,1,0,0,0,14,1418,Clear,Daylight,-79.3044,43.7603
1130772,5683,Driver,20 to 24,None,"Automobile, Station Wagon",Turning Left,1,0,1,0,0,0,0,0,1,1,0,0,0,20,2047,Clear,Dark,-79.2967,43.6892
1100239,4112,Driver,40 to 44,None,Municipal Transit Bus (TTC),Turning Left,1,0,0,0,0,1,0,0,0,1,0,0,0,13,1330,Rain,Daylight,-79.449,43.6463
1100239,4002,Pedestrian,85 to 89,Fatal,Other,NULL,1,0,0,0,0,1,0,0,0,1,0,0,0,13,1330,Rain,Daylight,-79.449,43.6463
1101048,4083,Passenger,10 to 14,Minor,Other,NULL,0,0,1,0,0,0,0,1,0,0,0,0,0,18,1808,Clear,Daylight,-79.3101,43.759
1101048,4085,Driver,35 to 39,Major,"Automobile, Station Wagon",Going Ahead,0,0,1,0,0,0,0,1,0,0,0,0,0,18,1808,Clear,Daylight,-79.3101,43.759
1101573,4080,Driver,25 to 29,None,"Automobile, Station Wagon",Going Ahead,0,0,1,0,0,0,0,1,1,1,0,0,0,1,52,Clear,Dark,-79.248,43.8245
1101573,4077,Passenger,45 to 49,Major,Other,NULL,0,0,1,0,0,0,0,1,1,1,0,0,0,1,52,Clear,Dark,-79.248,43.8245
1101573,4078,Driver,50 to 54,None,"Automobile, Station Wagon",Going Ahead,0,0,1,0,0,0,0,1,1,1,0,0,0,1,52,Clear,Dark,-79.248,43.8245
1101573,4079,Passenger,unknown,Minimal,Other,NULL,0,0,1,0,0,0,0,1,1,1,0,0,0,1,52,Clear,Dark,-79.248,43.8245
1103447,4388,Driver,50 to 54,Minimal,"Automobile, Station Wagon",Going Ahead,0,0,1,0,0,0,0,0,0,1,1,0,0,6,555,Clear,Dark,-79.3025,43.7247
1103447,4396,Driver,25 to 29,Major,"Automobile, Station Wagon",Going Ahead,0,0,1,0,0,0,0,0,0,1,1,0,0,6,555,Clear,Dark,-79.3025,43.7247
1106355,4523,Truck Driver,35 to 39,None,Truck - Open,Going Ahead,0,0,1,0,1,0,0,0,0,1,0,0,0,11,1052,Clear,Daylight,-79.4342,43.6324
1106355,4524,Driver,20 to 24,Major,"Automobile, Station Wagon",Turning Left,0,0,1,0,1,0,0,0,0,1,0,0,0,11,1052,Clear,Daylight,-79.4342,43.6324
1106355,4525,Other,unknown,None,Other,NULL,0,0,1,0,1,0,0,0,0,1,0,0,0,11,1052,Clear,Daylight,-79.4342,43.6324
1106823,4532,Driver,40 to 44,None,"Automobile, Station Wagon",Going Ahead,1,0,1,0,0,0,0,0,0,0,0,0,0,19,1909,Clear,Daylight,-79.415,43.7204
1106823,4533,Pedestrian,25 to 29,Major,Other,NULL,1,0,1,0,0,0,0,0,0,0,0,0,0,19,1909,Clear,Daylight,-79.415,43.7204
1108100,4200,Driver,30 to 34,None,"Automobile, Station Wagon",Going Ahead,0,0,1,0,0,0,0,1,1,1,1,0,0,18,1750,Clear,Daylight,-79.5112,43.6183
1108100,4201,Passenger,0 to 4,Minor,Other,NULL,0,0,1,0,0,0,0,1,1,1,1,0,0,18,1750,Clear,Daylight,-79.5112,43.6183
1108100,4202,Passenger,35 to 39,Minor,Other,NULL,0,0,1,0,0,0,0,1,1,1,1,0,0,18,1750,Clear,Daylight,-79.5112,43.6183
1108100,4204,Driver,40 to 44,Major,"Automobile, Station Wagon",Going Ahead,0,0,1,0,0,0,0,1,1,1,1,0,0,18,1750,Clear,Daylight,-79.5112,43.6183
1108193,4218,Motorcycle Driver,35 to 39,Fatal,Motorcycle,Slowing or Stopping,0,0,1,1,0,0,0,0,0,1,0,0,0,15,1547,Clear,Daylight,-79.6066,43.7337
1108193,4219,Driver,35 to 39,None,"Automobile, Station Wagon",Turning Left,0,0,1,1,0,0,0,0,0,1,0,0,0,15,1547,Clear,Daylight,-79.6066,43.7337
1109297,4131,Passenger,30 to 34,Major,Other,NULL,0,0,1,0,0,0,0,1,0,0,0,1,0,22,2206,Clear,Dark,-79.4834,43.6304
1109297,4134,Driver,30 to 34,Minimal,"Automobile, Station Wagon",Going Ahead,0,0,1,0,0,0,0,1,0,0,0,1,0,22,2206,Clear,Dark,-79.4834,43.6304
1110667,4124,Cyclist,15 to 19,Major,Bicycle,Turning Left,0,1,1,0,0,0,0,0,0,1,0,0,0,21,2135,Clear,Dark,-79.4842,43.659
1110667,4119,Driver,35 to 39,None,"Automobile, Station Wagon",Going Ahead,0,1,1,0,0,0,0,0,0,1,0,0,0,21,2135,Clear,Dark,-79.4842,43.659
1112907,4182,Driver,35 to 39,Minor,"Automobile, Station Wagon",Turning Right,1,0,1,0,0,0,0,0,0,1,0,0,0,16,1641,Clear,Daylight,-79.3147,43.6667
1112907,4183,Pedestrian,35 to 39,Major,Other,NULL,1,0,1,0,0,0,0,0,0,1,0,0,0,16,1641,Clear,Daylight,-79.3147,43.6667
1114016,4095,Motorcycle Driver,35 to 39,Minor,Motorcycle,Overtaking,0,0,0,1,1,0,0,1,0,1,0,0,0,19,1859,Clear,Daylight,-79.5724,43.7014
1114016,4097,Truck Driver,40 to 44,None,Truck - Open,Turning Left,0,0,0,1,1,0,0,1,0,1,0,0,0,19,1859,Clear,Daylight,-79.5724,43.7014
1114016,4094,Passenger,20 to 24,Major,Other,NULL,0,0,0,1,1,0,0,1,0,1,0,0,0,19,1859,Clear,Daylight,-79.5724,43.7014
1115922,4393,Driver,60 to 64,Major,"Automobile, Station Wagon",Going Ahead,0,0,1,0,0,0,0,0,0,0,0,1,0,14,1430,Clear,Daylight,-79.3161,43.7908
1115922,4506,Driver,35 to 39,Minimal,"Automobile, Station Wagon",Going Ahead,0,0,1,0,0,0,0,0,0,0,0,1,0,14,1430,Clear,Daylight,-79.3161,43.7908
1116081,4862,Passenger,15 to 19,Major,Other,NULL,0,0,1,0,0,0,0,1,0,1,0,0,0,4,351,Clear,Dark,-79.5076,43.717
1116081,4861,Driver,30 to 34,None,NULL,Going Ahead,0,0,1,0,0,0,0,1,0,1,0,0,0,4,351,Clear,Dark,-79.5076,43.717
1116081,4863,Passenger,15 to 19,Major,Other,NULL,0,0,1,0,0,0,0,1,0,1,0,0,0,4,351,Clear,Dark,-79.5076,43.717
1116081,4865,Driver,15 to 19,Major,"Automobile, Station Wagon",Going Ahead,0,0,1,0,0,0,0,1,0,1,0,0,0,4,351,Clear,Dark,-79.5076,43.717
1117851,4918,Driver,60 to 64,None,"Automobile, Station Wagon",Turning Right,0,1,1,0,0,0,0,0,0,0,0,0,0,17,1731,Clear,Daylight,-79.4558,43.7192
1117851,4919,Cyclist,50 to 54,Major,Bicycle,Going Ahead,0,1,1,0,0,0,0,0,0,0,0,0,0,17,1731,Clear,Daylight,-79.4558,43.7192
1118330,4732,Driver,30 to 34,Major,"Automobile, Station Wagon",Going Ahead,0,0,1,0,0,0,0,0,0,0,0,0,1,6,648,Clear,Daylight,-79.5383,43.7174
1118389,4743,Driver,50 to 54,Major,"Automobile, Station Wagon",Going Ahead,0,0,1,0,0,0,0,1,0,0,0,0,0,12,1158,Clear,Daylight,-79.4139,43.7174
1118389,4740,Passenger,35 to 39,Minimal,Other,NULL,0,0,1,0,0,0,0,1,0,0,0,0,0,12,1158,Clear,Daylight,-79.4139,43.7174
1118389,4742,Driver,45 to 49,Minimal,"Automobile, Station Wagon",Going Ahead,0,0,1,0,0,0,0,1,0,0,0,0,0,12,1158,Clear,Daylight,-79.4139,43.7174
1119725,4871,Driver,unknown,None,"Automobile, Station Wagon",Going Ahead,1,0,1,0,0,0,0,0,0,0,0,0,0,2,236,Clear,Dark,-79.3309,43.8044
1119725,4872,Pedestrian,unknown,Major,Other,Other,1,0,1,0,0,0,0,0,0,0,0,0,0,2,236,Clear,Dark,-79.3309,43.8044
1119725,4873,Pedestrian,unknown,Minimal,Other,Other,1,0,1,0,0,0,0,0,0,0,0,0,0,2,236,Clear,Dark,-79.3309,43.8044
1119932,4761,Driver,20 to 24,None,"Automobile, Station Wagon",Going Ahead,0,1,1,0,0,0,0,0,0,0,0,0,0,22,2235,Clear,Dark,-79.2384,43.7095
1119932,4762,Cyclist,15 to 19,Major,Bicycle,Going Ahead,0,1,1,0,0,0,0,0,0,0,0,0,0,22,2235,Clear,Dark,-79.2384,43.7095
1120536,4776,Driver,20 to 24,None,"Automobile, Station Wagon",Turning Left,0,1,1,0,0,0,0,0,0,0,0,0,0,20,2028,Clear,Daylight,-79.4255,43.7009
1120536,4777,Cyclist,20 to 24,Major,Bicycle,Going Ahead,0,1,1,0,0,0,0,0,0,0,0,0,0,20,2028,Clear,Daylight,-79.4255,43.7009
1120870,4430,Driver,65 to 69,None,"Automobile, Station Wagon",Going Ahead,1,0,1,0,0,0,0,0,0,0,0,0,0,5,539,Clear,Dark,-79.5089,43.7223
1120870,4431,Pedestrian,20 to 24,Major,Other,NULL,1,0,1,0,0,0,0,0,0,0,0,0,0,5,539,Clear,Dark,-79.5089,43.7223
1121495,4688,Driver,45 to 49,None,"Automobile, Station Wagon",Parked,0,1,1,0,0,0,0,0,0,0,0,0,0,11,1050,Clear,Daylight,-79.413,43.6647
1121495,4691,Cyclist,35 to 39,Major,Bicycle,Going Ahead,0,1,1,0,0,0,0,0,0,0,0,0,0,11,1050,Clear,Daylight,-79.413,43.6647
1121597,4684,Pedestrian,20 to 24,Major,Other,NULL,1,0,1,0,0,0,0,1,0,1,0,0,0,21,2110,Clear,Dark,-79.3751,43.6518
1121597,4686,Pedestrian,20 to 24,Major,Other,NULL,1,0,1,0,0,0,0,1,0,1,0,0,0,21,2110,Clear,Dark,-79.3751,43.6518
1121597,4595,Passenger,20 to 24,Minimal,Other,NULL,1,0,1,0,0,0,0,1,0,1,0,0,0,21,2110,Clear,Dark,-79.3751,43.6518
1121597,4600,Driver,25 to 29,None,"Automobile, Station Wagon",Going Ahead,1,0,1,0,0,0,0,1,0,1,0,0,0,21,2110,Clear,Dark,-79.3751,43.6518
1121597,4504,Driver,55 to 59,None,"Automobile, Station Wagon",Going Ahead,1,0,1,0,0,0,0,1,0,1,0,0,0,21,2110,Clear,Dark,-79.3751,43.6518
1122274,4867,Driver,30 to 34,Minor,"Automobile, Station Wagon",Going Ahead,0,0,1,0,0,0,0,0,0,0,0,0,0,7,731,Clear,Daylight,-79.5803,43.7122
1122274,4869,Driver,40 to 44,Major,"Automobile, Station Wagon",Going Ahead,0,0,1,0,0,0,0,0,0,0,0,0,0,7,731,Clear,Daylight,-79.5803,43.7122
1122431,4463,Driver,35 to 39,None,"Automobile, Station Wagon",Going Ahead,1,0,1,0,0,0,0,0,0,0,0,0,0,17,1715,Clear,Daylight,-79.4324,43.7312
1122431,4464,Pedestrian,10 to 14,Major,Other,NULL,1,0,1,0,0,0,0,0,0,0,0,0,0,17,1715,Clear,Daylight,-79.4324,43.7312
1123169,4469,Driver,unknown,None,"Automobile, Station Wagon",Going Ahead,1,0,1,0,0,0,0,0,0,0,0,0,0,4,430,Clear,Dark,-79.3834,43.6679
1123169,4470,Pedestrian,35 to 39,Major,Other,NULL,1,0,1,0,0,0,0,0,0,0,0,0,0,4,430,Clear,Dark,-79.3834,43.6679
1124210,4416,Moped Driver,55 to 59,Major,Moped,Going Ahead,0,1,0,0,0,0,0,0,0,0,0,0,0,7,745,Clear,Daylight,-79.4058,43.7403
1126375,5764,Pedestrian,15 to 19,Major,Other,NULL,1,0,1,0,0,0,0,0,0,1,0,0,0,23,2315,Clear,Dark,-79.3464,43.7695
1126375,5689,Driver,unknown,None,"Automobile, Station Wagon",Going Ahead,1,0,1,0,0,0,0,0,0,1,0,0,0,23,2315,Clear,Dark,-79.3464,43.7695
1131255,5949,Driver,30 to 34,None,"Automobile, Station Wagon",Going Ahead,1,0,1,0,0,0,0,0,0,0,0,0,0,2,207,Clear,Dark,-79.4143,43.6731
1131255,5950,Pedestrian,25 to 29,Major,Other,NULL,1,0,1,0,0,0,0,0,0,0,0,0,0,2,207,Clear,Dark,-79.4143,43.6731
1131264,5951,Passenger,60 to 64,Fatal,Other,NULL,0,0,1,0,0,0,0,1,1,1,0,1,0,24,2352,Clear,Dark,-79.5078,43.7592
1131264,5952,Passenger,35 to 39,Major,Other,NULL,0,0,1,0,0,0,0,1,1,1,0,1,0,24,2352,Clear,Dark,-79.5078,43.7592
1131264,5953,Passenger,40 to 44,Fatal,Other,NULL,0,0,1,0,0,0,0,1,1,1,0,1,0,24,2352,Clear,Dark,-79.5078,43.7592
1137184,5649,Pedestrian,10 to 14,Major,Other,NULL,1,0,1,0,0,0,0,0,0,0,0,0,0,17,1700,Clear,Dusk,-79.4313,43.7266
1137250,5654,Pedestrian,65 to 69,Fatal,Other,NULL,1,0,1,0,0,0,0,0,0,0,0,0,0,8,845,Clear,Daylight,-79.4404,43.7924
1137250,5653,Driver,40 to 44,None,"Automobile, Station Wagon",Turning Left,1,0,1,0,0,0,0,0,0,0,0,0,0,8,845,Clear,Daylight,-79.4404,43.7924
1137620,5107,Driver,45 to 49,None,"Automobile, Station Wagon",Going Ahead,1,0,1,0,0,0,0,0,0,0,0,0,0,8,848,Clear,Daylight,-79.4456,43.7922
1137620,5125,Pedestrian,35 to 39,Major,Other,NULL,1,0,1,0,0,0,0,0,0,0,0,0,0,8,848,Clear,Daylight,-79.4456,43.7922
1138973,5367,Pedestrian,30 to 34,Major,Other,NULL,1,0,1,0,0,0,0,0,0,0,0,0,0,11,1144,Rain,Daylight,-79.271,43.7679
1138973,5371,Driver,65 to 69,None,"Automobile, Station Wagon",Going Ahead,1,0,1,0,0,0,0,0,0,0,0,0,0,11,1144,Rain,Daylight,-79.271,43.7679
1139022,5591,Driver,60 to 64,None,NULL,Turning Left,1,0,0,0,0,0,0,0,0,1,0,0,0,18,1758,Rain,Dark,-79.3058,43.7069
1139022,5592,Pedestrian,15 to 19,Major,Other,NULL,1,0,0,0,0,0,0,0,0,1,0,0,0,18,1758,Rain,Dark,-79.3058,43.7069
1140679,5620,Pedestrian,40 to 44,Major,Other,NULL,1,0,0,1,0,0,0,0,0,0,0,0,0,6,609,Clear,Dark,-79.3201,43.684
1140679,5619,Motorcycle Driver,60 to 64,None,Motorcycle,Going Ahead,1,0,0,1,0,0,0,0,0,0,0,0,0,6,609,Clear,Dark,-79.3201,43.684
1141415,5632,Driver,35 to 39,None,"Automobile, Station Wagon",Turning Left,1,0,1,0,0,0,0,0,0,1,0,0,0,14,1439,Clear,Daylight,-79.2216,43.8091
1141415,5633,Pedestrian,75 to 79,Major,Other,NULL,1,0,1,0,0,0,0,0,0,1,0,0,0,14,1439,Clear,Daylight,-79.2216,43.8091
1143968,5860,Driver,55 to 59,None,"Automobile, Station Wagon",Going Ahead,0,0,1,0,0,0,0,0,0,1,0,0,0,15,1510,Clear,Daylight,-79.6324,43.7477
1143968,5862,Driver,35 to 39,Major,"Automobile, Station Wagon",Stopped,0,0,1,0,0,0,0,0,0,1,0,0,0,15,1510,Clear,Daylight,-79.6324,43.7477
1144189,5017,Passenger,55 to 59,Major,Other,NULL,0,0,1,0,0,0,0,1,1,1,0,0,0,15,1517,Drifting Snow,Daylight,-79.3676,43.6782
1144189,5019,Passenger,50 to 54,Major,Other,NULL,0,0,1,0,0,0,0,1,1,1,0,0,0,15,1517,Drifting Snow,Daylight,-79.3676,43.6782
1144189,5020,Driver,60 to 64,Major,"Automobile, Station Wagon",Going Ahead,0,0,1,0,0,0,0,1,1,1,0,0,0,15,1517,Drifting Snow,Daylight,-79.3676,43.6782
1144189,5021,Driver,20 to 24,Minor,"Automobile, Station Wagon",Going Ahead,0,0,1,0,0,0,0,1,1,1,0,0,0,15,1517,Drifting Snow,Daylight,-79.3676,43.6782
1144189,5022,Driver,25 to 29,Minimal,"Automobile, Station Wagon",Going Ahead,0,0,1,0,0,0,0,1,1,1,0,0,0,15,1517,Drifting Snow,Daylight,-79.3676,43.6782
1147865,5029,Driver,unknown,None,"Automobile, Station Wagon",Turning Left,1,0,1,0,0,0,0,0,0,1,0,0,0,23,2317,Clear,Dark,-79.3122,43.7974
1147865,5030,Pedestrian,50 to 54,Major,Other,NULL,1,0,1,0,0,0,0,0,0,1,0,0,0,23,2317,Clear,Dark,-79.3122,43.7974
1150854,5062,Pedestrian,50 to 54,Minor,Other,NULL,1,0,0,0,0,0,0,0,0,0,0,0,0,3,257,Clear,Dark,-79.4436,43.7162
1150854,5063,Pedestrian,40 to 44,Major,Other,NULL,1,0,0,0,0,0,0,0,0,0,0,0,0,3,257,Clear,Dark,-79.4436,43.7162
1150954,5067,Driver,30 to 34,None,"Automobile, Station Wagon",Going Ahead,1,0,1,0,0,0,0,0,0,0,0,0,0,3,302,Clear,Dark,-79.3882,43.6547
1150954,5068,Pedestrian,60 to 64,Major,Other,Going Ahead,1,0,1,0,0,0,0,0,0,0,0,0,0,3,302,Clear,Dark,-79.3882,43.6547
1152926,5211,Driver,40 to 44,None,Taxi,Going Ahead,0,0,1,1,0,0,0,0,0,1,0,0,0,1,144,Clear,Dark,-79.5514,43.6381
1152926,5212,Motorcycle Driver,15 to 19,Major,Motorcycle,Going Ahead,0,0,1,1,0,0,0,0,0,1,0,0,0,1,144,Clear,Dark,-79.5514,43.6381
1155651,5156,Driver,30 to 34,None,"Automobile, Station Wagon",Going Ahead,1,0,1,0,0,0,0,0,0,0,0,0,0,2,242,Clear,Dark,-79.4053,43.6569
1155651,5157,Pedestrian,15 to 19,Major,Other,NULL,1,0,1,0,0,0,0,0,0,0,0,0,0,2,242,Clear,Dark,-79.4053,43.6569
1155951,5175,Driver,40 to 44,Major,"Automobile, Station Wagon",Going Ahead,0,0,1,0,0,0,0,0,0,0,0,0,0,10,1030,Snow,Daylight,-79.3534,43.6567
1157272,5539,Passenger,45 to 49,Minor,Other,NULL,0,0,0,0,1,0,0,1,1,1,0,0,0,5,523,Clear,Dark,-79.3587,43.6727
1157272,5541,Truck Driver,30 to 34,Fatal,Truck - Open,Going Ahead,0,0,0,0,1,0,0,1,1,1,0,0,0,5,523,Clear,Dark,-79.3587,43.6727
1157957,5198,Driver,45 to 49,None,"Automobile, Station Wagon",Going Ahead,1,0,1,0,0,0,0,0,0,0,0,0,0,19,1942,Clear,Dark,-79.4039,43.6471
1157957,5199,Pedestrian,25 to 29,Major,Other,NULL,1,0,1,0,0,0,0,0,0,0,0,0,0,19,1942,Clear,Dark,-79.4039,43.6471
1160348,5496,Driver,50 to 54,Minimal,"Automobile, Station Wagon",Going Ahead,0,0,1,0,0,0,0,1,0,0,0,0,0,16,1605,Clear,Daylight,-79.4343,43.632
1160348,5497,Passenger,35 to 39,Major,Other,NULL,0,0,1,0,0,0,0,1,0,0,0,0,0,16,1605,Clear,Daylight,-79.4343,43.632
1160348,5498,Driver,30 to 34,Minor,"Automobile, Station Wagon",Making U Turn,0,0,1,0,0,0,0,1,0,0,0,0,0,16,1605,Clear,Daylight,-79.4343,43.632
1160348,5499,Driver,35 to 39,None,"Automobile, Station Wagon",Going Ahead,0,0,1,0,0,0,0,1,0,0,0,0,0,16,1605,Clear,Daylight,-79.4343,43.632
1161050,5518,Driver,50 to 54,None,"Automobile, Station Wagon",Going Ahead,0,0,1,0,0,0,0,0,0,1,0,1,0,20,2004,Clear,Dark,-79.3086,43.668
1161050,5519,Driver,25 to 29,None,"Automobile, Station Wagon",Going Ahead,0,0,1,0,0,0,0,0,0,1,0,1,0,20,2004,Clear,Dark,-79.3086,43.668
1161050,5520,Driver,55 to 59,Major,"Automobile, Station Wagon",Stopped,0,0,1,0,0,0,0,0,0,1,0,1,0,20,2004,Clear,Dark,-79.3086,43.668
1162673,5545,Driver,55 to 59,Major,"Automobile, Station Wagon",Turning Left,0,0,1,0,0,0,0,0,0,0,0,0,0,20,2030,Clear,Dark,-79.5489,43.6488
1162673,5546,Driver,25 to 29,None,"Automobile, Station Wagon",Going Ahead,0,0,1,0,0,0,0,0,0,0,0,0,0,20,2030,Clear,Dark,-79.5489,43.6488
1164945,5350,Passenger,25 to 29,None,Other,NULL,1,0,0,0,0,1,0,1,0,0,0,0,0,1,52,Clear,Dark,-79.3987,43.6548
1164945,5351,Passenger,15 to 19,None,Other,NULL,1,0,0,0,0,1,0,1,0,0,0,0,0,1,52,Clear,Dark,-79.3987,43.6548
1164945,5352,Passenger,40 to 44,None,Other,NULL,1,0,0,0,0,1,0,1,0,0,0,0,0,1,52,Clear,Dark,-79.3987,43.6548
1164945,5353,Pedestrian,15 to 19,Major,Other,NULL,1,0,0,0,0,1,0,1,0,0,0,0,0,1,52,Clear,Dark,-79.3987,43.6548
1164945,5354,Driver,25 to 29,None,Municipal Transit Bus (TTC),Going Ahead,1,0,0,0,0,1,0,1,0,0,0,0,0,1,52,Clear,Dark,-79.3987,43.6548
1165411,5358,Motorcycle Driver,50 to 54,Major,Motorcycle,Going Ahead,0,0,0,1,0,0,0,0,0,0,0,0,0,6,630,Clear,Daylight,-79.4375,43.6341
1165628,5322,Driver,55 to 59,Major,"Automobile, Station Wagon",Going Ahead,0,0,1,0,0,0,0,0,0,1,1,0,0,16,1619,Clear,Daylight,-79.4813,43.6638
1165628,5323,Driver,30 to 34,None,"Automobile, Station Wagon",Going Ahead,0,0,1,0,0,0,0,0,0,1,1,0,0,16,1619,Clear,Daylight,-79.4813,43.6638
1165679,5359,Driver,60 to 64,None,"Automobile, Station Wagon",Turning Right,0,1,1,0,0,0,0,0,0,1,0,0,0,9,916,Clear,Daylight,-79.2691,43.8116
1165679,5360,Cyclist,50 to 54,Major,Bicycle,Going Ahead,0,1,1,0,0,0,0,0,0,1,0,0,0,9,916,Clear,Daylight,-79.2691,43.8116
1166313,5331,Driver,55 to 59,None,"Automobile, Station Wagon",Going Ahead,0,0,1,0,0,0,0,0,0,0,0,0,0,20,2030,Clear,Dark,-79.4665,43.6917
1166313,5332,Driver,25 to 29,Major,"Automobile, Station Wagon",Stopped,0,0,1,0,0,0,0,0,0,0,0,0,0,20,2030,Clear,Dark,-79.4665,43.6917
1167934,5333,Driver,55 to 59,Major,"Automobile, Station Wagon",Going Ahead,0,0,1,0,0,0,0,0,0,1,0,0,0,7,705,Clear,Daylight,-79.2258,43.8425
1167934,5334,Driver,25 to 29,None,"Automobile, Station Wagon",Stopped,0,0,1,0,0,0,0,0,0,1,0,0,0,7,705,Clear,Daylight,-79.2258,43.8425
1171795,5698,Driver,75 to 79,None,"Automobile, Station Wagon",Turning Right,1,0,1,0,0,0,0,0,0,1,0,0,0,21,2100,Rain,Dark,-79.343,43.6947
1171795,5699,Pedestrian,40 to 44,Major,Other,NULL,1,0,1,0,0,0,0,0,0,1,0,0,0,21,2100,Rain,Dark,-79.343,43.6947
1171865,5390,Driver,20 to 24,None,"Automobile, Station Wagon",Going Ahead,1,0,1,0,0,0,0,0,0,1,0,0,0,3,345,"Fog, Mist, Smoke, Dust",Dark,-79.4472,43.6963
1171865,5391,Pedestrian,35 to 39,Major,Other,NULL,1,0,1,0,0,0,0,0,0,1,0,0,0,3,345,"Fog, Mist, Smoke, Dust",Dark,-79.4472,43.6963
1171946,5387,Driver,30 to 34,Major,"Automobile, Station Wagon",Going Ahead,0,0,1,0,0,0,0,0,1,1,0,0,0,2,246,Rain,Dark,-79.3621,43.6907
1171997,5399,Driver,30 to 34,None,Municipal Transit Bus (TTC),Going Ahead,1,0,0,0,0,1,0,0,0,0,0,0,0,8,822,Rain,Daylight,-79.3899,43.6587
1171997,5400,Pedestrian,40 to 44,Fatal,Other,NULL,1,0,0,0,0,1,0,0,0,0,0,0,0,8,822,Rain,Daylight,-79.3899,43.6587