ACCNUM,ObjectId,INVTYPE,INVAGE,INJURY,VEHTYPE,MANOEUVER,PEDESTRIAN,CYCLIST,AUTOMOBILE,MOTORCYCLE,TRUCK,TRSN_CITY_VEH,EMERG_VEH,PASSENGER,SPEEDING,AG_DRIV,REDLIGHT,ALCOHOL,DISABILITY,HOUR,TIME,VISIBILITY,LIGHT,collision_lat,collision_long
1178296,5750,Passenger,40 to 44,Major,Other,NULL,0,0,1,0,0,1,0,1,0,0,0,0,0,15,1508,Clear,Daylight,-79.3838,43.6392
1178296,5751,Driver,45 to 49,Major,"Automobile, Station Wagon",Turning Left,0,0,1,0,0,1,0,1,0,0,0,0,0,15,1508,Clear,Daylight,-79.3838,43.6392
1178296,5753,Driver,45 to 49,None,Municipal Transit Bus (TTC),Going Ahead,0,0,1,0,0,1,0,1,0,0,0,0,0,15,1508,Clear,Daylight,-79.3838,43.6392
1179068,6941,Driver,unknown,None,"Automobile, Station Wagon",Turning Left,0,1,1,0,0,0,0,0,0,1,0,0,0,15,1530,Clear,Daylight,-79.3878,43.7088
1179068,6942,Cyclist,30 to 34,Major,Bicycle,Slowing or Stopping,0,1,1,0,0,0,0,0,0,1,0,0,0,15,1530,Clear,Daylight,-79.3878,43.7088
1180034,6995,Pedestrian,50 to 54,Major,Other,NULL,1,0,0,0,0,1,0,0,0,0,0,0,0,10,1011,Clear,Daylight,-79.3985,43.6543
1068386,3335,Driver,50 to 54,None,"Automobile, Station Wagon",Turning Left,1,0,1,0,0,0,0,0,0,1,0,0,0,19,1905,Clear,Dark,-79.295,43.7742
1068386,3336,Pedestrian,45 to 49,Major,Other,NULL,1,0,1,0,0,0,0,0,0,1,0,0,0,19,1905,Clear,Dark,-79.295,43.7742
1068403,4352,Passenger,unknown,Minor,Other,Other,0,0,1,0,0,0,0,1,0,0,0,0,0,17,1705,Clear,Daylight,-79.5031,43.7778
1068403,4357,Driver,25 to 29,Minimal,"Automobile, Station Wagon",Going Ahead,0,0,1,0,0,0,0,1,0,0,0,0,0,17,1705,Clear,Daylight,-79.5031,43.7778
1068403,4248,Passenger,unknown,Minimal,Other,Other,0,0,1,0,0,0,0,1,0,0,0,0,0,17,1705,Clear,Daylight,-79.5031,43.7778
1068403,4252,Passenger,unknown,Major,Other,Other,0,0,1,0,0,0,0,1,0,0,0,0,0,17,1705,Clear,Daylight,-79.5031,43.7778
1068403,4147,Driver,unknown,None,"Automobile, Station Wagon",Going Ahead,0,0,1,0,0,0,0,1,0,0,0,0,0,17,1705,Clear,Daylight,-79.5031,43.7778
1078367,4989,Driver,30 to 34,None,"Automobile, Station Wagon",Going Ahead,0,0,1,0,0,0,0,1,1,1,0,0,0,1,52,Snow,Dark,-79.3561,43.6653
1078367,4991,Driver,20 to 24,Minimal,"Automobile, Station Wagon",Going Ahead,0,0,1,0,0,0,0,1,1,1,0,0,0,1,52,Snow,Dark,-79.3561,43.6653
1078367,4992,Passenger,45 to 49,None,Other,NULL,0,0,1,0,0,0,0,1,1,1,0,0,0,1,52,Snow,Dark,-79.3561,43.6653
1078367,4993,Passenger,45 to 49,Minimal,Other,NULL,0,0,1,0,0,0,0,1,1,1,0,0,0,1,52,Snow,Dark,-79.3561,43.6653
1078367,4994,Passenger,40 to 44,Major,Other,NULL,0,0,1,0,0,0,0,1,1,1,0,0,0,1,52,Snow,Dark,-79.3561,43.6653
1078367,4995,Driver,40 to 44,None,"Automobile, Station Wagon",Going Ahead,0,0,1,0,0,0,0,1,1,1,0,0,0,1,52,Snow,Dark,-79.3561,43.6653
1078367,4996,Other,unknown,None,Other,NULL,0,0,1,0,0,0,0,1,1,1,0,0,0,1,52,Snow,Dark,-79.3561,43.6653
1078999,4140,Driver,40 to 44,Major,"Automobile, Station Wagon",Unknown,0,0,1,0,0,0,0,0,0,0,0,0,0,19,1937,Clear,"Dark, artificial",-79.3868,43.6513
1080622,4961,Driver,50 to 54,None,"Automobile, Station Wagon",Turning Left,1,0,1,0,0,0,0,0,0,0,0,0,0,18,1830,Rain,Dark,-79.4074,43.6758
1080622,4962,Pedestrian,55 to 59,Major,Other,NULL,1,0,1,0,0,0,0,0,0,0,0,0,0,18,1830,Rain,Dark,-79.4074,43.6758
1082425,4972,Driver,25 to 29,None,"Automobile, Station Wagon",Going Ahead,1,0,1,0,0,0,0,0,0,1,0,0,0,3,305,Freezing Rain,Dark,-79.5176,43.7572
1082425,4973,Pedestrian,30 to 34,Major,Other,NULL,1,0,1,0,0,0,0,0,0,1,0,0,0,3,305,Freezing Rain,Dark,-79.5176,43.7572
1084533,4983,Driver,20 to 24,None,"Automobile, Station Wagon",Going Ahead,0,0,1,0,0,0,0,0,0,1,0,0,0,12,1205,Snow,Daylight,-79.3139,43.7543
1084533,4984,Driver,35 to 39,Major,"Automobile, Station Wagon",Turning Left,0,0,1,0,0,0,0,0,0,1,0,0,0,12,1205,Snow,Daylight,-79.3139,43.7543
1086605,4263,Passenger,45 to 49,Major,"Automobile, Station Wagon",NULL,0,0,1,0,0,0,0,1,0,0,0,0,0,7,715,Clear,Daylight,-79.2551,43.8066
1086605,4264,Driver,60 to 64,Minor,"Automobile, Station Wagon",Going Ahead,0,0,1,0,0,0,0,1,0,0,0,0,0,7,715,Clear,Daylight,-79.2551,43.8066
1086605,4265,Driver,35 to 39,Minor,"Automobile, Station Wagon",Going Ahead,0,0,1,0,0,0,0,1,0,0,0,0,0,7,715,Clear,Daylight,-79.2551,43.8066
1090381,4605,Driver,85 to 89,Major,"Automobile, Station Wagon",Going Ahead,0,0,1,0,0,0,0,0,0,0,0,0,1,20,2001,Snow,Dark,-79.3469,43.7558
1090381,4606,Driver,35 to 39,Minimal,"Automobile, Station Wagon",Slowing or Stopping,0,0,1,0,0,0,0,0,0,0,0,0,1,20,2001,Snow,Dark,-79.3469,43.7558
1090599,4302,Passenger,30 to 34,Minimal,Other,NULL,0,0,1,0,1,0,0,1,0,0,0,0,0,13,1320,Clear,Daylight,-79.366,43.6462
1090599,4304,Truck Driver,50 to 54,Minor,Truck - Open,Going Ahead,0,0,1,0,1,0,0,1,0,0,0,0,0,13,1320,Clear,Daylight,-79.366,43.6462
1090599,4305,Driver,25 to 29,Major,"Automobile, Station Wagon",Turning Left,0,0,1,0,1,0,0,1,0,0,0,0,0,13,1320,Clear,Daylight,-79.366,43.6462
1094026,4001,Driver,45 to 49,None,Municipal Transit Bus (TTC),Turning Right,1,0,0,0,0,1,0,0,0,1,0,0,0,8,828,Clear,Daylight,-79.3584,43.7606
1094026,4683,Pedestrian,20 to 24,Major,Other,NULL,1,0,0,0,0,1,0,0,0,1,0,0,0,8,828,Clear,Daylight,-79.3584,43.7606
1096330,4033,Truck Driver,30 to 34,None,Truck - Open,Turning Right,1,0,0,0,1,0,0,0,0,1,0,0,0,21,2128,Rain,Dark,-79.3912,43.6434
1096330,4034,Pedestrian,25 to 29,Fatal,Other,NULL,1,0,0,0,1,0,0,0,0,1,0,0,0,21,2128,Rain,Dark,-79.3912,43.6434
1096633,4037,Driver,unknown,None,"Automobile, Station Wagon",Going Ahead,1,0,1,0,0,0,0,0,0,1,0,0,0,23,2337,Clear,Dark,-79.5042,43.7047
1096633,4038,Pedestrian,35 to 39,Major,Other,NULL,1,0,1,0,0,0,0,0,0,1,0,0,0,23,2337,Clear,Dark,-79.5042,43.7047
1097433,4052,Driver,80 to 84,Major,"Automobile, Station Wagon",Going Ahead,0,0,1,0,0,0,0,0,0,0,0,0,1,11,1143,Clear,Daylight,-79.3178,43.7638
1098588,4022,Driver,65 to 69,None,"Automobile, Station Wagon",Stopped,0,0,1,0,0,0,0,0,0,1,0,0,0,18,1840,Clear,Daylight,-79.4834,43.6902
1098588,4024,Driver,20 to 24,Major,"Automobile, Station Wagon",Going Ahead,0,0,1,0,0,0,0,0,0,1,0,0,0,18,1840,Clear,Daylight,-79.4834,43.6902
1099856,4092,Driver,20 to 24,None,"Automobile, Station Wagon",Reversing,1,0,1,0,0,0,0,0,0,0,0,0,0,10,1045,Clear,Daylight,-79.4631,43.674
1099856,4093,Pedestrian,65 to 69,Fatal,Other,NULL,1,0,1,0,0,0,0,0,0,0,0,0,0,10,1045,Clear,Daylight,-79.4631,43.674
1100023,4108,Driver,40 to 44,Minor,"Automobile, Station Wagon",Going Ahead,0,0,1,0,0,0,0,0,0,0,0,0,0,23,2250,Clear,Dark,-79.6016,43.7311
1100023,4109,Driver,unknown,Major,"Automobile, Station Wagon",Stopped,0,0,1,0,0,0,0,0,0,0,0,0,0,23,2250,Clear,Dark,-79.6016,43.7311
1100641,4137,Driver,40 to 44,None,"Automobile, Station Wagon",Going Ahead,1,0,1,0,0,0,0,0,0,0,0,0,0,5,541,Clear,Dawn,-79.582,43.7432
1100641,4157,Pedestrian,55 to 59,Major,Other,NULL,1,0,1,0,0,0,0,0,0,0,0,0,0,5,541,Clear,Dawn,-79.582,43.7432
1100910,4361,Driver,30 to 34,None,"Automobile, Station Wagon",Slowing or Stopping,1,0,1,0,0,0,0,0,0,0,0,0,0,17,1730,Clear,Daylight,-79.3396,43.6635
1100910,4365,Pedestrian,55 to 59,Major,Other,NULL,1,0,1,0,0,0,0,0,0,0,0,0,0,17,1730,Clear,Daylight,-79.3396,43.6635
1101613,4402,Passenger,20 to 24,Major,Other,NULL,0,0,1,0,0,0,0,1,0,1,1,0,0,0,24,Clear,Dark,-79.281,43.7657
1101613,4501,Driver,30 to 34,Major,"Automobile, Station Wagon",Going Ahead,0,0,1,0,0,0,0,1,0,1,1,0,0,0,24,Clear,Dark,-79.281,43.7657
1101613,4507,Driver,20 to 24,Minimal,"Automobile, Station Wagon",Going Ahead,0,0,1,0,0,0,0,1,0,1,1,0,0,0,24,Clear,Dark,-79.281,43.7657
1102013,4048,Driver,50 to 54,Minor,"Automobile, Station Wagon",Other,0,0,1,0,0,0,0,0,0,0,0,0,0,9,908,Clear,Daylight,-79.2865,43.7108
1102013,4047,Driver,30 to 34,Major,"Automobile, Station Wagon",Going Ahead,0,0,1,0,0,0,0,0,0,0,0,0,0,9,908,Clear,Daylight,-79.2865,43.7108
1103903,4548,Pedestrian,20 to 24,Major,Other,Other,1,0,1,0,0,0,0,0,0,1,0,0,0,15,1540,Clear,Daylight,-79.2887,43.807
1103903,4549,Driver,60 to 64,None,"Automobile, Station Wagon",Turning Left,1,0,1,0,0,0,0,0,0,1,0,0,0,15,1540,Clear,Daylight,-79.2887,43.807
1104621,4570,Driver,40 to 44,Major,"Automobile, Station Wagon",Going Ahead,0,0,1,0,0,0,0,0,0,0,0,0,1,21,2141,Clear,Dark,-79.4155,43.7222
1104621,4572,Driver,15 to 19,None,"Automobile, Station Wagon",Stopped,0,0,1,0,0,0,0,0,0,0,0,0,1,21,2141,Clear,Dark,-79.4155,43.7222
1105521,4582,Pedestrian,45 to 49,Major,Other,Other,1,0,1,0,0,0,0,0,0,0,0,0,0,15,1525,Clear,Daylight,-79.3576,43.6559
1105521,4584,Driver,40 to 44,None,"Automobile, Station Wagon",Going Ahead,1,0,1,0,0,0,0,0,0,0,0,0,0,15,1525,Clear,Daylight,-79.3576,43.6559
1107143,4543,Driver,60 to 64,None,"Automobile, Station Wagon",Going Ahead,1,0,1,0,0,0,0,0,0,0,0,0,0,13,1340,Rain,Daylight,-79.3816,43.6518
1107143,4544,Pedestrian,60 to 64,Major,Other,NULL,1,0,1,0,0,0,0,0,0,0,0,0,0,13,1340,Rain,Daylight,-79.3816,43.6518
1107544,4187,Driver,55 to 59,Minimal,"Automobile, Station Wagon",Slowing or Stopping,1,0,1,0,0,0,0,1,0,1,1,0,0,20,2013,Clear,Dark,-79.3865,43.6508
1107544,4188,Driver,60 to 64,Minor,"Automobile, Station Wagon",Going Ahead,1,0,1,0,0,0,0,1,0,1,1,0,0,20,2013,Clear,Dark,-79.3865,43.6508
1107544,4189,Passenger,15 to 19,None,Other,NULL,1,0,1,0,0,0,0,1,0,1,1,0,0,20,2013,Clear,Dark,-79.3865,43.6508
1107544,4190,Passenger,15 to 19,Minimal,Other,NULL,1,0,1,0,0,0,0,1,0,1,1,0,0,20,2013,Clear,Dark,-79.3865,43.6508
1107544,4192,Driver,20 to 24,Minimal,"Automobile, Station Wagon",Going Ahead,1,0,1,0,0,0,0,1,0,1,1,0,0,20,2013,Clear,Dark,-79.3865,43.6508
1107544,4193,Pedestrian,20 to 24,Minimal,Other,NULL,1,0,1,0,0,0,0,1,0,1,1,0,0,20,2013,Clear,Dark,-79.3865,43.6508
1107544,4194,Pedestrian,30 to 34,Major,Other,NULL,1,0,1,0,0,0,0,1,0,1,1,0,0,20,2013,Clear,Dark,-79.3865,43.6508
1107544,4195,Pedestrian,25 to 29,Major,Other,NULL,1,0,1,0,0,0,0,1,0,1,1,0,0,20,2013,Clear,Dark,-79.3865,43.6508
1108048,4555,Pedestrian,60 to 64,Major,Other,NULL,1,0,1,0,0,0,0,0,0,0,0,0,0,11,1100,Clear,Daylight,-79.1876,43.768
1108048,4556,Driver,80 to 84,None,"Automobile, Station Wagon",Going Ahead,1,0,1,0,0,0,0,0,0,0,0,0,0,11,1100,Clear,Daylight,-79.1876,43.768
1109820,4253,Pedestrian,85 to 89,Fatal,Other,NULL,1,0,0,0,1,0,0,0,0,0,0,0,0,17,1708,Rain,Daylight,-79.4643,43.6649
1109820,4249,Truck Driver,60 to 64,None,Truck - Open,Going Ahead,1,0,0,0,1,0,0,0,0,0,0,0,0,17,1708,Rain,Daylight,-79.4643,43.6649
1117084,4898,Driver,50 to 54,Major,"Automobile, Station Wagon",Going Ahead,0,0,1,0,0,0,0,1,0,0,0,0,0,12,1240,Clear,Daylight,-79.3608,43.67
1117988,4875,Driver,40 to 44,None,"Automobile, Station Wagon",Turning Right,1,0,1,0,0,0,0,0,0,1,0,0,0,23,2300,Rain,Dark,-79.3007,43.7611
1117988,4876,Pedestrian,40 to 44,Major,Other,NULL,1,0,1,0,0,0,0,0,0,1,0,0,0,23,2300,Rain,Dark,-79.3007,43.7611
1119631,4748,Driver,65 to 69,None,"Automobile, Station Wagon",Turning Left,1,0,1,0,0,0,0,1,0,1,1,0,0,21,2120,Clear,Dark,-79.3886,43.7693
1119631,4749,Passenger,20 to 24,Minimal,Other,NULL,1,0,1,0,0,0,0,1,0,1,1,0,0,21,2120,Clear,Dark,-79.3886,43.7693
1119631,4750,Driver,20 to 24,None,"Automobile, Station Wagon",Going Ahead,1,0,1,0,0,0,0,1,0,1,1,0,0,21,2120,Clear,Dark,-79.3886,43.7693
1119631,4752,Pedestrian,50 to 54,Major,Other,NULL,1,0,1,0,0,0,0,1,0,1,1,0,0,21,2120,Clear,Dark,-79.3886,43.7693
1121596,4399,Driver,65 to 69,None,"Automobile, Station Wagon",Turning Left,0,0,1,1,0,0,0,0,0,1,0,0,0,17,1653,Clear,Daylight,-79.2934,43.6713
1121596,4406,Other,unknown,None,Other,Parked,0,0,1,1,0,0,0,0,0,1,0,0,0,17,1653,Clear,Daylight,-79.2934,43.6713
1121596,4496,Motorcycle Driver,55 to 59,Major,Motorcycle,Going Ahead,0,0,1,1,0,0,0,0,0,1,0,0,0,17,1653,Clear,Daylight,-79.2934,43.6713
1122739,4889,Driver,25 to 29,Major,"Automobile, Station Wagon",Going Ahead,0,0,1,0,0,0,0,0,1,1,0,1,0,7,703,Clear,Daylight,-79.3125,43.6672
1122775,4890,Driver,60 to 64,Major,"Automobile, Station Wagon",Going Ahead,0,0,1,0,0,0,0,0,0,1,0,0,0,7,740,Clear,Daylight,-79.3887,43.6976
1122775,4891,Other,unknown,None,Other,Parked,0,0,1,0,0,0,0,0,0,1,0,0,0,7,740,Clear,Daylight,-79.3887,43.6976
1123411,4916,Pedestrian,60 to 64,Major,Other,NULL,1,0,1,0,0,0,0,0,0,1,0,0,0,15,1540,Clear,Daylight,-79.4415,43.7553
1123411,4915,Driver,80 to 84,None,"Automobile, Station Wagon",Turning Right,1,0,1,0,0,0,0,0,0,1,0,0,0,15,1540,Clear,Daylight,-79.4415,43.7553
1123704,4479,Wheelchair,80 to 84,Major,Other,Going Ahead,1,0,1,0,0,0,0,0,0,1,0,0,0,15,1452,Clear,Daylight,-79.3011,43.6781
1123704,4481,Driver,60 to 64,None,"Automobile, Station Wagon",Going Ahead,1,0,1,0,0,0,0,0,0,1,0,0,0,15,1452,Clear,Daylight,-79.3011,43.6781
1124647,4375,Driver,20 to 24,None,"Automobile, Station Wagon",Turning Left,0,0,1,0,0,0,0,1,0,0,0,0,0,18,1800,Clear,Daylight,-79.4454,43.6551
1124647,4364,Passenger,20 to 24,Major,Other,NULL,0,0,1,0,0,0,0,1,0,0,0,0,0,18,1800,Clear,Daylight,-79.4454,43.6551
1124865,5111,Driver,40 to 44,None,"Automobile, Station Wagon",Going Ahead,1,0,1,0,0,0,0,0,0,0,0,0,0,14,1400,Clear,Daylight,-79.5799,43.7389
1124865,5220,Pedestrian,75 to 79,Fatal,Other,NULL,1,0,1,0,0,0,0,0,0,0,0,0,0,14,1400,Clear,Daylight,-79.5799,43.7389
1126015,5777,Passenger,20 to 24,None,Other,NULL,1,0,1,0,0,0,0,1,1,1,0,0,0,1,52,Clear,Dark,-79.496,43.7659
1126015,5778,Driver,25 to 29,None,"Automobile, Station Wagon",Going Ahead,1,0,1,0,0,0,0,1,1,1,0,0,0,1,52,Clear,Dark,-79.496,43.7659
1126015,5779,Pedestrian,20 to 24,Major,Other,NULL,1,0,1,0,0,0,0,1,1,1,0,0,0,1,52,Clear,Dark,-79.496,43.7659
1128166,4467,Truck Driver,20 to 24,None,Truck - Open,Turning Right,1,0,0,0,1,0,0,0,0,1,0,0,0,11,1142,Clear,Daylight,-79.2675,43.7311
1128166,4468,Pedestrian,20 to 24,Major,Other,NULL,1,0,0,0,1,0,0,0,0,1,0,0,0,11,1142,Clear,Daylight,-79.2675,43.7311
1128816,5788,Passenger,50 to 54,Major,Other,NULL,0,0,1,0,0,0,0,1,0,0,0,0,0,12,1230,Clear,Daylight,-79.368,43.6459
1128816,5787,Driver,25 to 29,None,"Automobile, Station Wagon",Changing Lanes,0,0,1,0,0,0,0,1,0,0,0,0,0,12,1230,Clear,Daylight,-79.368,43.6459
1128816,5789,Driver,25 to 29,None,"Automobile, Station Wagon",Going Ahead,0,0,1,0,0,0,0,1,0,0,0,0,0,12,1230,Clear,Daylight,-79.368,43.6459
1128823,4482,Driver,75 to 79,None,"Automobile, Station Wagon",Turning Left,0,1,1,0,0,0,0,0,0,0,0,0,0,11,1132,Clear,Daylight,-79.4686,43.6963
1128823,4483,Cyclist,55 to 59,Major,Bicycle,Going Ahead,0,1,1,0,0,0,0,0,0,0,0,0,0,11,1132,Clear,Daylight,-79.4686,43.6963
1132060,5802,Pedestrian,50 to 54,Major,Other,NULL,1,0,0,0,0,1,0,0,0,0,0,0,0,23,2315,Clear,Dark,-79.2839,43.7476
1132060,5804,Driver,50 to 54,None,Municipal Transit Bus (TTC),Pulling Away from Shoulder or Curb,1,0,0,0,0,1,0,0,0,0,0,0,0,23,2315,Clear,Dark,-79.2839,43.7476
1132092,5799,Driver,30 to 34,Minor,"Automobile, Station Wagon",Going Ahead,0,0,1,0,0,0,0,1,0,1,0,0,0,17,1700,Clear,Daylight,-79.3294,43.6977
1132092,5800,Passenger,25 to 29,Major,Other,NULL,0,0,1,0,0,0,0,1,0,1,0,0,0,17,1700,Clear,Daylight,-79.3294,43.6977
1132092,5801,Driver,20 to 24,Minor,"Automobile, Station Wagon",Turning Left,0,0,1,0,0,0,0,1,0,1,0,0,0,17,1700,Clear,Daylight,-79.3294,43.6977
1136343,5624,Driver,50 to 54,None,"Automobile, Station Wagon",Going Ahead,0,1,1,0,0,0,0,0,0,1,0,0,0,15,1452,Clear,Daylight,-79.4391,43.6435
1136343,5625,Cyclist,25 to 29,Major,Bicycle,Going Ahead,0,1,1,0,0,0,0,0,0,1,0,0,0,15,1452,Clear,Daylight,-79.4391,43.6435
1137408,5646,Pedestrian,35 to 39,Major,Other,NULL,1,0,1,0,0,0,0,0,0,1,0,0,0,15,1450,Clear,Daylight,-79.5464,43.7702
1137408,5647,Driver,unknown,None,"Automobile, Station Wagon",Turning Left,1,0,1,0,0,0,0,0,0,1,0,0,0,15,1450,Clear,Daylight,-79.5464,43.7702
1137440,5999,Driver,20 to 24,Major,Taxi,Turning Left,0,0,1,0,0,0,0,0,0,1,0,0,0,17,1722,Clear,Daylight,-79.5891,43.741
1137440,6000,Driver,25 to 29,Minor,"Automobile, Station Wagon",Going Ahead,0,0,1,0,0,0,0,0,0,1,0,0,0,17,1722,Clear,Daylight,-79.5891,43.741
1137790,5611,Driver,20 to 24,Major,"Automobile, Station Wagon",Going Ahead,0,0,1,0,0,0,0,0,0,1,0,0,0,4,422,Clear,Dark,-79.3806,43.6762
1141084,5627,Driver,55 to 59,Major,"Automobile, Station Wagon",Turning Right,0,0,1,0,0,0,0,0,0,1,0,0,0,13,1303,Clear,Daylight,-79.614,43.7554
1141084,5626,Driver,50 to 54,Major,"Automobile, Station Wagon",Turning Right,0,0,1,0,0,0,0,0,0,1,0,0,0,13,1303,Clear,Daylight,-79.614,43.7554
1141277,5868,Pedestrian,30 to 34,Major,Other,NULL,1,0,1,0,0,0,0,0,0,1,1,0,0,23,2320,Clear,Dark,-79.4429,43.7738
1141277,5869,Driver,unknown,None,"Automobile, Station Wagon",Going Ahead,1,0,1,0,0,0,0,0,0,1,1,0,0,23,2320,Clear,Dark,-79.4429,43.7738
1143363,5847,Driver,50 to 54,None,"Automobile, Station Wagon",Going Ahead,1,0,1,0,0,0,0,0,0,0,0,0,0,17,1725,Rain,Dark,-79.1865,43.8049
1143363,5849,Pedestrian,45 to 49,Major,Other,NULL,1,0,1,0,0,0,0,0,0,0,0,0,0,17,1725,Rain,Dark,-79.1865,43.8049
1143613,5852,Driver,60 to 64,Minor,"Automobile, Station Wagon",Going Ahead,0,0,1,0,0,0,0,0,1,1,1,0,1,20,2002,Clear,Dark,-79.5634,43.7048
1143613,5853,Driver,45 to 49,Major,"Automobile, Station Wagon",Going Ahead,0,0,1,0,0,0,0,0,1,1,1,0,1,20,2002,Clear,Dark,-79.5634,43.7048
1146864,5083,Driver,35 to 39,Fatal,"Automobile, Station Wagon",Going Ahead,0,0,1,0,0,0,0,0,1,1,0,0,0,3,329,Clear,Dark,-79.3631,43.6527
1146864,5085,Driver,35 to 39,Minor,"Automobile, Station Wagon",Going Ahead,0,0,1,0,0,0,0,0,1,1,0,0,0,3,329,Clear,Dark,-79.3631,43.6527
1148504,5004,Driver,15 to 19,None,"Automobile, Station Wagon",Going Ahead,1,0,1,0,0,0,0,0,0,1,1,0,0,15,1525,Clear,Daylight,-79.5319,43.6452
1148504,5005,Pedestrian,20 to 24,Major,Other,NULL,1,0,1,0,0,0,0,0,0,1,1,0,0,15,1525,Clear,Daylight,-79.5319,43.6452
1149558,5159,Driver,45 to 49,None,Municipal Transit Bus (TTC),Going Ahead,0,0,1,0,0,1,0,0,0,1,0,0,0,15,1503,Rain,Daylight,-79.4312,43.6805
1149558,5160,Driver,35 to 39,Major,"Automobile, Station Wagon",Turning Left,0,0,1,0,0,1,0,0,0,1,0,0,0,15,1503,Rain,Daylight,-79.4312,43.6805
1153073,5216,Passenger,45 to 49,Major,Other,NULL,0,0,1,0,0,0,0,1,0,0,0,0,0,0,9,Clear,Dark,-79.3045,43.7432
1153073,5215,Passenger,15 to 19,Major,Other,NULL,0,0,1,0,0,0,0,1,0,0,0,0,0,0,9,Clear,Dark,-79.3045,43.7432
1153073,5018,Passenger,15 to 19,Minor,Other,NULL,0,0,1,0,0,0,0,1,0,0,0,0,0,0,9,Clear,Dark,-79.3045,43.7432
1153073,5116,Passenger,30 to 34,Major,Other,NULL,0,0,1,0,0,0,0,1,0,0,0,0,0,0,9,Clear,Dark,-79.3045,43.7432
1153073,5223,Passenger,35 to 39,Major,Other,NULL,0,0,1,0,0,0,0,1,0,0,0,0,0,0,9,Clear,Dark,-79.3045,43.7432
1153073,5228,Driver,25 to 29,Fatal,"Automobile, Station Wagon",Turning Left,0,0,1,0,0,0,0,1,0,0,0,0,0,0,9,Clear,Dark,-79.3045,43.7432
1153073,5214,Driver,40 to 44,Major,"Automobile, Station Wagon",Going Ahead,0,0,1,0,0,0,0,1,0,0,0,0,0,0,9,Clear,Dark,-79.3045,43.7432
1153216,5173,Driver,unknown,None,"Automobile, Station Wagon",Turning Left,1,0,1,0,0,0,0,0,0,1,0,0,0,18,1845,Clear,Dusk,-79.5587,43.7485
1153216,5174,Pedestrian,50 to 54,Major,Other,NULL,1,0,1,0,0,0,0,0,0,1,0,0,0,18,1845,Clear,Dusk,-79.5587,43.7485
1154795,5502,Pedestrian,50 to 54,Major,Other,NULL,1,0,1,0,0,0,0,0,0,0,0,0,0,23,2320,Clear,Dark,-79.482,43.6308
1154795,5503,Pedestrian,50 to 54,Major,Other,NULL,1,0,1,0,0,0,0,0,0,0,0,0,0,23,2320,Clear,Dark,-79.482,43.6308
1154795,5504,Driver,20 to 24,None,"Automobile, Station Wagon",Going Ahead,1,0,1,0,0,0,0,0,0,0,0,0,0,23,2320,Clear,Dark,-79.482,43.6308
1155324,5148,Driver,75 to 79,Major,"Automobile, Station Wagon",Going Ahead,0,0,1,0,0,0,0,0,0,0,0,0,0,15,1520,Clear,Daylight,-79.1509,43.7794
1157271,5192,Other,unknown,None,Other,Parked,0,1,0,0,0,0,0,0,0,0,0,0,0,18,1848,Clear,Dark,-79.3544,43.6923
1157271,5193,Cyclist,50 to 54,Major,Bicycle,Going Ahead,0,1,0,0,0,0,0,0,0,0,0,0,0,18,1848,Clear,Dark,-79.3544,43.6923
1157528,5194,Passenger,20 to 24,Major,Other,NULL,0,0,1,0,0,0,0,1,1,1,0,0,0,20,2020,Clear,Dark,-79.4808,43.6745
1058507,3988,Truck Driver,50 to 54,Minor,Truck - Open,Going Ahead,0,0,1,0,1,0,0,0,0,0,0,0,0,14,1402,Clear,Daylight,-79.5381,43.5933
1058507,3989,Driver,25 to 29,Major,"Automobile, Station Wagon",Making U Turn,0,0,1,0,1,0,0,0,0,0,0,0,0,14,1402,Clear,Daylight,-79.5381,43.5933
1059152,3422,Driver,35 to 39,Minimal,"Automobile, Station Wagon",Going Ahead,0,0,1,0,0,0,0,0,0,1,0,0,0,14,1445,Clear,Daylight,-79.5946,43.6848
1059152,3425,Driver,45 to 49,Major,"Automobile, Station Wagon",Stopped,0,0,1,0,0,0,0,0,0,1,0,0,0,14,1445,Clear,Daylight,-79.5946,43.6848
1059416,3437,Driver,45 to 49,None,"Automobile, Station Wagon",Going Ahead,0,0,1,0,0,0,0,1,0,1,0,0,0,19,1900,Clear,Daylight,-79.6383,43.749
1059416,3443,Passenger,40 to 44,Major,Other,NULL,0,0,1,0,0,0,0,1,0,1,0,0,0,19,1900,Clear,Daylight,-79.6383,43.749
1059416,3444,Driver,25 to 29,Minor,"Automobile, Station Wagon",Pulling Onto Shoulder or towardCurb,0,0,1,0,0,0,0,1,0,1,0,0,0,19,1900,Clear,Daylight,-79.6383,43.749
1060815,3970,Driver,25 to 29,None,"Automobile, Station Wagon",Turning Left,0,1,1,0,0,0,0,0,0,0,0,0,0,14,1425,Clear,Daylight,-79.3581,43.7018
1060815,3971,Cyclist,45 to 49,Major,Bicycle,Going Ahead,0,1,1,0,0,0,0,0,0,0,0,0,0,14,1425,Clear,Daylight,-79.3581,43.7018
1062115,3383,Driver,20 to 24,None,"Automobile, Station Wagon",Turning Left,1,0,1,0,0,0,0,0,0,1,0,0,0,9,920,Clear,Daylight,-79.4575,43.6747
1062115,3390,Pedestrian,0 to 4,None,Other,NULL,1,0,1,0,0,0,0,0,0,1,0,0,0,9,920,Clear,Daylight,-79.4575,43.6747
1062115,3397,Pedestrian,30 to 34,Major,Other,Unknown,1,0,1,0,0,0,0,0,0,1,0,0,0,9,920,Clear,Daylight,-79.4575,43.6747