ACCNUM,ObjectId,INVTYPE,INVAGE,INJURY,VEHTYPE,MANOEUVER,PEDESTRIAN,CYCLIST,AUTOMOBILE,MOTORCYCLE,TRUCK,TRSN_CITY_VEH,EMERG_VEH,PASSENGER,SPEEDING,AG_DRIV,REDLIGHT,ALCOHOL,DISABILITY,HOUR,TIME,VISIBILITY,LIGHT,collision_lat,collision_long
1062626,3301,Motorcycle Driver,35 to 39,Fatal,Motorcycle,Merging,0,0,1,1,0,0,0,1,1,1,0,0,0,23,2327,Clear,Dark,-79.4668,43.6363
1062626,3302,Driver,40 to 44,None,Delivery Van,Stopped,0,0,1,1,0,0,0,1,1,1,0,0,0,23,2327,Clear,Dark,-79.4668,43.6363
1062626,3304,Passenger,30 to 34,None,NULL,NULL,0,0,1,1,0,0,0,1,1,1,0,0,0,23,2327,Clear,Dark,-79.4668,43.6363
1062626,3305,Driver,30 to 34,None,"Automobile, Station Wagon",Going Ahead,0,0,1,1,0,0,0,1,1,1,0,0,0,23,2327,Clear,Dark,-79.4668,43.6363
1062626,3306,Passenger,30 to 34,None,NULL,NULL,0,0,1,1,0,0,0,1,1,1,0,0,0,23,2327,Clear,Dark,-79.4668,43.6363
1065334,3328,Driver,unknown,None,"Automobile, Station Wagon",Turning Right,1,0,1,0,0,0,0,0,0,1,0,0,0,22,2207,Clear,Dark,-79.5393,43.6509
1065334,3329,Pedestrian,80 to 84,Major,Other,NULL,1,0,1,0,0,0,0,0,0,1,0,0,0,22,2207,Clear,Dark,-79.5393,43.6509
1065436,3492,Driver,65 to 69,Major,"Automobile, Station Wagon",Going Ahead,0,0,1,0,0,0,0,0,0,0,0,1,0,20,2021,Clear,Dark,-79.427,43.7079
1065436,3493,Driver,80 to 84,None,"Automobile, Station Wagon",Turning Right,0,0,1,0,0,0,0,0,0,0,0,1,0,20,2021,Clear,Dark,-79.427,43.7079
1066104,3375,Pedestrian,65 to 69,Major,Other,Going Ahead,1,0,0,0,0,0,0,0,0,0,0,0,0,19,1940,Clear,Dark,-79.3584,43.7114
1067165,4387,Passenger,20 to 24,None,Other,NULL,1,0,1,0,0,0,0,1,1,1,0,0,0,18,1836,Clear,Dark,-79.3837,43.6557
1067165,4389,Driver,20 to 24,None,"Automobile, Station Wagon",Changing Lanes,1,0,1,0,0,0,0,1,1,1,0,0,0,18,1836,Clear,Dark,-79.3837,43.6557
1067165,4395,Pedestrian,20 to 24,Major,Other,NULL,1,0,1,0,0,0,0,1,1,1,0,0,0,18,1836,Clear,Dark,-79.3837,43.6557
1067165,4380,Driver,65 to 69,None,"Automobile, Station Wagon",Turning Left,1,0,1,0,0,0,0,1,1,1,0,0,0,18,1836,Clear,Dark,-79.3837,43.6557
1067165,4363,Passenger,50 to 54,None,Other,NULL,1,0,1,0,0,0,0,1,1,1,0,0,0,18,1836,Clear,Dark,-79.3837,43.6557
1069312,3715,Driver,unknown,None,Other,Reversing,1,0,0,0,0,0,0,0,0,0,0,0,0,22,2240,Clear,Dark,-79.4216,43.7932
1069312,3718,Pedestrian,50 to 54,Major,Other,NULL,1,0,0,0,0,0,0,0,0,0,0,0,0,22,2240,Clear,Dark,-79.4216,43.7932
1070741,3314,Driver,30 to 34,None,"Automobile, Station Wagon",Turning Left,0,0,1,1,0,0,0,0,0,0,0,0,0,7,700,Clear,Daylight,-79.2609,43.8248
1070741,3315,Motorcycle Driver,25 to 29,Major,Motorcycle,Going Ahead,0,0,1,1,0,0,0,0,0,0,0,0,0,7,700,Clear,Daylight,-79.2609,43.8248
1073449,4805,Driver,45 to 49,None,"Automobile, Station Wagon",Turning Right,0,0,1,0,0,0,0,0,0,1,1,0,0,18,1820,Clear,Dark,-79.2896,43.733
1073449,4806,Driver,40 to 44,Major,"Automobile, Station Wagon",Going Ahead,0,0,1,0,0,0,0,0,0,1,1,0,0,18,1820,Clear,Dark,-79.2896,43.733
1073722,4824,Driver,30 to 34,None,"Automobile, Station Wagon",Going Ahead,1,0,1,0,0,0,0,0,0,0,0,0,0,18,1819,Clear,Dark,-79.4663,43.7104
1073722,4825,Pedestrian,25 to 29,Major,Other,NULL,1,0,1,0,0,0,0,0,0,0,0,0,0,18,1819,Clear,Dark,-79.4663,43.7104
1073990,4809,Driver,45 to 49,None,"Automobile, Station Wagon",Going Ahead,1,0,1,0,0,0,0,0,0,1,1,0,0,11,1130,Clear,Daylight,-79.4894,43.6869
1073990,4810,Pedestrian,35 to 39,Major,Other,NULL,1,0,1,0,0,0,0,0,0,1,1,0,0,11,1130,Clear,Daylight,-79.4894,43.6869
1073992,4811,Driver,85 to 89,Major,"Automobile, Station Wagon",Going Ahead,0,0,1,0,0,0,0,1,0,1,0,0,0,12,1152,Clear,Daylight,-79.458,43.729
1073992,4812,Passenger,50 to 54,Minor,Other,NULL,0,0,1,0,0,0,0,1,0,1,0,0,0,12,1152,Clear,Daylight,-79.458,43.729
1073992,4813,Driver,20 to 24,Minor,"Automobile, Station Wagon",Stopped,0,0,1,0,0,0,0,1,0,1,0,0,0,12,1152,Clear,Daylight,-79.458,43.729
1073992,4814,Driver,50 to 54,Minor,"Automobile, Station Wagon",Stopped,0,0,1,0,0,0,0,1,0,1,0,0,0,12,1152,Clear,Daylight,-79.458,43.729
1075796,4843,Driver,30 to 34,None,"Automobile, Station Wagon",Turning Left,1,0,1,0,0,0,0,0,0,0,0,0,0,9,920,Clear,Daylight,-79.4386,43.6592
1075796,4844,Pedestrian,unknown,Major,Other,Other,1,0,1,0,0,0,0,0,0,0,0,0,0,9,920,Clear,Daylight,-79.4386,43.6592
1075887,4857,Driver,unknown,None,"Automobile, Station Wagon",Slowing or Stopping,0,1,1,0,0,0,0,0,0,0,0,0,0,19,1930,Clear,Dark,-79.5656,43.7381
1075887,4859,Cyclist,45 to 49,Major,Bicycle,Going Ahead,0,1,1,0,0,0,0,0,0,0,0,0,0,19,1930,Clear,Dark,-79.5656,43.7381
1076123,4377,Pedestrian,50 to 54,Major,Other,NULL,1,0,1,0,0,0,0,0,0,0,0,0,0,18,1754,Rain,Dark,-79.3574,43.6595
1076123,4379,Driver,45 to 49,None,"Automobile, Station Wagon",Turning Left,1,0,1,0,0,0,0,0,0,0,0,0,0,18,1754,Rain,Dark,-79.3574,43.6595
1079597,4943,Driver,50 to 54,None,"Automobile, Station Wagon",Going Ahead,1,0,1,0,0,0,0,0,0,0,0,0,0,7,706,Clear,Daylight,-79.4967,43.7233
1079597,4944,Pedestrian,40 to 44,Major,Other,NULL,1,0,1,0,0,0,0,0,0,0,0,0,0,7,706,Clear,Daylight,-79.4967,43.7233
1079931,4270,Pedestrian,55 to 59,Major,Other,NULL,1,0,0,0,0,1,0,0,0,0,0,0,0,16,1640,Snow,Daylight,-79.4602,43.6934
1079931,4269,Driver,50 to 54,None,Municipal Transit Bus (TTC),Going Ahead,1,0,0,0,0,1,0,0,0,0,0,0,0,16,1640,Snow,Daylight,-79.4602,43.6934
1081003,4963,Driver,55 to 59,Minimal,"Automobile, Station Wagon",Turning Left,0,0,1,0,0,0,0,1,0,0,0,0,0,12,1215,Clear,Daylight,-79.3698,43.6456
1081003,4964,Passenger,70 to 74,Major,Other,NULL,0,0,1,0,0,0,0,1,0,0,0,0,0,12,1215,Clear,Daylight,-79.3698,43.6456
1081003,4965,Driver,70 to 74,Minor,"Automobile, Station Wagon",Going Ahead,0,0,1,0,0,0,0,1,0,0,0,0,0,12,1215,Clear,Daylight,-79.3698,43.6456
1085413,4111,Driver,20 to 24,None,"Automobile, Station Wagon",Going Ahead,0,0,1,0,0,0,0,0,0,1,0,0,0,21,2140,Other,Dark,-79.2064,43.8083
1085413,4003,Driver,20 to 24,Major,"Automobile, Station Wagon",Going Ahead,0,0,1,0,0,0,0,0,0,1,0,0,0,21,2140,Other,Dark,-79.2064,43.8083
1085958,4334,Driver,50 to 54,None,"Automobile, Station Wagon",Turning Left,1,0,1,0,0,0,0,0,0,1,0,0,0,14,1430,Clear,Daylight,-79.2512,43.7063
1085958,4335,Pedestrian,80 to 84,Major,Other,NULL,1,0,1,0,0,0,0,0,0,1,0,0,0,14,1430,Clear,Daylight,-79.2512,43.7063
1088989,4123,Passenger,20 to 24,Fatal,Other,NULL,0,0,1,0,0,0,0,1,0,0,0,1,0,1,125,Clear,Dark,-79.2376,43.7689
1088989,4129,Driver,20 to 24,Minor,"Automobile, Station Wagon",Going Ahead,0,0,1,0,0,0,0,1,0,0,0,1,0,1,125,Clear,Dark,-79.2376,43.7689
1089527,4376,Driver,55 to 59,None,"Automobile, Station Wagon",Turning Left,1,0,1,0,0,0,0,0,0,1,0,0,0,6,613,Clear,Dark,-79.2921,43.8145
1089527,4383,Pedestrian,60 to 64,Major,Other,NULL,1,0,1,0,0,0,0,0,0,1,0,0,0,6,613,Clear,Dark,-79.2921,43.8145
1090872,4297,Driver,45 to 49,None,Municipal Transit Bus (TTC),Going Ahead,0,0,1,0,0,1,0,0,0,1,1,0,0,15,1528,Snow,Daylight,-79.4524,43.7038
1090872,4298,Driver,45 to 49,Major,"Automobile, Station Wagon",Going Ahead,0,0,1,0,0,1,0,0,0,1,1,0,0,15,1528,Snow,Daylight,-79.4524,43.7038
1093203,4672,Other,unknown,None,Other,Parked,0,0,1,0,0,0,0,1,1,1,0,1,0,4,350,Rain,Dark,-79.2105,43.7378
1093203,4673,Passenger,20 to 24,Fatal,Other,NULL,0,0,1,0,0,0,0,1,1,1,0,1,0,4,350,Rain,Dark,-79.2105,43.7378
1093203,4674,Driver,20 to 24,Major,"Automobile, Station Wagon",Going Ahead,0,0,1,0,0,0,0,1,1,1,0,1,0,4,350,Rain,Dark,-79.2105,43.7378
1094875,4311,Driver,55 to 59,Major,"Automobile, Station Wagon",Going Ahead,0,0,1,0,0,0,0,0,0,1,0,0,0,0,17,Clear,Dark,-79.3373,43.6549
1094875,4313,Driver,20 to 24,Minimal,"Automobile, Station Wagon",Turning Left,0,0,1,0,0,0,0,0,0,1,0,0,0,0,17,Clear,Dark,-79.3373,43.6549
1095752,4623,Driver,35 to 39,None,"Automobile, Station Wagon",Turning Left,1,0,1,0,0,0,0,0,0,1,0,0,0,23,2319,Clear,Dark,-79.3301,43.6632
1095752,4624,Pedestrian,25 to 29,Major,Other,Other,1,0,1,0,0,0,0,0,0,1,0,0,0,23,2319,Clear,Dark,-79.3301,43.6632
1097622,4010,Truck Driver,50 to 54,Minimal,Truck - Open,Turning Left,0,0,1,0,1,0,0,0,0,0,0,0,0,5,500,Clear,Dark,-79.5872,43.6895
1097622,4012,Driver,45 to 49,Major,"Automobile, Station Wagon",Going Ahead,0,0,1,0,1,0,0,0,0,0,0,0,0,5,500,Clear,Dark,-79.5872,43.6895
1098792,4082,Pedestrian,75 to 79,Major,Other,NULL,1,0,1,0,0,0,0,0,0,1,0,0,0,9,910,Clear,Daylight,-79.4293,43.6611
1098792,4081,Driver,75 to 79,None,"Automobile, Station Wagon",Turning Left,1,0,1,0,0,0,0,0,0,1,0,0,0,9,910,Clear,Daylight,-79.4293,43.6611
1098951,4089,Driver,60 to 64,None,"Automobile, Station Wagon",Going Ahead,1,0,1,0,0,0,0,0,0,0,0,0,0,23,2302,Clear,Dark,-79.2587,43.7896
1151934,5103,Pedestrian,50 to 54,Major,Other,NULL,1,0,1,0,0,0,0,0,0,1,0,0,0,14,1401,Clear,Daylight,-79.5028,43.6995
1152152,5121,Driver,50 to 54,Minimal,"Automobile, Station Wagon",Going Ahead,0,0,1,0,0,0,0,1,1,1,0,0,0,22,2150,Clear,Dark,-79.3469,43.7751
1152152,5122,Passenger,20 to 24,Minimal,Other,NULL,0,0,1,0,0,0,0,1,1,1,0,0,0,22,2150,Clear,Dark,-79.3469,43.7751
1152152,5124,Driver,25 to 29,Major,"Automobile, Station Wagon",Going Ahead,0,0,1,0,0,0,0,1,1,1,0,0,0,22,2150,Clear,Dark,-79.3469,43.7751
1153473,5363,Driver,15 to 19,None,"Automobile, Station Wagon",Going Ahead,0,0,1,0,0,0,0,1,1,1,0,0,0,0,18,Clear,Dark,-79.2886,43.7046
1153473,5256,Passenger,15 to 19,Fatal,Other,NULL,0,0,1,0,0,0,0,1,1,1,0,0,0,0,18,Clear,Dark,-79.2886,43.7046
1153473,5263,Passenger,15 to 19,Major,Other,NULL,0,0,1,0,0,0,0,1,1,1,0,0,0,0,18,Clear,Dark,-79.2886,43.7046
1153473,5269,Passenger,15 to 19,Major,Other,NULL,0,0,1,0,0,0,0,1,1,1,0,0,0,0,18,Clear,Dark,-79.2886,43.7046
1154355,4184,Driver,45 to 49,None,"Automobile, Station Wagon",Stopped,0,1,1,0,0,0,0,0,0,0,0,0,0,8,820,Clear,Daylight,-79.3885,43.7042
1154355,4185,Cyclist,20 to 24,Major,Bicycle,Going Ahead,0,1,1,0,0,0,0,0,0,0,0,0,0,8,820,Clear,Daylight,-79.3885,43.7042
1155645,5163,Passenger,35 to 39,Minor,Other,NULL,0,0,1,0,0,0,0,1,0,1,1,0,0,20,2031,Rain,Daylight,-79.2691,43.8116
1155645,5170,Driver,40 to 44,Major,"Automobile, Station Wagon",Going Ahead,0,0,1,0,0,0,0,1,0,1,1,0,0,20,2031,Rain,Daylight,-79.2691,43.8116
1155645,5164,Driver,30 to 34,Minor,"Automobile, Station Wagon",Slowing or Stopping,0,0,1,0,0,0,0,1,0,1,1,0,0,20,2031,Rain,Daylight,-79.2691,43.8116
1155645,5166,Driver,20 to 24,Minimal,"Automobile, Station Wagon",Going Ahead,0,0,1,0,0,0,0,1,0,1,1,0,0,20,2031,Rain,Daylight,-79.2691,43.8116
1155645,5168,Driver,30 to 34,Minimal,"Automobile, Station Wagon",Slowing or Stopping,0,0,1,0,0,0,0,1,0,1,1,0,0,20,2031,Rain,Daylight,-79.2691,43.8116
1156513,5176,Driver,20 to 24,None,"Automobile, Station Wagon",Going Ahead,1,0,1,0,0,0,0,0,0,0,0,0,0,15,1541,Clear,Daylight,-79.3,43.6931
1156513,5177,Pedestrian,50 to 54,Major,Other,NULL,1,0,1,0,0,0,0,0,0,0,0,0,0,15,1541,Clear,Daylight,-79.3,43.6931
1158000,5552,Driver,55 to 59,None,"Automobile, Station Wagon",Going Ahead,1,0,1,0,0,0,0,0,0,1,0,0,0,10,955,Clear,Daylight,-79.4496,43.748
1158000,5553,Pedestrian,80 to 84,Major,Other,NULL,1,0,1,0,0,0,0,0,0,1,0,0,0,10,955,Clear,Daylight,-79.4496,43.748
1159036,5264,Driver,25 to 29,Minor,"Automobile, Station Wagon",Stopped,0,0,1,0,0,0,0,1,0,1,0,0,0,17,1720,Clear,Daylight,-79.3301,43.7236
1159036,5257,Driver,40 to 44,None,"Automobile, Station Wagon",Going Ahead,0,0,1,0,0,0,0,1,0,1,0,0,0,17,1720,Clear,Daylight,-79.3301,43.7236
1159036,5270,Passenger,20 to 24,Major,Other,NULL,0,0,1,0,0,0,0,1,0,1,0,0,0,17,1720,Clear,Daylight,-79.3301,43.7236
1159036,5272,Driver,20 to 24,None,"Automobile, Station Wagon",Stopped,0,0,1,0,0,0,0,1,0,1,0,0,0,17,1720,Clear,Daylight,-79.3301,43.7236
1161157,5295,Driver,40 to 44,None,"Automobile, Station Wagon",Going Ahead,1,0,1,0,0,0,0,0,0,0,0,0,0,15,1545,Rain,Daylight,-79.452,43.6551
1161157,5296,Pedestrian,70 to 74,Major,Other,NULL,1,0,1,0,0,0,0,0,0,0,0,0,0,15,1545,Rain,Daylight,-79.452,43.6551
1162012,5311,Driver,40 to 44,Major,"Automobile, Station Wagon",Going Ahead,0,0,1,0,0,0,0,1,0,1,1,0,1,6,559,Clear,Dawn,-79.3168,43.8213
1162012,5310,Passenger,70 to 74,Fatal,Other,NULL,0,0,1,0,0,0,0,1,0,1,1,0,1,6,559,Clear,Dawn,-79.3168,43.8213
1162012,5309,Passenger,40 to 44,Major,Other,NULL,0,0,1,0,0,0,0,1,0,1,1,0,1,6,559,Clear,Dawn,-79.3168,43.8213
1162012,5312,Driver,35 to 39,Minor,"Automobile, Station Wagon",Going Ahead,0,0,1,0,0,0,0,1,0,1,1,0,1,6,559,Clear,Dawn,-79.3168,43.8213
1163934,5337,Passenger,25 to 29,Major,Other,NULL,0,0,1,0,0,0,0,1,1,1,0,1,0,0,21,Clear,Dark,-79.4828,43.7652
1163934,5338,Driver,25 to 29,Major,"Automobile, Station Wagon",Going Ahead,0,0,1,0,0,0,0,1,1,1,0,1,0,0,21,Clear,Dark,-79.4828,43.7652
1165188,5304,Driver,15 to 19,None,"Automobile, Station Wagon",Going Ahead,1,0,1,0,0,0,0,0,0,1,0,0,0,16,1635,Clear,Daylight,-79.3808,43.6563
1165188,5305,Pedestrian,20 to 24,Major,Other,NULL,1,0,1,0,0,0,0,0,0,1,0,0,0,16,1635,Clear,Daylight,-79.3808,43.6563
1168213,5684,Driver,35 to 39,Major,"Automobile, Station Wagon",Changing Lanes,0,0,1,0,0,0,0,0,0,1,0,0,0,14,1415,Clear,Daylight,-79.5137,43.6203
1168213,5675,Driver,15 to 19,None,"Automobile, Station Wagon",Going Ahead,0,0,1,0,0,0,0,0,0,1,0,0,0,14,1415,Clear,Daylight,-79.5137,43.6203
1168396,5694,Driver,25 to 29,None,"Automobile, Station Wagon",Going Ahead,1,0,1,0,0,0,0,0,0,0,0,0,0,11,1136,Clear,Daylight,-79.4418,43.6504
1168396,5695,Pedestrian,65 to 69,Fatal,Other,NULL,1,0,1,0,0,0,0,0,0,0,0,0,0,11,1136,Clear,Daylight,-79.4418,43.6504
1171639,5385,Driver,30 to 34,None,"Automobile, Station Wagon",Going Ahead,0,1,1,0,0,0,0,0,0,0,0,0,0,3,310,Clear,Dark,-79.4235,43.6397
1171639,5386,Moped Driver,35 to 39,Major,"Automobile, Station Wagon",Going Ahead,0,1,1,0,0,0,0,0,0,0,0,0,0,3,310,Clear,Dark,-79.4235,43.6397
1175797,5355,Cyclist,25 to 29,Major,Bicycle,Going Ahead,0,1,1,0,0,0,0,0,0,0,0,0,0,15,1542,Clear,Daylight,-79.3358,43.662
1175797,5357,Driver,50 to 54,None,"Automobile, Station Wagon",Going Ahead,0,1,1,0,0,0,0,0,0,0,0,0,0,15,1542,Clear,Daylight,-79.3358,43.662
1176502,6951,Driver,55 to 59,None,Municipal Transit Bus (TTC),Going Ahead,1,0,0,0,0,1,0,0,0,0,0,0,0,17,1725,Clear,Daylight,-79.2513,43.7359
1176502,6952,Pedestrian,55 to 59,Major,Other,Unknown,1,0,0,0,0,1,0,0,0,0,0,0,0,17,1725,Clear,Daylight,-79.2513,43.7359
1177187,5746,Driver,35 to 39,None,"Automobile, Station Wagon",Turning Left,1,0,1,0,0,0,0,0,0,1,0,0,0,11,1050,Clear,Daylight,-79.4326,43.6423
1177187,5747,Pedestrian,40 to 44,Major,Other,NULL,1,0,1,0,0,0,0,0,0,1,0,0,0,11,1050,Clear,Daylight,-79.4326,43.6423
1177202,5737,Passenger,10 to 14,Minor,Other,NULL,0,0,1,0,0,0,0,1,0,0,0,0,0,10,1030,Clear,Daylight,-79.4255,43.7009
1177202,5739,Driver,35 to 39,Minimal,"Automobile, Station Wagon",Going Ahead,0,0,1,0,0,0,0,1,0,0,0,0,0,10,1030,Clear,Daylight,-79.4255,43.7009
1177202,5740,Passenger,10 to 14,Major,Other,NULL,0,0,1,0,0,0,0,1,0,0,0,0,0,10,1030,Clear,Daylight,-79.4255,43.7009
1177202,5741,Passenger,5 to 9,Major,Other,NULL,0,0,1,0,0,0,0,1,0,0,0,0,0,10,1030,Clear,Daylight,-79.4255,43.7009
1177202,5742,Passenger,40 to 44,Major,Other,NULL,0,0,1,0,0,0,0,1,0,0,0,0,0,10,1030,Clear,Daylight,-79.4255,43.7009
1177202,5743,Passenger,40 to 44,Minor,Other,NULL,0,0,1,0,0,0,0,1,0,0,0,0,0,10,1030,Clear,Daylight,-79.4255,43.7009
1177202,5745,Driver,40 to 44,Minimal,"Automobile, Station Wagon",Turning Left,0,0,1,0,0,0,0,1,0,0,0,0,0,10,1030,Clear,Daylight,-79.4255,43.7009
1180110,6197,Driver,60 to 64,Minor,"Automobile, Station Wagon",Going Ahead,0,0,1,0,0,0,0,1,1,1,0,1,0,7,700,Clear,Daylight,-79.4328,43.7812
1180110,6198,Passenger,25 to 29,Minor,Other,NULL,0,0,1,0,0,0,0,1,1,1,0,1,0,7,700,Clear,Daylight,-79.4328,43.7812
1180110,6199,Passenger,25 to 29,Fatal,Other,NULL,0,0,1,0,0,0,0,1,1,1,0,1,0,7,700,Clear,Daylight,-79.4328,43.7812
1180110,6200,Driver,25 to 29,Major,"Automobile, Station Wagon",Going Ahead,0,0,1,0,0,0,0,1,1,1,0,1,0,7,700,Clear,Daylight,-79.4328,43.7812
1180110,6196,Passenger,60 to 64,Major,Other,NULL,0,0,1,0,0,0,0,1,1,1,0,1,0,7,700,Clear,Daylight,-79.4328,43.7812
1180110,6194,Other,unknown,None,Other,Parked,0,0,1,0,0,0,0,1,1,1,0,1,0,7,700,Clear,Daylight,-79.4328,43.7812
1180110,6195,Other,unknown,None,Other,Parked,0,0,1,0,0,0,0,1,1,1,0,1,0,7,700,Clear,Daylight,-79.4328,43.7812
1180878,5401,Driver,35 to 39,None,"Automobile, Station Wagon",Overtaking,0,1,1,0,0,0,0,0,0,1,0,0,0,9,908,Clear,Daylight,-79.3629,43.6601
1180878,5402,Cyclist,40 to 44,Major,Bicycle,Going Ahead,0,1,1,0,0,0,0,0,0,1,0,0,0,9,908,Clear,Daylight,-79.3629,43.6601
1181132,5414,Driver,55 to 59,Major,"Automobile, Station Wagon",Turning Left,0,0,1,0,0,0,0,0,0,0,0,0,0,21,2145,Clear,Dark,-79.3094,43.7591
1181132,5415,Driver,25 to 29,None,"Automobile, Station Wagon",Going Ahead,0,0,1,0,0,0,0,0,0,0,0,0,0,21,2145,Clear,Dark,-79.3094,43.7591
1181546,5428,Other,unknown,None,Other,Parked,1,0,0,0,0,0,0,0,0,0,0,0,0,17,1700,Clear,Daylight,-79.5995,43.7563
1181546,5429,Pedestrian,30 to 34,Major,Other,NULL,1,0,0,0,0,0,0,0,0,0,0,0,0,17,1700,Clear,Daylight,-79.5995,43.7563
1181613,5430,Driver,50 to 54,None,"Automobile, Station Wagon",Stopped,0,1,1,0,0,0,0,0,0,0,0,0,0,16,1600,Clear,Daylight,-79.3847,43.661
1181613,5431,Cyclist,30 to 34,Major,Bicycle,Going Ahead,0,1,1,0,0,0,0,0,0,0,0,0,0,16,1600,Clear,Daylight,-79.3847,43.661
1182235,5448,Driver,25 to 29,Major,"Automobile, Station Wagon",Turning Left,0,0,1,0,0,0,0,1,0,0,0,0,0,23,2345,Clear,Dark,-79.5082,43.7019
1182235,5449,Passenger,60 to 64,Minor,Other,NULL,0,0,1,0,0,0,0,1,0,0,0,0,0,23,2345,Clear,Dark,-79.5082,43.7019
1182235,5450,Driver,65 to 69,Minor,"Automobile, Station Wagon",Going Ahead,0,0,1,0,0,0,0,1,0,0,0,0,0,23,2345,Clear,Dark,-79.5082,43.7019
1182499,6920,Other,unknown,None,Other,Parked,0,0,0,1,0,0,0,0,0,0,0,0,0,21,2140,Clear,Dark,-79.4435,43.6606
1182499,6921,Motorcycle Driver,25 to 29,Major,Motorcycle,Going Ahead,0,0,0,1,0,0,0,0,0,0,0,0,0,21,2140,Clear,Dark,-79.4435,43.6606
1184071,6967,Passenger,20 to 24,Major,Other,NULL,0,0,1,0,0,0,0,1,0,0,0,1,0,3,341,Clear,Dark,-79.5311,43.6494
1184071,6968,Passenger,20 to 24,Minimal,Other,NULL,0,0,1,0,0,0,0,1,0,0,0,1,0,3,341,Clear,Dark,-79.5311,43.6494
1184071,6969,Driver,25 to 29,None,"Automobile, Station Wagon",Going Ahead,0,0,1,0,0,0,0,1,0,0,0,1,0,3,341,Clear,Dark,-79.5311,43.6494
1161585,5529,Driver,55 to 59,None,"Automobile, Station Wagon",Turning Left,1,0,1,0,0,0,0,0,0,1,0,0,0,7,733,Clear,Daylight,-79.2564,43.7853
1161585,5530,Pedestrian,55 to 59,Major,Other,NULL,1,0,1,0,0,0,0,0,0,1,0,0,0,7,733,Clear,Daylight,-79.2564,43.7853
1162587,5549,Driver,50 to 54,Minimal,"Automobile, Station Wagon",Turning Left,1,0,1,0,0,0,0,0,0,1,0,0,0,8,838,Clear,Daylight,-79.3122,43.7974
1162587,5550,Pedestrian,50 to 54,Major,Other,NULL,1,0,1,0,0,0,0,0,0,1,0,0,0,8,838,Clear,Daylight,-79.3122,43.7974
1163442,5564,Driver,75 to 79,None,"Automobile, Station Wagon",Going Ahead,1,0,1,0,0,0,0,0,0,1,0,0,0,8,845,Clear,Daylight,-79.4988,43.6174
1163442,5565,Pedestrian,85 to 89,Major,Other,NULL,1,0,1,0,0,0,0,0,0,1,0,0,0,8,845,Clear,Daylight,-79.4988,43.6174
1163874,5273,Driver,25 to 29,None,"Automobile, Station Wagon",Going Ahead,1,0,1,0,0,0,0,0,0,0,0,0,0,20,2039,Clear,Dark,-79.3614,43.6562
1163874,5274,Pedestrian,5 to 9,Major,Other,NULL,1,0,1,0,0,0,0,0,0,0,0,0,0,20,2039,Clear,Dark,-79.3614,43.6562
1168069,5221,Driver,40 to 44,None,"Automobile, Station Wagon",Slowing or Stopping,0,0,1,1,0,0,0,0,0,1,0,0,0,17,1720,Clear,Daylight,-79.4664,43.682
1168069,5110,Motorcycle Driver,30 to 34,Major,Motorcycle,Overtaking,0,0,1,1,0,0,0,0,0,1,0,0,0,17,1720,Clear,Daylight,-79.4664,43.682
1168520,5700,Driver,75 to 79,Minimal,"Automobile, Station Wagon",Going Ahead,1,0,1,0,0,0,0,0,0,0,0,0,0,13,1312,Clear,Daylight,-79.5009,43.6208
1168520,5701,Pedestrian,65 to 69,Major,Other,NULL,1,0,1,0,0,0,0,0,0,0,0,0,0,13,1312,Clear,Daylight,-79.5009,43.6208
1169356,5724,Motorcycle Driver,20 to 24,Major,Motorcycle,Going Ahead,0,0,0,1,0,0,0,0,0,0,0,0,0,21,2105,Clear,Dark,-79.1627,43.81
1169790,5735,Motorcycle Driver,50 to 54,Fatal,Motorcycle,Going Ahead,0,0,1,1,0,0,0,0,0,0,0,0,0,10,1028,Clear,Daylight,-79.207,43.7675
1169790,5736,Driver,40 to 44,None,"Automobile, Station Wagon",Going Ahead,0,0,1,1,0,0,0,0,0,0,0,0,0,10,1028,Clear,Daylight,-79.207,43.7675
1169892,5335,Motorcycle Driver,20 to 24,Major,Motorcycle,Changing Lanes,0,0,1,1,0,0,0,0,0,0,0,0,0,10,1013,Clear,Daylight,-79.3801,43.6745
1169892,5336,Driver,55 to 59,None,"Automobile, Station Wagon",Stopped,0,0,1,1,0,0,0,0,0,0,0,0,0,10,1013,Clear,Daylight,-79.3801,43.6745
1169909,5268,Driver,50 to 54,Major,"Automobile, Station Wagon",Going Ahead,0,0,1,0,0,0,0,0,0,0,0,0,1,17,1704,Clear,Daylight,-79.2621,43.8027
1173217,5696,Driver,55 to 59,Minor,"Automobile, Station Wagon",Turning Left,0,0,1,0,0,0,0,0,1,1,0,0,0,13,1306,Rain,Daylight,-79.2221,43.7785
1173217,5697,Driver,40 to 44,Major,"Automobile, Station Wagon",Going Ahead,0,0,1,0,0,0,0,0,1,1,0,0,0,13,1306,Rain,Daylight,-79.2221,43.7785
1173449,5396,Driver,unknown,None,"Automobile, Station Wagon",Turning Left,1,0,1,0,0,0,0,0,0,1,0,0,0,3,325,Rain,Dark,-79.4524,43.6563
1173449,5397,Pedestrian,25 to 29,Major,Other,NULL,1,0,1,0,0,0,0,0,0,1,0,0,0,3,325,Rain,Dark,-79.4524,43.6563
1176276,6924,Truck Driver,unknown,None,Truck - Open,Going Ahead,1,0,0,0,1,0,0,0,0,0,0,0,0,14,1430,Clear,Daylight,-79.3348,43.6622
1176276,6925,Pedestrian,30 to 34,Major,Other,NULL,1,0,0,0,1,0,0,0,0,0,0,0,0,14,1430,Clear,Daylight,-79.3348,43.6622