ACCNUM,ObjectId,INVTYPE,INVAGE,INJURY,VEHTYPE,MANOEUVER,PEDESTRIAN,CYCLIST,AUTOMOBILE,MOTORCYCLE,TRUCK,TRSN_CITY_VEH,EMERG_VEH,PASSENGER,SPEEDING,AG_DRIV,REDLIGHT,ALCOHOL,DISABILITY,HOUR,TIME,VISIBILITY,LIGHT,collision_lat,collision_long
1139232,5578,Driver,25 to 29,None,"Automobile, Station Wagon",Going Ahead,1,0,1,0,0,0,0,1,0,0,0,0,0,0,10,Clear,Dark,-79.6013,43.7304
1098951,4090,Pedestrian,30 to 34,Major,Other,NULL,1,0,1,0,0,0,0,0,0,0,0,0,0,23,2302,Clear,Dark,-79.2587,43.7896
1100162,4041,Passenger,20 to 24,Major,Other,Other,0,0,1,0,0,0,0,1,0,0,0,0,0,2,215,Clear,Dark,-79.4599,43.6741
1100162,4042,Passenger,20 to 24,Major,Other,Other,0,0,1,0,0,0,0,1,0,0,0,0,0,2,215,Clear,Dark,-79.4599,43.6741
1100162,4043,Driver,20 to 24,Minimal,"Automobile, Station Wagon",Stopped,0,0,1,0,0,0,0,1,0,0,0,0,0,2,215,Clear,Dark,-79.4599,43.6741
1100162,4044,Passenger,30 to 34,None,Other,Turning Left,0,0,1,0,0,0,0,1,0,0,0,0,0,2,215,Clear,Dark,-79.4599,43.6741
1100162,4046,Passenger,20 to 24,Major,Other,Other,0,0,1,0,0,0,0,1,0,0,0,0,0,2,215,Clear,Dark,-79.4599,43.6741
1106578,4527,Driver,45 to 49,Major,"Automobile, Station Wagon",Turning Left,0,0,1,0,0,0,0,1,0,0,0,0,0,11,1100,Clear,Daylight,-79.4938,43.6969
1106578,4528,Passenger,50 to 54,Major,Other,NULL,0,0,1,0,0,0,0,1,0,0,0,0,0,11,1100,Clear,Daylight,-79.4938,43.6969
1106578,4530,Driver,55 to 59,None,"Automobile, Station Wagon",Going Ahead,0,0,1,0,0,0,0,1,0,0,0,0,0,11,1100,Clear,Daylight,-79.4938,43.6969
1107709,4551,Driver,35 to 39,None,"Automobile, Station Wagon",Going Ahead,1,0,1,0,0,0,0,0,0,0,0,0,0,17,1729,Clear,Daylight,-79.4394,43.6918
1107709,4552,Pedestrian,35 to 39,Major,Other,NULL,1,0,1,0,0,0,0,0,0,0,0,0,0,17,1729,Clear,Daylight,-79.4394,43.6918
1107752,4197,Passenger,60 to 64,Major,"Automobile, Station Wagon",NULL,0,0,1,0,0,0,0,1,0,1,0,0,0,16,1646,Clear,Daylight,-79.4451,43.7181
1107752,4198,Driver,65 to 69,Minimal,"Automobile, Station Wagon",Stopped,0,0,1,0,0,0,0,1,0,1,0,0,0,16,1646,Clear,Daylight,-79.4451,43.7181
1107752,4196,Driver,30 to 34,Minimal,"Automobile, Station Wagon",Slowing or Stopping,0,0,1,0,0,0,0,1,0,1,0,0,0,16,1646,Clear,Daylight,-79.4451,43.7181
1109154,4242,Driver,45 to 49,Major,"Automobile, Station Wagon",Slowing or Stopping,0,0,1,0,0,0,0,1,0,1,0,0,0,9,852,Clear,Daylight,-79.4379,43.7033
1109154,4243,Driver,40 to 44,Minimal,"Automobile, Station Wagon",Stopped,0,0,1,0,0,0,0,1,0,1,0,0,0,9,852,Clear,Daylight,-79.4379,43.7033
1109154,4244,Passenger,15 to 19,Minimal,Other,NULL,0,0,1,0,0,0,0,1,0,1,0,0,0,9,852,Clear,Daylight,-79.4379,43.7033
1109154,4245,Driver,65 to 69,None,"Automobile, Station Wagon",Unknown,0,0,1,0,0,0,0,1,0,1,0,0,0,9,852,Clear,Daylight,-79.4379,43.7033
1109447,4546,Truck Driver,50 to 54,None,Truck - Open,Going Ahead,1,0,0,0,1,0,0,0,0,0,0,0,0,7,722,Clear,Daylight,-79.3956,43.6422
1109447,4547,Pedestrian,30 to 34,Major,Other,NULL,1,0,0,0,1,0,0,0,0,0,0,0,0,7,722,Clear,Daylight,-79.3956,43.6422
1109990,16074,Driver,25 to 29,Major,"Automobile, Station Wagon",Reversing,0,0,1,0,0,0,0,0,0,0,0,0,1,21,2107,Clear,Dark,-79.5167,43.658
1109990,16075,Driver,50 to 54,None,"Automobile, Station Wagon",Going Ahead,0,0,1,0,0,0,0,0,0,0,0,0,1,21,2107,Clear,Dark,-79.5167,43.658
1110013,4358,Driver,40 to 44,Major,"Automobile, Station Wagon",Turning Left,0,0,1,0,0,0,0,0,0,1,0,0,0,22,2213,Clear,Dark,-79.5631,43.6744
1110013,4367,Driver,20 to 24,Major,"Automobile, Station Wagon",Going Ahead,0,0,1,0,0,0,0,0,0,1,0,0,0,22,2213,Clear,Dark,-79.5631,43.6744
1110181,4591,Passenger,30 to 34,None,Other,NULL,0,1,1,0,0,0,0,1,0,1,0,0,0,18,1844,Clear,Daylight,-79.3664,43.6606
1110181,4596,Driver,25 to 29,None,"Automobile, Station Wagon",Going Ahead,0,1,1,0,0,0,0,1,0,1,0,0,0,18,1844,Clear,Daylight,-79.3664,43.6606
1110181,4601,Cyclist,5 to 9,Major,Bicycle,Going Ahead,0,1,1,0,0,0,0,1,0,1,0,0,0,18,1844,Clear,Daylight,-79.3664,43.6606
1111585,4143,Passenger,15 to 19,Minor,Other,NULL,0,0,1,0,0,0,0,1,0,1,1,0,0,13,1345,Clear,Daylight,-79.2612,43.77
1111585,4148,Passenger,40 to 44,Major,Other,NULL,0,0,1,0,0,0,0,1,0,1,1,0,0,13,1345,Clear,Daylight,-79.2612,43.77
1111585,4149,Driver,45 to 49,Minor,"Automobile, Station Wagon",Going Ahead,0,0,1,0,0,0,0,1,0,1,1,0,0,13,1345,Clear,Daylight,-79.2612,43.77
1111585,4150,Driver,40 to 44,Minimal,"Automobile, Station Wagon",Going Ahead,0,0,1,0,0,0,0,1,0,1,1,0,0,13,1345,Clear,Daylight,-79.2612,43.77
1111585,4151,Passenger,55 to 59,Minor,Other,NULL,0,0,1,0,0,0,0,1,0,1,1,0,0,13,1345,Clear,Daylight,-79.2612,43.77
1111585,4152,Driver,45 to 49,Minimal,"Automobile, Station Wagon",Going Ahead,0,0,1,0,0,0,0,1,0,1,1,0,0,13,1345,Clear,Daylight,-79.2612,43.77
1111585,4153,Driver,60 to 64,Minimal,"Automobile, Station Wagon",Going Ahead,0,0,1,0,0,0,0,1,0,1,1,0,0,13,1345,Clear,Daylight,-79.2612,43.77
1111585,4133,Passenger,80 to 84,Major,Other,NULL,0,0,1,0,0,0,0,1,0,1,1,0,0,13,1345,Clear,Daylight,-79.2612,43.77
1113423,4221,Driver,20 to 24,Minimal,"Automobile, Station Wagon",Going Ahead,0,0,1,0,0,0,0,0,0,1,0,0,0,18,1830,Clear,Daylight,-79.4828,43.7652
1113423,4222,Driver,65 to 69,Major,Other,Stopped,0,0,1,0,0,0,0,0,0,1,0,0,0,18,1830,Clear,Daylight,-79.4828,43.7652
1113557,4764,Driver,40 to 44,None,"Automobile, Station Wagon",Going Ahead,1,0,1,0,0,0,0,0,0,1,0,0,0,19,1900,Clear,Daylight,-79.4824,43.7285
1113557,4765,Pedestrian,15 to 19,Major,Other,NULL,1,0,1,0,0,0,0,0,0,1,0,0,0,19,1900,Clear,Daylight,-79.4824,43.7285
1113959,4773,Driver,30 to 34,None,"Automobile, Station Wagon",Going Ahead,0,1,1,0,0,0,0,0,0,0,0,0,0,18,1825,Clear,Daylight,-79.3938,43.6427
1113959,4774,Cyclist,30 to 34,Major,Bicycle,Going Ahead,0,1,1,0,0,0,0,0,0,0,0,0,0,18,1825,Clear,Daylight,-79.3938,43.6427
1114459,4126,Motorcycle Driver,35 to 39,Major,Motorcycle,Going Ahead,0,0,1,1,0,0,0,0,1,1,0,0,0,0,8,Clear,Dark,-79.2518,43.791
1114459,4113,Driver,35 to 39,None,"Automobile, Station Wagon",Turning Left,0,0,1,1,0,0,0,0,1,1,0,0,0,0,8,Clear,Dark,-79.2518,43.791
1114902,4385,Pedestrian,85 to 89,Fatal,Other,NULL,1,0,1,0,0,0,0,1,0,0,0,0,0,11,1137,Clear,Daylight,-79.3158,43.6927
1114902,4378,Driver,40 to 44,None,"Automobile, Station Wagon",Going Ahead,1,0,1,0,0,0,0,1,0,0,0,0,0,11,1137,Clear,Daylight,-79.3158,43.6927
1114902,4362,Passenger,20 to 24,None,Other,NULL,1,0,1,0,0,0,0,1,0,0,0,0,0,11,1137,Clear,Daylight,-79.3158,43.6927
1116367,4705,Driver,30 to 34,None,"Automobile, Station Wagon",Parked,0,1,1,0,0,0,0,0,0,0,0,0,0,18,1838,Clear,Daylight,-79.3417,43.6795
1116367,4706,Cyclist,35 to 39,Major,Bicycle,Overtaking,0,1,1,0,0,0,0,0,0,0,0,0,0,18,1838,Clear,Daylight,-79.3417,43.6795
1116599,4712,Driver,65 to 69,None,"Automobile, Station Wagon",Turning Left,1,0,1,0,0,0,0,0,0,1,0,0,0,16,1600,Clear,Daylight,-79.4917,43.6671
1116599,4713,Pedestrian,55 to 59,Major,Other,NULL,1,0,1,0,0,0,0,0,0,1,0,0,0,16,1600,Clear,Daylight,-79.4917,43.6671
1118939,4408,Driver,40 to 44,None,"Automobile, Station Wagon",Going Ahead,1,0,1,0,0,0,0,0,0,0,0,0,0,2,200,Other,Dark,-79.4645,43.6653
1118939,4409,Pedestrian,65 to 69,Major,"Automobile, Station Wagon",NULL,1,0,1,0,0,0,0,0,0,0,0,0,0,2,200,Other,Dark,-79.4645,43.6653
1119005,4412,Pedestrian,80 to 84,Major,Other,NULL,1,0,1,0,0,0,0,0,0,1,0,0,0,19,1919,Clear,Daylight,-79.4396,43.6501
1119005,4413,Driver,20 to 24,None,"Automobile, Station Wagon",Turning Left,1,0,1,0,0,0,0,0,0,1,0,0,0,19,1919,Clear,Daylight,-79.4396,43.6501
1121120,4139,Driver,35 to 39,None,"Automobile, Station Wagon",Turning Right,0,1,1,0,0,0,0,0,0,0,0,0,0,10,1009,Clear,Daylight,-79.402,43.663
1121120,4159,Cyclist,25 to 29,Major,Bicycle,Going Ahead,0,1,1,0,0,0,0,0,0,0,0,0,0,10,1009,Clear,Daylight,-79.402,43.663
1121922,4444,Driver,40 to 44,None,"Automobile, Station Wagon",Going Ahead,1,0,1,0,0,0,0,0,0,0,0,0,0,22,2150,Clear,Dark,-79.3931,43.6688
1121922,4445,Pedestrian,30 to 34,Fatal,NULL,NULL,1,0,1,0,0,0,0,0,0,0,0,0,0,22,2150,Clear,Dark,-79.3931,43.6688
1122417,4449,Driver,45 to 49,None,Municipal Transit Bus (TTC),Going Ahead,0,1,0,0,0,1,0,0,0,0,0,0,0,12,1203,Clear,Daylight,-79.3991,43.6558
1122417,4450,Cyclist,65 to 69,Fatal,Bicycle,Turning Left,0,1,0,0,0,1,0,0,0,0,0,0,0,12,1203,Clear,Daylight,-79.3991,43.6558
1124219,4484,Driver,45 to 49,Major,"Automobile, Station Wagon",Going Ahead,1,0,1,0,0,0,0,0,0,0,0,0,1,13,1253,Clear,Daylight,-79.4197,43.7595
1124219,4486,Driver,50 to 54,None,"Automobile, Station Wagon",Going Ahead,1,0,1,0,0,0,0,0,0,0,0,0,1,13,1253,Clear,Daylight,-79.4197,43.7595
1124219,4487,Pedestrian,55 to 59,Major,Other,NULL,1,0,1,0,0,0,0,0,0,0,0,0,1,13,1253,Clear,Daylight,-79.4197,43.7595
1124221,4488,Driver,35 to 39,None,"Automobile, Station Wagon",Going Ahead,1,0,1,0,0,0,0,0,0,0,0,0,0,20,2009,Clear,Dark,-79.3055,43.7318
1124221,4489,Pedestrian,15 to 19,Fatal,Other,NULL,1,0,1,0,0,0,0,0,0,0,0,0,0,20,2009,Clear,Dark,-79.3055,43.7318
1125430,5362,Driver,45 to 49,Major,"Automobile, Station Wagon",Going Ahead,0,0,1,0,0,0,0,0,0,0,0,0,1,13,1349,Clear,Daylight,-79.4919,43.7673
1125793,5767,Driver,45 to 49,Major,"Automobile, Station Wagon",Going Ahead,0,0,1,0,0,0,0,0,1,1,0,1,0,2,244,Clear,Dark,-79.4246,43.6494
1125793,5768,Driver,65 to 69,Major,"Automobile, Station Wagon",Going Ahead,0,0,1,0,0,0,0,0,1,1,0,1,0,2,244,Clear,Dark,-79.4246,43.6494
1125793,5769,Driver,15 to 19,Major,"Automobile, Station Wagon",Going Ahead,0,0,1,0,0,0,0,0,1,1,0,1,0,2,244,Clear,Dark,-79.4246,43.6494
1125793,5770,Driver,45 to 49,Major,"Automobile, Station Wagon",Going Ahead,0,0,1,0,0,0,0,0,1,1,0,1,0,2,244,Clear,Dark,-79.4246,43.6494
1127797,4442,Driver,50 to 54,None,"Automobile, Station Wagon",Going Ahead,1,0,1,0,0,0,0,0,0,0,0,0,0,21,2111,Clear,Dark,-79.3428,43.7076
1127797,4443,Pedestrian,45 to 49,Major,Other,NULL,1,0,1,0,0,0,0,0,0,0,0,0,0,21,2111,Clear,Dark,-79.3428,43.7076
1128465,5831,Driver,50 to 54,None,"Automobile, Station Wagon",Going Ahead,1,0,1,0,0,0,0,0,0,0,0,0,0,21,2057,Rain,Dark,-79.4393,43.698
1128465,5832,Pedestrian,90 to 94,Major,Other,NULL,1,0,1,0,0,0,0,0,0,0,0,0,0,21,2057,Rain,Dark,-79.4393,43.698
1130210,5244,Motorcycle Driver,25 to 29,Major,Motorcycle,Slowing or Stopping,0,0,1,1,0,0,0,0,1,1,0,0,0,10,950,Clear,Daylight,-79.3876,43.6656
1130210,5255,Driver,50 to 54,None,"Automobile, Station Wagon",Stopped,0,0,1,1,0,0,0,0,1,1,0,0,0,10,950,Clear,Daylight,-79.3876,43.6656
1157528,5196,Driver,35 to 39,None,"Automobile, Station Wagon",Going Ahead,0,0,1,0,0,0,0,1,1,1,0,0,0,20,2020,Clear,Dark,-79.4808,43.6745
1157528,5197,Other,unknown,None,Other,Parked,0,0,1,0,0,0,0,1,1,1,0,0,0,20,2020,Clear,Dark,-79.4808,43.6745
1159418,5488,Passenger,15 to 19,Major,Other,NULL,0,0,1,0,0,0,0,1,0,0,0,0,0,16,1625,Clear,Daylight,-79.3168,43.8213
1159418,5495,Driver,55 to 59,Minor,"Automobile, Station Wagon",Going Ahead,0,0,1,0,0,0,0,1,0,0,0,0,0,16,1625,Clear,Daylight,-79.3168,43.8213
1159418,5484,Driver,15 to 19,Minimal,"Automobile, Station Wagon",Turning Left,0,0,1,0,0,0,0,1,0,0,0,0,0,16,1625,Clear,Daylight,-79.3168,43.8213
1162426,5298,Driver,55 to 59,Minimal,"Automobile, Station Wagon",Stopped,0,0,1,0,0,0,0,0,0,0,0,0,1,15,1500,Clear,Daylight,-79.5781,43.7075
1162426,5300,Driver,55 to 59,Major,"Automobile, Station Wagon",Going Ahead,0,0,1,0,0,0,0,0,0,0,0,0,1,15,1500,Clear,Daylight,-79.5781,43.7075
1163512,5566,Driver,45 to 49,None,"Automobile, Station Wagon",Going Ahead,1,0,1,0,0,0,0,0,0,0,0,0,0,20,2000,Rain,Dark,-79.5955,43.6867
1163512,5567,Pedestrian,35 to 39,Major,Other,NULL,1,0,1,0,0,0,0,0,0,0,0,0,0,20,2000,Rain,Dark,-79.5955,43.6867
1163512,5568,Pedestrian,35 to 39,Major,Other,NULL,1,0,1,0,0,0,0,0,0,0,0,0,0,20,2000,Rain,Dark,-79.5955,43.6867
1164773,5288,Driver,35 to 39,None,"Automobile, Station Wagon",Stopped,0,0,1,0,0,0,0,1,0,1,0,0,0,15,1455,Rain,Daylight,-79.4907,43.648
1164773,5290,Driver,45 to 49,Minimal,"Automobile, Station Wagon",Stopped,0,0,1,0,0,0,0,1,0,1,0,0,0,15,1455,Rain,Daylight,-79.4907,43.648
1164773,5291,Driver,50 to 54,Major,"Automobile, Station Wagon",Stopped,0,0,1,0,0,0,0,1,0,1,0,0,0,15,1455,Rain,Daylight,-79.4907,43.648
1164773,5292,Passenger,15 to 19,Minimal,Other,NULL,0,0,1,0,0,0,0,1,0,1,0,0,0,15,1455,Rain,Daylight,-79.4907,43.648
1164773,5293,Driver,50 to 54,Minor,"Automobile, Station Wagon",Going Ahead,0,0,1,0,0,0,0,1,0,1,0,0,0,15,1455,Rain,Daylight,-79.4907,43.648
1165384,5307,Driver,50 to 54,None,"Automobile, Station Wagon",Changing Lanes,1,0,1,0,0,0,0,0,0,0,0,0,0,15,1455,Clear,Daylight,-79.3853,43.6485
1165384,5308,Pedestrian,25 to 29,Major,Other,NULL,1,0,1,0,0,0,0,0,0,0,0,0,0,15,1455,Clear,Daylight,-79.3853,43.6485
1168399,5580,Driver,40 to 44,None,"Automobile, Station Wagon",Turning Left,1,0,1,0,0,0,0,0,0,1,0,0,0,22,2240,Rain,Dark,-79.4464,43.6667
1168399,5583,Pedestrian,55 to 59,Major,Other,NULL,1,0,1,0,0,0,0,0,0,1,0,0,0,22,2240,Rain,Dark,-79.4464,43.6667
1171250,5380,Driver,45 to 49,None,"Automobile, Station Wagon",Going Ahead,1,0,1,0,0,0,0,0,0,0,0,0,0,1,120,Rain,Dark,-79.443,43.6779
1171250,5382,Pedestrian,50 to 54,Fatal,Other,NULL,1,0,1,0,0,0,0,0,0,0,0,0,0,1,120,Rain,Dark,-79.443,43.6779
1172629,5686,Driver,50 to 54,None,"Automobile, Station Wagon",Turning Left,0,1,1,0,0,0,0,0,0,1,0,0,0,8,812,Clear,Daylight,-79.4038,43.6666
1172629,5691,Cyclist,25 to 29,Major,Bicycle,Going Ahead,0,1,1,0,0,0,0,0,0,1,0,0,0,8,812,Clear,Daylight,-79.4038,43.6666
1173447,5376,Driver,unknown,None,"Automobile, Station Wagon",Turning Right,1,0,1,0,0,0,0,0,0,1,0,0,0,20,2039,Rain,Dark,-79.4854,43.7646
1173447,5377,Pedestrian,15 to 19,Major,Other,NULL,1,0,1,0,0,0,0,0,0,1,0,0,0,20,2039,Rain,Dark,-79.4854,43.7646
1174097,5260,Driver,55 to 59,None,"Automobile, Station Wagon",Going Ahead,1,0,1,0,0,0,0,0,0,0,0,0,0,17,1700,Clear,Daylight,-79.2414,43.7208
1174097,5262,Pedestrian,35 to 39,Major,Other,NULL,1,0,1,0,0,0,0,0,0,0,0,0,0,17,1700,Clear,Daylight,-79.2414,43.7208
1174308,5702,Driver,60 to 64,Minimal,"Automobile, Station Wagon",Slowing or Stopping,0,0,1,0,0,0,0,0,1,1,0,0,0,13,1325,Clear,Daylight,-79.4836,43.7335
1174308,5703,Driver,45 to 49,Minimal,"Automobile, Station Wagon",Stopped,0,0,1,0,0,0,0,0,1,1,0,0,0,13,1325,Clear,Daylight,-79.4836,43.7335
1174308,5704,Driver,35 to 39,Major,"Automobile, Station Wagon",Going Ahead,0,0,1,0,0,0,0,0,1,1,0,0,0,13,1325,Clear,Daylight,-79.4836,43.7335
1174308,5705,Driver,30 to 34,Minimal,"Automobile, Station Wagon",Stopped,0,0,1,0,0,0,0,0,1,1,0,0,0,13,1325,Clear,Daylight,-79.4836,43.7335
1174844,5719,Driver,15 to 19,Minimal,"Automobile, Station Wagon",Turning Left,0,0,1,0,0,0,0,0,0,1,0,0,0,17,1732,Clear,Daylight,-79.3722,43.6931
1174844,5720,Driver,30 to 34,Major,"Automobile, Station Wagon",Going Ahead,0,0,1,0,0,0,0,0,0,1,0,0,0,17,1732,Clear,Daylight,-79.3722,43.6931
1175069,5458,Driver,15 to 19,None,"Automobile, Station Wagon",Going Ahead,1,0,1,0,0,0,0,0,0,0,0,0,0,14,1415,Rain,Daylight,-79.3491,43.6905
1175069,5459,Pedestrian,15 to 19,Major,Other,NULL,1,0,1,0,0,0,0,0,0,0,0,0,0,14,1415,Rain,Daylight,-79.3491,43.6905
1176062,5727,Driver,30 to 34,None,Municipal Transit Bus (TTC),Going Ahead,1,0,0,0,0,1,0,0,0,0,0,0,0,6,614,Clear,Daylight,-79.4119,43.642
1176062,5728,Pedestrian,45 to 49,Major,Other,NULL,1,0,0,0,0,1,0,0,0,0,0,0,0,6,614,Clear,Daylight,-79.4119,43.642
1176162,5432,Driver,unknown,None,"Automobile, Station Wagon",Turning Left,0,1,1,0,0,0,0,0,0,0,0,0,0,18,1800,Clear,Daylight,-79.3922,43.6459
1176162,5433,Cyclist,20 to 24,Major,Bicycle,Going Ahead,0,1,1,0,0,0,0,0,0,0,0,0,0,18,1800,Clear,Daylight,-79.3922,43.6459
1176798,6929,Driver,50 to 54,None,"Automobile, Station Wagon",Turning Left,0,0,1,0,0,0,0,0,0,0,0,0,0,21,2100,Clear,Dark,-79.5266,43.6209
1176798,6930,Driver,45 to 49,Major,"Automobile, Station Wagon",Going Ahead,0,0,1,0,0,0,0,0,0,0,0,0,0,21,2100,Clear,Dark,-79.5266,43.6209
1176855,5732,Passenger,25 to 29,Major,Other,NULL,0,0,1,0,0,0,0,1,0,0,0,0,0,23,2326,Clear,Dark,-79.4107,43.6324
1176855,5734,Driver,25 to 29,Major,"Automobile, Station Wagon",Going Ahead,0,0,1,0,0,0,0,1,0,0,0,0,0,23,2326,Clear,Dark,-79.4107,43.6324
1176916,6990,Truck Driver,40 to 44,None,Truck - Open,Going Ahead,0,0,1,0,1,0,0,0,0,1,1,0,0,20,2035,Clear,Dark,-79.5634,43.7048
1176916,6992,Driver,65 to 69,Fatal,"Automobile, Station Wagon",Going Ahead,0,0,1,0,1,0,0,0,0,1,1,0,0,20,2035,Clear,Dark,-79.5634,43.7048
1177384,6994,Cyclist,40 to 44,Major,Bicycle,Turning Left,0,1,0,0,0,0,0,0,0,0,0,0,0,20,2018,Clear,Dusk,-79.451,43.671
1178852,5763,Driver,20 to 24,Minimal,"Automobile, Station Wagon",Going Ahead,0,0,1,0,0,0,0,0,0,1,1,0,0,1,143,Rain,Dark,-79.5707,43.6915
1178852,5007,Driver,60 to 64,Major,"Automobile, Station Wagon",Going Ahead,0,0,1,0,0,0,0,0,0,1,1,0,0,1,143,Rain,Dark,-79.5707,43.6915
1179238,5755,Driver,50 to 54,Major,"Automobile, Station Wagon",Turning Left,1,0,1,0,0,0,0,0,0,1,0,0,0,14,1410,Clear,Daylight,-79.4604,43.6889
1179238,5754,Pedestrian,15 to 19,Minor,Other,NULL,1,0,1,0,0,0,0,0,0,1,0,0,0,14,1410,Clear,Daylight,-79.4604,43.6889
1179395,5374,Driver,40 to 44,None,"Automobile, Station Wagon",Going Ahead,0,0,1,0,0,0,0,0,0,1,0,0,0,11,1115,Clear,Daylight,-79.2511,43.8365
1179395,5375,Driver,35 to 39,Major,"Automobile, Station Wagon",Going Ahead,0,0,1,0,0,0,0,0,0,1,0,0,0,11,1115,Clear,Daylight,-79.2511,43.8365
1182503,6906,Driver,60 to 64,Major,"Automobile, Station Wagon",Going Ahead,0,0,1,0,0,0,0,1,0,1,0,1,0,21,2050,Rain,Dark,-79.4407,43.7649
1182503,6913,Passenger,15 to 19,Minimal,Other,NULL,0,0,1,0,0,0,0,1,0,1,0,1,0,21,2050,Rain,Dark,-79.4407,43.7649
1182503,6914,Driver,45 to 49,Minor,"Automobile, Station Wagon",Going Ahead,0,0,1,0,0,0,0,1,0,1,0,1,0,21,2050,Rain,Dark,-79.4407,43.7649
1182503,6915,Driver,20 to 24,Minor,"Automobile, Station Wagon",Going Ahead,0,0,1,0,0,0,0,1,0,1,0,1,0,21,2050,Rain,Dark,-79.4407,43.7649
1182546,6922,Driver,30 to 34,None,"Automobile, Station Wagon",Turning Left,1,0,1,0,0,0,0,0,0,1,0,0,0,8,830,Clear,Daylight,-79.603,43.6515
1182546,6923,Pedestrian,20 to 24,Major,Other,NULL,1,0,1,0,0,0,0,0,0,1,0,0,0,8,830,Clear,Daylight,-79.603,43.6515
1184000,6954,Driver,50 to 54,Major,"Automobile, Station Wagon",Going Ahead,0,0,1,0,0,0,0,0,1,1,0,1,0,6,627,Rain,Daylight,-79.5411,43.7186
1184000,6955,Driver,25 to 29,Minor,"Automobile, Station Wagon",Going Ahead,0,0,1,0,0,0,0,0,1,1,0,1,0,6,627,Rain,Daylight,-79.5411,43.7186
1184036,6974,Driver,50 to 54,None,"Automobile, Station Wagon",Turning Left,1,0,1,0,0,0,0,0,0,1,0,0,0,19,1936,Clear,Daylight,-79.1707,43.8083
1184036,6975,Pedestrian,60 to 64,Major,Other,NULL,1,0,1,0,0,0,0,0,0,1,0,0,0,19,1936,Clear,Daylight,-79.1707,43.8083
1186908,6714,Driver,45 to 49,Minimal,"Automobile, Station Wagon",Going Ahead,0,0,1,0,0,0,0,0,0,0,0,0,0,10,1040,Clear,Daylight,-79.358,43.7018
1186908,6715,Driver,85 to 89,Major,"Automobile, Station Wagon",Going Ahead,0,0,1,0,0,0,0,0,0,0,0,0,0,10,1040,Clear,Daylight,-79.358,43.7018
1188873,6216,Pedestrian,20 to 24,Major,Other,NULL,1,1,0,0,0,0,0,0,0,0,0,0,0,18,1820,Clear,Daylight,-79.3677,43.674
1188873,6217,Cyclist,55 to 59,None,Bicycle,Going Ahead,1,1,0,0,0,0,0,0,0,0,0,0,0,18,1820,Clear,Daylight,-79.3677,43.674
1191013,6239,Driver,25 to 29,None,"Automobile, Station Wagon",Going Ahead,0,1,1,0,0,0,0,0,0,1,1,0,0,9,902,Clear,Daylight,-79.27,43.7374
1191013,6251,Cyclist,50 to 54,Major,Bicycle,Turning Left,0,1,1,0,0,0,0,0,0,1,1,0,0,9,902,Clear,Daylight,-79.27,43.7374
1192624,6713,Moped Driver,55 to 59,Major,Moped,Going Ahead,0,1,0,0,0,0,0,0,0,0,0,0,0,19,1905,Clear,Dusk,-79.456,43.7548
1193217,6716,Driver,40 to 44,None,"Automobile, Station Wagon",Going Ahead,0,1,1,0,0,0,0,0,0,0,0,0,0,16,1640,Clear,Daylight,-79.431,43.6528
1184122,16089,Motorcycle Driver,35 to 39,Major,Motorcycle,Going Ahead,0,0,1,1,0,0,0,0,0,1,1,0,0,15,1502,Clear,Daylight,-79.2455,43.7399
1184122,16090,Driver,50 to 54,None,"Automobile, Station Wagon",Turning Left,0,0,1,1,0,0,0,0,0,1,1,0,0,15,1502,Clear,Daylight,-79.2455,43.7399
1184354,6978,Passenger,55 to 59,Major,Other,NULL,0,0,1,0,0,0,0,1,0,0,0,0,0,18,1800,Clear,Daylight,-79.275,43.8129
1184354,6980,Driver,15 to 19,None,"Automobile, Station Wagon",Reversing,0,0,1,0,0,0,0,1,0,0,0,0,0,18,1800,Clear,Daylight,-79.275,43.8129
1184757,5186,Driver,unknown,None,"Automobile, Station Wagon",Going Ahead,1,0,1,0,0,0,0,0,0,1,0,0,0,8,800,Clear,Daylight,-79.4864,43.6189
1184757,5187,Pedestrian,50 to 54,Major,Other,NULL,1,0,1,0,0,0,0,0,0,1,0,0,0,8,800,Clear,Daylight,-79.4864,43.6189
1185844,6703,Driver,20 to 24,None,"Automobile, Station Wagon",Going Ahead,1,0,1,0,0,0,0,0,0,0,0,0,0,1,128,Clear,Dark,-79.5292,43.6489
1185844,6704,Pedestrian,85 to 89,Major,Other,NULL,1,0,1,0,0,0,0,0,0,0,0,0,0,1,128,Clear,Dark,-79.5292,43.6489
1186961,6185,Driver,25 to 29,None,"Automobile, Station Wagon",Going Ahead,0,0,1,0,0,0,0,0,0,1,0,0,0,14,1420,Clear,Daylight,-79.3968,43.6755
1186961,6186,Driver,40 to 44,Major,"Automobile, Station Wagon",Stopped,0,0,1,0,0,0,0,0,0,1,0,0,0,14,1420,Clear,Daylight,-79.3968,43.6755
1189019,6747,Driver,60 to 64,Major,"Automobile, Station Wagon",Going Ahead,0,0,1,0,0,0,0,1,0,0,0,0,1,0,20,Clear,Dark,-79.5046,43.6008
1189019,6746,Passenger,25 to 29,Minor,Other,NULL,0,0,1,0,0,0,0,1,0,0,0,0,1,0,20,Clear,Dark,-79.5046,43.6008
1189134,6754,Driver,35 to 39,None,Municipal Transit Bus (TTC),Going Ahead,1,0,0,0,0,1,0,0,0,0,0,0,0,11,1055,Clear,Daylight,-79.3972,43.6509