ACCNUM,ObjectId,INVTYPE,INVAGE,INJURY,VEHTYPE,MANOEUVER,PEDESTRIAN,CYCLIST,AUTOMOBILE,MOTORCYCLE,TRUCK,TRSN_CITY_VEH,EMERG_VEH,PASSENGER,SPEEDING,AG_DRIV,REDLIGHT,ALCOHOL,DISABILITY,HOUR,TIME,VISIBILITY,LIGHT,collision_lat,collision_long
1189134,6755,Pedestrian,80 to 84,Fatal,Other,NULL,1,0,0,0,0,1,0,0,0,0,0,0,0,11,1055,Clear,Daylight,-79.3972,43.6509
1192613,6453,Motorcycle Driver,30 to 34,Major,Motorcycle,Going Ahead,0,0,1,1,0,0,0,0,0,0,0,0,0,12,1232,Clear,Daylight,-79.4247,43.6394
1192613,6454,Driver,55 to 59,None,"Automobile, Station Wagon",Turning Left,0,0,1,1,0,0,0,0,0,0,0,0,0,12,1232,Clear,Daylight,-79.4247,43.6394
1197308,6108,Motorcycle Driver,30 to 34,Major,Motorcycle,Going Ahead,0,0,1,1,0,0,0,0,0,1,0,1,0,21,2050,Clear,Dark,-79.25,43.7082
1197308,6111,Driver,45 to 49,None,"Automobile, Station Wagon",Slowing or Stopping,0,0,1,1,0,0,0,0,0,1,0,1,0,21,2050,Clear,Dark,-79.25,43.7082
1199497,6734,Driver,55 to 59,Major,"Automobile, Station Wagon",Turning Left,0,0,1,0,0,1,0,0,0,0,0,0,0,16,1609,Clear,Daylight,-79.3878,43.6385
1199497,6736,Driver,40 to 44,None,Municipal Transit Bus (TTC),Going Ahead,0,0,1,0,0,1,0,0,0,0,0,0,0,16,1609,Clear,Daylight,-79.3878,43.6385
1200416,6489,Passenger,40 to 44,Minor,Other,NULL,0,0,1,0,0,0,0,1,0,1,0,0,0,23,2255,Clear,Dark,-79.3898,43.6889
1200416,6490,Driver,40 to 44,Minor,"Automobile, Station Wagon",Stopped,0,0,1,0,0,0,0,1,0,1,0,0,0,23,2255,Clear,Dark,-79.3898,43.6889
1200416,6491,Driver,40 to 44,Major,"Automobile, Station Wagon",Stopped,0,0,1,0,0,0,0,1,0,1,0,0,0,23,2255,Clear,Dark,-79.3898,43.6889
1200416,6492,Driver,45 to 49,None,"Automobile, Station Wagon",Going Ahead,0,0,1,0,0,0,0,1,0,1,0,0,0,23,2255,Clear,Dark,-79.3898,43.6889
1200665,6445,Driver,60 to 64,None,"Automobile, Station Wagon",Turning Left,1,0,1,0,0,0,0,0,0,0,0,0,0,10,1035,Rain,Daylight,-79.3017,43.6881
1200665,6446,Pedestrian,75 to 79,Major,Other,NULL,1,0,1,0,0,0,0,0,0,0,0,0,0,10,1035,Rain,Daylight,-79.3017,43.6881
1202173,6366,Truck Driver,30 to 34,None,Truck - Open,Going Ahead,1,0,0,0,1,0,0,0,0,0,0,0,0,8,818,Rain,Daylight,-79.4558,43.6624
1202173,6372,Pedestrian,50 to 54,Fatal,Other,NULL,1,0,0,0,1,0,0,0,0,0,0,0,0,8,818,Rain,Daylight,-79.4558,43.6624
1202238,6775,Other,unknown,None,Other,Parked,1,0,1,0,0,0,0,0,1,1,0,1,0,2,232,Clear,Dark,-79.3949,43.6565
1202238,6778,Driver,20 to 24,None,"Automobile, Station Wagon",Going Ahead,1,0,1,0,0,0,0,0,1,1,0,1,0,2,232,Clear,Dark,-79.3949,43.6565
1202238,6779,Pedestrian,20 to 24,Major,Other,NULL,1,0,1,0,0,0,0,0,1,1,0,1,0,2,232,Clear,Dark,-79.3949,43.6565
1202238,6773,Other,unknown,None,Other,Parked,1,0,1,0,0,0,0,0,1,1,0,1,0,2,232,Clear,Dark,-79.3949,43.6565
1204378,6621,Passenger,0 to 4,Major,Other,NULL,0,0,1,0,0,0,0,1,0,0,0,1,0,5,545,Clear,Dark,-79.368,43.6765
1204378,6622,Passenger,35 to 39,Major,Other,NULL,0,0,1,0,0,0,0,1,0,0,0,1,0,5,545,Clear,Dark,-79.368,43.6765
1204378,6623,Driver,25 to 29,Minimal,"Automobile, Station Wagon",Going Ahead,0,0,1,0,0,0,0,1,0,0,0,1,0,5,545,Clear,Dark,-79.368,43.6765
1204660,6452,Driver,40 to 44,Minor,"Automobile, Station Wagon",Going Ahead,0,0,1,0,0,0,0,1,0,1,0,0,0,7,654,Clear,Daylight,-79.3869,43.7003
1204660,6449,Passenger,25 to 29,Major,Other,NULL,0,0,1,0,0,0,0,1,0,1,0,0,0,7,654,Clear,Daylight,-79.3869,43.7003
1204660,6450,Driver,50 to 54,Minimal,"Automobile, Station Wagon",Turning Left,0,0,1,0,0,0,0,1,0,1,0,0,0,7,654,Clear,Daylight,-79.3869,43.7003
1205381,6766,Driver,35 to 39,None,"Automobile, Station Wagon",Going Ahead,1,0,1,0,0,0,0,0,0,0,0,0,0,20,1952,Clear,Dark,-79.3957,43.6488
1205381,6767,Pedestrian,30 to 34,Major,Other,NULL,1,0,1,0,0,0,0,0,0,0,0,0,0,20,1952,Clear,Dark,-79.3957,43.6488
1205981,6649,Driver,35 to 39,None,"Automobile, Station Wagon",Turning Left,1,0,1,0,0,0,0,0,0,1,0,0,0,14,1445,Clear,Daylight,-79.4799,43.66
1205981,6650,Pedestrian,80 to 84,Major,Other,NULL,1,0,1,0,0,0,0,0,0,1,0,0,0,14,1445,Clear,Daylight,-79.4799,43.66
1209207,6019,Other,unknown,None,Other,Parked,1,0,0,0,0,1,0,1,0,1,0,0,0,20,2027,Clear,Dark,-79.4146,43.6739
1209207,6020,Passenger,50 to 54,Major,Other,NULL,1,0,0,0,0,1,0,1,0,1,0,0,0,20,2027,Clear,Dark,-79.4146,43.6739
1209207,6022,Driver,50 to 54,None,Municipal Transit Bus (TTC),Going Ahead,1,0,0,0,0,1,0,1,0,1,0,0,0,20,2027,Clear,Dark,-79.4146,43.6739
1209207,6023,Pedestrian,40 to 44,Fatal,Other,NULL,1,0,0,0,0,1,0,1,0,1,0,0,0,20,2027,Clear,Dark,-79.4146,43.6739
1209440,6024,Passenger,70 to 74,None,Other,NULL,1,0,1,0,0,0,0,1,0,0,0,0,0,17,1734,Snow,Dark,-79.2999,43.8253
1209440,6025,Driver,75 to 79,None,"Automobile, Station Wagon",Going Ahead,1,0,1,0,0,0,0,1,0,0,0,0,0,17,1734,Snow,Dark,-79.2999,43.8253
1209440,6026,Pedestrian,30 to 34,Fatal,Other,NULL,1,0,1,0,0,0,0,1,0,0,0,0,0,17,1734,Snow,Dark,-79.2999,43.8253
1211648,6644,Driver,45 to 49,None,"Automobile, Station Wagon",Going Ahead,0,0,1,0,0,0,0,1,0,0,0,0,0,8,845,Snow,Daylight,-79.5047,43.7066
1211648,6647,Driver,30 to 34,Minor,"Automobile, Station Wagon",Turning Left,0,0,1,0,0,0,0,1,0,0,0,0,0,8,845,Snow,Daylight,-79.5047,43.7066
1211648,6648,Passenger,5 to 9,Major,Other,NULL,0,0,1,0,0,0,0,1,0,0,0,0,0,8,845,Snow,Daylight,-79.5047,43.7066
1211679,6062,Driver,40 to 44,None,"Automobile, Station Wagon",Going Ahead,0,0,1,0,0,1,0,1,1,1,0,0,0,8,837,Clear,Daylight,-79.3084,43.7388
1211679,6063,Passenger,10 to 14,Major,Other,NULL,0,0,1,0,0,1,0,1,1,1,0,0,0,8,837,Clear,Daylight,-79.3084,43.7388
1211679,6065,Driver,25 to 29,None,Municipal Transit Bus (TTC),Stopped,0,0,1,0,0,1,0,1,1,1,0,0,0,8,837,Clear,Daylight,-79.3084,43.7388
1213166,6663,Driver,30 to 34,Major,"Automobile, Station Wagon",Going Ahead,0,0,1,0,0,0,0,0,1,1,0,0,0,17,1700,Snow,Dark,-79.2126,43.771
1215424,6003,Driver,40 to 44,Major,"Automobile, Station Wagon",Going Ahead,0,0,1,0,0,0,0,0,1,1,0,1,0,21,2115,Snow,Dark,-79.312,43.7936
1218699,16095,Driver,40 to 44,None,Pick Up Truck,Going Ahead,0,0,1,0,0,0,0,1,0,1,1,0,0,13,1255,Clear,Daylight,-79.3201,43.7816
1218699,16096,Driver,55 to 59,Minimal,"Automobile, Station Wagon",Going Ahead,0,0,1,0,0,0,0,1,0,1,1,0,0,13,1255,Clear,Daylight,-79.3201,43.7816
1218699,16097,Passenger,35 to 39,None,NULL,NULL,0,0,1,0,0,0,0,1,0,1,1,0,0,13,1255,Clear,Daylight,-79.3201,43.7816
1218699,16098,Passenger,35 to 39,Major,NULL,NULL,0,0,1,0,0,0,0,1,0,1,1,0,0,13,1255,Clear,Daylight,-79.3201,43.7816
1218699,16099,Passenger,80 to 84,Minor,NULL,NULL,0,0,1,0,0,0,0,1,0,1,1,0,0,13,1255,Clear,Daylight,-79.3201,43.7816
1218699,16100,Passenger,85 to 89,Minimal,NULL,NULL,0,0,1,0,0,0,0,1,0,1,1,0,0,13,1255,Clear,Daylight,-79.3201,43.7816
1218699,16101,Passenger,0 to 4,Minimal,NULL,NULL,0,0,1,0,0,0,0,1,0,1,1,0,0,13,1255,Clear,Daylight,-79.3201,43.7816
1219703,6048,Driver,70 to 74,None,"Automobile, Station Wagon",Going Ahead,0,0,1,0,0,0,0,0,0,1,0,0,0,20,1951,Clear,Dark,-79.3149,43.7969
1219703,6050,Driver,40 to 44,Major,"Automobile, Station Wagon",Stopped,0,0,1,0,0,0,0,0,0,1,0,0,0,20,1951,Clear,Dark,-79.3149,43.7969
1219821,6338,Driver,65 to 69,None,"Automobile, Station Wagon",Turning Right,1,0,1,0,0,0,0,0,0,1,0,0,0,12,1203,Clear,Daylight,-79.3444,43.7408
1219821,6339,Pedestrian,80 to 84,Major,Other,Other,1,0,1,0,0,0,0,0,0,1,0,0,0,12,1203,Clear,Daylight,-79.3444,43.7408
1220521,6033,Driver,55 to 59,None,"Automobile, Station Wagon",Going Ahead,1,0,1,0,0,0,0,0,0,0,0,0,0,3,328,Clear,Dark,-79.4701,43.665
1220521,6034,Pedestrian,25 to 29,Major,Other,NULL,1,0,1,0,0,0,0,0,0,0,0,0,0,3,328,Clear,Dark,-79.4701,43.665
1224097,6100,Driver,35 to 39,Minor,"Automobile, Station Wagon",Stopped,0,0,1,0,0,0,0,1,0,1,0,0,0,19,1930,Rain,Dark,-79.4966,43.7043
1224097,6101,Driver,15 to 19,None,"Automobile, Station Wagon",Slowing or Stopping,0,0,1,0,0,0,0,1,0,1,0,0,0,19,1930,Rain,Dark,-79.4966,43.7043
1194692,6256,Driver,70 to 74,Major,"Automobile, Station Wagon",Overtaking,0,0,1,0,1,0,0,0,0,1,0,0,0,22,2224,Rain,Dark,-79.4451,43.6633
1197349,6178,Driver,50 to 54,None,"Automobile, Station Wagon",Going Ahead,0,1,1,0,0,0,0,0,0,1,1,0,0,9,905,Clear,Daylight,-79.3865,43.6508
1197349,6179,Cyclist,35 to 39,Major,Bicycle,Going Ahead,0,1,1,0,0,0,0,0,0,1,1,0,0,9,905,Clear,Daylight,-79.3865,43.6508
1198068,6392,Driver,40 to 44,Major,"Automobile, Station Wagon",Slowing or Stopping,0,0,1,0,0,1,0,0,0,1,0,0,0,17,1713,Clear,Daylight,-79.346,43.6821
1198068,6398,Driver,40 to 44,None,Municipal Transit Bus (TTC),Going Ahead,0,0,1,0,0,1,0,0,0,1,0,0,0,17,1713,Clear,Daylight,-79.346,43.6821
1198672,6807,Pedestrian,45 to 49,Major,Other,NULL,1,0,1,0,0,0,0,0,0,0,0,0,0,11,1100,Clear,Daylight,-79.2452,43.7555
1198672,6808,Driver,50 to 54,None,"Automobile, Station Wagon",Going Ahead,1,0,1,0,0,0,0,0,0,0,0,0,0,11,1100,Clear,Daylight,-79.2452,43.7555
1198936,6818,Driver,55 to 59,None,"Automobile, Station Wagon",Turning Left,1,0,1,0,0,0,0,0,0,0,0,0,0,10,956,Clear,Daylight,-79.3122,43.8224
1198936,6819,Pedestrian,75 to 79,Major,Other,NULL,1,0,1,0,0,0,0,0,0,0,0,0,0,10,956,Clear,Daylight,-79.3122,43.8224
1199172,6447,Other,unknown,None,Other,Parked,0,1,0,0,0,0,0,0,0,0,0,0,0,15,1526,Clear,Daylight,-79.3925,43.6843
1199172,6448,Cyclist,20 to 24,Major,Bicycle,Going Ahead,0,1,0,0,0,0,0,0,0,0,0,0,0,15,1526,Clear,Daylight,-79.3925,43.6843
1200323,6487,Motorcycle Driver,25 to 29,Major,Motorcycle,Going Ahead,0,0,1,1,0,0,0,0,0,1,0,0,0,11,1130,Clear,Daylight,-79.4993,43.7227
1200323,6488,Driver,75 to 79,None,"Automobile, Station Wagon",Turning Left,0,0,1,1,0,0,0,0,0,1,0,0,0,11,1130,Clear,Daylight,-79.4993,43.7227
1200876,6982,Truck Driver,30 to 34,Major,Truck - Open,Going Ahead,0,0,0,0,1,0,0,0,0,0,0,0,0,10,1030,Clear,Daylight,-79.3431,43.6493
1200942,6264,Driver,45 to 49,None,"Automobile, Station Wagon",Going Ahead,1,0,1,0,0,0,0,0,0,0,0,0,0,6,622,Rain,Dark,-79.4747,43.7861
1200942,6282,Pedestrian,60 to 64,Major,Other,NULL,1,0,1,0,0,0,0,0,0,0,0,0,0,6,622,Rain,Dark,-79.4747,43.7861
1201108,6789,Driver,45 to 49,Minor,"Automobile, Station Wagon",Going Ahead,0,0,1,0,0,0,0,0,0,1,0,0,0,17,1740,Clear,Dark,-79.383,43.7677
1201108,6791,Driver,30 to 34,Major,"Automobile, Station Wagon",Turning Left,0,0,1,0,0,0,0,0,0,1,0,0,0,17,1740,Clear,Dark,-79.383,43.7677
1201944,6680,Driver,30 to 34,None,"Automobile, Station Wagon",Going Ahead,1,0,1,0,0,0,0,0,0,0,0,0,0,21,2050,Clear,Dark,-79.277,43.7301
1201944,6682,Pedestrian,40 to 44,Major,Other,NULL,1,0,1,0,0,0,0,0,0,0,0,0,0,21,2050,Clear,Dark,-79.277,43.7301
1202163,6783,Driver,20 to 24,None,"Automobile, Station Wagon",Turning Left,1,0,1,0,0,0,0,0,0,0,0,0,0,23,2250,Rain,Dark,-79.5585,43.6942
1202163,6784,Pedestrian,45 to 49,Major,Other,NULL,1,0,1,0,0,0,0,0,0,0,0,0,0,23,2250,Rain,Dark,-79.5585,43.6942
1202582,6801,Driver,70 to 74,None,"Automobile, Station Wagon",Turning Left,1,0,1,0,0,0,0,0,0,1,0,0,0,9,910,Clear,Daylight,-79.5707,43.6335
1202582,6802,Pedestrian,85 to 89,Major,Other,NULL,1,0,1,0,0,0,0,0,0,1,0,0,0,9,910,Clear,Daylight,-79.5707,43.6335
1203435,6605,Driver,45 to 49,None,"Automobile, Station Wagon",Going Ahead,1,0,1,0,0,0,0,0,0,0,0,0,0,18,1818,Rain,Dark,-79.4122,43.7159
1203435,6606,Pedestrian,20 to 24,Major,Other,NULL,1,0,1,0,0,0,0,0,0,0,0,0,0,18,1818,Rain,Dark,-79.4122,43.7159
1203535,6824,Driver,70 to 74,Minor,"Automobile, Station Wagon",Going Ahead,0,0,1,0,0,0,0,0,0,0,0,0,0,11,1050,Clear,Daylight,-79.257,43.7322
1203535,6826,Driver,20 to 24,Major,"Automobile, Station Wagon",Stopped,0,0,1,0,0,0,0,0,0,0,0,0,0,11,1050,Clear,Daylight,-79.257,43.7322
1203769,6726,Driver,35 to 39,None,Municipal Transit Bus (TTC),Stopped,0,0,0,0,0,1,0,1,0,1,0,0,0,17,1710,Clear,Daylight,-79.4729,43.6359
1203769,6257,Passenger,65 to 69,Minimal,Other,NULL,0,0,0,0,0,1,0,1,0,1,0,0,0,17,1710,Clear,Daylight,-79.4729,43.6359
1203769,6270,Passenger,45 to 49,Minimal,Other,NULL,0,0,0,0,0,1,0,1,0,1,0,0,0,17,1710,Clear,Daylight,-79.4729,43.6359
1203769,6403,Passenger,65 to 69,Minimal,Other,NULL,0,0,0,0,0,1,0,1,0,1,0,0,0,17,1710,Clear,Daylight,-79.4729,43.6359
1203769,6417,Passenger,50 to 54,Minimal,Other,NULL,0,0,0,0,0,1,0,1,0,1,0,0,0,17,1710,Clear,Daylight,-79.4729,43.6359
1203769,6150,Driver,30 to 34,None,Municipal Transit Bus (TTC),Going Ahead,0,0,0,0,0,1,0,1,0,1,0,0,0,17,1710,Clear,Daylight,-79.4729,43.6359
1203769,6246,Passenger,unknown,Minimal,Other,NULL,0,0,0,0,0,1,0,1,0,1,0,0,0,17,1710,Clear,Daylight,-79.4729,43.6359
1203769,6529,Passenger,65 to 69,Major,Other,NULL,0,0,0,0,0,1,0,1,0,1,0,0,0,17,1710,Clear,Daylight,-79.4729,43.6359
1205539,6400,Pedestrian,25 to 29,Major,Other,Unknown,1,0,1,0,0,0,0,0,0,0,0,0,0,15,1534,Clear,Daylight,-79.2539,43.7248
1205539,6388,Driver,50 to 54,None,"Automobile, Station Wagon",Turning Right,1,0,1,0,0,0,0,0,0,0,0,0,0,15,1534,Clear,Daylight,-79.2539,43.7248
1205839,6840,Motorcycle Driver,25 to 29,Major,Motorcycle,Going Ahead,0,0,1,1,0,0,0,0,0,0,0,0,0,14,1430,Clear,Daylight,-79.4197,43.6304
1205839,6841,Driver,70 to 74,None,"Automobile, Station Wagon",Turning Left,0,0,1,1,0,0,0,0,0,0,0,0,0,14,1430,Clear,Daylight,-79.4197,43.6304
1206992,6667,Driver,45 to 49,None,Municipal Transit Bus (TTC),Going Ahead,1,0,0,0,0,1,0,0,0,0,0,0,0,19,1935,Clear,Dark,-79.2598,43.7168
1206992,6668,Pedestrian,65 to 69,Fatal,Other,NULL,1,0,0,0,0,1,0,0,0,0,0,0,0,19,1935,Clear,Dark,-79.2598,43.7168
1207328,6844,Driver,35 to 39,None,"Automobile, Station Wagon",Going Ahead,1,0,1,0,0,0,0,0,0,0,0,0,0,19,1850,Clear,Dark,-79.4987,43.6844
1207328,6845,Pedestrian,40 to 44,Major,Other,NULL,1,0,1,0,0,0,0,0,0,0,0,0,0,19,1850,Clear,Dark,-79.4987,43.6844
1207896,6674,Driver,75 to 79,None,"Automobile, Station Wagon",Going Ahead,1,0,1,0,0,0,0,0,0,0,0,0,0,13,1318,Clear,Daylight,-79.4531,43.6588
1207896,6675,Pedestrian,85 to 89,Major,Other,NULL,1,0,1,0,0,0,0,0,0,0,0,0,0,13,1318,Clear,Daylight,-79.4531,43.6588
1208298,6633,Driver,30 to 34,None,"Automobile, Station Wagon",Going Ahead,1,0,1,0,0,0,0,0,0,0,0,0,0,6,620,Rain,"Dark, artificial",-79.587,43.7431
1208298,6634,Pedestrian,40 to 44,Major,Other,NULL,1,0,1,0,0,0,0,0,0,0,0,0,0,6,620,Rain,"Dark, artificial",-79.587,43.7431
1208896,6017,Driver,30 to 34,None,"Automobile, Station Wagon",Pulling Onto Shoulder or towardCurb,0,1,1,0,0,0,0,0,0,0,0,0,0,16,1639,Clear,Daylight,-79.3588,43.6761
1208896,6018,Cyclist,55 to 59,Major,Bicycle,Going Ahead,0,1,1,0,0,0,0,0,0,0,0,0,0,16,1639,Clear,Daylight,-79.3588,43.6761
1215284,6290,Driver,35 to 39,None,Municipal Transit Bus (TTC),Turning Right,1,0,0,0,0,1,0,0,0,1,0,0,0,0,0,Clear,Dark,-79.4268,43.6617
1215284,6291,Pedestrian,60 to 64,Fatal,Other,NULL,1,0,0,0,0,1,0,0,0,1,0,0,0,0,0,Clear,Dark,-79.4268,43.6617
1220060,6348,Driver,40 to 44,Major,"Automobile, Station Wagon",Going Ahead,0,0,1,0,0,0,0,0,0,0,0,1,0,22,2239,Clear,Dark,-79.5147,43.655
1220060,6350,Driver,20 to 24,Major,"Automobile, Station Wagon",Going Ahead,0,0,1,0,0,0,0,0,0,0,0,1,0,22,2239,Clear,Dark,-79.5147,43.655
1220130,6054,Driver,40 to 44,None,"Automobile, Station Wagon",Going Ahead,0,0,1,0,0,0,0,1,0,0,0,0,0,20,2030,Snow,Dark,-79.2265,43.7775
1220130,6055,Passenger,50 to 54,Major,Other,NULL,0,0,1,0,0,0,0,1,0,0,0,0,0,20,2030,Snow,Dark,-79.2265,43.7775
1220130,6056,Passenger,50 to 54,Major,Other,NULL,0,0,1,0,0,0,0,1,0,0,0,0,0,20,2030,Snow,Dark,-79.2265,43.7775
1220130,6057,Driver,50 to 54,Minimal,"Automobile, Station Wagon",Going Ahead,0,0,1,0,0,0,0,1,0,0,0,0,0,20,2030,Snow,Dark,-79.2265,43.7775
1224559,6850,Driver,40 to 44,Major,"Automobile, Station Wagon",Pulling Onto Shoulder or towardCurb,1,0,1,0,0,0,0,0,0,0,0,0,1,15,1520,Clear,Daylight,-79.5153,43.6998
1224559,6852,Pedestrian,30 to 34,Major,Other,NULL,1,0,1,0,0,0,0,0,0,0,0,0,1,15,1520,Clear,Daylight,-79.5153,43.6998
1224710,6853,Driver,30 to 34,None,"Automobile, Station Wagon",Going Ahead,1,0,1,0,0,0,0,0,1,1,0,0,0,22,2225,Clear,Dark,-79.2128,43.7991
1224710,6854,Pedestrian,20 to 24,Fatal,Other,NULL,1,0,1,0,0,0,0,0,1,1,0,0,0,22,2225,Clear,Dark,-79.2128,43.7991
1228586,6112,Driver,25 to 29,None,"Automobile, Station Wagon",Pulling Away from Shoulder or Curb,0,1,1,0,0,0,0,0,0,1,0,0,0,13,1315,Clear,Daylight,-79.3827,43.6559
1228586,6119,Cyclist,25 to 29,Major,Bicycle,Going Ahead,0,1,1,0,0,0,0,0,0,1,0,0,0,13,1315,Clear,Daylight,-79.3827,43.6559
1229003,6266,Pedestrian,55 to 59,Major,Other,NULL,1,0,1,0,0,0,0,0,0,0,0,0,0,19,1910,Clear,Daylight,-79.5759,43.6316
1229003,6258,Driver,40 to 44,None,"Automobile, Station Wagon",Turning Left,1,0,1,0,0,0,0,0,0,0,0,0,0,19,1910,Clear,Daylight,-79.5759,43.6316
1229005,6241,Driver,35 to 39,None,"Automobile, Station Wagon",Going Ahead,1,0,1,0,0,0,0,0,0,0,0,0,0,17,1730,Clear,Daylight,-79.2587,43.736
1229005,6248,Pedestrian,10 to 14,Major,Other,NULL,1,0,1,0,0,0,0,0,0,0,0,0,0,17,1730,Clear,Daylight,-79.2587,43.736
1234066,6574,Driver,25 to 29,None,"Automobile, Station Wagon",Turning Left,1,0,1,0,0,0,0,0,0,1,0,0,0,16,1620,Rain,Daylight,-79.4923,43.6686
1234066,6575,Pedestrian,50 to 54,Major,Other,NULL,1,0,1,0,0,0,0,0,0,1,0,0,0,16,1620,Rain,Daylight,-79.4923,43.6686
1216987,6301,Pedestrian,55 to 59,Fatal,Other,NULL,1,0,1,0,0,0,0,1,0,1,0,0,0,8,828,Clear,Daylight,-79.5623,43.6273
1220029,6344,Driver,60 to 64,None,"Automobile, Station Wagon",Turning Left,0,0,1,0,0,0,0,1,0,0,0,0,0,11,1110,Rain,Daylight,-79.2144,43.7411
1220029,6345,Passenger,70 to 74,Major,Other,NULL,0,0,1,0,0,0,0,1,0,0,0,0,0,11,1110,Rain,Daylight,-79.2144,43.7411
1220029,6347,Driver,35 to 39,None,"Automobile, Station Wagon",Going Ahead,0,0,1,0,0,0,0,1,0,0,0,0,0,11,1110,Rain,Daylight,-79.2144,43.7411
1221014,6076,Passenger,30 to 34,Minor,Other,NULL,1,0,1,0,0,0,0,1,0,1,0,0,0,11,1140,Clear,Daylight,-79.3837,43.6557
1221014,6077,Driver,25 to 29,None,"Automobile, Station Wagon",Going Ahead,1,0,1,0,0,0,0,1,0,1,0,0,0,11,1140,Clear,Daylight,-79.3837,43.6557
1221014,6078,Driver,40 to 44,Minimal,"Automobile, Station Wagon",Turning Left,1,0,1,0,0,0,0,1,0,1,0,0,0,11,1140,Clear,Daylight,-79.3837,43.6557
1221014,6080,Pedestrian,65 to 69,Major,Other,NULL,1,0,1,0,0,0,0,1,0,1,0,0,0,11,1140,Clear,Daylight,-79.3837,43.6557
1221131,6084,Passenger,35 to 39,Minimal,Other,NULL,0,0,1,0,0,1,0,1,0,1,1,0,0,3,334,Snow,Dark,-79.4155,43.7222
1221131,6086,Driver,25 to 29,Major,"Automobile, Station Wagon",Going Ahead,0,0,1,0,0,1,0,1,0,1,1,0,0,3,334,Snow,Dark,-79.4155,43.7222
1221131,6088,Driver,45 to 49,None,Municipal Transit Bus (TTC),Going Ahead,0,0,1,0,0,1,0,1,0,1,1,0,0,3,334,Snow,Dark,-79.4155,43.7222
1224139,6095,Driver,65 to 69,None,"Automobile, Station Wagon",Going Ahead,1,0,1,0,0,0,0,0,0,1,1,0,0,14,1351,Snow,Daylight,-79.319,43.7001
1224139,6096,Pedestrian,50 to 54,Major,Other,NULL,1,0,1,0,0,0,0,0,0,1,1,0,0,14,1351,Snow,Daylight,-79.319,43.7001
1224926,6863,Driver,25 to 29,Major,"Automobile, Station Wagon",Slowing or Stopping,0,0,1,0,0,0,0,1,1,1,0,0,0,16,1555,Clear,Daylight,-79.3384,43.6995
1224926,6864,Passenger,20 to 24,Minimal,Other,NULL,0,0,1,0,0,0,0,1,1,1,0,0,0,16,1555,Clear,Daylight,-79.3384,43.6995
1224926,6865,Driver,20 to 24,Minimal,"Automobile, Station Wagon",Going Ahead,0,0,1,0,0,0,0,1,1,1,0,0,0,16,1555,Clear,Daylight,-79.3384,43.6995
1225560,6871,Driver,50 to 54,None,"Automobile, Station Wagon",Going Ahead,1,0,1,0,0,0,0,0,0,0,0,0,0,6,607,Rain,Dawn,-79.3701,43.6584
1225560,6872,Pedestrian,65 to 69,Major,Other,NULL,1,0,1,0,0,0,0,0,0,0,0,0,0,6,607,Rain,Dawn,-79.3701,43.6584
1225643,6284,Driver,25 to 29,Major,"Automobile, Station Wagon",Going Ahead,0,0,1,0,0,1,0,0,0,0,0,0,0,10,1035,Clear,Daylight,-79.5357,43.6235
1225643,6287,Driver,55 to 59,None,Municipal Transit Bus (TTC),Stopped,0,0,1,0,0,1,0,0,0,0,0,0,0,10,1035,Clear,Daylight,-79.5357,43.6235
1228585,6909,Passenger,30 to 34,Major,Other,NULL,0,0,1,0,1,0,0,1,0,0,0,0,0,10,1024,Clear,Daylight,-79.6055,43.7398
1228585,6910,Driver,85 to 89,Minor,"Automobile, Station Wagon",Unknown,0,0,1,0,1,0,0,1,0,0,0,0,0,10,1024,Clear,Daylight,-79.6055,43.7398
1228585,6912,Truck Driver,45 to 49,None,Truck - Open,Going Ahead,0,0,1,0,1,0,0,1,0,0,0,0,0,10,1024,Clear,Daylight,-79.6055,43.7398
1228987,6124,Driver,50 to 54,None,"Automobile, Station Wagon",Going Ahead,0,1,1,0,0,0,0,0,1,1,0,0,0,5,538,Rain,Dark,-79.2351,43.7853
1228987,6131,Cyclist,35 to 39,Major,Bicycle,Going Ahead,0,1,1,0,0,0,0,0,1,1,0,0,0,5,538,Rain,Dark,-79.2351,43.7853
1232010,6527,Driver,70 to 74,Major,"Automobile, Station Wagon",Going Ahead,0,0,1,0,0,0,0,0,1,1,0,0,0,14,1400,Clear,Daylight,-79.4061,43.7418
1232010,6528,Driver,60 to 64,Minor,"Automobile, Station Wagon",Going Ahead,0,0,1,0,0,0,0,0,1,1,0,0,0,14,1400,Clear,Daylight,-79.4061,43.7418
1232010,6530,Driver,50 to 54,None,"Automobile, Station Wagon",Going Ahead,0,0,1,0,0,0,0,0,1,1,0,0,0,14,1400,Clear,Daylight,-79.4061,43.7418
1233231,6567,Passenger,20 to 24,Minor,Other,NULL,0,0,1,0,0,0,0,1,1,1,0,0,0,0,17,Rain,"Dark, artificial",-79.4407,43.6354
1233231,6568,Driver,30 to 34,Major,"Automobile, Station Wagon",Going Ahead,0,0,1,0,0,0,0,1,1,1,0,0,0,0,17,Rain,"Dark, artificial",-79.4407,43.6354
1234067,6586,Driver,50 to 54,None,"Automobile, Station Wagon",Reversing,1,0,1,0,0,0,0,0,0,0,0,0,0,19,1932,Clear,Daylight,-79.3067,43.6819
1234067,6587,Pedestrian,85 to 89,Major,Other,NULL,1,0,1,0,0,0,0,0,0,0,0,0,0,19,1932,Clear,Daylight,-79.3067,43.6819
1236141,6903,Driver,25 to 29,Major,"Automobile, Station Wagon",Going Ahead,0,0,1,0,0,0,0,0,0,1,0,0,0,12,1206,Clear,Daylight,-79.2399,43.8267