ACCNUM,ObjectId,INVTYPE,INVAGE,INJURY,VEHTYPE,MANOEUVER,PEDESTRIAN,CYCLIST,AUTOMOBILE,MOTORCYCLE,TRUCK,TRSN_CITY_VEH,EMERG_VEH,PASSENGER,SPEEDING,AG_DRIV,REDLIGHT,ALCOHOL,DISABILITY,HOUR,TIME,VISIBILITY,LIGHT,collision_lat,collision_long
1239766,7029,Motorcycle Driver,30 to 34,Major,Motorcycle,Going Ahead,0,0,1,1,0,0,0,0,0,0,0,0,0,19,1935,Clear,Daylight,-79.3635,43.6501
1239766,7030,Driver,unknown,None,"Automobile, Station Wagon",Overtaking,0,0,1,1,0,0,0,0,0,0,0,0,0,19,1935,Clear,Daylight,-79.3635,43.6501
1240985,6540,Driver,70 to 74,None,"Automobile, Station Wagon",Turning Left,0,1,1,0,0,0,0,0,0,1,0,0,0,21,2128,Clear,Dark,-79.433,43.6762
1240985,6541,Cyclist,85 to 89,Major,Bicycle,Going Ahead,0,1,1,0,0,0,0,0,0,1,0,0,0,21,2128,Clear,Dark,-79.433,43.6762
1241202,7108,Driver,20 to 24,Major,"Automobile, Station Wagon",Going Ahead,0,0,1,0,0,0,0,0,0,0,0,0,0,10,959,Clear,Daylight,-79.5813,43.7612
1241202,7119,Driver,65 to 69,None,"Automobile, Station Wagon",Going Ahead,0,0,1,0,0,0,0,0,0,0,0,0,0,10,959,Clear,Daylight,-79.5813,43.7612
1241204,7339,Driver,50 to 54,None,"Automobile, Station Wagon",Going Ahead,1,0,1,0,0,0,0,0,0,0,0,0,1,11,1135,Clear,Daylight,-79.4458,43.7923
1241204,7340,Pedestrian,75 to 79,Major,Other,NULL,1,0,1,0,0,0,0,0,0,0,0,0,1,11,1135,Clear,Daylight,-79.4458,43.7923
1241204,7341,Pedestrian,85 to 89,Fatal,Other,NULL,1,0,1,0,0,0,0,0,0,0,0,0,1,11,1135,Clear,Daylight,-79.4458,43.7923
1242674,7358,Driver,25 to 29,Fatal,"Automobile, Station Wagon",Going Ahead,0,0,1,0,0,0,0,0,0,0,0,0,0,4,414,Clear,Dark,-79.4973,43.7073
1243108,7016,Driver,25 to 29,None,"Automobile, Station Wagon",Turning Right,1,0,1,0,0,0,0,0,0,1,0,0,0,19,1900,Clear,Daylight,-79.2742,43.7109
1243108,7017,Pedestrian,0 to 4,Major,Other,NULL,1,0,1,0,0,0,0,0,0,1,0,0,0,19,1900,Clear,Daylight,-79.2742,43.7109
1244229,7380,Pedestrian,20 to 24,Major,Other,NULL,1,0,1,0,0,0,0,0,0,1,0,0,0,23,2344,Clear,Dark,-79.4291,43.642
1244229,7381,Driver,15 to 19,None,"Automobile, Station Wagon",Going Ahead,1,0,1,0,0,0,0,0,0,1,0,0,0,23,2344,Clear,Dark,-79.4291,43.642
1244765,7402,Motorcycle Driver,20 to 24,Major,Motorcycle,Going Ahead,0,0,0,1,0,0,0,0,0,0,0,0,0,3,340,Clear,Dark,-79.551,43.613
1246967,7747,Driver,45 to 49,None,"Automobile, Station Wagon",Turning Left,1,0,1,0,0,0,0,0,0,1,0,0,0,12,1236,Clear,Daylight,-79.5063,43.6004
1246967,7748,Pedestrian,85 to 89,Fatal,Other,NULL,1,0,1,0,0,0,0,0,0,1,0,0,0,12,1236,Clear,Daylight,-79.5063,43.6004
1249794,7427,Driver,45 to 49,None,"Automobile, Station Wagon",Going Ahead,1,0,1,0,0,0,0,0,0,0,0,0,0,22,2202,Rain,"Dark, artificial",-79.5929,43.7113
1249794,7428,Pedestrian,65 to 69,Major,Other,NULL,1,0,1,0,0,0,0,0,0,0,0,0,0,22,2202,Rain,"Dark, artificial",-79.5929,43.7113
1249845,7360,Driver,20 to 24,Major,"Automobile, Station Wagon",Turning Right,0,1,1,0,0,0,0,0,0,1,0,0,0,16,1600,Clear,Daylight,-79.147,43.7983
1249845,7361,Cyclist,45 to 49,Major,Bicycle,Going Ahead,0,1,1,0,0,0,0,0,0,1,0,0,0,16,1600,Clear,Daylight,-79.147,43.7983
1250828,7384,Driver,45 to 49,Major,"Automobile, Station Wagon",Going Ahead,0,0,1,0,0,0,0,1,1,1,0,0,1,8,847,Clear,Daylight,-79.1982,43.8022
1250828,7385,Passenger,5 to 9,Minimal,Other,NULL,0,0,1,0,0,0,0,1,1,1,0,0,1,8,847,Clear,Daylight,-79.1982,43.8022
1250828,7386,Driver,40 to 44,Minimal,"Automobile, Station Wagon",Going Ahead,0,0,1,0,0,0,0,1,1,1,0,0,1,8,847,Clear,Daylight,-79.1982,43.8022
1250828,7382,Driver,35 to 39,Minor,"Automobile, Station Wagon",Going Ahead,0,0,1,0,0,0,0,1,1,1,0,0,1,8,847,Clear,Daylight,-79.1982,43.8022
1250828,7383,Driver,65 to 69,None,"Automobile, Station Wagon",Going Ahead,0,0,1,0,0,0,0,1,1,1,0,0,1,8,847,Clear,Daylight,-79.1982,43.8022
1250979,7376,Driver,55 to 59,None,"Automobile, Station Wagon",Going Ahead,0,1,1,0,0,0,0,0,0,1,0,0,0,16,1630,Clear,Daylight,-79.3396,43.7234
1250979,7377,Cyclist,30 to 34,Major,Bicycle,Going Ahead,0,1,1,0,0,0,0,0,0,1,0,0,0,16,1630,Clear,Daylight,-79.3396,43.7234
1253770,7121,Driver,50 to 54,None,"Automobile, Station Wagon",Going Ahead,1,0,1,0,0,0,0,0,0,0,0,0,0,14,1355,Clear,Daylight,-79.3103,43.6939
1253770,7222,Pedestrian,unknown,Major,Other,Other,1,0,1,0,0,0,0,0,0,0,0,0,0,14,1355,Clear,Daylight,-79.3103,43.6939
1253770,7229,Driver,unknown,None,"Automobile, Station Wagon",Unknown,1,0,1,0,0,0,0,0,0,0,0,0,0,14,1355,Clear,Daylight,-79.3103,43.6939
1258248,7786,Driver,50 to 54,None,"Automobile, Station Wagon",Turning Left,0,1,1,0,0,0,0,0,0,1,0,0,0,15,1457,Clear,Daylight,-79.2992,43.7835
1258248,7787,Cyclist,60 to 64,Major,Bicycle,Going Ahead,0,1,1,0,0,0,0,0,0,1,0,0,0,15,1457,Clear,Daylight,-79.2992,43.7835
1260122,7138,Motorcycle Driver,30 to 34,Major,Motorcycle,Going Ahead,0,0,1,1,0,0,0,0,0,0,0,0,0,16,1630,Clear,Daylight,-79.4084,43.6517
1260122,7140,Driver,25 to 29,None,"Automobile, Station Wagon",Turning Left,0,0,1,1,0,0,0,0,0,0,0,0,0,16,1630,Clear,Daylight,-79.4084,43.6517
1260139,7126,Driver,75 to 79,Major,"Automobile, Station Wagon",Going Ahead,0,0,1,0,0,0,0,1,0,1,1,0,1,11,1050,Clear,Daylight,-79.2514,43.7721
1260139,7127,Driver,60 to 64,Minimal,"Automobile, Station Wagon",Going Ahead,0,0,1,0,0,0,0,1,0,1,1,0,1,11,1050,Clear,Daylight,-79.2514,43.7721
1155683,5151,Pedestrian,60 to 64,Major,Other,NULL,1,0,1,0,0,0,0,0,0,1,0,0,0,8,834,Clear,Daylight,-79.5014,43.7414
1156458,5532,Driver,45 to 49,Minor,"Automobile, Station Wagon",Turning Left,1,0,1,0,0,0,0,0,0,1,0,0,0,14,1353,Clear,Daylight,-79.3841,43.6638
1156458,5533,Pedestrian,75 to 79,Major,Other,NULL,1,0,1,0,0,0,0,0,0,1,0,0,0,14,1353,Clear,Daylight,-79.3841,43.6638
1156458,5534,Pedestrian,75 to 79,Major,Other,NULL,1,0,1,0,0,0,0,0,0,1,0,0,0,14,1353,Clear,Daylight,-79.3841,43.6638
1156744,5536,Truck Driver,40 to 44,None,Truck - Open,Going Ahead,0,0,1,0,1,0,0,0,0,0,0,0,0,15,1504,Clear,Daylight,-79.5952,43.7595
1156744,5537,Driver,45 to 49,Fatal,"Automobile, Station Wagon",Going Ahead,0,0,1,0,1,0,0,0,0,0,0,0,0,15,1504,Clear,Daylight,-79.5952,43.7595
1156744,5538,Other,unknown,None,Other,NULL,0,0,1,0,1,0,0,0,0,0,0,0,0,15,1504,Clear,Daylight,-79.5952,43.7595
1158873,5572,Motorcycle Driver,55 to 59,Major,Motorcycle,Going Ahead,0,0,0,1,0,0,0,0,0,0,0,0,0,0,0,Clear,Dark,-79.1676,43.809
1161474,5527,Driver,20 to 24,None,"Automobile, Station Wagon",Going Ahead,1,0,1,0,0,0,0,0,0,0,0,0,0,22,2210,Clear,Dark,-79.4502,43.6956
1161474,5528,Pedestrian,45 to 49,Major,Other,NULL,1,0,1,0,0,0,0,0,0,0,0,0,0,22,2210,Clear,Dark,-79.4502,43.6956
1167297,5339,Driver,80 to 84,None,"Automobile, Station Wagon",Going Ahead,0,1,1,0,0,0,0,0,1,1,0,0,0,23,2302,Clear,Dark,-79.4415,43.6503
1167297,5340,Cyclist,25 to 29,Major,Bicycle,Stopped,0,1,1,0,0,0,0,0,1,1,0,0,0,23,2302,Clear,Dark,-79.4415,43.6503
1169755,5347,Passenger,80 to 84,Major,Other,NULL,0,0,1,0,0,0,0,1,0,1,0,0,0,10,1008,Clear,Daylight,-79.2612,43.77
1169755,5348,Driver,80 to 84,None,"Automobile, Station Wagon",Turning Left,0,0,1,0,0,0,0,1,0,1,0,0,0,10,1008,Clear,Daylight,-79.2612,43.77
1169755,5349,Driver,35 to 39,None,NULL,Going Ahead,0,0,1,0,0,0,0,1,0,1,0,0,0,10,1008,Clear,Daylight,-79.2612,43.77
1172452,5361,Driver,30 to 34,None,"Automobile, Station Wagon",Overtaking,0,1,1,0,0,0,0,0,0,1,0,0,0,13,1333,Clear,Daylight,-79.3879,43.6565
1172452,5006,Cyclist,25 to 29,Major,Bicycle,Going Ahead,0,1,1,0,0,0,0,0,0,1,0,0,0,13,1333,Clear,Daylight,-79.3879,43.6565
1175178,5443,Driver,20 to 24,Minimal,"Automobile, Station Wagon",Going Ahead,0,0,1,0,0,0,0,1,0,1,0,0,0,16,1600,Clear,Daylight,-79.4502,43.6956
1175178,5444,Passenger,25 to 29,Minimal,Other,NULL,0,0,1,0,0,0,0,1,0,1,0,0,0,16,1600,Clear,Daylight,-79.4502,43.6956
1175178,5445,Passenger,25 to 29,Minimal,Other,NULL,0,0,1,0,0,0,0,1,0,1,0,0,0,16,1600,Clear,Daylight,-79.4502,43.6956
1175178,5446,Driver,15 to 19,Major,"Automobile, Station Wagon",Slowing or Stopping,0,0,1,0,0,0,0,1,0,1,0,0,0,16,1600,Clear,Daylight,-79.4502,43.6956
1175328,6918,Driver,30 to 34,None,"Automobile, Station Wagon",Going Ahead,1,0,1,0,0,0,0,0,0,0,0,0,0,3,256,Clear,Dark,-79.5705,43.69
1175328,6919,Pedestrian,25 to 29,Major,Other,NULL,1,0,1,0,0,0,0,0,0,0,0,0,0,3,256,Clear,Dark,-79.5705,43.69
1178593,5757,Driver,40 to 44,None,"Automobile, Station Wagon",Going Ahead,0,0,1,0,0,0,0,0,0,0,0,0,0,15,1541,Clear,Daylight,-79.5113,43.6473
1178593,5759,Driver,35 to 39,Major,"Automobile, Station Wagon",Going Ahead,0,0,1,0,0,0,0,0,0,0,0,0,0,15,1541,Clear,Daylight,-79.5113,43.6473
1178593,5761,Driver,40 to 44,None,"Automobile, Station Wagon",Going Ahead,0,0,1,0,0,0,0,0,0,0,0,0,0,15,1541,Clear,Daylight,-79.5113,43.6473
1179647,5259,Driver,15 to 19,None,"Automobile, Station Wagon",Going Ahead,1,0,1,0,0,0,0,0,0,1,0,0,0,18,1750,Clear,Daylight,-79.4116,43.712
1179647,5368,Pedestrian,40 to 44,Major,Other,NULL,1,0,1,0,0,0,0,0,0,1,0,0,0,18,1750,Clear,Daylight,-79.4116,43.712
1179647,5365,Driver,35 to 39,None,"Automobile, Station Wagon",Turning Right,1,0,1,0,0,0,0,0,0,1,0,0,0,18,1750,Clear,Daylight,-79.4116,43.712
1180994,5406,Motorcycle Driver,25 to 29,Major,Motorcycle,Going Ahead,0,0,1,1,0,0,0,0,0,0,0,0,0,17,1659,Clear,Daylight,-79.3975,43.6484
1180994,5407,Driver,20 to 24,None,"Automobile, Station Wagon",Making U Turn,0,0,1,1,0,0,0,0,0,0,0,0,0,17,1659,Clear,Daylight,-79.3975,43.6484
1181194,5417,Driver,70 to 74,Major,"Automobile, Station Wagon",Going Ahead,0,0,1,0,0,0,0,0,0,1,1,0,0,12,1156,Clear,Daylight,-79.2157,43.7618
1181194,5418,Driver,40 to 44,Minimal,"Automobile, Station Wagon",Going Ahead,0,0,1,0,0,0,0,0,0,1,1,0,0,12,1156,Clear,Daylight,-79.2157,43.7618
1182348,5439,Passenger,20 to 24,Major,Other,NULL,0,0,1,0,0,0,0,1,0,1,0,0,0,21,2126,Clear,Dark,-79.5536,43.753
1182348,5440,Driver,45 to 49,Minimal,"Automobile, Station Wagon",Turning Right,0,0,1,0,0,0,0,1,0,1,0,0,0,21,2126,Clear,Dark,-79.5536,43.753
1182348,5441,Passenger,20 to 24,Minimal,Other,NULL,0,0,1,0,0,0,0,1,0,1,0,0,0,21,2126,Clear,Dark,-79.5536,43.753
1182348,5442,Driver,20 to 24,None,"Automobile, Station Wagon",Going Ahead,0,0,1,0,0,0,0,1,0,1,0,0,0,21,2126,Clear,Dark,-79.5536,43.753
1183116,6227,Driver,25 to 29,Minimal,"Automobile, Station Wagon",Going Ahead,1,0,1,0,0,0,0,0,0,0,0,0,0,18,1810,Clear,Daylight,-79.4033,43.6659
1183116,6228,Pedestrian,45 to 49,Major,Other,NULL,1,0,1,0,0,0,0,0,0,0,0,0,0,18,1810,Clear,Daylight,-79.4033,43.6659
1183691,6937,Driver,30 to 34,None,"Automobile, Station Wagon",Turning Left,1,0,1,0,0,0,0,0,0,1,0,0,0,11,1130,Clear,Daylight,-79.2822,43.7694
1183691,6938,Pedestrian,45 to 49,Major,Other,NULL,1,0,1,0,0,0,0,0,0,1,0,0,0,11,1130,Clear,Daylight,-79.2822,43.7694
1183977,6956,Passenger,45 to 49,Minor,Other,NULL,0,0,1,0,0,0,0,1,0,0,0,0,0,15,1545,Clear,Daylight,-79.2944,43.6797
1183977,6957,Driver,30 to 34,Minor,"Automobile, Station Wagon",Going Ahead,0,0,1,0,0,0,0,1,0,0,0,0,0,15,1545,Clear,Daylight,-79.2944,43.6797
1183977,6958,Driver,25 to 29,Major,"Automobile, Station Wagon",Turning Left,0,0,1,0,0,0,0,1,0,0,0,0,0,15,1545,Clear,Daylight,-79.2944,43.6797
1184066,6972,Driver,40 to 44,None,Municipal Transit Bus (TTC),Going Ahead,1,0,0,0,0,1,0,0,0,0,0,0,0,19,1910,Clear,Daylight,-79.4466,43.6868
1184066,6973,Pedestrian,55 to 59,Major,Other,NULL,1,0,0,0,0,1,0,0,0,0,0,0,0,19,1910,Clear,Daylight,-79.4466,43.6868
1184084,6384,Driver,25 to 29,None,"Automobile, Station Wagon",Reversing,1,0,1,0,0,0,0,0,0,0,0,0,0,17,1715,Clear,Daylight,-79.4226,43.6578
1184084,6389,Pedestrian,85 to 89,Major,Other,NULL,1,0,1,0,0,0,0,0,0,0,0,0,0,17,1715,Clear,Daylight,-79.4226,43.6578
1184434,6402,Driver,35 to 39,None,Municipal Transit Bus (TTC),Going Ahead,1,0,0,0,0,1,0,0,0,0,0,0,0,22,2215,Clear,Dark,-79.3061,43.6643
1184434,6410,Pedestrian,15 to 19,Fatal,Other,NULL,1,0,0,0,0,1,0,0,0,0,0,0,0,22,2215,Clear,Dark,-79.3061,43.6643
1185756,6157,Driver,25 to 29,None,"Automobile, Station Wagon",Stopped,0,1,1,0,0,0,0,0,0,0,0,0,0,12,1234,Clear,Daylight,-79.3847,43.6476
1185756,6158,Cyclist,15 to 19,Major,Bicycle,Going Ahead,0,1,1,0,0,0,0,0,0,0,0,0,0,12,1234,Clear,Daylight,-79.3847,43.6476
1187617,6188,Driver,55 to 59,Major,"Automobile, Station Wagon",Turning Right,0,0,1,0,0,0,0,0,0,1,0,0,0,5,505,Clear,Dark,-79.4225,43.6937
1187617,6189,Driver,25 to 29,None,"Automobile, Station Wagon",Going Ahead,0,0,1,0,0,0,0,0,0,1,0,0,0,5,505,Clear,Dark,-79.4225,43.6937
1188832,6744,Driver,35 to 39,None,"Automobile, Station Wagon",Turning Left,1,0,1,0,0,0,0,0,0,0,0,0,0,6,639,Rain,Dawn,-79.2317,43.7764
1188832,6745,Pedestrian,20 to 24,Major,Other,NULL,1,0,1,0,0,0,0,0,0,0,0,0,0,6,639,Rain,Dawn,-79.2317,43.7764
1189375,6758,Other,unknown,None,Other,Parked,0,0,1,0,0,0,0,0,1,1,0,0,0,4,418,Clear,Dark,-79.5259,43.7032
1189375,6760,Driver,25 to 29,Fatal,"Automobile, Station Wagon",Going Ahead,0,0,1,0,0,0,0,0,1,1,0,0,0,4,418,Clear,Dark,-79.5259,43.7032
1192115,6695,Driver,20 to 24,Minor,"Automobile, Station Wagon",Turning Left,0,0,1,0,0,0,0,1,0,1,1,0,0,9,855,Clear,Daylight,-79.4384,43.7554
1192115,6696,Driver,35 to 39,None,"Automobile, Station Wagon",Stopped,0,0,1,0,0,0,0,1,0,1,1,0,0,9,855,Clear,Daylight,-79.4384,43.7554
1192115,6697,Passenger,20 to 24,Minor,Other,NULL,0,0,1,0,0,0,0,1,0,1,1,0,0,9,855,Clear,Daylight,-79.4384,43.7554
1192115,6698,Passenger,5 to 9,Major,Other,NULL,0,0,1,0,0,0,0,1,0,1,1,0,0,9,855,Clear,Daylight,-79.4384,43.7554
1192115,6699,Driver,30 to 34,Minor,"Automobile, Station Wagon",Going Ahead,0,0,1,0,0,0,0,1,0,1,1,0,0,9,855,Clear,Daylight,-79.4384,43.7554
1192726,6460,Passenger,0 to 4,None,Other,NULL,1,0,1,0,0,0,0,1,0,0,0,0,0,20,2017,Clear,Dark,-79.2684,43.7064
1192726,6461,Passenger,5 to 9,None,Other,NULL,1,0,1,0,0,0,0,1,0,0,0,0,0,20,2017,Clear,Dark,-79.2684,43.7064
1192726,6462,Passenger,10 to 14,None,Other,NULL,1,0,1,0,0,0,0,1,0,0,0,0,0,20,2017,Clear,Dark,-79.2684,43.7064
1192726,6463,Driver,35 to 39,None,"Automobile, Station Wagon",Slowing or Stopping,1,0,1,0,0,0,0,1,0,0,0,0,0,20,2017,Clear,Dark,-79.2684,43.7064
1192726,6464,Pedestrian,75 to 79,Major,Other,NULL,1,0,1,0,0,0,0,1,0,0,0,0,0,20,2017,Clear,Dark,-79.2684,43.7064
1193019,6476,Driver,30 to 34,Major,"Automobile, Station Wagon",Going Ahead,0,0,1,0,0,0,0,0,0,1,0,0,0,16,1619,Rain,Daylight,-79.3912,43.6434
1163084,5325,Driver,35 to 39,None,Municipal Transit Bus (TTC),Going Ahead,1,0,0,0,0,1,0,0,0,0,0,0,0,16,1643,Clear,Daylight,-79.4476,43.637
1163084,5326,Pedestrian,55 to 59,Major,Other,NULL,1,0,0,0,0,1,0,0,0,0,0,0,0,16,1643,Clear,Daylight,-79.4476,43.637
1163175,5328,Driver,35 to 39,None,Municipal Transit Bus (TTC),Overtaking,1,0,0,0,0,1,0,0,0,0,0,0,0,11,1059,Clear,Daylight,-79.4368,43.7491
1163175,5329,Pedestrian,10 to 14,Major,Other,NULL,1,0,0,0,0,1,0,0,0,0,0,0,0,11,1059,Clear,Daylight,-79.4368,43.7491
1165190,5301,Driver,60 to 64,None,"Automobile, Station Wagon",Reversing,1,0,1,0,0,0,0,0,0,0,0,0,0,9,929,Clear,Daylight,-79.2879,43.6725
1165190,5302,Pedestrian,30 to 34,Major,Other,NULL,1,0,1,0,0,0,0,0,0,0,0,0,0,9,929,Clear,Daylight,-79.2879,43.6725
1165924,5253,Driver,75 to 79,Major,"Automobile, Station Wagon",Going Ahead,0,0,1,0,0,0,0,0,0,0,0,0,1,8,752,Clear,Daylight,-79.4847,43.7135
1167187,5466,Driver,40 to 44,None,"Automobile, Station Wagon",Going Ahead,0,0,1,0,0,0,0,1,0,1,0,0,0,16,1630,Clear,Daylight,-79.3862,43.6458
1167187,5473,Passenger,80 to 84,Minor,Other,NULL,0,0,1,0,0,0,0,1,0,1,0,0,0,16,1630,Clear,Daylight,-79.3862,43.6458
1167187,5468,Passenger,80 to 84,Fatal,Other,NULL,0,0,1,0,0,0,0,1,0,1,0,0,0,16,1630,Clear,Daylight,-79.3862,43.6458
1167187,5475,Driver,75 to 79,Minor,"Automobile, Station Wagon",Going Ahead,0,0,1,0,0,0,0,1,0,1,0,0,0,16,1630,Clear,Daylight,-79.3862,43.6458
1170095,5464,Driver,40 to 44,Major,"Automobile, Station Wagon",Changing Lanes,0,0,1,0,0,0,0,1,0,0,0,0,0,17,1700,Rain,Daylight,-79.2931,43.69
1170095,5364,Driver,45 to 49,Major,"Automobile, Station Wagon",Going Ahead,0,0,1,0,0,0,0,1,0,0,0,0,0,17,1700,Rain,Daylight,-79.2931,43.69
1170095,5369,Passenger,40 to 44,Major,Other,NULL,0,0,1,0,0,0,0,1,0,0,0,0,0,17,1700,Rain,Daylight,-79.2931,43.69
1175820,5714,Driver,35 to 39,None,"Automobile, Station Wagon",Going Ahead,1,0,1,0,0,0,0,0,0,1,0,0,0,15,1530,Clear,Daylight,-79.4831,43.7311
1175820,5715,Driver,55 to 59,Minimal,"Automobile, Station Wagon",Turning Left,1,0,1,0,0,0,0,0,0,1,0,0,0,15,1530,Clear,Daylight,-79.4831,43.7311
1175820,5717,Driver,20 to 24,None,"Automobile, Station Wagon",Stopped,1,0,1,0,0,0,0,0,0,1,0,0,0,15,1530,Clear,Daylight,-79.4831,43.7311
1175820,5718,Pedestrian,35 to 39,Major,Other,NULL,1,0,1,0,0,0,0,0,0,1,0,0,0,15,1530,Clear,Daylight,-79.4831,43.7311
1176088,5721,Moped Driver,20 to 24,Major,Moped,Going Ahead,0,1,1,0,0,0,0,0,0,1,0,0,0,9,855,Clear,Daylight,-79.3881,43.7032
1176088,5723,Driver,45 to 49,None,"Automobile, Station Wagon",Turning Left,0,1,1,0,0,0,0,0,0,1,0,0,0,9,855,Clear,Daylight,-79.3881,43.7032
1177549,5451,Driver,unknown,None,"Automobile, Station Wagon",Going Ahead,0,1,1,0,0,0,0,0,0,1,0,0,0,17,1730,Clear,Daylight,-79.4191,43.7946
1177549,5452,Cyclist,50 to 54,Major,Bicycle,Going Ahead,0,1,1,0,0,0,0,0,0,1,0,0,0,17,1730,Clear,Daylight,-79.4191,43.7946
1179891,6181,Driver,75 to 79,Minor,"Automobile, Station Wagon",Going Ahead,0,0,1,0,0,0,0,0,0,1,1,0,0,11,1149,Clear,Daylight,-79.4066,43.7441
1179891,6182,Driver,45 to 49,Minimal,"Automobile, Station Wagon",Going Ahead,0,0,1,0,0,0,0,0,0,1,1,0,0,11,1149,Clear,Daylight,-79.4066,43.7441
1179891,6183,Driver,85 to 89,Fatal,"Automobile, Station Wagon",Going Ahead,0,0,1,0,0,0,0,0,0,1,1,0,0,11,1149,Clear,Daylight,-79.4066,43.7441
1179966,5383,Driver,35 to 39,None,"Automobile, Station Wagon",Parked,0,1,1,0,0,0,0,0,0,0,0,0,0,13,1302,Clear,Daylight,-79.3304,43.6853
1179966,5384,Cyclist,20 to 24,Major,Bicycle,Going Ahead,0,1,1,0,0,0,0,0,0,0,0,0,0,13,1302,Clear,Daylight,-79.3304,43.6853
1180091,16087,Driver,45 to 49,None,"Automobile, Station Wagon",Going Ahead,1,0,1,0,0,0,0,0,0,0,0,0,0,22,2213,Clear,Dark,-79.3333,43.6811
1180091,16088,Pedestrian,70 to 74,Major,NULL,NULL,1,0,1,0,0,0,0,0,0,0,0,0,0,22,2213,Clear,Dark,-79.3333,43.6811
1181100,6208,Truck Driver,55 to 59,None,Truck - Open,Going Ahead,1,0,0,0,1,0,0,0,0,0,0,0,0,8,845,Clear,Daylight,-79.3186,43.8014
1181100,6210,Pedestrian,25 to 29,Major,Other,NULL,1,0,0,0,1,0,0,0,0,0,0,0,0,8,845,Clear,Daylight,-79.3186,43.8014
1183999,6255,Driver,70 to 74,None,"Automobile, Station Wagon",Turning Left,1,0,1,0,0,0,0,0,0,1,0,0,0,18,1752,Clear,Daylight,-79.2726,43.7969
1183999,6261,Pedestrian,70 to 74,Major,Other,NULL,1,0,1,0,0,0,0,0,0,1,0,0,0,18,1752,Clear,Daylight,-79.2726,43.7969
1183999,6269,Pedestrian,70 to 74,Minor,Other,NULL,1,0,1,0,0,0,0,0,0,1,0,0,0,18,1752,Clear,Daylight,-79.2726,43.7969
1184369,6976,Driver,20 to 24,Major,"Automobile, Station Wagon",Going Ahead,0,0,1,0,0,0,0,0,1,1,0,0,0,1,105,Clear,Dark,-79.2514,43.772
1186516,6162,Driver,35 to 39,None,"Automobile, Station Wagon",Making U Turn,0,0,1,1,0,0,0,0,0,0,0,0,0,17,1737,Clear,Daylight,-79.3331,43.6812
1186516,6159,Motorcycle Driver,25 to 29,Major,Motorcycle,Going Ahead,0,0,1,1,0,0,0,0,0,0,0,0,0,17,1737,Clear,Daylight,-79.3331,43.6812
1186516,6160,Other,unknown,None,Other,Parked,0,0,1,1,0,0,0,0,0,0,0,0,0,17,1737,Clear,Daylight,-79.3331,43.6812
1187943,6201,Passenger,55 to 59,Major,Other,NULL,0,0,1,0,0,0,0,1,0,1,0,0,0,9,850,Clear,Daylight,-79.4074,43.6758
1187943,6202,Passenger,30 to 34,Minimal,Other,NULL,0,0,1,0,0,0,0,1,0,1,0,0,0,9,850,Clear,Daylight,-79.4074,43.6758
1187943,6203,Driver,30 to 34,None,"Automobile, Station Wagon",Going Ahead,0,0,1,0,0,0,0,1,0,1,0,0,0,9,850,Clear,Daylight,-79.4074,43.6758
1187943,6204,Driver,25 to 29,None,"Automobile, Station Wagon",Going Ahead,0,0,1,0,0,0,0,1,0,1,0,0,0,9,850,Clear,Daylight,-79.4074,43.6758
1188020,6234,Driver,unknown,None,"Automobile, Station Wagon",Going Ahead,1,0,1,0,0,0,0,0,0,0,0,0,0,14,1400,Clear,Daylight,-79.2161,43.8192
1188020,6244,Pedestrian,40 to 44,Major,Other,NULL,1,0,1,0,0,0,0,0,0,0,0,0,0,14,1400,Clear,Daylight,-79.2161,43.8192
1188456,6205,Motorcycle Driver,20 to 24,Major,Motorcycle,Going Ahead,0,0,1,1,0,0,0,0,0,0,0,0,0,15,1530,Clear,Daylight,-79.4165,43.7837
1188456,6206,Driver,35 to 39,None,"Automobile, Station Wagon",Turning Left,0,0,1,1,0,0,0,0,0,0,0,0,0,15,1530,Clear,Daylight,-79.4165,43.7837
1192130,6701,Motorcycle Driver,30 to 34,Major,Motorcycle,Going Ahead,0,0,1,1,0,0,0,0,0,1,0,0,0,23,2344,Clear,Dark,-79.4765,43.7643
1192130,6702,Driver,50 to 54,Minimal,"Automobile, Station Wagon",Going Ahead,0,0,1,1,0,0,0,0,0,1,0,0,0,23,2344,Clear,Dark,-79.4765,43.7643
1193861,6482,Driver,45 to 49,None,"Automobile, Station Wagon",Going Ahead,1,0,1,0,0,0,0,0,0,1,1,0,0,8,815,Clear,Daylight,-79.5761,43.7389
1193861,6483,Pedestrian,70 to 74,Major,Other,NULL,1,0,1,0,0,0,0,0,0,1,1,0,0,8,815,Clear,Daylight,-79.5761,43.7389
1194863,6511,Driver,25 to 29,None,"Automobile, Station Wagon",Unknown,0,0,1,0,0,0,0,1,0,0,0,1,0,4,351,Clear,Dark,-79.2729,43.6928
1194863,6428,Passenger,25 to 29,Major,Other,NULL,0,0,1,0,0,0,0,1,0,0,0,1,0,4,351,Clear,Dark,-79.2729,43.6928
1196444,6597,Driver,20 to 24,None,"Automobile, Station Wagon",Turning Left,1,0,1,0,0,0,0,0,0,1,0,0,0,13,1315,Clear,Daylight,-79.4475,43.792
1196444,6677,Pedestrian,60 to 64,Major,Other,NULL,1,0,1,0,0,0,0,0,0,1,0,0,0,13,1315,Clear,Daylight,-79.4475,43.792
1197305,6014,Driver,30 to 34,Minor,"Automobile, Station Wagon",Going Ahead,0,0,1,0,0,0,0,0,0,1,0,1,0,23,2317,Clear,Dark,-79.2456,43.8316