ACCNUM,ObjectId,INVTYPE,INVAGE,INJURY,VEHTYPE,MANOEUVER,PEDESTRIAN,CYCLIST,AUTOMOBILE,MOTORCYCLE,TRUCK,TRSN_CITY_VEH,EMERG_VEH,PASSENGER,SPEEDING,AG_DRIV,REDLIGHT,ALCOHOL,DISABILITY,HOUR,TIME,VISIBILITY,LIGHT,collision_lat,collision_long
1197305,6116,Driver,30 to 34,Major,"Automobile, Station Wagon",Going Ahead,0,0,1,0,0,0,0,0,0,1,0,1,0,23,2317,Clear,Dark,-79.2456,43.8316
1198314,6422,Driver,20 to 24,None,Pick Up Truck,Turning Left,0,1,1,0,0,0,0,0,0,0,0,0,0,17,1704,Clear,Daylight,-79.4627,43.6949
1198314,6423,Cyclist,50 to 54,Major,Bicycle,Going Ahead,0,1,1,0,0,0,0,0,0,0,0,0,0,17,1704,Clear,Daylight,-79.4627,43.6949
1200079,6478,Driver,30 to 34,Major,"Automobile, Station Wagon",Going Ahead,0,0,1,0,0,0,0,0,1,1,0,0,0,17,1730,Rain,Daylight,-79.1906,43.8004
1202126,6787,Driver,50 to 54,None,"Automobile, Station Wagon",Going Ahead,0,0,1,0,0,0,0,0,0,1,1,0,0,20,2022,Rain,Dark,-79.4919,43.7673
1202126,6788,Driver,20 to 24,Major,"Automobile, Station Wagon",Turning Left,0,0,1,0,0,0,0,0,0,1,1,0,0,20,2022,Rain,Dark,-79.4919,43.7673
1202192,6785,Driver,50 to 54,None,"Automobile, Station Wagon",Turning Left,1,0,1,0,0,0,0,0,0,1,0,0,0,19,1945,Clear,Dark,-79.3669,43.6619
1202192,6786,Pedestrian,50 to 54,Major,Other,NULL,1,0,1,0,0,0,0,0,0,1,0,0,0,19,1945,Clear,Dark,-79.3669,43.6619
1203855,6603,Driver,25 to 29,None,"Automobile, Station Wagon",Turning Left,1,0,1,0,0,0,0,0,0,1,0,0,0,15,1542,Rain,Daylight,-79.3498,43.705
1203855,6604,Pedestrian,65 to 69,Major,Other,NULL,1,0,1,0,0,0,0,0,0,1,0,0,0,15,1542,Rain,Daylight,-79.3498,43.705
1204296,6615,Driver,70 to 74,None,"Automobile, Station Wagon",Going Ahead,1,0,1,0,0,0,0,0,0,1,0,0,0,17,1719,Clear,Dark,-79.4283,43.6829
1204296,6616,Pedestrian,75 to 79,Fatal,Other,NULL,1,0,1,0,0,0,0,0,0,1,0,0,0,17,1719,Clear,Dark,-79.4283,43.6829
1204298,6617,Driver,25 to 29,None,"Automobile, Station Wagon",Going Ahead,1,0,1,0,0,0,0,0,0,0,0,0,0,20,2026,Clear,Dark,-79.3671,43.713
1204298,6618,Pedestrian,75 to 79,Major,Other,NULL,1,0,1,0,0,0,0,0,0,0,0,0,0,20,2026,Clear,Dark,-79.3671,43.713
1206538,6659,Driver,40 to 44,Major,"Automobile, Station Wagon",Going Ahead,0,0,1,0,0,0,0,0,0,0,0,0,1,21,2055,Clear,Dark,-79.5131,43.7393
1206538,6660,Driver,30 to 34,None,"Automobile, Station Wagon",Stopped,0,0,1,0,0,0,0,0,0,0,0,0,1,21,2055,Clear,Dark,-79.5131,43.7393
1215589,6295,Driver,40 to 44,None,Municipal Transit Bus (TTC),Turning Right,1,0,0,0,0,1,0,0,0,1,0,0,0,8,847,Snow,Daylight,-79.5893,43.732
1139232,5582,Pedestrian,20 to 24,Major,Other,Other,1,0,1,0,0,0,0,1,0,0,0,0,0,0,10,Clear,Dark,-79.6013,43.7304
1139818,5857,Driver,60 to 64,None,"Automobile, Station Wagon",Going Ahead,1,0,1,0,0,0,0,0,0,0,0,0,0,17,1716,Clear,Dark,-79.4309,43.7189
1139818,5858,Pedestrian,50 to 54,Major,Other,NULL,1,0,1,0,0,0,0,0,0,0,0,0,0,17,1716,Clear,Dark,-79.4309,43.7189
1141557,5651,Pedestrian,unknown,Major,Other,Other,1,0,1,0,0,0,0,0,0,1,0,0,0,21,2120,Clear,Dark,-79.2612,43.77
1141557,5650,Driver,25 to 29,None,"Automobile, Station Wagon",Turning Left,1,0,1,0,0,0,0,0,0,1,0,0,0,21,2120,Clear,Dark,-79.2612,43.77
1142007,5902,Driver,50 to 54,None,"Automobile, Station Wagon",Slowing or Stopping,1,0,1,0,0,0,0,0,0,0,0,0,0,18,1805,Rain,Dark,-79.3222,43.8091
1142007,5903,Pedestrian,20 to 24,Major,Other,NULL,1,0,1,0,0,0,0,0,0,0,0,0,0,18,1805,Rain,Dark,-79.3222,43.8091
1143058,5671,Cyclist,40 to 44,Major,Bicycle,Going Ahead,0,1,1,0,0,0,0,0,0,1,0,0,0,6,630,Rain,Dark,-79.2732,43.7674
1143058,5587,Driver,70 to 74,None,"Automobile, Station Wagon",Going Ahead,0,1,1,0,0,0,0,0,0,1,0,0,0,6,630,Rain,Dark,-79.2732,43.7674
1143126,5920,Driver,40 to 44,Major,"Automobile, Station Wagon",Going Ahead,0,0,1,0,0,0,0,0,0,1,1,0,0,7,700,Clear,Daylight,-79.2414,43.7208
1143126,5921,Driver,35 to 39,Minor,"Automobile, Station Wagon",Going Ahead,0,0,1,0,0,0,0,0,0,1,1,0,0,7,700,Clear,Daylight,-79.2414,43.7208
1143325,5294,Driver,40 to 44,Major,"Automobile, Station Wagon",Turning Right,0,0,1,0,1,0,0,0,0,1,0,0,0,13,1310,Rain,Daylight,-79.3107,43.7849
1143325,5113,Truck Driver,35 to 39,None,Truck - Open,Going Ahead,0,0,1,0,1,0,0,0,0,1,0,0,0,13,1310,Rain,Daylight,-79.3107,43.7849
1143343,5482,Driver,25 to 29,Minor,"Automobile, Station Wagon",Turning Left,0,0,1,0,0,0,0,1,0,0,0,0,0,19,1920,Clear,Dark,-79.4792,43.7825
1143343,5463,Passenger,20 to 24,Major,Other,NULL,0,0,1,0,0,0,0,1,0,0,0,0,0,19,1920,Clear,Dark,-79.4792,43.7825
1143343,5470,Passenger,20 to 24,Minimal,Other,NULL,0,0,1,0,0,0,0,1,0,0,0,0,0,19,1920,Clear,Dark,-79.4792,43.7825
1143343,5476,Passenger,20 to 24,Minimal,Other,NULL,0,0,1,0,0,0,0,1,0,0,0,0,0,19,1920,Clear,Dark,-79.4792,43.7825
1145801,5879,Driver,25 to 29,None,"Automobile, Station Wagon",Going Ahead,1,0,1,0,0,0,0,0,0,0,0,0,0,14,1405,Clear,Daylight,-79.6128,43.7394
1145801,5877,Pedestrian,25 to 29,Major,Other,NULL,1,0,1,0,0,0,0,0,0,0,0,0,0,14,1405,Clear,Daylight,-79.6128,43.7394
1147555,5117,Driver,20 to 24,Major,"Automobile, Station Wagon",Going Ahead,0,0,1,0,0,0,0,0,1,1,0,0,0,1,148,Clear,Dark,-79.5407,43.6507
1148238,5923,Driver,30 to 34,None,"Automobile, Station Wagon",Turning Left,1,0,1,0,0,0,0,0,0,1,0,0,0,21,2120,Clear,Dark,-79.2862,43.8037
1148238,5924,Pedestrian,45 to 49,Major,Other,NULL,1,0,1,0,0,0,0,0,0,1,0,0,0,21,2120,Clear,Dark,-79.2862,43.8037
1148424,5001,Driver,70 to 74,None,"Automobile, Station Wagon",Turning Right,1,0,1,0,0,0,0,0,0,1,0,1,0,19,1933,Clear,Dark,-79.1987,43.7462
1148424,5002,Pedestrian,65 to 69,Major,Other,NULL,1,0,1,0,0,0,0,0,0,1,0,1,0,19,1933,Clear,Dark,-79.1987,43.7462
1148773,5141,Passenger,15 to 19,None,Other,NULL,1,0,1,0,0,0,0,1,0,0,0,0,0,7,700,Clear,Dark,-79.4484,43.6913
1148773,5142,Passenger,15 to 19,None,Other,NULL,1,0,1,0,0,0,0,1,0,0,0,0,0,7,700,Clear,Dark,-79.4484,43.6913
1148773,5143,Driver,40 to 44,None,"Automobile, Station Wagon",Going Ahead,1,0,1,0,0,0,0,1,0,0,0,0,0,7,700,Clear,Dark,-79.4484,43.6913
1148773,5144,Pedestrian,50 to 54,Fatal,Other,NULL,1,0,1,0,0,0,0,1,0,0,0,0,0,7,700,Clear,Dark,-79.4484,43.6913
1149291,5146,Pedestrian,55 to 59,Fatal,Other,NULL,1,0,0,0,1,0,0,0,0,1,0,0,0,11,1132,Clear,Daylight,-79.3588,43.6761
1149291,5147,Truck Driver,35 to 39,None,Truck - Open,Turning Right,1,0,0,0,1,0,0,0,0,1,0,0,0,11,1132,Clear,Daylight,-79.3588,43.6761
1149559,5161,Driver,40 to 44,None,"Automobile, Station Wagon",Turning Left,1,0,1,0,0,0,0,0,0,1,0,0,0,17,1741,Rain,Dark,-79.5955,43.6867
1149559,5162,Pedestrian,45 to 49,Major,Other,NULL,1,0,1,0,0,0,0,0,0,1,0,0,0,17,1741,Rain,Dark,-79.5955,43.6867
1149845,5043,Driver,40 to 44,None,"Automobile, Station Wagon",Turning Left,1,0,1,0,0,0,0,0,0,1,0,0,0,19,1947,Rain,Dark,-79.5008,43.6912
1149845,5044,Pedestrian,40 to 44,Major,Other,NULL,1,0,1,0,0,0,0,0,0,1,0,0,0,19,1947,Rain,Dark,-79.5008,43.6912
1149846,5045,Driver,25 to 29,None,"Automobile, Station Wagon",Changing Lanes,0,0,1,0,0,0,0,1,0,0,0,0,0,4,350,Clear,Dark,-79.4013,43.6612
1149846,5046,Passenger,20 to 24,Minor,Other,NULL,0,0,1,0,0,0,0,1,0,0,0,0,0,4,350,Clear,Dark,-79.4013,43.6612
1149846,5047,Passenger,20 to 24,Major,Other,NULL,0,0,1,0,0,0,0,1,0,0,0,0,0,4,350,Clear,Dark,-79.4013,43.6612
1149846,5049,Driver,40 to 44,None,"Automobile, Station Wagon",Going Ahead,0,0,1,0,0,0,0,1,0,0,0,0,0,4,350,Clear,Dark,-79.4013,43.6612
1151467,5086,Truck Driver,35 to 39,None,Truck - Open,Going Ahead,1,0,0,0,1,0,0,0,0,1,0,0,0,9,933,Clear,Daylight,-79.4941,43.7504
1151467,5087,Pedestrian,65 to 69,Major,Other,NULL,1,0,0,0,1,0,0,0,0,1,0,0,0,9,933,Clear,Daylight,-79.4941,43.7504
1151614,5088,Passenger,20 to 24,Major,Other,NULL,1,0,1,0,0,0,0,1,0,1,0,0,0,12,1153,Clear,Daylight,-79.2155,43.7439
1151614,5089,Driver,50 to 54,Minor,"Automobile, Station Wagon",Going Ahead,1,0,1,0,0,0,0,1,0,1,0,0,0,12,1153,Clear,Daylight,-79.2155,43.7439
1151614,5090,Driver,50 to 54,Minor,"Automobile, Station Wagon",Turning Left,1,0,1,0,0,0,0,1,0,1,0,0,0,12,1153,Clear,Daylight,-79.2155,43.7439
1151614,5092,Pedestrian,60 to 64,Major,Other,NULL,1,0,1,0,0,0,0,1,0,1,0,0,0,12,1153,Clear,Daylight,-79.2155,43.7439
1153339,5245,Pedestrian,60 to 64,Major,Other,NULL,1,0,1,0,0,0,0,0,0,1,1,0,0,8,833,Snow,Daylight,-79.3771,43.711
1153339,5237,Pedestrian,50 to 54,Major,Other,NULL,1,0,1,0,0,0,0,0,0,1,1,0,0,8,833,Snow,Daylight,-79.3771,43.711
1153339,5231,Driver,40 to 44,None,"Automobile, Station Wagon",Going Ahead,1,0,1,0,0,0,0,0,0,1,1,0,0,8,833,Snow,Daylight,-79.3771,43.711
1153821,5190,Pedestrian,70 to 74,Major,Other,NULL,1,0,1,0,0,0,0,0,0,1,0,0,0,15,1546,Clear,Daylight,-79.5144,43.739
1153821,5191,Driver,65 to 69,None,"Automobile, Station Wagon",Going Ahead,1,0,1,0,0,0,0,0,0,1,0,0,0,15,1546,Clear,Daylight,-79.5144,43.739
1154258,5129,Driver,25 to 29,Major,"Automobile, Station Wagon",Going Ahead,0,0,1,0,0,0,0,0,0,1,0,0,0,18,1810,Clear,Dark,-79.5342,43.6998
1154258,5130,Driver,25 to 29,Minimal,"Automobile, Station Wagon",Turning Left,0,0,1,0,0,0,0,0,0,1,0,0,0,18,1810,Clear,Dark,-79.5342,43.6998
1154990,5505,Other,unknown,None,Other,Parked,0,0,1,0,0,0,0,0,1,1,0,0,0,23,2300,Clear,Dark,-79.3498,43.6485
1154990,5506,Driver,50 to 54,Fatal,"Automobile, Station Wagon",Going Ahead,0,0,1,0,0,0,0,0,1,1,0,0,0,23,2300,Clear,Dark,-79.3498,43.6485
1158316,5560,Passenger,40 to 44,None,Other,NULL,1,0,1,0,0,0,0,1,0,0,0,0,0,4,402,Clear,Dark,-79.3496,43.698
1158316,5562,Driver,25 to 29,None,"Automobile, Station Wagon",Going Ahead,1,0,1,0,0,0,0,1,0,0,0,0,0,4,402,Clear,Dark,-79.3496,43.698
1158316,5563,Pedestrian,30 to 34,Major,Other,NULL,1,0,1,0,0,0,0,1,0,0,0,0,0,4,402,Clear,Dark,-79.3496,43.698
1160642,5283,Driver,35 to 39,None,"Automobile, Station Wagon",Going Ahead,0,0,1,0,0,0,0,0,0,0,0,0,0,16,1620,Clear,Daylight,-79.2912,43.746
1160642,5285,Driver,50 to 54,Major,"Automobile, Station Wagon",Going Ahead,0,0,1,0,0,0,0,0,0,0,0,0,0,16,1620,Clear,Daylight,-79.2912,43.746
1171252,5378,Driver,30 to 34,None,"Automobile, Station Wagon",Going Ahead,1,0,1,0,0,0,0,0,0,0,0,0,0,21,2145,Rain,Dark,-79.3894,43.6575
1171252,5379,Pedestrian,30 to 34,Major,Other,NULL,1,0,1,0,0,0,0,0,0,0,0,0,0,21,2145,Rain,Dark,-79.3894,43.6575
1171570,5286,Driver,55 to 59,None,"Automobile, Station Wagon",Going Ahead,0,1,1,0,0,0,0,0,0,0,0,0,0,7,730,Clear,Dawn,-79.3987,43.6549
1171570,5287,Cyclist,65 to 69,Major,Bicycle,Going Ahead,0,1,1,0,0,0,0,0,0,0,0,0,0,7,730,Clear,Dawn,-79.3987,43.6549
1171688,5227,Driver,65 to 69,None,"Automobile, Station Wagon",Going Ahead,0,0,1,0,0,0,0,1,0,1,0,0,0,17,1705,Clear,Daylight,-79.297,43.6921
1171688,5239,Passenger,80 to 84,Major,Other,NULL,0,0,1,0,0,0,0,1,0,1,0,0,0,17,1705,Clear,Daylight,-79.297,43.6921
1171688,5247,Driver,75 to 79,None,"Automobile, Station Wagon",Slowing or Stopping,0,0,1,0,0,0,0,1,0,1,0,0,0,17,1705,Clear,Daylight,-79.297,43.6921
1172906,5408,Driver,55 to 59,None,"Automobile, Station Wagon",Going Ahead,1,0,1,0,0,0,0,0,0,1,0,0,0,2,155,Clear,Dark,-79.4786,43.6828
1172906,5409,Pedestrian,20 to 24,Major,Other,NULL,1,0,1,0,0,0,0,0,0,1,0,0,0,2,155,Clear,Dark,-79.4786,43.6828
1172992,5410,Driver,25 to 29,Fatal,"Automobile, Station Wagon",Going Ahead,0,0,1,0,0,0,0,0,0,1,1,0,0,9,916,Clear,Daylight,-79.5428,43.6886
1172992,5411,Driver,40 to 44,None,"Automobile, Station Wagon",Stopped,0,0,1,0,0,0,0,0,0,1,1,0,0,9,916,Clear,Daylight,-79.5428,43.6886
1172992,5413,Driver,20 to 24,Minor,"Automobile, Station Wagon",Going Ahead,0,0,1,0,0,0,0,0,0,1,1,0,0,9,916,Clear,Daylight,-79.5428,43.6886
1173424,5419,Driver,45 to 49,None,"Automobile, Station Wagon",Going Ahead,0,1,1,0,0,0,0,0,0,1,1,1,0,18,1846,Clear,Daylight,-79.4327,43.6696
1173424,5420,Cyclist,25 to 29,Major,Bicycle,Going Ahead,0,1,1,0,0,0,0,0,0,1,1,1,0,18,1846,Clear,Daylight,-79.4327,43.6696
1130310,5261,Motorcycle Driver,20 to 24,Major,Motorcycle,Going Ahead,0,0,0,1,0,0,0,0,1,1,0,0,0,23,2320,Clear,Dark,-79.3898,43.6617
1130539,5933,Pedestrian,20 to 24,Major,Other,NULL,1,0,1,0,0,0,0,0,0,1,0,0,0,21,2145,Rain,"Dark, artificial",-79.5652,43.7372
1130539,5934,Driver,unknown,None,"Automobile, Station Wagon",Turning Left,1,0,1,0,0,0,0,0,0,1,0,0,0,21,2145,Rain,"Dark, artificial",-79.5652,43.7372
1132218,5805,Driver,50 to 54,None,"Automobile, Station Wagon",Going Ahead,0,0,1,0,0,0,0,1,0,1,1,0,0,5,535,Clear,Dark,-79.614,43.7554
1132218,5806,Driver,30 to 34,Minimal,"Automobile, Station Wagon",Going Ahead,0,0,1,0,0,0,0,1,0,1,1,0,0,5,535,Clear,Dark,-79.614,43.7554
1132218,5807,Passenger,25 to 29,Minimal,Other,NULL,0,0,1,0,0,0,0,1,0,1,1,0,0,5,535,Clear,Dark,-79.614,43.7554
1132218,5808,Driver,20 to 24,Major,"Automobile, Station Wagon",Slowing or Stopping,0,0,1,0,0,0,0,1,0,1,1,0,0,5,535,Clear,Dark,-79.614,43.7554
1132677,5984,Driver,30 to 34,Major,"Automobile, Station Wagon",Going Ahead,0,0,1,0,0,0,0,0,0,0,0,0,0,8,755,Rain,Daylight,-79.2773,43.7563
1133411,5835,Driver,40 to 44,None,"Automobile, Station Wagon",Stopped,0,0,1,0,0,0,0,0,0,0,0,0,0,17,1710,Clear,Daylight,-79.3111,43.8086
1133411,5836,Driver,50 to 54,Major,"Automobile, Station Wagon",Turning Left,0,0,1,0,0,0,0,0,0,0,0,0,0,17,1710,Clear,Daylight,-79.3111,43.8086
1133411,5837,Driver,35 to 39,Minimal,"Automobile, Station Wagon",Going Ahead,0,0,1,0,0,0,0,0,0,0,0,0,0,17,1710,Clear,Daylight,-79.3111,43.8086
1134481,5585,Driver,70 to 74,Major,"Automobile, Station Wagon",Going Ahead,0,0,1,0,0,0,0,0,1,1,0,0,1,10,1045,Clear,Daylight,-79.396,43.6984
1134547,5672,Driver,85 to 89,None,Other,Going Ahead,1,0,0,0,0,0,0,0,0,0,0,0,0,12,1234,Clear,Daylight,-79.1895,43.7676
1134547,5673,Pedestrian,15 to 19,Major,Other,NULL,1,0,0,0,0,0,0,0,0,0,0,0,0,12,1234,Clear,Daylight,-79.1895,43.7676
1135192,5613,Driver,25 to 29,None,"Automobile, Station Wagon",Turning Left,1,0,1,0,0,0,0,0,0,1,0,0,0,8,755,Clear,Daylight,-79.2871,43.8282
1135192,5614,Pedestrian,75 to 79,Major,Other,NULL,1,0,1,0,0,0,0,0,0,1,0,0,0,8,755,Clear,Daylight,-79.2871,43.8282
1135192,5615,Pedestrian,80 to 84,Minor,Other,NULL,1,0,1,0,0,0,0,0,0,1,0,0,0,8,755,Clear,Daylight,-79.2871,43.8282
1135192,5616,Pedestrian,45 to 49,Minimal,Other,NULL,1,0,1,0,0,0,0,0,0,1,0,0,0,8,755,Clear,Daylight,-79.2871,43.8282
1135987,5963,Truck Driver,40 to 44,None,Truck - Open,Stopped,0,1,0,0,1,0,0,0,0,0,0,0,0,11,1142,Clear,Daylight,-79.4649,43.673
1135987,5964,Cyclist,35 to 39,Major,Bicycle,Going Ahead,0,1,0,0,1,0,0,0,0,0,0,0,0,11,1142,Clear,Daylight,-79.4649,43.673
1138159,5666,Driver,25 to 29,None,"Automobile, Station Wagon",Going Ahead,1,0,1,0,0,0,0,0,0,0,0,0,0,18,1758,Clear,Dark,-79.2468,43.7358
1138159,5667,Pedestrian,50 to 54,Major,Other,NULL,1,0,1,0,0,0,0,0,0,0,0,0,0,18,1758,Clear,Dark,-79.2468,43.7358
1139402,5606,Driver,25 to 29,None,NULL,Turning Left,0,1,0,0,0,0,0,0,0,0,0,0,0,6,600,Clear,Dark,-79.4883,43.753
1139402,5607,Moped Driver,55 to 59,Major,Moped,Going Ahead,0,1,0,0,0,0,0,0,0,0,0,0,0,6,600,Clear,Dark,-79.4883,43.753
1141576,5657,Driver,30 to 34,None,"Automobile, Station Wagon",Turning Right,0,1,1,0,0,0,0,0,0,1,0,0,0,11,1050,Clear,Daylight,-79.3952,43.6588
1141576,5658,Cyclist,30 to 34,Major,Bicycle,Going Ahead,0,1,1,0,0,0,0,0,0,1,0,0,0,11,1050,Clear,Daylight,-79.3952,43.6588
1146015,5888,Driver,25 to 29,None,"Automobile, Station Wagon",Going Ahead,1,0,1,0,0,0,0,0,0,0,0,0,0,18,1754,Clear,Dark,-79.5585,43.7179
1146015,5889,Pedestrian,25 to 29,Major,Other,NULL,1,0,1,0,0,0,0,0,0,0,0,0,0,18,1754,Clear,Dark,-79.5585,43.7179
1146815,5078,Passenger,20 to 24,None,Other,NULL,0,0,1,0,0,0,0,1,1,1,0,0,0,23,2308,Clear,"Dark, artificial",-79.3798,43.6699
1146815,5079,Passenger,20 to 24,None,Other,NULL,0,0,1,0,0,0,0,1,1,1,0,0,0,23,2308,Clear,"Dark, artificial",-79.3798,43.6699
1146815,5080,Driver,20 to 24,None,"Automobile, Station Wagon",Going Ahead,0,0,1,0,0,0,0,1,1,1,0,0,0,23,2308,Clear,"Dark, artificial",-79.3798,43.6699
1146815,5081,Passenger,25 to 29,Minor,Other,NULL,0,0,1,0,0,0,0,1,1,1,0,0,0,23,2308,Clear,"Dark, artificial",-79.3798,43.6699
1146815,5082,Driver,45 to 49,Major,"Automobile, Station Wagon",Stopped,0,0,1,0,0,0,0,1,1,1,0,0,0,23,2308,Clear,"Dark, artificial",-79.3798,43.6699
1146815,5076,Passenger,20 to 24,None,Other,NULL,0,0,1,0,0,0,0,1,1,1,0,0,0,23,2308,Clear,"Dark, artificial",-79.3798,43.6699
1146815,5077,Passenger,20 to 24,None,Other,NULL,0,0,1,0,0,0,0,1,1,1,0,0,0,23,2308,Clear,"Dark, artificial",-79.3798,43.6699
1146990,5907,Driver,30 to 34,None,"Automobile, Station Wagon",Turning Right,1,0,1,0,0,0,0,0,0,1,0,0,0,17,1724,Rain,Daylight,-79.4122,43.7804
1146990,5908,Pedestrian,50 to 54,Major,Other,NULL,1,0,1,0,0,0,0,0,0,1,0,0,0,17,1724,Rain,Daylight,-79.4122,43.7804
1147258,5886,Driver,60 to 64,Major,"Automobile, Station Wagon",Going Ahead,0,0,1,0,0,0,0,1,0,0,0,0,0,17,1732,Clear,Dark,-79.2663,43.7834
1147258,5887,Driver,45 to 49,None,"Automobile, Station Wagon",Turning Left,0,0,1,0,0,0,0,1,0,0,0,0,0,17,1732,Clear,Dark,-79.2663,43.7834
1147258,5885,Passenger,40 to 44,Major,Other,NULL,0,0,1,0,0,0,0,1,0,0,0,0,0,17,1732,Clear,Dark,-79.2663,43.7834
1149557,5153,Driver,50 to 54,None,Municipal Transit Bus (TTC),Going Ahead,1,0,0,0,0,1,0,0,0,0,0,0,0,0,32,Clear,Dark,-79.3513,43.6585
1149557,5154,Pedestrian,35 to 39,Fatal,Other,NULL,1,0,0,0,0,1,0,0,0,0,0,0,0,0,32,Clear,Dark,-79.3513,43.6585
1153608,16080,Driver,30 to 34,Minor,"Automobile, Station Wagon",Going Ahead,0,0,1,0,1,0,0,1,0,0,0,0,0,8,752,Clear,Daylight,-79.4325,43.6524
1153608,16081,Truck Driver,35 to 39,None,"Truck - Closed (Blazer, etc)",Going Ahead,0,0,1,0,1,0,0,1,0,0,0,0,0,8,752,Clear,Daylight,-79.4325,43.6524
1153608,16082,Passenger,30 to 34,Major,NULL,NULL,0,0,1,0,1,0,0,1,0,0,0,0,0,8,752,Clear,Daylight,-79.4325,43.6524
1155407,5522,Truck Driver,45 to 49,None,Truck - Open,Going Ahead,1,0,0,0,1,0,0,0,0,0,0,0,0,16,1605,Clear,Daylight,-79.5313,43.6047
1155407,5523,Pedestrian,55 to 59,Fatal,Other,NULL,1,0,0,0,1,0,0,0,0,0,0,0,0,16,1605,Clear,Daylight,-79.5313,43.6047
1156841,5184,Driver,70 to 74,None,"Automobile, Station Wagon",Going Ahead,1,0,1,0,0,0,0,0,0,0,0,0,0,16,1620,Clear,Daylight,-79.5614,43.6107
1156841,5185,Pedestrian,35 to 39,Major,Other,NULL,1,0,1,0,0,0,0,0,0,0,0,0,0,16,1620,Clear,Daylight,-79.5614,43.6107
1158315,5556,Passenger,10 to 14,None,Other,NULL,1,0,1,0,0,0,0,1,0,0,0,0,0,4,400,Clear,Dark,-79.3493,43.6978
1158315,5557,Passenger,25 to 29,None,Other,NULL,1,0,1,0,0,0,0,1,0,0,0,0,0,4,400,Clear,Dark,-79.3493,43.6978
1158315,5558,Driver,25 to 29,None,"Automobile, Station Wagon",Going Ahead,1,0,1,0,0,0,0,1,0,0,0,0,0,4,400,Clear,Dark,-79.3493,43.6978
1158315,5559,Pedestrian,30 to 34,Major,Other,NULL,1,0,1,0,0,0,0,1,0,0,0,0,0,4,400,Clear,Dark,-79.3493,43.6978
1160789,5500,Driver,30 to 34,Major,"Automobile, Station Wagon",Going Ahead,0,0,1,0,0,0,0,0,1,1,0,1,0,5,515,Snow,Dark,-79.427,43.7772
1161062,5507,Passenger,40 to 44,Minimal,Other,NULL,0,0,1,0,1,0,0,1,0,1,1,0,0,7,746,Clear,Daylight,-79.3078,43.6739
1161062,5509,Truck Driver,35 to 39,Major,Truck - Open,Going Ahead,0,0,1,0,1,0,0,1,0,1,1,0,0,7,746,Clear,Daylight,-79.3078,43.6739
1161062,5510,Driver,55 to 59,Minor,"Automobile, Station Wagon",Going Ahead,0,0,1,0,1,0,0,1,0,1,1,0,0,7,746,Clear,Daylight,-79.3078,43.6739
1161689,16083,Driver,45 to 49,None,Street Car,Going Ahead,1,0,0,0,0,1,0,0,0,0,0,0,0,11,1130,Clear,Daylight,-79.463,43.6734
1161689,16084,Pedestrian,55 to 59,Major,NULL,NULL,1,0,0,0,0,1,0,0,0,0,0,0,0,11,1130,Clear,Daylight,-79.463,43.6734
1161998,5543,Driver,50 to 54,None,"Automobile, Station Wagon",Turning Left,1,0,1,0,0,0,0,0,0,1,0,0,0,19,1937,Rain,Dark,-79.2306,43.7734
1161998,5544,Pedestrian,25 to 29,Major,Other,NULL,1,0,1,0,0,0,0,0,0,1,0,0,0,19,1937,Rain,Dark,-79.2306,43.7734
1163368,5318,Driver,20 to 24,Major,"Automobile, Station Wagon",Going Ahead,0,0,1,0,0,0,0,0,0,1,0,0,0,8,805,Clear,Daylight,-79.5905,43.6758
1163368,5320,Driver,unknown,None,"Automobile, Station Wagon",Unknown,0,0,1,0,0,0,0,0,0,1,0,0,0,8,805,Clear,Daylight,-79.5905,43.6758
1163368,5321,Driver,45 to 49,Minimal,"Automobile, Station Wagon",Stopped,0,0,1,0,0,0,0,0,0,1,0,0,0,8,805,Clear,Daylight,-79.5905,43.6758
1163538,5569,Driver,unknown,None,"Automobile, Station Wagon",Turning Left,1,0,1,0,0,0,0,0,0,0,0,0,0,20,2000,Rain,Dark,-79.5124,43.6855
1163538,5570,Pedestrian,45 to 49,Major,Other,NULL,1,0,1,0,0,0,0,0,0,0,0,0,0,20,2000,Rain,Dark,-79.5124,43.6855
1167046,5341,Passenger,30 to 34,Minimal,Other,NULL,0,0,1,0,0,0,0,1,0,0,0,0,0,21,2103,Clear,Dark,-79.4016,43.7688
1167046,5342,Passenger,40 to 44,Minimal,Other,NULL,0,0,1,0,0,0,0,1,0,0,0,0,0,21,2103,Clear,Dark,-79.4016,43.7688
1167046,5343,Passenger,50 to 54,Major,Other,NULL,0,0,1,0,0,0,0,1,0,0,0,0,0,21,2103,Clear,Dark,-79.4016,43.7688
1167046,5344,Passenger,20 to 24,Minimal,Other,NULL,0,0,1,0,0,0,0,1,0,0,0,0,0,21,2103,Clear,Dark,-79.4016,43.7688
1167046,5345,Driver,35 to 39,Minimal,"Automobile, Station Wagon",Going Ahead,0,0,1,0,0,0,0,1,0,0,0,0,0,21,2103,Clear,Dark,-79.4016,43.7688
1167046,5346,Driver,20 to 24,None,"Automobile, Station Wagon",Turning Left,0,0,1,0,0,0,0,1,0,0,0,0,0,21,2103,Clear,Dark,-79.4016,43.7688
1170181,5749,Cyclist,35 to 39,Major,Bicycle,Going Ahead,0,1,0,0,0,0,0,0,0,0,0,0,0,15,1538,Clear,Daylight,-79.144,43.797
1172619,5576,Cyclist,35 to 39,Major,Bicycle,Going Ahead,0,1,1,0,0,0,0,0,0,0,0,0,0,15,1521,Clear,Daylight,-79.3545,43.6778
1172619,5491,Driver,40 to 44,None,"Automobile, Station Wagon",Parked,0,1,1,0,0,0,0,0,0,0,0,0,0,15,1521,Clear,Daylight,-79.3545,43.6778