ACCNUM,ObjectId,INVTYPE,INVAGE,INJURY,VEHTYPE,MANOEUVER,PEDESTRIAN,CYCLIST,AUTOMOBILE,MOTORCYCLE,TRUCK,TRSN_CITY_VEH,EMERG_VEH,PASSENGER,SPEEDING,AG_DRIV,REDLIGHT,ALCOHOL,DISABILITY,HOUR,TIME,VISIBILITY,LIGHT,collision_lat,collision_long
1193217,6717,Cyclist,45 to 49,Major,Bicycle,Going Ahead,0,1,1,0,0,0,0,0,0,0,0,0,0,16,1640,Clear,Daylight,-79.431,43.6528
1197847,6263,Passenger,50 to 54,Minor,Other,NULL,0,0,1,0,0,0,0,1,0,0,0,0,0,18,1755,Clear,Daylight,-79.476,43.6999
1197847,6281,Passenger,55 to 59,Minor,Other,NULL,0,0,1,0,0,0,0,1,0,0,0,0,0,18,1755,Clear,Daylight,-79.476,43.6999
1197847,6373,Driver,25 to 29,Major,NULL,Going Ahead,0,0,1,0,0,0,0,1,0,0,0,0,0,18,1755,Clear,Daylight,-79.476,43.6999
1197847,6375,Passenger,10 to 14,Minimal,Other,NULL,0,0,1,0,0,0,0,1,0,0,0,0,0,18,1755,Clear,Daylight,-79.476,43.6999
1197847,6379,Passenger,50 to 54,Minimal,Other,NULL,0,0,1,0,0,0,0,1,0,0,0,0,0,18,1755,Clear,Daylight,-79.476,43.6999
1197847,6385,Driver,45 to 49,Minor,"Automobile, Station Wagon",Going Ahead,0,0,1,0,0,0,0,1,0,0,0,0,0,18,1755,Clear,Daylight,-79.476,43.6999
1198247,6803,Driver,unknown,None,"Automobile, Station Wagon",Unknown,1,0,1,0,0,0,0,0,0,0,0,0,0,18,1834,Clear,Dusk,-79.3385,43.6686
1198247,6804,Other,unknown,None,Other,Going Ahead,1,0,1,0,0,0,0,0,0,0,0,0,0,18,1834,Clear,Dusk,-79.3385,43.6686
1198247,6805,Pedestrian,unknown,Major,Other,Other,1,0,1,0,0,0,0,0,0,0,0,0,0,18,1834,Clear,Dusk,-79.3385,43.6686
1200544,6130,Pedestrian,75 to 79,Major,Other,NULL,1,0,1,0,0,0,0,0,0,1,0,0,0,10,955,Clear,Daylight,-79.3,43.8253
1200544,6118,Driver,75 to 79,None,"Automobile, Station Wagon",Turning Left,1,0,1,0,0,0,0,0,0,1,0,0,0,10,955,Clear,Daylight,-79.3,43.8253
1200544,6123,Pedestrian,75 to 79,Minor,Other,NULL,1,0,1,0,0,0,0,0,0,1,0,0,0,10,955,Clear,Daylight,-79.3,43.8253
1201223,6404,Driver,30 to 34,None,"Automobile, Station Wagon",Going Ahead,1,0,1,0,0,0,0,0,0,0,0,0,0,9,859,Clear,Daylight,-79.3129,43.7514
1201223,6409,Pedestrian,15 to 19,Major,Other,NULL,1,0,1,0,0,0,0,0,0,0,0,0,0,9,859,Clear,Daylight,-79.3129,43.7514
1201223,6413,Pedestrian,15 to 19,Minor,Other,NULL,1,0,1,0,0,0,0,0,0,0,0,0,0,9,859,Clear,Daylight,-79.3129,43.7514
1201798,6396,Driver,20 to 24,None,"Automobile, Station Wagon",Turning Left,0,0,1,1,0,0,0,0,0,0,0,0,0,16,1553,Clear,Daylight,-79.3788,43.6606
1201798,6393,Motorcycle Driver,45 to 49,Major,Motorcycle,Going Ahead,0,0,1,1,0,0,0,0,0,0,0,0,0,16,1553,Clear,Daylight,-79.3788,43.6606
1203088,6811,Driver,35 to 39,None,"Automobile, Station Wagon",Going Ahead,0,0,1,0,0,0,0,1,0,0,0,0,1,17,1740,Clear,Daylight,-79.4018,43.6875
1203088,6812,Driver,55 to 59,None,"Automobile, Station Wagon",Going Ahead,0,0,1,0,0,0,0,1,0,0,0,0,1,17,1740,Clear,Daylight,-79.4018,43.6875
1203088,6813,Driver,25 to 29,None,"Automobile, Station Wagon",Going Ahead,0,0,1,0,0,0,0,1,0,0,0,0,1,17,1740,Clear,Daylight,-79.4018,43.6875
1203088,6814,Driver,40 to 44,None,"Automobile, Station Wagon",Stopped,0,0,1,0,0,0,0,1,0,0,0,0,1,17,1740,Clear,Daylight,-79.4018,43.6875
1203088,6815,Driver,65 to 69,Major,"Automobile, Station Wagon",Going Ahead,0,0,1,0,0,0,0,1,0,0,0,0,1,17,1740,Clear,Daylight,-79.4018,43.6875
1203088,6816,Passenger,20 to 24,Minimal,Other,NULL,0,0,1,0,0,0,0,1,0,0,0,0,1,17,1740,Clear,Daylight,-79.4018,43.6875
1203088,6817,Driver,30 to 34,Minimal,"Automobile, Station Wagon",Stopped,0,0,1,0,0,0,0,1,0,0,0,0,1,17,1740,Clear,Daylight,-79.4018,43.6875
1205835,6640,Passenger,25 to 29,Major,Other,NULL,0,0,1,0,0,0,0,1,0,0,0,0,0,4,421,Clear,Dark,-79.2375,43.769
1205835,6641,Driver,25 to 29,Fatal,"Automobile, Station Wagon",Going Ahead,0,0,1,0,0,0,0,1,0,0,0,0,0,4,421,Clear,Dark,-79.2375,43.769
1211140,6058,Driver,50 to 54,None,"Automobile, Station Wagon",Turning Left,1,0,1,0,0,0,0,0,0,1,0,0,0,14,1430,Clear,Daylight,-79.4033,43.6455
1211140,6059,Wheelchair,50 to 54,Major,Other,NULL,1,0,1,0,0,0,0,0,0,1,0,0,0,14,1430,Clear,Daylight,-79.4033,43.6455
1212862,6091,Passenger,15 to 19,Minor,Other,NULL,0,0,1,0,0,0,0,1,1,1,0,0,0,10,1025,Snow,Daylight,-79.5861,43.6655
1212862,6092,Driver,45 to 49,Major,"Automobile, Station Wagon",Going Ahead,0,0,1,0,0,0,0,1,1,1,0,0,0,10,1025,Snow,Daylight,-79.5861,43.6655
1213866,6106,Driver,55 to 59,None,Municipal Transit Bus (TTC),Stopped,1,0,0,0,0,1,0,0,0,0,0,0,0,5,519,Snow,Dark,-79.4432,43.6786
1213866,6029,Pedestrian,55 to 59,Fatal,Other,NULL,1,0,0,0,0,1,0,0,0,0,0,0,0,5,519,Snow,Dark,-79.4432,43.6786
1214720,6276,Driver,65 to 69,Minimal,"Automobile, Station Wagon",Going Ahead,1,0,1,0,0,0,0,0,0,1,0,0,0,8,825,Clear,Daylight,-79.2465,43.7594
1214720,6277,Pedestrian,45 to 49,Major,Other,NULL,1,0,1,0,0,0,0,0,0,1,0,0,0,8,825,Clear,Daylight,-79.2465,43.7594
1217753,6308,Driver,35 to 39,Major,"Automobile, Station Wagon",Going Ahead,0,0,1,0,0,0,0,1,0,1,0,0,0,11,1100,Clear,Daylight,-79.4985,43.6837
1217753,6309,Passenger,70 to 74,Major,Other,NULL,0,0,1,0,0,0,0,1,0,1,0,0,0,11,1100,Clear,Daylight,-79.4985,43.6837
1217753,6310,Driver,75 to 79,Major,"Automobile, Station Wagon",Going Ahead,0,0,1,0,0,0,0,1,0,1,0,0,0,11,1100,Clear,Daylight,-79.4985,43.6837
1219139,6334,Pedestrian,unknown,Major,Other,Other,1,0,1,0,0,0,0,0,0,0,0,0,0,20,2022,Other,Dark,-79.5348,43.7104
1219139,6333,Driver,25 to 29,None,"Automobile, Station Wagon",Unknown,1,0,1,0,0,0,0,0,0,0,0,0,0,20,2022,Other,Dark,-79.5348,43.7104
1219857,6046,Driver,20 to 24,None,"Automobile, Station Wagon",Turning Right,1,0,1,0,0,0,0,0,0,0,0,0,0,16,1639,Clear,Dark,-79.2894,43.7857
1219857,6047,Pedestrian,75 to 79,Major,Other,NULL,1,0,1,0,0,0,0,0,0,0,0,0,0,16,1639,Clear,Dark,-79.2894,43.7857
1221211,6089,Driver,60 to 64,None,"Automobile, Station Wagon",Going Ahead,1,0,1,0,0,0,0,0,0,1,0,0,0,7,656,Clear,Dark,-79.4833,43.6787
1221211,6090,Pedestrian,30 to 34,Major,Other,NULL,1,0,1,0,0,0,0,0,0,1,0,0,0,7,656,Clear,Dark,-79.4833,43.6787
1222908,6265,Pedestrian,45 to 49,Major,Other,NULL,1,0,1,0,0,0,0,0,0,0,0,0,0,14,1350,Clear,Daylight,-79.2515,43.7542
1222908,6262,Driver,15 to 19,None,"Automobile, Station Wagon",Going Ahead,1,0,1,0,0,0,0,0,0,0,0,0,0,14,1350,Clear,Daylight,-79.2515,43.7542
1222965,6093,Driver,70 to 74,Major,"Automobile, Station Wagon",Going Ahead,0,0,1,0,0,0,0,0,1,1,0,0,0,20,2005,Clear,Dark,-79.471,43.6717
1222965,6094,Driver,55 to 59,None,"Automobile, Station Wagon",Going Ahead,0,0,1,0,0,0,0,0,1,1,0,0,0,20,2005,Clear,Dark,-79.471,43.6717
1223676,6681,Passenger,45 to 49,None,Other,NULL,1,0,1,0,0,0,0,1,0,0,0,0,0,21,2120,Clear,Dark,-79.4095,43.7043
1223676,6684,Passenger,30 to 34,None,Other,NULL,1,0,1,0,0,0,0,1,0,0,0,0,0,21,2120,Clear,Dark,-79.4095,43.7043
1223676,6688,Driver,25 to 29,None,"Automobile, Station Wagon",Going Ahead,1,0,1,0,0,0,0,1,0,0,0,0,0,21,2120,Clear,Dark,-79.4095,43.7043
1223676,6692,Pedestrian,70 to 74,Major,Other,NULL,1,0,1,0,0,0,0,1,0,0,0,0,0,21,2120,Clear,Dark,-79.4095,43.7043
1224469,6102,Passenger,60 to 64,Major,Other,NULL,0,0,1,0,0,0,0,1,1,1,0,0,0,16,1555,Clear,Daylight,-79.1889,43.8509
1224469,6103,Driver,55 to 59,None,"Automobile, Station Wagon",Going Ahead,0,0,1,0,0,0,0,1,1,1,0,0,0,16,1555,Clear,Daylight,-79.1889,43.8509
1224469,6104,Driver,50 to 54,None,"Automobile, Station Wagon",Stopped,0,0,1,0,0,0,0,1,1,1,0,0,0,16,1555,Clear,Daylight,-79.1889,43.8509
1224587,6774,Passenger,15 to 19,None,Other,NULL,1,0,1,0,0,0,0,1,0,0,0,0,0,22,2215,Clear,Dark,-79.2206,43.7471
1224587,6776,Driver,15 to 19,None,"Automobile, Station Wagon",Going Ahead,1,0,1,0,0,0,0,1,0,0,0,0,0,22,2215,Clear,Dark,-79.2206,43.7471
1224587,6846,Pedestrian,85 to 89,Major,Other,NULL,1,0,1,0,0,0,0,1,0,0,0,0,0,22,2215,Clear,Dark,-79.2206,43.7471
1228956,6328,Driver,30 to 34,None,"Automobile, Station Wagon",Turning Left,1,0,1,0,0,0,0,0,0,0,0,0,0,9,908,Clear,Daylight,-79.2241,43.8044
1228956,6329,Pedestrian,45 to 49,Major,Other,NULL,1,0,1,0,0,0,0,0,0,0,0,0,0,9,908,Clear,Daylight,-79.2241,43.8044
1229092,6330,Passenger,70 to 74,Major,Other,NULL,0,0,1,0,0,0,0,1,0,1,0,0,0,13,1339,Clear,Daylight,-79.334,43.7176
1229092,6331,Driver,75 to 79,Minor,"Automobile, Station Wagon",Going Ahead,0,0,1,0,0,0,0,1,0,1,0,0,0,13,1339,Clear,Daylight,-79.334,43.7176
1229092,6332,Driver,40 to 44,None,"Automobile, Station Wagon",Making U Turn,0,0,1,0,0,0,0,1,0,1,0,0,0,13,1339,Clear,Daylight,-79.334,43.7176
1232425,6897,Driver,70 to 74,Minor,"Automobile, Station Wagon",Slowing or Stopping,0,0,1,0,0,0,0,0,0,1,1,0,0,16,1628,Clear,Daylight,-79.4138,43.7034
1232425,6898,Driver,65 to 69,Major,"Automobile, Station Wagon",Going Ahead,0,0,1,0,0,0,0,0,0,1,1,0,0,16,1628,Clear,Daylight,-79.4138,43.7034
1232425,6900,Driver,35 to 39,Minor,"Automobile, Station Wagon",Slowing or Stopping,0,0,1,0,0,0,0,0,0,1,1,0,0,16,1628,Clear,Daylight,-79.4138,43.7034
1233411,6509,Driver,50 to 54,None,"Automobile, Station Wagon",Reversing,0,0,1,0,0,0,0,1,0,0,0,0,0,16,1600,Clear,Daylight,-79.3338,43.6716
1233411,6514,Passenger,55 to 59,Minor,Other,NULL,0,0,1,0,0,0,0,1,0,0,0,0,0,16,1600,Clear,Daylight,-79.3338,43.6716
1233411,6594,Driver,20 to 24,Major,"Automobile, Station Wagon",Going Ahead,0,0,1,0,0,0,0,1,0,0,0,0,0,16,1600,Clear,Daylight,-79.3338,43.6716
1233797,6572,Driver,40 to 44,None,"Automobile, Station Wagon",Turning Left,1,0,1,0,0,0,0,0,0,1,0,0,0,12,1245,Clear,Daylight,-79.3487,43.6894
1233797,6573,Pedestrian,90 to 94,Major,Other,NULL,1,0,1,0,0,0,0,0,0,1,0,0,0,12,1245,Clear,Daylight,-79.3487,43.6894
1234265,6588,Driver,45 to 49,Major,"Automobile, Station Wagon",Going Ahead,0,0,1,0,0,0,0,0,0,0,0,0,1,11,1122,Clear,Daylight,-79.2627,43.8088
1235315,7021,Passenger,25 to 29,None,Other,NULL,1,0,1,0,0,0,0,1,0,0,0,0,0,7,709,Clear,Daylight,-79.2719,43.7705
1235315,7022,Passenger,50 to 54,None,Other,NULL,1,0,1,0,0,0,0,1,0,0,0,0,0,7,709,Clear,Daylight,-79.2719,43.7705
1235315,7023,Driver,55 to 59,None,"Automobile, Station Wagon",Going Ahead,1,0,1,0,0,0,0,1,0,0,0,0,0,7,709,Clear,Daylight,-79.2719,43.7705
1235315,7024,Other,unknown,None,Other,NULL,1,0,1,0,0,0,0,1,0,0,0,0,0,7,709,Clear,Daylight,-79.2719,43.7705
1235315,7025,Pedestrian,15 to 19,Major,Other,NULL,1,0,1,0,0,0,0,1,0,0,0,0,0,7,709,Clear,Daylight,-79.2719,43.7705
1236980,6882,Passenger,0 to 4,Major,Other,NULL,0,0,1,0,0,0,0,1,0,1,0,0,0,22,2210,Clear,Dark,-79.4376,43.7174
1236980,6884,Driver,25 to 29,Minor,"Automobile, Station Wagon",Going Ahead,0,0,1,0,0,0,0,1,0,1,0,0,0,22,2210,Clear,Dark,-79.4376,43.7174
1224097,6099,Passenger,25 to 29,Major,Other,NULL,0,0,1,0,0,0,0,1,0,1,0,0,0,19,1930,Rain,Dark,-79.4966,43.7043
1224952,6253,Driver,60 to 64,None,"Automobile, Station Wagon",Turning Left,0,0,1,0,0,0,0,0,0,1,0,0,0,15,1545,Snow,Daylight,-79.4143,43.6731
1224952,6259,Driver,40 to 44,Major,"Automobile, Station Wagon",Going Ahead,0,0,1,0,0,0,0,0,0,1,0,0,0,15,1545,Snow,Daylight,-79.4143,43.6731
1225333,6069,Driver,40 to 44,Minor,"Automobile, Station Wagon",Stopped,0,0,1,0,0,0,0,1,0,1,0,0,0,6,615,Clear,Dawn,-79.2711,43.7314
1225333,6070,Passenger,30 to 34,Major,Other,NULL,0,0,1,0,0,0,0,1,0,1,0,0,0,6,615,Clear,Dawn,-79.2711,43.7314
1225333,6072,Driver,40 to 44,Minimal,"Automobile, Station Wagon",Going Ahead,0,0,1,0,0,0,0,1,0,1,0,0,0,6,615,Clear,Dawn,-79.2711,43.7314
1229063,6414,Driver,45 to 49,Major,"Automobile, Station Wagon",Going Ahead,0,0,1,0,0,0,0,0,0,1,1,0,0,1,130,Clear,Dark,-79.3865,43.6508
1229063,6505,Driver,40 to 44,None,"Automobile, Station Wagon",Going Ahead,0,0,1,0,0,0,0,0,0,1,1,0,0,1,130,Clear,Dark,-79.3865,43.6508
1232054,6531,Driver,75 to 79,Major,"Automobile, Station Wagon",Going Ahead,0,0,1,0,0,0,0,0,0,0,0,0,1,9,910,Clear,Daylight,-79.4759,43.6994
1232522,6128,Driver,50 to 54,None,"Automobile, Station Wagon",Turning Left,1,0,1,0,0,0,0,0,0,1,0,0,0,11,1145,Snow,Daylight,-79.4896,43.6619
1232522,6231,Pedestrian,5 to 9,Major,Other,NULL,1,0,1,0,0,0,0,0,0,1,0,0,0,11,1145,Snow,Daylight,-79.4896,43.6619
1232571,6548,Driver,50 to 54,None,"Automobile, Station Wagon",Slowing or Stopping,0,0,1,0,0,0,0,1,1,1,0,0,0,11,1134,Clear,Daylight,-79.5268,43.6177
1232571,6549,Passenger,40 to 44,Minimal,Other,NULL,0,0,1,0,0,0,0,1,1,1,0,0,0,11,1134,Clear,Daylight,-79.5268,43.6177
1232571,6550,Driver,65 to 69,Minor,"Automobile, Station Wagon",Going Ahead,0,0,1,0,0,0,0,1,1,1,0,0,0,11,1134,Clear,Daylight,-79.5268,43.6177
1232571,6552,Driver,50 to 54,Minor,"Automobile, Station Wagon",Going Ahead,0,0,1,0,0,0,0,1,1,1,0,0,0,11,1134,Clear,Daylight,-79.5268,43.6177
1232571,6553,Driver,25 to 29,Major,"Automobile, Station Wagon",Slowing or Stopping,0,0,1,0,0,0,0,1,1,1,0,0,0,11,1134,Clear,Daylight,-79.5268,43.6177
1232571,6555,Driver,25 to 29,Major,"Automobile, Station Wagon",Slowing or Stopping,0,0,1,0,0,0,0,1,1,1,0,0,0,11,1134,Clear,Daylight,-79.5268,43.6177
1232571,6556,Passenger,25 to 29,Minimal,Other,NULL,0,0,1,0,0,0,0,1,1,1,0,0,0,11,1134,Clear,Daylight,-79.5268,43.6177
1232571,6558,Driver,25 to 29,Minimal,"Automobile, Station Wagon",Going Ahead,0,0,1,0,0,0,0,1,1,1,0,0,0,11,1134,Clear,Daylight,-79.5268,43.6177
1233108,6565,Driver,70 to 74,None,"Automobile, Station Wagon",Turning Left,1,0,1,0,0,0,0,0,0,1,0,0,0,10,1047,Rain,Daylight,-79.3487,43.6894
1233108,6566,Pedestrian,80 to 84,Major,Other,NULL,1,0,1,0,0,0,0,0,0,1,0,0,0,10,1047,Rain,Daylight,-79.3487,43.6894
1234879,6592,Driver,unknown,None,"Automobile, Station Wagon",Turning Right,1,0,1,0,0,0,0,0,0,0,0,0,0,14,1430,Clear,Daylight,-79.4122,43.7804
1234879,6593,Pedestrian,55 to 59,Major,Other,NULL,1,0,1,0,0,0,0,0,0,0,0,0,0,14,1430,Clear,Daylight,-79.4122,43.7804
1235812,6857,Driver,60 to 64,Major,"Automobile, Station Wagon",Going Ahead,0,0,1,0,0,0,0,0,0,0,0,0,0,7,718,Clear,Dawn,-79.5877,43.6657
1235865,6866,Pedestrian,75 to 79,Major,Other,NULL,1,0,1,0,0,0,0,0,0,1,0,0,0,10,950,Clear,Daylight,-79.3961,43.6533
1235865,6867,Driver,50 to 54,None,"Automobile, Station Wagon",Turning Left,1,0,1,0,0,0,0,0,0,1,0,0,0,10,950,Clear,Daylight,-79.3961,43.6533
1237383,7055,Driver,70 to 74,None,"Automobile, Station Wagon",Going Ahead,1,0,1,0,0,0,0,0,0,0,0,0,0,4,358,Clear,Dark,-79.3097,43.742
1237383,7056,Pedestrian,40 to 44,Major,NULL,NULL,1,0,1,0,0,0,0,0,0,0,0,0,0,4,358,Clear,Dark,-79.3097,43.742
1238470,7072,Motorcycle Driver,25 to 29,Major,Motorcycle,Going Ahead,0,0,1,1,0,0,0,0,0,0,0,0,0,0,1,Clear,Dark,-79.3567,43.649
1238470,7073,Other,unknown,None,"Automobile, Station Wagon",NULL,0,0,1,1,0,0,0,0,0,0,0,0,0,0,1,Clear,Dark,-79.3567,43.649
1239456,7077,Driver,unknown,None,"Automobile, Station Wagon",Turning Left,0,1,1,0,0,0,0,0,0,1,0,0,0,12,1230,Clear,Daylight,-79.4297,43.7192
1239456,7078,Cyclist,20 to 24,Major,Bicycle,Going Ahead,0,1,1,0,0,0,0,0,0,1,0,0,0,12,1230,Clear,Daylight,-79.4297,43.7192
1240092,6515,Driver,70 to 74,Major,"Automobile, Station Wagon",Going Ahead,0,0,1,0,0,0,0,0,0,1,1,0,0,11,1050,Clear,Daylight,-79.3192,43.7411
1240092,6516,Driver,20 to 24,None,"Automobile, Station Wagon",Turning Left,0,0,1,0,0,0,0,0,0,1,1,0,0,11,1050,Clear,Daylight,-79.3192,43.7411
1241028,6522,Driver,60 to 64,None,"Automobile, Station Wagon",Turning Right,1,0,1,0,0,0,0,0,0,1,0,0,0,5,536,Clear,Daylight,-79.4767,43.6815
1241028,6523,Pedestrian,30 to 34,Major,Other,NULL,1,0,1,0,0,0,0,0,0,1,0,0,0,5,536,Clear,Daylight,-79.4767,43.6815
1242717,6590,Motorcycle Driver,30 to 34,Major,Motorcycle,Going Ahead,0,0,1,1,0,0,0,0,0,0,0,0,0,12,1159,Clear,Daylight,-79.326,43.7943
1242717,6591,Driver,40 to 44,None,"Automobile, Station Wagon",Turning Left,0,0,1,1,0,0,0,0,0,0,0,0,0,12,1159,Clear,Daylight,-79.326,43.7943
1242750,7001,Driver,55 to 59,None,"Automobile, Station Wagon",Going Ahead,1,0,1,0,0,0,0,0,0,0,0,0,0,20,2004,Clear,Dark,-79.3404,43.6847
1242750,7005,Pedestrian,10 to 14,Major,Other,NULL,1,0,1,0,0,0,0,0,0,0,0,0,0,20,2004,Clear,Dark,-79.3404,43.6847
1244686,7047,Motorcycle Driver,25 to 29,Minor,Motorcycle,Other,1,0,0,1,0,0,0,0,1,1,0,0,0,13,1330,Clear,Daylight,-79.4069,43.7452
1244686,7048,Pedestrian,15 to 19,Major,Other,NULL,1,0,0,1,0,0,0,0,1,1,0,0,0,13,1330,Clear,Daylight,-79.4069,43.7452
1244722,7040,Driver,35 to 39,None,"Automobile, Station Wagon",Stopped,0,1,1,0,0,0,0,0,0,0,0,0,0,12,1200,Clear,Daylight,-79.4067,43.6363
1244722,7042,Cyclist,25 to 29,Major,Bicycle,Going Ahead,0,1,1,0,0,0,0,0,0,0,0,0,0,12,1200,Clear,Daylight,-79.4067,43.6363
1246125,7133,Driver,60 to 64,Major,"Automobile, Station Wagon",Going Ahead,0,0,1,0,0,0,0,1,0,0,0,0,0,16,1620,Clear,Daylight,-79.3801,43.7876
1246125,7331,Driver,75 to 79,Minor,"Automobile, Station Wagon",Going Ahead,0,0,1,0,0,0,0,1,0,0,0,0,0,16,1620,Clear,Daylight,-79.3801,43.7876
1246125,7230,Passenger,60 to 64,Minor,Other,NULL,0,0,1,0,0,0,0,1,0,0,0,0,0,16,1620,Clear,Daylight,-79.3801,43.7876
1247862,7783,Motorcycle Driver,30 to 34,Fatal,Motorcycle,Going Ahead,0,0,1,1,0,0,0,0,1,1,0,0,0,12,1154,Clear,Daylight,-79.5398,43.6985
1247862,7784,Driver,75 to 79,Minimal,"Automobile, Station Wagon",Turning Left,0,0,1,1,0,0,0,0,1,1,0,0,0,12,1154,Clear,Daylight,-79.5398,43.6985
1249034,7082,Passenger,60 to 64,Major,Other,NULL,0,0,1,0,0,0,0,1,0,0,0,0,0,13,1256,Clear,Daylight,-79.408,43.6774
1249034,7084,Driver,45 to 49,Minor,"Automobile, Station Wagon",Turning Right,0,0,1,0,0,0,0,1,0,0,0,0,0,13,1256,Clear,Daylight,-79.408,43.6774
1249034,7083,Passenger,25 to 29,Minor,Other,NULL,0,0,1,0,0,0,0,1,0,0,0,0,0,13,1256,Clear,Daylight,-79.408,43.6774
1250588,7355,Motorcycle Driver,20 to 24,Major,Motorcycle,Going Ahead,0,0,1,1,0,0,0,0,0,0,0,0,0,19,1915,Clear,Daylight,-79.5244,43.6444
1250588,7356,Driver,35 to 39,None,"Automobile, Station Wagon",Changing Lanes,0,0,1,1,0,0,0,0,0,0,0,0,0,19,1915,Clear,Daylight,-79.5244,43.6444
1254931,7533,Driver,35 to 39,None,"Automobile, Station Wagon",Slowing or Stopping,0,1,1,0,0,0,0,0,0,1,0,0,0,14,1354,Rain,Daylight,-79.179,43.77
1254931,7542,Cyclist,35 to 39,Major,Bicycle,Going Ahead,0,1,1,0,0,0,0,0,0,1,0,0,0,14,1354,Rain,Daylight,-79.179,43.77
1255068,7572,Cyclist,45 to 49,Major,Bicycle,Overtaking,0,1,0,0,0,1,0,0,0,0,0,0,0,17,1723,Clear,Daylight,-79.4447,43.781
1255068,7574,Driver,60 to 64,None,Municipal Transit Bus (TTC),Going Ahead,0,1,0,0,0,1,0,0,0,0,0,0,0,17,1723,Clear,Daylight,-79.4447,43.781
1255918,7582,Driver,35 to 39,None,"Automobile, Station Wagon",Going Ahead,1,0,1,0,0,0,0,0,0,0,0,0,0,16,1617,Clear,Daylight,-79.3089,43.7105
1255918,7583,Pedestrian,20 to 24,Major,Other,NULL,1,0,1,0,0,0,0,0,0,0,0,0,0,16,1617,Clear,Daylight,-79.3089,43.7105
1258190,7450,Driver,40 to 44,Major,"Automobile, Station Wagon",Going Ahead,0,0,1,0,0,0,0,0,0,0,0,0,0,5,549,Clear,Dark,-79.5134,43.6202
1259697,7608,Driver,unknown,None,"Automobile, Station Wagon",Turning Right,1,0,1,0,0,0,0,0,0,1,0,0,0,8,830,Clear,Daylight,-79.4376,43.7523
1259697,7609,Pedestrian,80 to 84,Major,Other,NULL,1,0,1,0,0,0,0,0,0,1,0,0,0,8,830,Clear,Daylight,-79.4376,43.7523
1262837,7647,Driver,70 to 74,None,"Automobile, Station Wagon",Turning Left,1,0,1,0,0,0,0,0,0,1,0,0,0,15,1450,Clear,Daylight,-79.3033,43.6878
1262837,7651,Pedestrian,70 to 74,Major,Other,NULL,1,0,1,0,0,0,0,0,0,1,0,0,0,15,1450,Clear,Daylight,-79.3033,43.6878
1263273,7206,Driver,45 to 49,None,Municipal Transit Bus (TTC),Going Ahead,0,1,0,0,0,1,0,0,0,0,0,0,0,9,910,Clear,Daylight,-79.3947,43.675
1263273,7207,Cyclist,30 to 34,Major,Bicycle,Overtaking,0,1,0,0,0,1,0,0,0,0,0,0,0,9,910,Clear,Daylight,-79.3947,43.675
1263305,7204,Driver,20 to 24,Major,"Automobile, Station Wagon",Going Ahead,0,0,1,0,0,0,0,0,0,0,0,0,0,15,1500,Clear,Daylight,-79.286,43.8032
1263909,7917,Driver,20 to 24,None,"Automobile, Station Wagon",Going Ahead,1,0,1,0,0,1,0,0,1,1,0,1,0,22,2211,Clear,"Dark, artificial",-79.4033,43.6437
1263909,7918,Pedestrian,25 to 29,Minor,Other,NULL,1,0,1,0,0,1,0,0,1,1,0,1,0,22,2211,Clear,"Dark, artificial",-79.4033,43.6437
1234453,7010,Driver,35 to 39,None,"Automobile, Station Wagon",Going Ahead,0,0,1,0,0,0,0,0,0,1,1,0,0,11,1115,Clear,Daylight,-79.323,43.7752
1234453,7011,Driver,25 to 29,None,"Automobile, Station Wagon",Going Ahead,0,0,1,0,0,0,0,0,0,1,1,0,0,11,1115,Clear,Daylight,-79.323,43.7752
1234453,7012,Driver,45 to 49,Major,"Automobile, Station Wagon",Going Ahead,0,0,1,0,0,0,0,0,0,1,1,0,0,11,1115,Clear,Daylight,-79.323,43.7752
1235236,7018,Driver,30 to 34,Major,"Automobile, Station Wagon",Slowing or Stopping,0,0,1,0,0,0,0,0,0,1,0,0,0,14,1400,Clear,Daylight,-79.3169,43.7766
1235236,7019,Driver,35 to 39,Minimal,"Automobile, Station Wagon",Stopped,0,0,1,0,0,0,0,0,0,1,0,0,0,14,1400,Clear,Daylight,-79.3169,43.7766
1236508,7043,Driver,80 to 84,Minor,"Automobile, Station Wagon",Going Ahead,0,0,1,0,0,0,0,0,0,1,1,0,0,12,1206,Clear,Daylight,-79.42,43.7979
1236508,7045,Driver,25 to 29,Major,"Automobile, Station Wagon",Going Ahead,0,0,1,0,0,0,0,0,0,1,1,0,0,12,1206,Clear,Daylight,-79.42,43.7979
1237144,6879,Driver,20 to 24,None,"Automobile, Station Wagon",Changing Lanes,0,0,1,0,0,0,0,1,0,0,0,0,0,19,1930,Clear,Dark,-79.5415,43.7482
1237144,6873,Driver,50 to 54,None,"Automobile, Station Wagon",Going Ahead,0,0,1,0,0,0,0,1,0,0,0,0,0,19,1930,Clear,Dark,-79.5415,43.7482
1237144,6874,Driver,40 to 44,Minor,"Automobile, Station Wagon",Going Ahead,0,0,1,0,0,0,0,1,0,0,0,0,0,19,1930,Clear,Dark,-79.5415,43.7482
1237144,6875,Passenger,55 to 59,Major,Other,NULL,0,0,1,0,0,0,0,1,0,0,0,0,0,19,1930,Clear,Dark,-79.5415,43.7482
1237144,6876,Passenger,10 to 14,Minimal,Other,NULL,0,0,1,0,0,0,0,1,0,0,0,0,0,19,1930,Clear,Dark,-79.5415,43.7482