ACCNUM,ObjectId,INVTYPE,INVAGE,INJURY,VEHTYPE,MANOEUVER,PEDESTRIAN,CYCLIST,AUTOMOBILE,MOTORCYCLE,TRUCK,TRSN_CITY_VEH,EMERG_VEH,PASSENGER,SPEEDING,AG_DRIV,REDLIGHT,ALCOHOL,DISABILITY,HOUR,TIME,VISIBILITY,LIGHT,collision_lat,collision_long
1237144,6877,Driver,35 to 39,Minor,"Automobile, Station Wagon",Going Ahead,0,0,1,0,0,0,0,1,0,0,0,0,0,19,1930,Clear,Dark,-79.5415,43.7482
1237710,7061,Driver,85 to 89,Minimal,"Automobile, Station Wagon",Going Ahead,1,0,1,0,0,0,0,0,0,1,0,0,0,19,1858,Clear,Daylight,-79.4153,43.7663
1237710,7059,Driver,35 to 39,None,"Automobile, Station Wagon",Turning Left,1,0,1,0,0,0,0,0,0,1,0,0,0,19,1858,Clear,Daylight,-79.4153,43.7663
1237710,7060,Pedestrian,55 to 59,Major,Other,NULL,1,0,1,0,0,0,0,0,0,1,0,0,0,19,1858,Clear,Daylight,-79.4153,43.7663
1238461,7071,Driver,15 to 19,None,"Automobile, Station Wagon",Going Ahead,0,0,1,0,0,0,0,1,0,0,0,0,0,22,2203,Clear,Dark,-79.2202,43.8221
1238461,7069,Passenger,15 to 19,None,Other,NULL,0,0,1,0,0,0,0,1,0,0,0,0,0,22,2203,Clear,Dark,-79.2202,43.8221
1238461,7070,Passenger,15 to 19,Major,Other,NULL,0,0,1,0,0,0,0,1,0,0,0,0,0,22,2203,Clear,Dark,-79.2202,43.8221
1242807,6576,Driver,35 to 39,None,"Automobile, Station Wagon",Going Ahead,0,0,1,0,0,0,0,1,0,1,0,0,0,17,1738,Clear,Daylight,-79.27,43.8136
1242807,6577,Passenger,20 to 24,Minor,Other,NULL,0,0,1,0,0,0,0,1,0,1,0,0,0,17,1738,Clear,Daylight,-79.27,43.8136
1242807,6578,Passenger,15 to 19,Major,Other,NULL,0,0,1,0,0,0,0,1,0,1,0,0,0,17,1738,Clear,Daylight,-79.27,43.8136
1242807,6579,Passenger,15 to 19,Minimal,Other,NULL,0,0,1,0,0,0,0,1,0,1,0,0,0,17,1738,Clear,Daylight,-79.27,43.8136
1242807,6581,Driver,15 to 19,Minor,"Automobile, Station Wagon",Changing Lanes,0,0,1,0,0,0,0,1,0,1,0,0,0,17,1738,Clear,Daylight,-79.27,43.8136
1244328,7387,Passenger,70 to 74,Fatal,Other,NULL,0,0,1,0,0,0,0,1,0,0,0,0,0,12,1215,Clear,Daylight,-79.5326,43.6961
1244328,7388,Driver,70 to 74,Major,"Automobile, Station Wagon",Going Ahead,0,0,1,0,0,0,0,1,0,0,0,0,0,12,1215,Clear,Daylight,-79.5326,43.6961
1244462,7393,Motorcycle Driver,30 to 34,Major,Motorcycle,Going Ahead,0,0,1,1,0,0,0,0,0,0,0,0,0,20,2000,Clear,Daylight,-79.1569,43.8145
1244462,7394,Motorcycle Driver,25 to 29,Minor,Motorcycle,Going Ahead,0,0,1,1,0,0,0,0,0,0,0,0,0,20,2000,Clear,Daylight,-79.1569,43.8145
1244462,7395,Driver,35 to 39,None,"Automobile, Station Wagon",Going Ahead,0,0,1,1,0,0,0,0,0,0,0,0,0,20,2000,Clear,Daylight,-79.1569,43.8145
1244530,7396,Pedestrian,55 to 59,Major,"Automobile, Station Wagon",NULL,1,0,1,0,0,0,0,1,1,1,0,0,0,0,28,Clear,"Dark, artificial",-79.3907,43.7788
1244530,7397,Passenger,20 to 24,Major,Other,NULL,1,0,1,0,0,0,0,1,1,1,0,0,0,0,28,Clear,"Dark, artificial",-79.3907,43.7788
1244530,7399,Passenger,25 to 29,Major,Other,NULL,1,0,1,0,0,0,0,1,1,1,0,0,0,0,28,Clear,"Dark, artificial",-79.3907,43.7788
1244530,7400,Passenger,20 to 24,Major,Other,NULL,1,0,1,0,0,0,0,1,1,1,0,0,0,0,28,Clear,"Dark, artificial",-79.3907,43.7788
1244530,7401,Driver,25 to 29,Major,"Automobile, Station Wagon",Going Ahead,1,0,1,0,0,0,0,1,1,1,0,0,0,0,28,Clear,"Dark, artificial",-79.3907,43.7788
1245113,7054,Driver,40 to 44,Minimal,"Automobile, Station Wagon",Going Ahead,0,0,1,0,0,0,0,1,0,1,1,0,0,23,2313,Clear,Dark,-79.4668,43.7688
1245113,7051,Passenger,15 to 19,Minor,Other,NULL,0,0,1,0,0,0,0,1,0,1,1,0,0,23,2313,Clear,Dark,-79.4668,43.7688
1245113,7052,Passenger,15 to 19,Major,Other,NULL,0,0,1,0,0,0,0,1,0,1,1,0,0,23,2313,Clear,Dark,-79.4668,43.7688
1245113,7053,Driver,25 to 29,Minor,"Automobile, Station Wagon",Going Ahead,0,0,1,0,0,0,0,1,0,1,1,0,0,23,2313,Clear,Dark,-79.4668,43.7688
1246736,7002,Passenger,unknown,Minimal,Other,Other,0,0,1,0,0,0,0,1,0,1,0,0,0,13,1349,Clear,Daylight,-79.1994,43.7654
1246736,7003,Driver,40 to 44,None,"Automobile, Station Wagon",Stopped,0,0,1,0,0,0,0,1,0,1,0,0,0,13,1349,Clear,Daylight,-79.1994,43.7654
1246736,7430,Driver,65 to 69,Fatal,"Automobile, Station Wagon",Going Ahead,0,0,1,0,0,0,0,1,0,1,0,0,0,13,1349,Clear,Daylight,-79.1994,43.7654
1246736,7431,Passenger,unknown,Minimal,Other,Other,0,0,1,0,0,0,0,1,0,1,0,0,0,13,1349,Clear,Daylight,-79.1994,43.7654
1246736,7432,Passenger,unknown,Minimal,Other,Other,0,0,1,0,0,0,0,1,0,1,0,0,0,13,1349,Clear,Daylight,-79.1994,43.7654
1246736,7429,Passenger,unknown,Major,Other,Other,0,0,1,0,0,0,0,1,0,1,0,0,0,13,1349,Clear,Daylight,-79.1994,43.7654
1247270,7086,Driver,25 to 29,Major,"Automobile, Station Wagon",Going Ahead,0,0,1,0,0,0,0,0,0,1,0,0,0,1,145,Clear,Dark,-79.4085,43.7541
1249510,7813,Driver,55 to 59,Fatal,"Automobile, Station Wagon",Reversing,0,0,1,0,0,0,0,0,0,0,0,0,0,6,606,Clear,Daylight,-79.4373,43.6527
1249510,7814,Other,unknown,None,Other,Other,0,0,1,0,0,0,0,0,0,0,0,0,0,6,606,Clear,Daylight,-79.4373,43.6527
1249542,7353,Driver,55 to 59,None,"Automobile, Station Wagon",Stopped,0,1,1,0,0,0,0,0,0,0,0,0,0,19,1850,Clear,Daylight,-79.4047,43.6521
1249542,7354,Cyclist,40 to 44,Major,Bicycle,Going Ahead,0,1,1,0,0,0,0,0,0,0,0,0,0,19,1850,Clear,Daylight,-79.4047,43.6521
1250312,7827,Passenger,15 to 19,Minimal,Other,NULL,0,0,1,0,0,0,0,1,0,1,0,0,0,2,203,Clear,Dark,-79.1382,43.7833
1250312,7828,Passenger,15 to 19,Minimal,Other,NULL,0,0,1,0,0,0,0,1,0,1,0,0,0,2,203,Clear,Dark,-79.1382,43.7833
1250312,7829,Driver,15 to 19,Major,"Automobile, Station Wagon",Overtaking,0,0,1,0,0,0,0,1,0,1,0,0,0,2,203,Clear,Dark,-79.1382,43.7833
1251014,7777,Driver,unknown,None,"Automobile, Station Wagon",Going Ahead,0,1,1,0,0,0,0,0,0,0,0,0,0,13,1335,Clear,Daylight,-79.4685,43.6898
1251014,7778,Cyclist,10 to 14,Major,Bicycle,Going Ahead,0,1,1,0,0,0,0,0,0,0,0,0,0,13,1335,Clear,Daylight,-79.4685,43.6898
1252518,7136,Driver,20 to 24,None,"Automobile, Station Wagon",Turning Left,1,0,1,0,0,0,0,0,0,0,0,0,0,19,1905,Clear,Dusk,-79.4035,43.7731
1252518,7137,Pedestrian,70 to 74,Major,Other,NULL,1,0,1,0,0,0,0,0,0,0,0,0,0,19,1905,Clear,Dusk,-79.4035,43.7731
1253771,7332,Driver,30 to 34,None,"Automobile, Station Wagon",Going Ahead,1,0,1,0,0,0,0,0,0,0,0,0,0,20,1958,Clear,"Dark, artificial",-79.4035,43.6359
1253771,7434,Pedestrian,25 to 29,Major,Other,NULL,1,0,1,0,0,0,0,0,0,0,0,0,0,20,1958,Clear,"Dark, artificial",-79.4035,43.6359
1254054,7141,Motorcycle Driver,40 to 44,Major,Motorcycle,Going Ahead,0,0,1,1,0,0,0,0,0,0,0,0,0,18,1840,Clear,Daylight,-79.5231,43.6548
1254054,7142,Driver,unknown,None,"Automobile, Station Wagon",Slowing or Stopping,0,0,1,1,0,0,0,0,0,0,0,0,0,18,1840,Clear,Daylight,-79.5231,43.6548
1254156,7554,Driver,75 to 79,Major,"Automobile, Station Wagon",Going Ahead,0,0,1,0,0,0,0,1,0,0,0,0,1,18,1804,Clear,"Dusk, artificial",-79.3522,43.793
1254156,7555,Passenger,45 to 49,Minor,NULL,NULL,0,0,1,0,0,0,0,1,0,0,0,0,1,18,1804,Clear,"Dusk, artificial",-79.3522,43.793
1254156,7556,Driver,45 to 49,Minor,Passenger Van,Stopped,0,0,1,0,0,0,0,1,0,0,0,0,1,18,1804,Clear,"Dusk, artificial",-79.3522,43.793
1256647,7183,Driver,55 to 59,None,"Automobile, Station Wagon",Turning Left,1,0,1,0,0,0,0,0,0,1,0,0,0,20,2035,Clear,Dark,-79.5731,43.6648
1256647,7184,Pedestrian,15 to 19,Major,Other,NULL,1,0,1,0,0,0,0,0,0,1,0,0,0,20,2035,Clear,Dark,-79.5731,43.6648
1256647,7185,Pedestrian,20 to 24,Minor,Other,NULL,1,0,1,0,0,0,0,0,0,1,0,0,0,20,2035,Clear,Dark,-79.5731,43.6648
1256813,7616,Driver,40 to 44,Major,"Automobile, Station Wagon",Changing Lanes,0,0,1,0,0,0,0,0,0,0,0,0,0,12,1248,Clear,Daylight,-79.4623,43.7479
1256813,7617,Driver,65 to 69,Minimal,"Automobile, Station Wagon",Going Ahead,0,0,1,0,0,0,0,0,0,0,0,0,0,12,1248,Clear,Daylight,-79.4623,43.7479
1259502,7820,Driver,50 to 54,None,"Automobile, Station Wagon",Reversing,1,0,1,0,0,0,0,0,0,0,0,0,0,12,1235,Clear,Daylight,-79.3322,43.6628
1259502,7821,Pedestrian,85 to 89,Major,Other,NULL,1,0,1,0,0,0,0,0,0,0,0,0,0,12,1235,Clear,Daylight,-79.3322,43.6628
1259602,7470,Driver,40 to 44,None,"Automobile, Station Wagon",Going Ahead,1,0,1,0,0,0,0,0,0,0,0,0,0,5,548,Clear,"Dark, artificial",-79.4427,43.7355
1259602,7471,Pedestrian,45 to 49,Fatal,Other,NULL,1,0,1,0,0,0,0,0,0,0,0,0,0,5,548,Clear,"Dark, artificial",-79.4427,43.7355
1259906,7487,Driver,40 to 44,None,"Automobile, Station Wagon",Going Ahead,1,0,1,0,0,0,0,0,0,0,0,0,0,21,2104,Rain,Dark,-79.3947,43.6896
1259906,7488,Pedestrian,70 to 74,Major,Other,NULL,1,0,1,0,0,0,0,0,0,0,0,0,0,21,2104,Rain,Dark,-79.3947,43.6896
1260223,7823,Motorcycle Driver,35 to 39,Major,Motorcycle,Going Ahead,0,0,1,1,0,0,0,1,0,0,0,0,0,13,1320,Clear,Daylight,-79.4123,43.6681
1260223,7824,Driver,40 to 44,None,"Automobile, Station Wagon",Turning Left,0,0,1,1,0,0,0,1,0,0,0,0,0,13,1320,Clear,Daylight,-79.4123,43.6681
1260223,7822,Passenger,15 to 19,Major,Other,NULL,0,0,1,1,0,0,0,1,0,0,0,0,0,13,1320,Clear,Daylight,-79.4123,43.6681
1265520,7974,Driver,70 to 74,Major,"Automobile, Station Wagon",Unknown,0,0,1,0,0,0,0,0,0,0,0,0,1,21,2057,Rain,"Dark, artificial",-79.518,43.762
1215589,6296,Pedestrian,10 to 14,Major,Other,NULL,1,0,0,0,0,1,0,0,0,1,0,0,0,8,847,Snow,Daylight,-79.5893,43.732
1219697,6043,Driver,60 to 64,None,"Automobile, Station Wagon",Turning Left,1,0,1,0,0,0,0,0,0,1,0,0,0,10,1007,Clear,Daylight,-79.4214,43.6716
1219697,6044,Pedestrian,80 to 84,Major,Other,NULL,1,0,1,0,0,0,0,0,0,1,0,0,0,10,1007,Clear,Daylight,-79.4214,43.6716
1219842,6341,Driver,45 to 49,None,"Automobile, Station Wagon",Going Ahead,1,0,1,0,0,0,0,0,0,0,0,0,0,18,1840,Clear,Dark,-79.5307,43.643
1219842,6342,Pedestrian,65 to 69,Major,Other,NULL,1,0,1,0,0,0,0,0,0,0,0,0,0,18,1840,Clear,Dark,-79.5307,43.643
1223175,6394,Passenger,80 to 84,None,Other,NULL,1,0,1,0,0,0,0,1,0,1,0,0,0,18,1825,Clear,Daylight,-79.3846,43.6935
1223175,6399,Driver,75 to 79,None,"Automobile, Station Wagon",Turning Left,1,0,1,0,0,0,0,1,0,1,0,0,0,18,1825,Clear,Daylight,-79.3846,43.6935
1223175,6406,Pedestrian,40 to 44,Major,Other,NULL,1,0,1,0,0,0,0,1,0,1,0,0,0,18,1825,Clear,Daylight,-79.3846,43.6935
1223675,6678,Passenger,30 to 34,Major,Other,NULL,0,0,1,0,0,0,0,1,0,0,0,0,0,20,1953,Clear,Dark,-79.2306,43.7457
1223675,6598,Driver,40 to 44,Major,"Automobile, Station Wagon",Going Ahead,0,0,1,0,0,0,0,1,0,0,0,0,0,20,1953,Clear,Dark,-79.2306,43.7457
1226385,6292,Driver,45 to 49,None,"Automobile, Station Wagon",Turning Left,1,0,1,0,0,0,0,0,0,1,0,0,0,7,745,Clear,Daylight,-79.2323,43.7251
1226385,6293,Pedestrian,20 to 24,Major,Other,NULL,1,0,1,0,0,0,0,0,0,1,0,0,0,7,745,Clear,Daylight,-79.2323,43.7251
1226490,6889,Driver,20 to 24,None,"Automobile, Station Wagon",Slowing or Stopping,1,0,1,0,0,0,0,0,0,0,0,0,0,7,745,Clear,Daylight,-79.4522,43.6557
1226490,6887,Other,25 to 29,None,Other,NULL,1,0,1,0,0,0,0,0,0,0,0,0,0,7,745,Clear,Daylight,-79.4522,43.6557
1226490,6888,Pedestrian,60 to 64,Major,Other,Other,1,0,1,0,0,0,0,0,0,0,0,0,0,7,745,Clear,Daylight,-79.4522,43.6557
1226853,6895,Driver,55 to 59,Minor,"Automobile, Station Wagon",Going Ahead,0,0,1,0,0,0,0,0,1,1,0,0,1,20,2040,Clear,Dark,-79.409,43.7857
1226853,6896,Driver,75 to 79,Major,"Automobile, Station Wagon",Going Ahead,0,0,1,0,0,0,0,0,1,1,0,0,1,20,2040,Clear,Dark,-79.409,43.7857
1227964,16102,Driver,25 to 29,None,"Automobile, Station Wagon",Turning Left,0,0,1,1,0,0,0,1,0,1,0,0,0,17,1703,Clear,Daylight,-79.3562,43.6859
1227964,16103,Motorcycle Driver,20 to 24,Major,Motorcycle,Going Ahead,0,0,1,1,0,0,0,1,0,1,0,0,0,17,1703,Clear,Daylight,-79.3562,43.6859
1227964,16104,Passenger,25 to 29,None,NULL,NULL,0,0,1,1,0,0,0,1,0,1,0,0,0,17,1703,Clear,Daylight,-79.3562,43.6859
1227964,16105,Passenger,5 to 9,None,NULL,NULL,0,0,1,1,0,0,0,1,0,1,0,0,0,17,1703,Clear,Daylight,-79.3562,43.6859
1228657,6311,Driver,55 to 59,None,"Automobile, Station Wagon",Going Ahead,1,0,1,0,0,0,0,0,0,1,0,0,0,12,1200,Clear,Daylight,-79.1755,43.8073
1228657,6312,Driver,25 to 29,Minimal,"Automobile, Station Wagon",Turning Left,1,0,1,0,0,0,0,0,0,1,0,0,0,12,1200,Clear,Daylight,-79.1755,43.8073
1228657,6314,Pedestrian,60 to 64,Major,Other,NULL,1,0,1,0,0,0,0,0,0,1,0,0,0,12,1200,Clear,Daylight,-79.1755,43.8073
1228966,16106,Driver,35 to 39,Minimal,"Automobile, Station Wagon",Going Ahead,0,0,1,1,0,0,0,0,1,1,1,0,0,19,1920,Clear,Daylight,-79.5453,43.7648
1228966,16107,Motorcycle Driver,25 to 29,Major,Motorcycle,Going Ahead,0,0,1,1,0,0,0,0,1,1,1,0,0,19,1920,Clear,Daylight,-79.5453,43.7648
1232208,6358,Driver,40 to 44,None,"Automobile, Station Wagon",Turning Left,1,0,1,0,0,0,0,0,0,0,0,0,0,15,1537,Clear,Daylight,-79.1861,43.7683
1232208,6359,Pedestrian,75 to 79,Major,Other,Other,1,0,1,0,0,0,0,0,0,0,0,0,0,15,1537,Clear,Daylight,-79.1861,43.7683
1233671,6510,Pedestrian,25 to 29,Major,Other,NULL,1,0,1,0,0,0,0,0,0,0,0,0,0,2,200,Rain,Dark,-79.4915,43.6126
1233671,6429,Driver,unknown,None,"Automobile, Station Wagon",Unknown,1,0,1,0,0,0,0,0,0,0,0,0,0,2,200,Rain,Dark,-79.4915,43.6126
1236150,6517,Passenger,25 to 29,Major,Other,NULL,0,0,1,0,0,0,0,1,1,1,0,1,0,22,2213,Clear,Dark,-79.4682,43.6723
1236150,6518,Driver,20 to 24,Minimal,"Automobile, Station Wagon",Going Ahead,0,0,1,0,0,0,0,1,1,1,0,1,0,22,2213,Clear,Dark,-79.4682,43.6723
1236286,6869,Truck Driver,60 to 64,None,Truck - Open,Turning Right,0,1,0,0,1,0,0,0,0,0,0,0,0,7,650,Clear,Daylight,-79.4263,43.6535
1236286,6870,Cyclist,45 to 49,Major,Bicycle,Going Ahead,0,1,0,0,1,0,0,0,0,0,0,0,0,7,650,Clear,Daylight,-79.4263,43.6535
1237279,7049,Driver,45 to 49,None,"Automobile, Station Wagon",Turning Right,0,1,1,0,0,0,0,0,0,0,0,0,0,17,1710,Clear,Daylight,-79.5242,43.7559
1237279,7050,Cyclist,65 to 69,Major,Bicycle,Unknown,0,1,1,0,0,0,0,0,0,0,0,0,0,17,1710,Clear,Daylight,-79.5242,43.7559
1241593,7349,Driver,15 to 19,None,Pick Up Truck,Going Ahead,0,0,1,1,0,0,0,1,1,1,0,0,0,23,2345,Clear,Dark,-79.352,43.6563
1241593,7350,Driver,20 to 24,None,"Automobile, Station Wagon",Going Ahead,0,0,1,1,0,0,0,1,1,1,0,0,0,23,2345,Clear,Dark,-79.352,43.6563
1241593,7352,Driver,40 to 44,None,"Automobile, Station Wagon",Going Ahead,0,0,1,1,0,0,0,1,1,1,0,0,0,23,2345,Clear,Dark,-79.352,43.6563
1241593,7347,Motorcycle Passenger,25 to 29,Major,NULL,NULL,0,0,1,1,0,0,0,1,1,1,0,0,0,23,2345,Clear,Dark,-79.352,43.6563
1241593,7348,Motorcycle Driver,30 to 34,Minor,Motorcycle,Going Ahead,0,0,1,1,0,0,0,1,1,1,0,0,0,23,2345,Clear,Dark,-79.352,43.6563
1242638,6570,Driver,45 to 49,Major,"Automobile, Station Wagon",Going Ahead,0,0,1,0,0,0,0,0,1,1,0,0,0,9,934,Rain,Daylight,-79.3186,43.8014
1242638,6571,Driver,40 to 44,Minor,"Automobile, Station Wagon",Stopped,0,0,1,0,0,0,0,0,1,1,0,0,0,9,934,Rain,Daylight,-79.3186,43.8014
1244535,7038,Driver,35 to 39,None,"Automobile, Station Wagon",Reversing,1,0,1,0,0,0,0,0,0,0,0,0,0,14,1352,Clear,Daylight,-79.3953,43.7072
1244535,7039,Pedestrian,85 to 89,Major,Other,NULL,1,0,1,0,0,0,0,0,0,0,0,0,0,14,1352,Clear,Daylight,-79.3953,43.7072
1246412,6561,Passenger,15 to 19,Major,Other,NULL,0,0,1,1,0,0,0,1,0,1,0,0,0,17,1705,Rain,Daylight,-79.5466,43.697
1246412,6562,Motorcycle Driver,15 to 19,Major,Motorcycle,Going Ahead,0,0,1,1,0,0,0,1,0,1,0,0,0,17,1705,Rain,Daylight,-79.5466,43.697
1246412,6563,Driver,30 to 34,None,"Automobile, Station Wagon",Slowing or Stopping,0,0,1,1,0,0,0,1,0,1,0,0,0,17,1705,Rain,Daylight,-79.5466,43.697
1246412,6564,Driver,unknown,None,"Automobile, Station Wagon",Turning Left,0,0,1,1,0,0,0,1,0,1,0,0,0,17,1705,Rain,Daylight,-79.5466,43.697
1247048,7750,Driver,45 to 49,None,"Automobile, Station Wagon",Going Ahead,1,0,1,0,0,0,0,0,0,0,0,0,0,16,1550,Clear,Daylight,-79.4129,43.6695
1247048,7751,Pedestrian,90 to 94,Major,Other,NULL,1,0,1,0,0,0,0,0,0,0,0,0,0,16,1550,Clear,Daylight,-79.4129,43.6695
1249781,7768,Pedestrian,30 to 34,Major,Other,NULL,1,0,0,0,0,1,0,0,0,0,0,0,0,23,2318,Clear,Dark,-79.3834,43.6515
1249781,7770,Driver,50 to 54,None,Municipal Transit Bus (TTC),Going Ahead,1,0,0,0,0,1,0,0,0,0,0,0,0,23,2318,Clear,Dark,-79.3834,43.6515
1250894,7378,Driver,45 to 49,None,"Automobile, Station Wagon",Parked,0,1,1,0,0,0,0,0,0,0,0,0,0,17,1655,Clear,Daylight,-79.3405,43.6797
1250894,7379,Cyclist,50 to 54,Major,Bicycle,Going Ahead,0,1,1,0,0,0,0,0,0,0,0,0,0,17,1655,Clear,Daylight,-79.3405,43.6797
1251049,7390,Motorcycle Driver,30 to 34,Major,Motorcycle,Going Ahead,0,0,1,1,0,0,0,0,0,1,0,0,0,6,630,Clear,Daylight,-79.3889,43.6403
1251049,7392,Driver,35 to 39,Minimal,"Automobile, Station Wagon",Slowing or Stopping,0,0,1,1,0,0,0,0,0,1,0,0,0,6,630,Clear,Daylight,-79.3889,43.6403
1251485,7149,Driver,40 to 44,None,"Automobile, Station Wagon",Changing Lanes,0,0,1,1,0,0,0,0,0,0,0,0,0,19,1924,Clear,Daylight,-79.3979,43.6377
1251485,7150,Motorcycle Driver,45 to 49,Major,Motorcycle,Going Ahead,0,0,1,1,0,0,0,0,0,0,0,0,0,19,1924,Clear,Daylight,-79.3979,43.6377
1251696,7422,Passenger,55 to 59,Minor,Other,NULL,0,0,1,0,0,0,0,1,0,1,0,0,0,18,1819,Clear,Daylight,-79.3622,43.714
1251696,7423,Driver,50 to 54,Minor,"Automobile, Station Wagon",Turning Left,0,0,1,0,0,0,0,1,0,1,0,0,0,18,1819,Clear,Daylight,-79.3622,43.714
1251696,7424,Driver,50 to 54,Major,"Automobile, Station Wagon",Going Ahead,0,0,1,0,0,0,0,1,0,1,0,0,0,18,1819,Clear,Daylight,-79.3622,43.714
1252228,7163,Passenger,35 to 39,Minor,Other,NULL,0,0,1,0,1,1,0,1,1,1,0,0,0,14,1438,Clear,Daylight,-79.3279,43.7402
1252228,7164,Passenger,45 to 49,Minor,Other,NULL,0,0,1,0,1,1,0,1,1,1,0,0,0,14,1438,Clear,Daylight,-79.3279,43.7402
1252228,7165,Passenger,35 to 39,Minor,Other,NULL,0,0,1,0,1,1,0,1,1,1,0,0,0,14,1438,Clear,Daylight,-79.3279,43.7402
1252228,7154,Truck Driver,40 to 44,None,Truck - Open,Slowing or Stopping,0,0,1,0,1,1,0,1,1,1,0,0,0,14,1438,Clear,Daylight,-79.3279,43.7402
1252228,7156,Driver,45 to 49,None,"Automobile, Station Wagon",Going Ahead,0,0,1,0,1,1,0,1,1,1,0,0,0,14,1438,Clear,Daylight,-79.3279,43.7402
1252228,7157,Passenger,55 to 59,None,Other,NULL,0,0,1,0,1,1,0,1,1,1,0,0,0,14,1438,Clear,Daylight,-79.3279,43.7402
1252228,7158,Passenger,40 to 44,Minor,Other,NULL,0,0,1,0,1,1,0,1,1,1,0,0,0,14,1438,Clear,Daylight,-79.3279,43.7402
1252228,7160,Driver,50 to 54,None,Municipal Transit Bus (TTC),Changing Lanes,0,0,1,0,1,1,0,1,1,1,0,0,0,14,1438,Clear,Daylight,-79.3279,43.7402
1252228,7161,Passenger,20 to 24,None,Other,NULL,0,0,1,0,1,1,0,1,1,1,0,0,0,14,1438,Clear,Daylight,-79.3279,43.7402
1252228,7162,Passenger,40 to 44,Fatal,Other,NULL,0,0,1,0,1,1,0,1,1,1,0,0,0,14,1438,Clear,Daylight,-79.3279,43.7402
1252228,7166,Passenger,25 to 29,Minor,Other,NULL,0,0,1,0,1,1,0,1,1,1,0,0,0,14,1438,Clear,Daylight,-79.3279,43.7402
1252228,7167,Passenger,5 to 9,None,Other,NULL,0,0,1,0,1,1,0,1,1,1,0,0,0,14,1438,Clear,Daylight,-79.3279,43.7402
1252228,7168,Passenger,15 to 19,Minor,Other,NULL,0,0,1,0,1,1,0,1,1,1,0,0,0,14,1438,Clear,Daylight,-79.3279,43.7402
1252228,7169,Passenger,35 to 39,Minor,Other,NULL,0,0,1,0,1,1,0,1,1,1,0,0,0,14,1438,Clear,Daylight,-79.3279,43.7402
1252228,7170,Passenger,20 to 24,None,Other,NULL,0,0,1,0,1,1,0,1,1,1,0,0,0,14,1438,Clear,Daylight,-79.3279,43.7402
1252228,7171,Passenger,40 to 44,Minor,Other,NULL,0,0,1,0,1,1,0,1,1,1,0,0,0,14,1438,Clear,Daylight,-79.3279,43.7402
1193019,6477,Driver,35 to 39,Minimal,"Automobile, Station Wagon",Turning Left,0,0,1,0,0,0,0,0,0,1,0,0,0,16,1619,Rain,Daylight,-79.3912,43.6434
1198624,6426,Motorcycle Driver,30 to 34,Major,Motorcycle,Going Ahead,0,0,1,1,0,0,0,0,0,0,0,0,0,19,1937,Clear,Dark,-79.4489,43.6925
1198624,6427,Driver,40 to 44,None,"Automobile, Station Wagon",Turning Left,0,0,1,1,0,0,0,0,0,0,0,0,0,19,1937,Clear,Dark,-79.4489,43.6925
1199249,6821,Passenger,0 to 4,None,Other,NULL,1,0,1,0,0,0,0,1,0,1,0,0,0,9,858,Clear,Daylight,-79.3963,43.7263
1199249,6822,Driver,35 to 39,None,"Automobile, Station Wagon",Turning Left,1,0,1,0,0,0,0,1,0,1,0,0,0,9,858,Clear,Daylight,-79.3963,43.7263
1199249,6820,Pedestrian,20 to 24,Major,Other,NULL,1,0,1,0,0,0,0,1,0,1,0,0,0,9,858,Clear,Daylight,-79.3963,43.7263
1201907,6418,Driver,25 to 29,None,"Automobile, Station Wagon",Parked,0,1,1,0,0,0,0,0,0,0,0,0,0,18,1825,Clear,Dark,-79.3018,43.6696
1201907,6508,Cyclist,50 to 54,Major,Bicycle,Going Ahead,0,1,1,0,0,0,0,0,0,0,0,0,0,18,1825,Clear,Dark,-79.3018,43.6696
1202550,6794,Passenger,unknown,Minor,Other,NULL,0,0,1,0,0,0,0,1,0,0,0,0,0,20,2022,Clear,Dark,-79.298,43.781
1202550,6795,Passenger,unknown,Major,Other,NULL,0,0,1,0,0,0,0,1,0,0,0,0,0,20,2022,Clear,Dark,-79.298,43.781
1202550,6796,Passenger,25 to 29,Major,Other,NULL,0,0,1,0,0,0,0,1,0,0,0,0,0,20,2022,Clear,Dark,-79.298,43.781
1202550,6797,Passenger,25 to 29,Major,Other,NULL,0,0,1,0,0,0,0,1,0,0,0,0,0,20,2022,Clear,Dark,-79.298,43.781
1202550,6798,Driver,25 to 29,Minimal,"Automobile, Station Wagon",Turning Left,0,0,1,0,0,0,0,1,0,0,0,0,0,20,2022,Clear,Dark,-79.298,43.781
1202550,6793,Passenger,45 to 49,Minor,Other,NULL,0,0,1,0,0,0,0,1,0,0,0,0,0,20,2022,Clear,Dark,-79.298,43.781
1203754,6842,Driver,unknown,None,"Automobile, Station Wagon",Going Ahead,1,0,1,0,0,0,0,0,0,1,0,0,0,3,330,Clear,Dark,-79.4038,43.6666
1203754,6843,Pedestrian,20 to 24,Major,Other,NULL,1,0,1,0,0,0,0,0,0,1,0,0,0,3,330,Clear,Dark,-79.4038,43.6666
1205176,6386,Driver,30 to 34,Major,"Automobile, Station Wagon",Going Ahead,0,0,1,0,0,0,0,0,1,1,0,0,0,17,1703,Rain,Daylight,-79.3676,43.674
1205176,6377,Driver,15 to 19,Minimal,"Automobile, Station Wagon",Going Ahead,0,0,1,0,0,0,0,0,1,1,0,0,0,17,1703,Rain,Daylight,-79.3676,43.674
1205226,6260,Pedestrian,60 to 64,Major,Other,NULL,1,0,1,0,0,0,0,0,0,1,0,0,0,18,1820,Rain,Dark,-79.4577,43.6486