ACCNUM,ObjectId,INVTYPE,INVAGE,INJURY,VEHTYPE,MANOEUVER,PEDESTRIAN,CYCLIST,AUTOMOBILE,MOTORCYCLE,TRUCK,TRSN_CITY_VEH,EMERG_VEH,PASSENGER,SPEEDING,AG_DRIV,REDLIGHT,ALCOHOL,DISABILITY,HOUR,TIME,VISIBILITY,LIGHT,collision_lat,collision_long
1205226,6249,Driver,35 to 39,None,"Automobile, Station Wagon",Turning Left,1,0,1,0,0,0,0,0,0,1,0,0,0,18,1820,Rain,Dark,-79.4577,43.6486
1205226,6254,Pedestrian,25 to 29,Major,Other,NULL,1,0,1,0,0,0,0,0,0,1,0,0,0,18,1820,Rain,Dark,-79.4577,43.6486
1206537,6658,Driver,40 to 44,Major,"Automobile, Station Wagon",Going Ahead,0,0,1,0,0,0,0,0,0,0,0,0,1,21,2055,Clear,Dark,-79.5117,43.7394
1207741,6838,Driver,40 to 44,None,"Automobile, Station Wagon",Going Ahead,1,0,1,0,0,0,0,0,0,0,0,0,0,18,1820,Clear,Dark,-79.5576,43.6853
1207741,6839,Pedestrian,45 to 49,Major,Other,NULL,1,0,1,0,0,0,0,0,0,0,0,0,0,18,1820,Clear,Dark,-79.5576,43.6853
1207898,6676,Driver,50 to 54,Major,"Automobile, Station Wagon",Turning Left,0,0,1,0,0,0,0,0,0,1,0,0,0,16,1602,Clear,Daylight,-79.5172,43.6141
1207898,6002,Driver,20 to 24,None,"Automobile, Station Wagon",Going Ahead,0,0,1,0,0,0,0,0,0,1,0,0,0,16,1602,Clear,Daylight,-79.5172,43.6141
1209188,6806,Motorcycle Driver,40 to 44,Major,Motorcycle,Going Ahead,0,0,0,1,0,0,0,0,0,0,0,0,0,22,2242,Clear,Dark,-79.3729,43.6577
1213789,6664,Driver,35 to 39,None,"Automobile, Station Wagon",Reversing,1,0,1,0,0,0,0,0,0,0,0,0,0,9,937,Snow,Daylight,-79.5253,43.7733
1213789,6665,Pedestrian,75 to 79,Major,Other,NULL,1,0,1,0,0,0,0,0,0,0,0,0,0,9,937,Snow,Daylight,-79.5253,43.7733
1213957,6669,Driver,65 to 69,Major,"Automobile, Station Wagon",Going Ahead,1,0,1,0,0,0,0,0,0,0,0,0,0,17,1725,Clear,Dark,-79.4899,43.6111
1213957,6670,Pedestrian,80 to 84,Minor,Other,NULL,1,0,1,0,0,0,0,0,0,0,0,0,0,17,1725,Clear,Dark,-79.4899,43.6111
1214725,6278,Driver,70 to 74,None,"Automobile, Station Wagon",Going Ahead,1,0,1,0,0,0,0,0,0,1,0,0,0,21,2058,Clear,Dark,-79.4266,43.7066
1214725,6279,Pedestrian,75 to 79,Fatal,Other,NULL,1,0,1,0,0,0,0,0,0,1,0,0,0,21,2058,Clear,Dark,-79.4266,43.7066
1220073,6051,Pedestrian,20 to 24,Major,Other,NULL,1,0,0,0,0,1,0,0,0,0,0,0,0,14,1415,Snow,Daylight,-79.3857,43.651
1220073,6053,Driver,40 to 44,None,Municipal Transit Bus (TTC),Going Ahead,1,0,0,0,0,1,0,0,0,0,0,0,0,14,1415,Snow,Daylight,-79.3857,43.651
1221095,6352,Driver,30 to 34,Major,"Automobile, Station Wagon",Going Ahead,0,0,1,0,0,0,0,0,0,0,0,0,1,6,558,Clear,Daylight,-79.3433,43.775
1221788,6356,Driver,45 to 49,None,"Automobile, Station Wagon",Going Ahead,1,0,1,0,0,0,0,0,0,0,0,0,0,23,2257,Rain,Dark,-79.5114,43.6839
1221788,6357,Pedestrian,20 to 24,Major,Other,NULL,1,0,1,0,0,0,0,0,0,0,0,0,0,23,2257,Rain,Dark,-79.5114,43.6839
1224921,6859,Driver,70 to 74,Fatal,"Automobile, Station Wagon",Going Ahead,0,0,1,0,1,0,0,0,0,0,0,0,0,12,1152,Clear,Daylight,-79.5431,43.6218
1224921,6861,Truck Driver,50 to 54,Minor,Truck - Open,Going Ahead,0,0,1,0,1,0,0,0,0,0,0,0,0,12,1152,Clear,Daylight,-79.5431,43.6218
1224921,6862,Driver,25 to 29,None,"Automobile, Station Wagon",Going Ahead,0,0,1,0,1,0,0,0,0,0,0,0,0,12,1152,Clear,Daylight,-79.5431,43.6218
1227443,6902,Pedestrian,unknown,Major,Other,Other,1,0,1,0,0,0,0,0,0,0,0,0,0,18,1750,Clear,Daylight,-79.5195,43.6858
1227443,6901,Driver,80 to 84,None,"Automobile, Station Wagon",Going Ahead,1,0,1,0,0,0,0,0,0,0,0,0,0,18,1750,Clear,Daylight,-79.5195,43.6858
1228029,6855,Driver,unknown,None,"Automobile, Station Wagon",Pulling Away from Shoulder or Curb,1,0,1,0,0,0,0,0,0,0,0,0,0,7,720,Clear,Daylight,-79.3022,43.689
1228029,6856,Pedestrian,45 to 49,Major,Other,NULL,1,0,1,0,0,0,0,0,0,0,0,0,0,7,720,Clear,Daylight,-79.3022,43.689
1228390,6907,Driver,70 to 74,Major,"Automobile, Station Wagon",Going Ahead,0,0,1,0,0,0,0,0,0,0,0,0,0,11,1130,Clear,Daylight,-79.4967,43.7233
1230262,6319,Driver,50 to 54,Major,"Automobile, Station Wagon",Going Ahead,0,0,1,0,0,0,0,0,1,1,0,0,0,12,1233,Clear,Daylight,-79.4869,43.6681
1230262,6320,Driver,50 to 54,Minor,"Automobile, Station Wagon",Turning Left,0,0,1,0,0,0,0,0,1,1,0,0,0,12,1233,Clear,Daylight,-79.4869,43.6681
1232009,6524,Driver,70 to 74,Major,"Automobile, Station Wagon",Going Ahead,0,0,1,0,0,0,0,1,0,1,0,0,0,14,1400,Clear,Daylight,-79.4066,43.7441
1232009,6525,Passenger,40 to 44,None,Other,NULL,0,0,1,0,0,0,0,1,0,1,0,0,0,14,1400,Clear,Daylight,-79.4066,43.7441
1232009,6526,Driver,40 to 44,None,"Automobile, Station Wagon",Stopped,0,0,1,0,0,0,0,1,0,1,0,0,0,14,1400,Clear,Daylight,-79.4066,43.7441
1232073,6532,Pedestrian,15 to 19,Major,Other,NULL,1,0,1,1,0,0,0,0,0,1,0,0,0,15,1450,Clear,Daylight,-79.4415,43.6728
1232073,6533,Motorcycle Driver,25 to 29,Minor,Motorcycle,Going Ahead,1,0,1,1,0,0,0,0,0,1,0,0,0,15,1450,Clear,Daylight,-79.4415,43.6728
1232073,6534,Driver,50 to 54,None,"Automobile, Station Wagon",Stopped,1,0,1,1,0,0,0,0,0,1,0,0,0,15,1450,Clear,Daylight,-79.4415,43.6728
1232073,6535,Other,unknown,None,Other,Parked,1,0,1,1,0,0,0,0,0,1,0,0,0,15,1450,Clear,Daylight,-79.4415,43.6728
1232602,6543,Driver,40 to 44,Major,"Automobile, Station Wagon",Stopped,0,0,1,0,0,0,0,0,0,0,0,0,0,8,815,Clear,Daylight,-79.4649,43.7577
1232602,6545,Driver,85 to 89,None,"Automobile, Station Wagon",Stopped,0,0,1,0,0,0,0,0,0,0,0,0,0,8,815,Clear,Daylight,-79.4649,43.7577
1232602,6546,Driver,50 to 54,None,"Automobile, Station Wagon",Turning Right,0,0,1,0,0,0,0,0,0,0,0,0,0,8,815,Clear,Daylight,-79.4649,43.7577
1233009,6376,Driver,45 to 49,None,"Automobile, Station Wagon",Turning Left,0,0,1,0,0,0,0,1,0,1,0,0,0,9,852,Clear,Daylight,-79.367,43.6515
1233009,6368,Passenger,45 to 49,Major,Other,NULL,0,0,1,0,0,0,0,1,0,1,0,0,0,9,852,Clear,Daylight,-79.367,43.6515
1233009,6387,Driver,45 to 49,None,"Automobile, Station Wagon",Going Ahead,0,0,1,0,0,0,0,1,0,1,0,0,0,9,852,Clear,Daylight,-79.367,43.6515
1235117,6847,Driver,60 to 64,Minor,"Automobile, Station Wagon",Going Ahead,0,0,1,0,0,0,0,0,0,1,1,0,0,12,1234,Clear,Daylight,-79.3549,43.6482
1235117,6848,Driver,20 to 24,Major,"Automobile, Station Wagon",Going Ahead,0,0,1,0,0,0,0,0,0,1,1,0,0,12,1234,Clear,Daylight,-79.3549,43.6482
1237364,6890,Driver,65 to 69,None,"Automobile, Station Wagon",Going Ahead,0,1,1,0,0,0,0,0,0,0,0,0,0,10,1020,Clear,Daylight,-79.3782,43.6662
1237364,6891,Cyclist,65 to 69,Major,Bicycle,Overtaking,0,1,1,0,0,0,0,0,0,0,0,0,0,10,1020,Clear,Daylight,-79.3782,43.6662
1237771,7062,Driver,50 to 54,None,"Automobile, Station Wagon",Other,1,0,1,0,0,0,0,0,0,0,0,0,0,13,1308,Clear,Daylight,-79.4458,43.7859
1237771,7063,Pedestrian,80 to 84,Fatal,Other,NULL,1,0,1,0,0,0,0,0,0,0,0,0,0,13,1308,Clear,Daylight,-79.4458,43.7859
1237939,6004,Pedestrian,30 to 34,Major,Other,NULL,1,0,0,0,1,0,0,0,0,0,0,0,0,7,726,Rain,Daylight,-79.4076,43.6564
1237939,6361,Truck Driver,25 to 29,None,Truck - Open,Slowing or Stopping,1,0,0,0,1,0,0,0,0,0,0,0,0,7,726,Rain,Daylight,-79.4076,43.6564
1239243,7079,Driver,25 to 29,None,"Automobile, Station Wagon",Going Ahead,1,0,1,0,0,0,0,0,0,1,0,0,0,14,1432,Clear,Daylight,-79.4177,43.7889
1260139,7128,Driver,60 to 64,Minimal,"Automobile, Station Wagon",Going Ahead,0,0,1,0,0,0,0,1,0,1,1,0,1,11,1050,Clear,Daylight,-79.2514,43.7721
1260139,7124,Passenger,75 to 79,Minimal,Other,NULL,0,0,1,0,0,0,0,1,0,1,1,0,1,11,1050,Clear,Daylight,-79.2514,43.7721
1260139,7125,Driver,45 to 49,Minimal,"Automobile, Station Wagon",Going Ahead,0,0,1,0,0,0,0,1,0,1,1,0,1,11,1050,Clear,Daylight,-79.2514,43.7721
1261275,7506,Driver,30 to 34,None,"Automobile, Station Wagon",Turning Left,1,0,1,0,0,0,0,0,0,1,0,0,0,9,926,Rain,Daylight,-79.386,43.7918
1261275,7507,Pedestrian,40 to 44,Major,Other,NULL,1,0,1,0,0,0,0,0,0,1,0,0,0,9,926,Rain,Daylight,-79.386,43.7918
1261658,7189,Passenger,50 to 54,Minimal,Other,NULL,0,0,1,0,0,0,0,1,0,1,1,0,0,18,1815,Clear,Daylight,-79.5327,43.754
1261658,7190,Driver,25 to 29,Minimal,"Automobile, Station Wagon",Going Ahead,0,0,1,0,0,0,0,1,0,1,1,0,0,18,1815,Clear,Daylight,-79.5327,43.754
1261658,7186,Driver,55 to 59,None,"Automobile, Station Wagon",Going Ahead,0,0,1,0,0,0,0,1,0,1,1,0,0,18,1815,Clear,Daylight,-79.5327,43.754
1261658,7187,Passenger,50 to 54,Minimal,Other,NULL,0,0,1,0,0,0,0,1,0,1,1,0,0,18,1815,Clear,Daylight,-79.5327,43.754
1261658,7188,Passenger,70 to 74,Major,Other,NULL,0,0,1,0,0,0,0,1,0,1,1,0,0,18,1815,Clear,Daylight,-79.5327,43.754
1263147,7923,Truck Driver,65 to 69,None,Truck - Open,Turning Right,0,1,0,0,1,0,0,0,0,0,0,0,0,11,1134,Clear,Daylight,-79.4429,43.6506
1263147,7924,Cyclist,35 to 39,Fatal,Bicycle,Turning Right,0,1,0,0,1,0,0,0,0,0,0,0,0,11,1134,Clear,Daylight,-79.4429,43.6506
1263449,7929,Driver,70 to 74,None,"Automobile, Station Wagon",Going Ahead,1,0,1,0,0,0,0,0,0,0,0,0,0,20,1950,Clear,"Dark, artificial",-79.3965,43.6494
1263449,7930,Pedestrian,85 to 89,Major,Other,NULL,1,0,1,0,0,0,0,0,0,0,0,0,0,20,1950,Clear,"Dark, artificial",-79.3965,43.6494
1263764,7934,Driver,50 to 54,None,Other,Going Ahead,0,0,1,0,0,0,0,1,1,1,0,0,1,11,1111,Clear,Daylight,-79.3623,43.6823
1263764,7935,Driver,40 to 44,None,"Automobile, Station Wagon",Going Ahead,0,0,1,0,0,0,0,1,1,1,0,0,1,11,1111,Clear,Daylight,-79.3623,43.6823
1263764,7936,Driver,75 to 79,Fatal,"Automobile, Station Wagon",Going Ahead,0,0,1,0,0,0,0,1,1,1,0,0,1,11,1111,Clear,Daylight,-79.3623,43.6823
1263764,7938,Passenger,55 to 59,None,Other,NULL,0,0,1,0,0,0,0,1,1,1,0,0,1,11,1111,Clear,Daylight,-79.3623,43.6823
1263764,7939,Driver,50 to 54,None,"Automobile, Station Wagon",Going Ahead,0,0,1,0,0,0,0,1,1,1,0,0,1,11,1111,Clear,Daylight,-79.3623,43.6823
1264083,7954,Driver,45 to 49,None,"Automobile, Station Wagon",Going Ahead,1,0,1,0,0,0,0,0,0,0,0,0,0,19,1855,Clear,"Dark, artificial",-79.5088,43.7219
1264083,7955,Pedestrian,45 to 49,Major,Other,NULL,1,0,1,0,0,0,0,0,0,0,0,0,0,19,1855,Clear,"Dark, artificial",-79.5088,43.7219
1264317,7956,Driver,80 to 84,None,"Automobile, Station Wagon",Turning Left,0,0,1,0,0,0,0,1,0,1,0,0,0,17,1704,Clear,"Dusk, artificial",-79.199,43.8002
1264317,7957,Passenger,80 to 84,Major,Other,NULL,0,0,1,0,0,0,0,1,0,1,0,0,0,17,1704,Clear,"Dusk, artificial",-79.199,43.8002
1264317,7958,Driver,50 to 54,None,"Automobile, Station Wagon",Turning Left,0,0,1,0,0,0,0,1,0,1,0,0,0,17,1704,Clear,"Dusk, artificial",-79.199,43.8002
1265738,7983,Driver,30 to 34,None,"Automobile, Station Wagon",Going Ahead,1,0,1,0,0,0,0,0,0,0,0,0,0,22,2240,Clear,"Dark, artificial",-79.4649,43.76
1265738,7984,Pedestrian,25 to 29,Major,Other,NULL,1,0,1,0,0,0,0,0,0,0,0,0,0,22,2240,Clear,"Dark, artificial",-79.4649,43.76
1265838,7570,Driver,40 to 44,None,"Automobile, Station Wagon",Turning Right,1,0,1,0,0,0,0,0,0,1,0,0,0,20,1955,Rain,Dark,-79.486,43.6946
1265838,7571,Pedestrian,35 to 39,Major,Other,NULL,1,0,1,0,0,0,0,0,0,1,0,0,0,20,1955,Rain,Dark,-79.486,43.6946
1266689,7742,Pedestrian,45 to 49,Major,Other,NULL,1,0,1,0,0,0,0,0,0,0,0,0,0,16,1635,Rain,"Dark, artificial",-79.3131,43.813
1266689,7650,Driver,65 to 69,None,"Automobile, Station Wagon",Going Ahead,1,0,1,0,0,0,0,0,0,0,0,0,0,16,1635,Rain,"Dark, artificial",-79.3131,43.813
1267274,7836,Driver,65 to 69,None,"Automobile, Station Wagon",Going Ahead,1,0,1,0,0,0,0,0,0,0,0,0,0,18,1830,Clear,"Dusk, artificial",-79.3072,43.7426
1267274,7837,Pedestrian,65 to 69,Fatal,Other,NULL,1,0,1,0,0,0,0,0,0,0,0,0,0,18,1830,Clear,"Dusk, artificial",-79.3072,43.7426
1267808,7610,Driver,50 to 54,None,"Automobile, Station Wagon",Turning Left,1,0,1,0,0,0,0,0,0,1,0,0,0,15,1515,Clear,Daylight,-79.3917,43.6447
1267808,7611,Pedestrian,50 to 54,Major,Other,NULL,1,0,1,0,0,0,0,0,0,1,0,0,0,15,1515,Clear,Daylight,-79.3917,43.6447
1268346,7640,Pedestrian,50 to 54,Major,Other,NULL,1,0,0,0,0,0,0,0,0,0,0,0,0,20,2005,Clear,Dark,-79.2835,43.7403
1268346,7637,NULL,unknown,None,NULL,Reversing,1,0,0,0,0,0,0,0,0,0,0,0,0,20,2005,Clear,Dark,-79.2835,43.7403
1268346,7638,Other,unknown,None,Other,NULL,1,0,0,0,0,0,0,0,0,0,0,0,0,20,2005,Clear,Dark,-79.2835,43.7403
1268346,7639,Other,unknown,None,Other,NULL,1,0,0,0,0,0,0,0,0,0,0,0,0,20,2005,Clear,Dark,-79.2835,43.7403
1268378,7838,Driver,25 to 29,None,"Automobile, Station Wagon",Going Ahead,0,0,1,0,0,0,0,0,0,0,0,0,0,4,353,Clear,Dark,-79.2904,43.7347
1268378,7839,Driver,unknown,Major,"Automobile, Station Wagon",Going Ahead,0,0,1,0,0,0,0,0,0,0,0,0,0,4,353,Clear,Dark,-79.2904,43.7347
1269063,7123,Pedestrian,20 to 24,Major,Other,NULL,1,0,1,0,0,0,0,0,0,1,0,0,0,0,14,Clear,Dark,-79.5559,43.7169
1269063,7041,Driver,50 to 54,None,"Automobile, Station Wagon",Turning Left,1,0,1,0,0,0,0,0,0,1,0,0,0,0,14,Clear,Dark,-79.5559,43.7169
1269531,7456,Driver,60 to 64,None,"Automobile, Station Wagon",Going Ahead,1,0,1,0,0,0,0,0,0,0,0,0,0,12,1214,Rain,Daylight,-79.3964,43.6973
1269531,7457,In-Line Skater,15 to 19,Major,Other,NULL,1,0,1,0,0,0,0,0,0,0,0,0,0,12,1214,Rain,Daylight,-79.3964,43.6973
1269733,7439,Driver,50 to 54,None,"Automobile, Station Wagon",Turning Left,1,0,1,0,0,0,0,0,0,1,0,0,0,9,853,Clear,Daylight,-79.3243,43.8196
1269733,7440,Pedestrian,40 to 44,Major,Other,NULL,1,0,1,0,0,0,0,0,0,1,0,0,0,9,853,Clear,Daylight,-79.3243,43.8196
1270067,7472,Driver,30 to 34,None,"Automobile, Station Wagon",Turning Left,1,0,1,0,0,0,0,0,0,0,0,0,0,6,550,Clear,"Dark, artificial",-79.4399,43.6509
1270067,7473,Pedestrian,55 to 59,Major,NULL,NULL,1,0,1,0,0,0,0,0,0,0,0,0,0,6,550,Clear,"Dark, artificial",-79.4399,43.6509
1270884,7875,Pedestrian,25 to 29,Fatal,Other,NULL,1,0,0,0,0,1,0,0,0,1,0,0,0,7,706,Rain,"Dark, artificial",-79.5196,43.7658
1270884,7877,Driver,40 to 44,None,Municipal Transit Bus (TTC),Turning Left,1,0,0,0,0,1,0,0,0,1,0,0,0,7,706,Rain,"Dark, artificial",-79.5196,43.7658
1271103,7515,Driver,25 to 29,None,"Automobile, Station Wagon",Turning Left,1,0,1,0,0,0,0,0,0,1,0,0,0,15,1510,Clear,Daylight,-79.515,43.747
1271103,7516,Pedestrian,80 to 84,Major,Other,NULL,1,0,1,0,0,0,0,0,0,1,0,0,0,15,1510,Clear,Daylight,-79.515,43.747
1274426,7247,Driver,55 to 59,None,Municipal Transit Bus (TTC),Going Ahead,1,0,0,0,0,1,0,0,0,0,0,0,0,12,1212,Clear,Daylight,-79.3963,43.6876
1274426,7246,Pedestrian,15 to 19,Major,Other,NULL,1,0,0,0,0,1,0,0,0,0,0,0,0,12,1212,Clear,Daylight,-79.3963,43.6876
1275666,7981,Driver,45 to 49,None,"Automobile, Station Wagon",Turning Left,1,0,1,0,0,0,0,0,0,1,0,0,0,1,118,Rain,"Dark, artificial",-79.4566,43.7516
1275666,7982,Pedestrian,50 to 54,Major,Other,NULL,1,0,1,0,0,0,0,0,0,1,0,0,0,1,118,Rain,"Dark, artificial",-79.4566,43.7516
1278387,7851,Driver,25 to 29,None,"Automobile, Station Wagon",Turning Left,1,0,1,0,0,0,0,0,0,1,0,0,0,18,1830,Rain,Dark,-79.2709,43.8109
1278387,7852,Pedestrian,50 to 54,Major,Other,NULL,1,0,1,0,0,0,0,0,0,1,0,0,0,18,1830,Rain,Dark,-79.2709,43.8109
1278438,7863,Driver,45 to 49,None,"Automobile, Station Wagon",Going Ahead,1,0,1,0,0,0,0,0,0,1,1,0,0,23,2252,Clear,Dark,-79.3525,43.6654
1278438,7864,Pedestrian,20 to 24,Major,Other,NULL,1,0,1,0,0,0,0,0,0,1,1,0,0,23,2252,Clear,Dark,-79.3525,43.6654
1278772,7311,Passenger,75 to 79,Major,Other,NULL,0,0,0,0,0,1,0,1,0,0,0,0,0,15,1545,Clear,Daylight,-79.4879,43.7444
1278772,7313,Driver,40 to 44,None,Municipal Transit Bus (TTC),Going Ahead,0,0,0,0,0,1,0,1,0,0,0,0,0,15,1545,Clear,Daylight,-79.4879,43.7444
1279742,7868,Driver,40 to 44,None,"Automobile, Station Wagon",Going Ahead,0,1,1,0,0,0,0,0,0,0,0,0,0,10,950,Rain,Daylight,-79.3807,43.6498
1279742,7869,Cyclist,40 to 44,Major,Bicycle,Merging,0,1,1,0,0,0,0,0,0,0,0,0,0,10,950,Rain,Daylight,-79.3807,43.6498
1279961,7653,Driver,40 to 44,None,"Automobile, Station Wagon",Going Ahead,0,0,1,0,0,0,0,1,0,1,0,0,0,19,1850,Clear,"Dark, artificial",-79.5521,43.7691
1279961,7654,Driver,35 to 39,Minimal,"Automobile, Station Wagon",Going Ahead,0,0,1,0,0,0,0,1,0,1,0,0,0,19,1850,Clear,"Dark, artificial",-79.5521,43.7691
1279961,7655,Passenger,10 to 14,Minimal,Other,NULL,0,0,1,0,0,0,0,1,0,1,0,0,0,19,1850,Clear,"Dark, artificial",-79.5521,43.7691
1279961,7656,Passenger,5 to 9,Minimal,Other,NULL,0,0,1,0,0,0,0,1,0,1,0,0,0,19,1850,Clear,"Dark, artificial",-79.5521,43.7691
1279961,7657,Passenger,60 to 64,None,Other,NULL,0,0,1,0,0,0,0,1,0,1,0,0,0,19,1850,Clear,"Dark, artificial",-79.5521,43.7691
1279961,7658,Driver,40 to 44,None,"Automobile, Station Wagon",Going Ahead,0,0,1,0,0,0,0,1,0,1,0,0,0,19,1850,Clear,"Dark, artificial",-79.5521,43.7691
1279961,7660,Driver,20 to 24,Minimal,"Automobile, Station Wagon",Going Ahead,0,0,1,0,0,0,0,1,0,1,0,0,0,19,1850,Clear,"Dark, artificial",-79.5521,43.7691
1279961,7661,Driver,45 to 49,None,"Automobile, Station Wagon",Changing Lanes,0,0,1,0,0,0,0,1,0,1,0,0,0,19,1850,Clear,"Dark, artificial",-79.5521,43.7691
1279961,7663,Other,unknown,None,"Automobile, Station Wagon",NULL,0,0,1,0,0,0,0,1,0,1,0,0,0,19,1850,Clear,"Dark, artificial",-79.5521,43.7691
1279961,7664,Passenger,40 to 44,Major,Other,NULL,0,0,1,0,0,0,0,1,0,1,0,0,0,19,1850,Clear,"Dark, artificial",-79.5521,43.7691
1279961,7665,Other,unknown,None,Other,NULL,0,0,1,0,0,0,0,1,0,1,0,0,0,19,1850,Clear,"Dark, artificial",-79.5521,43.7691
1174310,5711,Driver,30 to 34,None,"Automobile, Station Wagon",Making U Turn,1,0,1,0,0,0,0,0,0,0,0,0,0,21,2110,Clear,"Dark, artificial",-79.5018,43.6015
1174310,5712,Pedestrian,45 to 49,Major,Other,NULL,1,0,1,0,0,0,0,0,0,0,0,0,0,21,2110,Clear,"Dark, artificial",-79.5018,43.6015
1174310,5713,Pedestrian,45 to 49,Major,Other,NULL,1,0,1,0,0,0,0,0,0,0,0,0,0,21,2110,Clear,"Dark, artificial",-79.5018,43.6015
1176586,5730,Driver,30 to 34,None,"Automobile, Station Wagon",Going Ahead,1,0,1,0,0,0,0,0,0,1,0,0,0,2,240,Clear,Dark,-79.395,43.7347
1176586,5731,Pedestrian,20 to 24,Major,Other,NULL,1,0,1,0,0,0,0,0,0,1,0,0,0,2,240,Clear,Dark,-79.395,43.7347
1181097,6214,Motorcycle Driver,45 to 49,Major,Motorcycle,Going Ahead,1,0,0,1,0,0,0,0,0,0,0,0,0,19,1931,Clear,Daylight,-79.387,43.6498
1181097,6215,Pedestrian,35 to 39,Major,Other,NULL,1,0,0,1,0,0,0,0,0,0,0,0,0,19,1931,Clear,Daylight,-79.387,43.6498
1181330,5404,Driver,30 to 34,None,"Automobile, Station Wagon",Going Ahead,1,0,1,0,0,0,0,0,0,0,0,0,0,15,1548,Clear,Daylight,-79.199,43.8002
1181330,5405,Pedestrian,30 to 34,Major,Other,NULL,1,0,1,0,0,0,0,0,0,0,0,0,0,15,1548,Clear,Daylight,-79.199,43.8002
1183452,6931,Driver,45 to 49,Minor,"Automobile, Station Wagon",Going Ahead,0,0,1,0,0,0,0,0,0,0,0,0,0,6,602,Clear,Daylight,-79.4975,43.6805
1183452,6932,Driver,35 to 39,Major,"Automobile, Station Wagon",Going Ahead,0,0,1,0,0,0,0,0,0,0,0,0,0,6,602,Clear,Daylight,-79.4975,43.6805
1183452,6934,Driver,20 to 24,Minor,"Automobile, Station Wagon",Going Ahead,0,0,1,0,0,0,0,0,0,0,0,0,0,6,602,Clear,Daylight,-79.4975,43.6805
1183570,6935,Driver,45 to 49,None,"Automobile, Station Wagon",Going Ahead,0,1,1,0,0,0,0,0,0,0,0,0,0,10,1019,Clear,Daylight,-79.3173,43.6964
1183570,6936,Cyclist,45 to 49,Major,Bicycle,Turning Left,0,1,1,0,0,0,0,0,0,0,0,0,0,10,1019,Clear,Daylight,-79.3173,43.6964
1184541,6689,Driver,30 to 34,None,"Automobile, Station Wagon",Reversing,1,0,1,0,0,0,0,0,0,0,0,0,0,13,1343,Rain,Daylight,-79.4645,43.683
1184541,6691,Pedestrian,75 to 79,Major,Other,NULL,1,0,1,0,0,0,0,0,0,0,0,0,0,13,1343,Rain,Daylight,-79.4645,43.683
1184792,16091,Driver,35 to 39,None,Pick Up Truck,Turning Right,0,1,1,0,0,0,0,0,0,1,0,0,0,16,1643,Clear,Daylight,-79.5114,43.6838
1184792,16092,Cyclist,10 to 14,Major,Bicycle,Going Ahead,0,1,1,0,0,0,0,0,0,1,0,0,0,16,1643,Clear,Daylight,-79.5114,43.6838
1185727,6151,Driver,50 to 54,None,Municipal Transit Bus (TTC),Going Ahead,0,1,0,0,0,1,0,0,0,0,0,0,0,21,2141,Clear,Dark,-79.402,43.636
1185727,6152,Cyclist,50 to 54,Major,Bicycle,Going Ahead,0,1,0,0,0,1,0,0,0,0,0,0,0,21,2141,Clear,Dark,-79.402,43.636
1186795,6708,Driver,unknown,None,"Automobile, Station Wagon",Going Ahead,1,0,1,0,0,0,0,0,0,0,0,0,0,20,2030,Clear,Dark,-79.6005,43.7336
1186795,6709,Pedestrian,15 to 19,Major,Other,NULL,1,0,1,0,0,0,0,0,0,0,0,0,0,20,2030,Clear,Dark,-79.6005,43.7336
1188699,6211,Driver,45 to 49,None,"Automobile, Station Wagon",Going Ahead,1,0,1,0,0,0,0,0,0,0,0,0,0,12,1230,Clear,Daylight,-79.3603,43.7548
1188699,6212,Pedestrian,20 to 24,Major,Other,Unknown,1,0,1,0,0,0,0,0,0,0,0,0,0,12,1230,Clear,Daylight,-79.3603,43.7548
1191325,6420,Driver,50 to 54,None,"Automobile, Station Wagon",Going Ahead,0,0,1,1,0,0,0,0,1,1,0,0,0,22,2225,Clear,Dark,-79.5715,43.7382
1191325,6415,Motorcycle Driver,20 to 24,Major,Motorcycle,Going Ahead,0,0,1,1,0,0,0,0,1,1,0,0,0,22,2225,Clear,Dark,-79.5715,43.7382
1191508,6424,Motorcycle Passenger,20 to 24,Major,Other,NULL,0,0,0,1,0,0,0,1,0,1,0,0,0,16,1550,Clear,Daylight,-79.3641,43.671
1191508,6425,Motorcycle Driver,35 to 39,Major,Motorcycle,Overtaking,0,0,0,1,0,0,0,1,0,1,0,0,0,16,1550,Clear,Daylight,-79.3641,43.671
1193747,6480,Driver,40 to 44,None,"Automobile, Station Wagon",Going Ahead,1,0,1,0,0,0,0,0,0,1,0,0,0,20,2044,Clear,Dark,-79.409,43.7657
1193747,6481,Pedestrian,40 to 44,Fatal,Other,NULL,1,0,1,0,0,0,0,0,0,1,0,0,0,20,2044,Clear,Dark,-79.409,43.7657
1193897,6485,Driver,60 to 64,None,Municipal Transit Bus (TTC),Pulling Away from Shoulder or Curb,1,0,0,0,0,1,0,0,0,1,0,0,0,9,915,Clear,Daylight,-79.2892,43.783
1193897,6486,Pedestrian,85 to 89,Major,Other,NULL,1,0,0,0,0,1,0,0,0,1,0,0,0,9,915,Clear,Daylight,-79.2892,43.783
1194416,6724,Driver,20 to 24,None,"Automobile, Station Wagon",Overtaking,1,0,1,0,0,1,0,0,0,1,0,0,0,11,1120,Clear,Daylight,-79.383,43.6516
1194416,6725,Pedestrian,20 to 24,Major,Other,NULL,1,0,1,0,0,1,0,0,0,1,0,0,0,11,1120,Clear,Daylight,-79.383,43.6516