ACCNUM,ObjectId,INVTYPE,INVAGE,INJURY,VEHTYPE,MANOEUVER,PEDESTRIAN,CYCLIST,AUTOMOBILE,MOTORCYCLE,TRUCK,TRSN_CITY_VEH,EMERG_VEH,PASSENGER,SPEEDING,AG_DRIV,REDLIGHT,ALCOHOL,DISABILITY,HOUR,TIME,VISIBILITY,LIGHT,collision_lat,collision_long
1194416,6728,Driver - Not Hit,45 to 49,None,Municipal Transit Bus (TTC),NULL,1,0,1,0,0,1,0,0,0,1,0,0,0,11,1120,Clear,Daylight,-79.383,43.6516
1196138,6750,Other,unknown,None,Other,Parked,1,0,1,0,0,0,0,0,0,0,0,0,0,0,35,Clear,Dark,-79.5656,43.7513
1196138,6751,Driver,15 to 19,None,"Automobile, Station Wagon",Going Ahead,1,0,1,0,0,0,0,0,0,0,0,0,0,0,35,Clear,Dark,-79.5656,43.7513
1196138,6752,Pedestrian,15 to 19,Major,Other,NULL,1,0,1,0,0,0,0,0,0,0,0,0,0,0,35,Clear,Dark,-79.5656,43.7513
1199899,6468,Driver,45 to 49,None,"Automobile, Station Wagon",Going Ahead,1,0,1,0,0,0,0,0,0,0,0,0,0,8,848,Clear,Daylight,-79.5516,43.6966
1199899,6469,Pedestrian - Not Hit,35 to 39,None,Other,NULL,1,0,1,0,0,0,0,0,0,0,0,0,0,8,848,Clear,Daylight,-79.5516,43.6966
1199899,6470,Pedestrian,5 to 9,Major,Other,NULL,1,0,1,0,0,0,0,0,0,0,0,0,0,8,848,Clear,Daylight,-79.5516,43.6966
1200535,6831,Pedestrian,65 to 69,Major,Other,NULL,1,0,1,0,0,0,0,0,0,0,0,1,0,21,2146,Clear,Dark,-79.5797,43.7385
1200535,6832,Driver,65 to 69,None,"Automobile, Station Wagon",Going Ahead,1,0,1,0,0,0,0,0,0,0,0,1,0,21,2146,Clear,Dark,-79.5797,43.7385
1200535,6833,Pedestrian,65 to 69,Major,Other,NULL,1,0,1,0,0,0,0,0,0,0,0,1,0,21,2146,Clear,Dark,-79.5797,43.7385
1200768,5480,Other,50 to 54,Minor,"Automobile, Station Wagon",Going Ahead,1,0,1,0,0,0,0,0,0,0,0,0,0,9,910,Clear,Daylight,-79.4365,43.6695
1200768,5471,Pedestrian,75 to 79,Major,Other,Other,1,0,1,0,0,0,0,0,0,0,0,0,0,9,910,Clear,Daylight,-79.4365,43.6695
1202322,6408,Passenger,10 to 14,None,Other,NULL,1,0,1,0,0,0,0,1,0,0,0,0,0,19,1853,Clear,Daylight,-79.4481,43.7728
1202322,6411,Driver,75 to 79,None,"Automobile, Station Wagon",Going Ahead,1,0,1,0,0,0,0,1,0,0,0,0,0,19,1853,Clear,Daylight,-79.4481,43.7728
1202322,6416,Pedestrian,20 to 24,Major,Other,NULL,1,0,1,0,0,0,0,1,0,0,0,0,0,19,1853,Clear,Daylight,-79.4481,43.7728
1202672,6800,Driver,30 to 34,None,"Automobile, Station Wagon",Turning Left,0,0,1,1,0,0,0,0,0,1,1,0,0,7,726,Clear,Daylight,-79.3607,43.8111
1202672,6799,Motorcycle Driver,35 to 39,Major,Motorcycle,Going Ahead,0,0,1,1,0,0,0,0,0,1,1,0,0,7,726,Clear,Daylight,-79.3607,43.8111
1202989,6601,Driver,30 to 34,None,Municipal Transit Bus (TTC),Going Ahead,0,1,0,0,0,1,0,0,0,0,0,0,0,7,744,Clear,Daylight,-79.3921,43.6384
1202989,6602,Cyclist,60 to 64,Fatal,Bicycle,Pulling Away from Shoulder or Curb,0,1,0,0,0,1,0,0,0,0,0,0,0,7,744,Clear,Daylight,-79.3921,43.6384
1204379,6625,Driver,60 to 64,None,"Automobile, Station Wagon",Going Ahead,1,0,1,0,0,0,0,0,0,0,0,0,0,12,1217,Clear,Daylight,-79.3774,43.642
1204379,6626,Driver,25 to 29,None,"Automobile, Station Wagon",Turning Left,1,0,1,0,0,0,0,0,0,0,0,0,0,12,1217,Clear,Daylight,-79.3774,43.642
1204379,6627,Pedestrian,30 to 34,Minor,Other,NULL,1,0,1,0,0,0,0,0,0,0,0,0,0,12,1217,Clear,Daylight,-79.3774,43.642
1204379,6628,Pedestrian,0 to 4,Major,Other,NULL,1,0,1,0,0,0,0,0,0,0,0,0,0,12,1217,Clear,Daylight,-79.3774,43.642
1204643,6619,Driver,unknown,None,Taxi,Pulling Away from Shoulder or Curb,1,0,1,0,0,0,0,0,0,1,0,0,0,2,235,Clear,"Dark, artificial",-79.3813,43.6562
1204643,6620,Pedestrian,20 to 24,Major,Other,NULL,1,0,1,0,0,0,0,0,0,1,0,0,0,2,235,Clear,"Dark, artificial",-79.3813,43.6562
1205980,6651,Driver,35 to 39,None,"Automobile, Station Wagon",Going Ahead,1,0,1,0,0,0,0,0,0,0,0,0,0,19,1855,Snow,Dark,-79.4566,43.6396
1205980,6652,Pedestrian,45 to 49,Major,Other,NULL,1,0,1,0,0,0,0,0,0,0,0,0,0,19,1855,Snow,Dark,-79.4566,43.6396
1207370,6671,Passenger,15 to 19,Minimal,Other,NULL,0,0,1,0,0,0,0,1,0,0,0,0,0,2,216,Snow,Dark,-79.2392,43.7191
1207370,6672,Driver,20 to 24,Fatal,"Automobile, Station Wagon",Going Ahead,0,0,1,0,0,0,0,1,0,0,0,0,0,2,216,Snow,Dark,-79.2392,43.7191
1207434,6005,Passenger,45 to 49,Major,Other,NULL,0,0,1,0,0,0,0,1,0,1,0,0,0,20,1958,Clear,Dark,-79.2509,43.7305
1207434,6126,Driver,85 to 89,Minimal,"Automobile, Station Wagon",Turning Left,0,0,1,0,0,0,0,1,0,1,0,0,0,20,1958,Clear,Dark,-79.2509,43.7305
1207434,6117,Driver,40 to 44,Minimal,"Automobile, Station Wagon",Going Ahead,0,0,1,0,0,0,0,1,0,1,0,0,0,20,1958,Clear,Dark,-79.2509,43.7305
1207434,6109,Driver,50 to 54,Major,"Automobile, Station Wagon",Going Ahead,0,0,1,0,0,0,0,1,0,1,0,0,0,20,1958,Clear,Dark,-79.2509,43.7305
1209441,6027,Driver,unknown,None,"Automobile, Station Wagon",Turning Right,1,0,1,0,0,0,0,0,0,0,0,0,0,18,1750,Snow,Dark,-79.2972,43.8259
1209441,6028,Pedestrian,30 to 34,Major,Other,NULL,1,0,1,0,0,0,0,0,0,0,0,0,0,18,1750,Snow,Dark,-79.2972,43.8259
1210091,6035,Driver,60 to 64,None,"Automobile, Station Wagon",Turning Left,0,1,1,0,0,0,0,0,0,1,0,0,0,5,513,Clear,Dark,-79.407,43.6748
1210091,6036,Cyclist,20 to 24,Major,Bicycle,Going Ahead,0,1,1,0,0,0,0,0,0,1,0,0,0,5,513,Clear,Dark,-79.407,43.6748
1211163,6060,Driver,35 to 39,None,"Automobile, Station Wagon",Going Ahead,1,0,1,0,0,0,0,0,0,0,0,0,0,19,1900,Clear,Dark,-79.5197,43.7569
1211163,6061,Pedestrian,45 to 49,Major,Other,NULL,1,0,1,0,0,0,0,0,0,0,0,0,0,19,1900,Clear,Dark,-79.5197,43.7569
1212031,6073,Pedestrian,unknown,Fatal,Other,NULL,1,0,0,0,0,1,0,0,0,0,0,0,0,10,1023,Clear,Daylight,-79.4038,43.6472
1175068,5454,Pedestrian,70 to 74,Major,Other,NULL,1,0,1,0,0,0,0,0,0,0,0,0,0,11,1110,Other,Daylight,-79.185,43.7686
1175068,5453,Driver,80 to 84,None,"Automobile, Station Wagon",Going Ahead,1,0,1,0,0,0,0,0,0,0,0,0,0,11,1110,Other,Daylight,-79.185,43.7686
1176361,6946,Driver,40 to 44,None,"Automobile, Station Wagon",Parked,0,1,1,0,0,0,0,0,0,0,0,0,0,24,2359,Clear,Dark,-79.4742,43.6832
1176361,6947,Cyclist,40 to 44,Major,Bicycle,Going Ahead,0,1,1,0,0,0,0,0,0,0,0,0,0,24,2359,Clear,Dark,-79.4742,43.6832
1177531,6998,Driver,75 to 79,Major,"Automobile, Station Wagon",Turning Left,0,0,1,0,0,1,0,1,0,1,0,0,0,16,1647,Clear,Daylight,-79.4911,43.6657
1177531,6999,Passenger,85 to 89,Fatal,Other,NULL,0,0,1,0,0,1,0,1,0,1,0,0,0,16,1647,Clear,Daylight,-79.4911,43.6657
1177531,7000,Passenger,90 to 94,Fatal,Other,NULL,0,0,1,0,0,1,0,1,0,1,0,0,0,16,1647,Clear,Daylight,-79.4911,43.6657
1177531,6049,Driver,25 to 29,None,"Automobile, Station Wagon",Stopped,0,0,1,0,0,1,0,1,0,1,0,0,0,16,1647,Clear,Daylight,-79.4911,43.6657
1177531,6127,Driver,45 to 49,None,Municipal Transit Bus (TTC),Going Ahead,0,0,1,0,0,1,0,1,0,1,0,0,0,16,1647,Clear,Daylight,-79.4911,43.6657
1178905,6171,Driver,25 to 29,None,"Automobile, Station Wagon",Going Ahead,1,0,1,0,0,0,0,0,0,0,0,0,0,13,1329,Rain,Daylight,-79.5008,43.6912
1178905,6172,Pedestrian,10 to 14,Major,Other,NULL,1,0,1,0,0,0,0,0,0,0,0,0,0,13,1329,Rain,Daylight,-79.5008,43.6912
1181618,5424,Motorcycle Driver,35 to 39,Major,Motorcycle,Going Ahead,0,0,0,1,1,0,0,0,0,1,0,0,0,19,1927,Clear,Dark,-79.2715,43.7617
1181618,5427,Truck Driver,25 to 29,None,Truck - Open,Turning Right,0,0,0,1,1,0,0,0,0,1,0,0,0,19,1927,Clear,Dark,-79.2715,43.7617
1182422,5461,Driver,30 to 34,None,Municipal Transit Bus (TTC),Slowing or Stopping,1,0,0,0,0,1,0,0,0,0,0,0,0,22,2201,Rain,Dark,-79.345,43.7071
1182422,5462,Pedestrian,50 to 54,Major,Other,NULL,1,0,0,0,0,1,0,0,0,0,0,0,0,22,2201,Rain,Dark,-79.345,43.7071
1183681,6939,Driver,50 to 54,None,"Automobile, Station Wagon",Turning Right,0,1,1,0,0,0,0,0,0,0,0,0,0,14,1420,Clear,Daylight,-79.377,43.6564
1183681,6940,Cyclist,50 to 54,Major,Bicycle,Going Ahead,0,1,1,0,0,0,0,0,0,0,0,0,0,14,1420,Clear,Daylight,-79.377,43.6564
1186032,6166,Other,unknown,None,Other,Parked,0,0,1,0,0,0,0,0,1,1,0,1,0,3,309,Clear,Daylight,-79.4371,43.6642
1186032,6167,Other,unknown,None,Other,Parked,0,0,1,0,0,0,0,0,1,1,0,1,0,3,309,Clear,Daylight,-79.4371,43.6642
1186032,6169,Driver,25 to 29,Major,"Automobile, Station Wagon",Going Ahead,0,0,1,0,0,0,0,0,1,1,0,1,0,3,309,Clear,Daylight,-79.4371,43.6642
1186032,6170,Other,unknown,None,Other,Parked,0,0,1,0,0,0,0,0,1,1,0,1,0,3,309,Clear,Daylight,-79.4371,43.6642
1186968,16093,Driver,35 to 39,Major,"Automobile, Station Wagon",Going Ahead,0,0,1,0,0,0,0,0,0,0,0,0,0,23,2256,Rain,Dark,-79.4337,43.7834
1186968,16094,Driver,35 to 39,None,"Automobile, Station Wagon",Stopped,0,0,1,0,0,0,0,0,0,0,0,0,0,23,2256,Rain,Dark,-79.4337,43.7834
1187629,6191,Passenger,15 to 19,Minor,Other,NULL,0,0,1,1,0,0,0,1,0,1,0,0,0,20,2015,Clear,Daylight,-79.3732,43.6472
1187629,6192,Motorcycle Driver,25 to 29,Major,Motorcycle,Going Ahead,0,0,1,1,0,0,0,1,0,1,0,0,0,20,2015,Clear,Daylight,-79.3732,43.6472
1187629,6193,Driver,25 to 29,None,"Automobile, Station Wagon",Turning Left,0,0,1,1,0,0,0,1,0,1,0,0,0,20,2015,Clear,Daylight,-79.3732,43.6472
1187759,6948,Driver,20 to 24,None,"Automobile, Station Wagon",Going Ahead,1,0,1,0,0,0,0,0,0,0,0,0,0,14,1429,Clear,Daylight,-79.4322,43.6605
1187759,6949,Pedestrian,10 to 14,Major,Other,NULL,1,0,1,0,0,0,0,0,0,0,0,0,0,14,1429,Clear,Daylight,-79.4322,43.6605
1188104,6135,Pedestrian,20 to 24,Major,Other,NULL,1,0,1,0,0,0,0,0,1,1,0,0,0,2,240,Clear,Dark,-79.4097,43.6615
1188104,6136,Pedestrian,50 to 54,Major,Other,NULL,1,0,1,0,0,0,0,0,1,1,0,0,0,2,240,Clear,Dark,-79.4097,43.6615
1188104,6133,Driver,25 to 29,None,"Automobile, Station Wagon",Going Ahead,1,0,1,0,0,0,0,0,1,1,0,0,0,2,240,Clear,Dark,-79.4097,43.6615
1188104,6134,Driver,25 to 29,None,"Automobile, Station Wagon",Turning Left,1,0,1,0,0,0,0,0,1,1,0,0,0,2,240,Clear,Dark,-79.4097,43.6615
1188695,6213,Moped Driver,45 to 49,Major,Moped,Going Ahead,0,1,0,0,0,0,0,0,0,0,0,0,0,15,1538,Rain,Daylight,-79.4144,43.7178
1189140,6756,Motorcycle Driver,70 to 74,Major,Motorcycle,Turning Left,0,0,1,1,0,0,0,0,0,1,0,0,0,11,1100,Clear,Daylight,-79.266,43.6907
1189140,6757,Driver,70 to 74,None,"Automobile, Station Wagon",Going Ahead,0,0,1,1,0,0,0,0,0,1,0,0,0,11,1100,Clear,Daylight,-79.266,43.6907
1189642,6220,Passenger,70 to 74,Minimal,Other,NULL,0,0,1,0,0,1,0,1,0,1,0,0,0,11,1116,Clear,Daylight,-79.2531,43.7355
1189642,6221,Driver,55 to 59,Major,"Automobile, Station Wagon",Stopped,0,0,1,0,0,1,0,1,0,1,0,0,0,11,1116,Clear,Daylight,-79.2531,43.7355
1189642,6222,Passenger,5 to 9,Major,Other,NULL,0,0,1,0,0,1,0,1,0,1,0,0,0,11,1116,Clear,Daylight,-79.2531,43.7355
1189642,6224,Driver,55 to 59,None,Municipal Transit Bus (TTC),Slowing or Stopping,0,0,1,0,0,1,0,1,0,1,0,0,0,11,1116,Clear,Daylight,-79.2531,43.7355
1189933,6225,Driver,35 to 39,None,"Automobile, Station Wagon",Going Ahead,0,0,1,0,0,0,0,0,0,1,0,0,0,9,904,Clear,Daylight,-79.3888,43.6488
1189933,6226,Driver,45 to 49,Major,Other,Going Ahead,0,0,1,0,0,0,0,0,0,1,0,0,0,9,904,Clear,Daylight,-79.3888,43.6488
1191546,6431,Driver,45 to 49,None,"Automobile, Station Wagon",Going Ahead,0,0,1,0,0,0,0,1,1,1,0,1,0,22,2235,Clear,Dark,-79.5927,43.7113
1191546,6432,Passenger,unknown,Minor,Other,NULL,0,0,1,0,0,0,0,1,1,1,0,1,0,22,2235,Clear,Dark,-79.5927,43.7113
1191546,6433,Passenger,5 to 9,Major,Other,NULL,0,0,1,0,0,0,0,1,1,1,0,1,0,22,2235,Clear,Dark,-79.5927,43.7113
1191546,6434,Passenger,25 to 29,Fatal,Other,NULL,0,0,1,0,0,0,0,1,1,1,0,1,0,22,2235,Clear,Dark,-79.5927,43.7113
1191546,6436,Driver,30 to 34,Minimal,"Automobile, Station Wagon",Turning Left,0,0,1,0,0,0,0,1,1,1,0,1,0,22,2235,Clear,Dark,-79.5927,43.7113
1193686,6705,Truck Driver,45 to 49,None,Truck - Open,Going Ahead,1,0,0,0,1,0,0,0,1,1,0,0,0,11,1103,Clear,Daylight,-79.3966,43.707
1193686,6706,Other,unknown,None,Other,NULL,1,0,0,0,1,0,0,0,1,1,0,0,0,11,1103,Clear,Daylight,-79.3966,43.707
1193686,6707,Pedestrian,40 to 44,Major,Other,NULL,1,0,0,0,1,0,0,0,1,1,0,0,0,11,1103,Clear,Daylight,-79.3966,43.707
1193945,6493,Truck Driver,30 to 34,Minimal,Truck - Open,Going Ahead,0,0,1,0,1,0,0,0,1,1,0,0,0,2,203,Clear,Dark,-79.5911,43.7081
1193945,6496,Driver,20 to 24,Major,"Automobile, Station Wagon",Going Ahead,0,0,1,0,1,0,0,0,1,1,0,0,0,2,203,Clear,Dark,-79.5911,43.7081
1193945,6497,Other,unknown,None,Other,Unknown,0,0,1,0,1,0,0,0,1,1,0,0,0,2,203,Clear,Dark,-79.5911,43.7081
1194386,6730,Driver,50 to 54,None,Municipal Transit Bus (TTC),Going Ahead,0,1,0,0,0,1,0,0,0,0,0,0,0,22,2158,Clear,Dark,-79.2988,43.7047
1194386,6731,Cyclist,20 to 24,Major,Bicycle,Turning Left,0,1,0,0,0,1,0,0,0,0,0,0,0,22,2158,Clear,Dark,-79.2988,43.7047
1196492,6685,Driver,45 to 49,None,"Automobile, Station Wagon",Going Ahead,1,0,1,0,0,0,0,0,0,0,0,0,0,23,2328,Clear,Dark,-79.3804,43.6752
1196492,6687,Pedestrian,35 to 39,Major,Other,NULL,1,0,1,0,0,0,0,0,0,0,0,0,0,23,2328,Clear,Dark,-79.3804,43.6752
1196819,6690,Driver,55 to 59,None,"Automobile, Station Wagon",Turning Left,1,0,1,0,0,0,0,0,0,1,0,0,0,8,817,Clear,Daylight,-79.591,43.6768
1196819,6693,Pedestrian,55 to 59,Major,Other,NULL,1,0,1,0,0,0,0,0,0,1,0,0,0,8,817,Clear,Daylight,-79.591,43.6768
1197862,6780,Driver,70 to 74,None,"Automobile, Station Wagon",Going Ahead,1,0,1,0,0,0,0,0,0,1,0,0,0,20,2001,Rain,Dark,-79.4191,43.7947
1197862,6781,Pedestrian,30 to 34,Major,Other,NULL,1,0,1,0,0,0,0,0,0,1,0,0,0,20,2001,Rain,Dark,-79.4191,43.7947
1198255,6233,Driver,65 to 69,None,"Automobile, Station Wagon",Turning Left,0,0,1,1,0,0,0,0,0,1,0,0,0,14,1448,Clear,Daylight,-79.4135,43.7719
1198255,6132,Motorcycle Driver,30 to 34,Major,Motorcycle,Going Ahead,0,0,1,1,0,0,0,0,0,1,0,0,0,14,1448,Clear,Daylight,-79.4135,43.7719
1198891,6723,Driver,45 to 49,Major,"Automobile, Station Wagon",Going Ahead,0,0,1,0,0,0,0,0,0,1,1,0,0,11,1140,Rain,Daylight,-79.2658,43.7274
1198891,6721,Driver,25 to 29,None,"Automobile, Station Wagon",Going Ahead,0,0,1,0,0,0,0,0,0,1,1,0,0,11,1140,Rain,Daylight,-79.2658,43.7274
1199427,6457,Motorcycle Driver,40 to 44,Major,Motorcycle,Going Ahead,0,0,1,1,0,0,0,0,0,1,1,0,0,18,1810,Clear,Daylight,-79.3685,43.6521
1199427,6459,Driver,20 to 24,None,"Automobile, Station Wagon",Going Ahead,0,0,1,1,0,0,0,0,0,1,1,0,0,18,1810,Clear,Daylight,-79.3685,43.6521
1199695,6471,Driver,55 to 59,None,"Automobile, Station Wagon",Stopped,1,0,1,0,0,0,0,0,0,1,0,0,0,11,1120,Clear,Daylight,-79.4524,43.6563
1199695,6474,Driver,40 to 44,None,"Automobile, Station Wagon",Turning Left,1,0,1,0,0,0,0,0,0,1,0,0,0,11,1120,Clear,Daylight,-79.4524,43.6563
1199695,6475,Pedestrian,15 to 19,Major,Other,NULL,1,0,1,0,0,0,0,0,0,1,0,0,0,11,1120,Clear,Daylight,-79.4524,43.6563
1199895,6830,Driver,35 to 39,Major,"Automobile, Station Wagon",Unknown,0,0,1,0,0,0,0,0,0,0,0,0,0,4,443,Clear,Dark,-79.4352,43.6349
1200931,6834,Motorcycle Driver,25 to 29,Major,Motorcycle,Going Ahead,0,0,0,1,0,0,0,0,1,1,0,0,0,9,934,Clear,Daylight,-79.3489,43.6507
1204112,6610,Passenger,35 to 39,Minor,Other,NULL,0,0,1,0,0,1,0,1,0,1,0,0,0,11,1051,Clear,Daylight,-79.2981,43.8038
1263909,7919,Pedestrian,30 to 34,Major,Other,NULL,1,0,1,0,0,1,0,0,1,1,0,1,0,22,2211,Clear,"Dark, artificial",-79.4033,43.6437
1263909,7921,Driver,30 to 34,None,Municipal Transit Bus (TTC),Stopped,1,0,1,0,0,1,0,0,1,1,0,1,0,22,2211,Clear,"Dark, artificial",-79.4033,43.6437
1265142,7970,Driver,50 to 54,None,"Automobile, Station Wagon",Going Ahead,0,0,1,0,0,0,0,0,0,0,0,0,1,15,1511,Clear,Daylight,-79.4212,43.6907
1265142,7971,Driver,50 to 54,Major,"Automobile, Station Wagon",Going Ahead,0,0,1,0,0,0,0,0,0,0,0,0,1,15,1511,Clear,Daylight,-79.4212,43.6907
1266196,7996,Driver,55 to 59,None,"Automobile, Station Wagon",Going Ahead,0,1,1,0,0,0,0,0,0,1,0,0,0,16,1556,Clear,Daylight,-79.1422,43.8014
1266196,7997,Cyclist,50 to 54,Major,Bicycle,Going Ahead,0,1,1,0,0,0,0,0,0,1,0,0,0,16,1556,Clear,Daylight,-79.1422,43.8014
1266314,7578,Driver,30 to 34,None,"Automobile, Station Wagon",Turning Left,1,0,1,0,0,0,0,0,0,1,0,0,0,23,2328,Rain,Dark,-79.3235,43.6833
1266314,7579,Pedestrian,55 to 59,Major,Other,NULL,1,0,1,0,0,0,0,0,0,1,0,0,0,23,2328,Rain,Dark,-79.3235,43.6833
1269972,7468,Driver,80 to 84,None,"Automobile, Station Wagon",Turning Left,1,0,1,0,0,0,0,0,0,1,0,0,0,9,855,Clear,Daylight,-79.404,43.6571
1269972,7469,Pedestrian,80 to 84,Major,Other,NULL,1,0,1,0,0,0,0,0,0,1,0,0,0,9,855,Clear,Daylight,-79.404,43.6571
1270075,7489,Driver,30 to 34,None,"Automobile, Station Wagon",Going Ahead,1,0,1,0,0,0,0,0,0,1,0,0,0,21,2149,Rain,Dark,-79.371,43.6516
1270075,7490,Pedestrian,70 to 74,Major,Other,NULL,1,0,1,0,0,0,0,0,0,1,0,0,0,21,2149,Rain,Dark,-79.371,43.6516
1271043,7886,Driver,40 to 44,None,Municipal Transit Bus (TTC),Going Ahead,1,0,0,0,0,1,0,0,0,0,0,0,0,13,1345,Clear,Daylight,-79.5161,43.7512
1271043,7887,Pedestrian,30 to 34,Major,Other,NULL,1,0,0,0,0,1,0,0,0,0,0,0,0,13,1345,Clear,Daylight,-79.5161,43.7512
1271644,7517,Driver,30 to 34,Minimal,"Automobile, Station Wagon",Stopped,0,0,1,0,0,0,0,0,0,0,0,0,0,14,1405,Clear,Daylight,-79.4626,43.6829
1271644,7518,Driver,35 to 39,Major,"Automobile, Station Wagon",Slowing or Stopping,0,0,1,0,0,0,0,0,0,0,0,0,0,14,1405,Clear,Daylight,-79.4626,43.6829
1272062,7531,Truck Driver,60 to 64,None,Truck - Open,Turning Right,0,1,0,0,1,0,0,0,0,0,0,0,0,10,1030,Clear,Daylight,-79.3708,43.6678
1272062,7532,Cyclist,30 to 34,Major,Bicycle,Turning Right,0,1,0,0,1,0,0,0,0,0,0,0,0,10,1030,Clear,Daylight,-79.3708,43.6678
1272947,7223,Motorcycle Driver,65 to 69,Major,Motorcycle,Going Ahead,0,0,1,1,0,0,0,0,0,1,0,0,0,6,625,Clear,Dark,-79.4383,43.6863
1272947,7241,Driver,35 to 39,None,"Automobile, Station Wagon",Turning Left,0,0,1,1,0,0,0,0,0,1,0,0,0,6,625,Clear,Dark,-79.4383,43.6863
1277427,7842,Driver,20 to 24,None,"Automobile, Station Wagon",Going Ahead,0,0,1,0,0,0,0,1,0,1,1,0,0,18,1840,Clear,"Daylight, artificial",-79.2837,43.773
1277427,7844,Driver,45 to 49,Minor,"Automobile, Station Wagon",Going Ahead,0,0,1,0,0,0,0,1,0,1,1,0,0,18,1840,Clear,"Daylight, artificial",-79.2837,43.773
1277427,7843,Passenger,55 to 59,Major,Other,NULL,0,0,1,0,0,0,0,1,0,1,1,0,0,18,1840,Clear,"Daylight, artificial",-79.2837,43.773
1277496,7964,Driver,40 to 44,None,"Automobile, Station Wagon",Turning Right,1,0,1,0,0,0,0,0,0,0,0,0,0,17,1655,Clear,Dusk,-79.3907,43.6569
1277496,7965,Pedestrian,55 to 59,Major,Other,NULL,1,0,1,0,0,0,0,0,0,0,0,0,0,17,1655,Clear,Dusk,-79.3907,43.6569
1278799,7862,Motorcycle Driver,35 to 39,Major,Motorcycle,Pulling Away from Shoulder or Curb,0,0,0,1,0,0,0,0,0,0,0,0,0,17,1724,Clear,"Dark, artificial",-79.3757,43.6474
1279732,7865,Driver,unknown,None,Municipal Transit Bus (TTC),Turning Left,1,0,0,0,0,1,0,0,0,1,0,0,0,7,711,Rain,"Dark, artificial",-79.2511,43.8365
1279732,7866,Pedestrian,45 to 49,Major,Other,NULL,1,0,0,0,0,1,0,0,0,1,0,0,0,7,711,Rain,"Dark, artificial",-79.2511,43.8365
1280050,7669,Passenger,25 to 29,Minor,Other,NULL,0,0,1,0,0,0,0,1,1,1,0,1,0,4,404,Clear,"Dark, artificial",-79.3729,43.6577
1280050,7670,Passenger,25 to 29,Minor,Other,NULL,0,0,1,0,0,0,0,1,1,1,0,1,0,4,404,Clear,"Dark, artificial",-79.3729,43.6577
1280050,7671,Passenger,15 to 19,Major,Other,NULL,0,0,1,0,0,0,0,1,1,1,0,1,0,4,404,Clear,"Dark, artificial",-79.3729,43.6577
1280050,7672,Driver,35 to 39,Minor,"Automobile, Station Wagon",Going Ahead,0,0,1,0,0,0,0,1,1,1,0,1,0,4,404,Clear,"Dark, artificial",-79.3729,43.6577
1280536,7685,Driver,25 to 29,None,"Automobile, Station Wagon",Stopped,1,0,1,0,1,0,0,0,0,0,0,0,0,15,1526,Clear,Daylight,-79.4818,43.726
1280536,7686,Other,unknown,None,Other,NULL,1,0,1,0,1,0,0,0,0,0,0,0,0,15,1526,Clear,Daylight,-79.4818,43.726
1280536,7687,Pedestrian,65 to 69,Major,Other,NULL,1,0,1,0,1,0,0,0,0,0,0,0,0,15,1526,Clear,Daylight,-79.4818,43.726
1280536,7684,Truck Driver,40 to 44,None,Truck - Open,Going Ahead,1,0,1,0,1,0,0,0,0,0,0,0,0,15,1526,Clear,Daylight,-79.4818,43.726
1281322,7708,Driver,80 to 84,Major,"Automobile, Station Wagon",Going Ahead,0,0,1,0,0,0,0,0,0,0,0,0,0,16,1551,Rain,Daylight,-79.136,43.7887
1282108,7902,Driver,15 to 19,None,"Automobile, Station Wagon",Turning Left,1,0,1,0,0,0,0,0,0,1,0,0,0,13,1339,Clear,Daylight,-79.4575,43.7269
1282108,7903,Pedestrian,55 to 59,Major,Other,NULL,1,0,1,0,0,0,0,0,0,1,0,0,0,13,1339,Clear,Daylight,-79.4575,43.7269
1282189,7900,Passenger,60 to 64,Major,Other,NULL,0,0,1,0,0,0,0,1,1,1,0,0,0,19,1920,Snow,Dark,-79.5913,43.7062
1282189,7901,Driver,65 to 69,None,"Automobile, Station Wagon",Turning Right,0,0,1,0,0,0,0,1,1,1,0,0,0,19,1920,Snow,Dark,-79.5913,43.7062
1282222,7907,Driver,20 to 24,None,"Automobile, Station Wagon",Going Ahead,0,0,1,0,0,0,0,1,1,1,0,1,0,3,331,Clear,Dark,-79.2178,43.8056
1282222,7906,Passenger,20 to 24,Major,Other,NULL,0,0,1,0,0,0,0,1,1,1,0,1,0,3,331,Clear,Dark,-79.2178,43.8056
1283294,7891,Driver,25 to 29,None,"Automobile, Station Wagon",Going Ahead,1,0,1,0,0,0,0,0,0,1,0,0,0,10,1000,Clear,Daylight,-79.4748,43.6897
1283294,7892,Pedestrian,30 to 34,Major,Other,NULL,1,0,1,0,0,0,0,0,0,1,0,0,0,10,1000,Clear,Daylight,-79.4748,43.6897
1284315,8665,Other,unknown,None,Other,Parked,0,0,1,0,0,0,0,0,0,0,0,0,0,22,2210,Clear,"Dark, artificial",-79.3728,43.6649
1284315,8667,Driver,unknown,Major,"Automobile, Station Wagon",Going Ahead,0,0,1,0,0,0,0,0,0,0,0,0,0,22,2210,Clear,"Dark, artificial",-79.3728,43.6649
1284915,8699,Passenger,65 to 69,Major,Other,NULL,0,0,1,0,0,0,0,1,0,0,0,0,0,20,2014,Clear,"Dark, artificial",-79.4999,43.761
1284915,8700,Driver,65 to 69,Minor,"Automobile, Station Wagon",Going Ahead,0,0,1,0,0,0,0,1,0,0,0,0,0,20,2014,Clear,"Dark, artificial",-79.4999,43.761