ACCNUM,ObjectId,INVTYPE,INVAGE,INJURY,VEHTYPE,MANOEUVER,PEDESTRIAN,CYCLIST,AUTOMOBILE,MOTORCYCLE,TRUCK,TRSN_CITY_VEH,EMERG_VEH,PASSENGER,SPEEDING,AG_DRIV,REDLIGHT,ALCOHOL,DISABILITY,HOUR,TIME,VISIBILITY,LIGHT,collision_lat,collision_long
1284915,8702,Driver,25 to 29,None,"Automobile, Station Wagon",Turning Left,0,0,1,0,0,0,0,1,0,0,0,0,0,20,2014,Clear,"Dark, artificial",-79.4999,43.761
1288123,7309,Driver,35 to 39,Minimal,"Automobile, Station Wagon",Going Ahead,1,0,1,0,0,0,0,0,0,0,0,0,0,23,2317,Clear,"Dark, artificial",-79.1893,43.7676
1288123,7310,Pedestrian,35 to 39,Major,Other,NULL,1,0,1,0,0,0,0,0,0,0,0,0,0,23,2317,Clear,"Dark, artificial",-79.1893,43.7676
1288324,8927,Truck Driver,25 to 29,None,Truck - Open,Turning Right,1,0,0,0,1,0,0,0,0,1,0,0,0,10,1048,Clear,Daylight,-79.4621,43.693
1288324,8929,Wheelchair,75 to 79,Major,Other,NULL,1,0,0,0,1,0,0,0,0,1,0,0,0,10,1048,Clear,Daylight,-79.4621,43.693
1289091,7674,Driver,25 to 29,Major,"Automobile, Station Wagon",Going Ahead,0,0,1,0,0,0,0,0,1,1,0,0,0,15,1505,Clear,Daylight,-79.3908,43.7082
1292500,8572,Driver,50 to 54,Major,"Automobile, Station Wagon",Going Ahead,0,0,1,0,0,0,0,0,1,1,0,0,0,19,1855,Clear,Daylight,-79.4904,43.6069
1292618,8581,Motorcycle Driver,35 to 39,Major,Motorcycle,Going Ahead,0,0,1,1,0,0,0,0,0,1,1,1,0,3,332,Clear,"Dark, artificial",-79.2837,43.773
1292618,8582,Driver,55 to 59,None,"Automobile, Station Wagon",Going Ahead,0,0,1,1,0,0,0,0,0,1,1,1,0,3,332,Clear,"Dark, artificial",-79.2837,43.773
1292886,8686,Driver,65 to 69,None,"Automobile, Station Wagon",Turning Right,1,0,1,0,0,0,0,0,0,1,0,0,0,12,1241,Clear,Daylight,-79.232,43.7402
1292886,8687,Pedestrian,65 to 69,Major,Other,NULL,1,0,1,0,0,0,0,0,0,1,0,0,0,12,1241,Clear,Daylight,-79.232,43.7402
1292918,8594,Driver,50 to 54,None,"Automobile, Station Wagon",Going Ahead,1,0,1,0,0,0,0,1,0,0,0,0,0,8,801,Clear,Daylight,-79.3168,43.8213
1292918,8596,Driver,80 to 84,None,"Automobile, Station Wagon",Turning Left,1,0,1,0,0,0,0,1,0,0,0,0,0,8,801,Clear,Daylight,-79.3168,43.8213
1292918,8597,Pedestrian,30 to 34,Fatal,Other,NULL,1,0,1,0,0,0,0,1,0,0,0,0,0,8,801,Clear,Daylight,-79.3168,43.8213
1292918,8595,Passenger,15 to 19,None,Other,NULL,1,0,1,0,0,0,0,1,0,0,0,0,0,8,801,Clear,Daylight,-79.3168,43.8213
1298952,8523,Pedestrian,30 to 34,Fatal,Other,NULL,1,0,1,0,0,0,0,0,0,0,0,0,0,7,738,Clear,Daylight,-79.3981,43.6462
1298952,8522,Driver,45 to 49,None,"Automobile, Station Wagon",Turning Left,1,0,1,0,0,0,0,0,0,0,0,0,0,7,738,Clear,Daylight,-79.3981,43.6462
1298987,8526,Driver,45 to 49,Minimal,"Automobile, Station Wagon",Going Ahead,0,0,1,0,0,0,0,0,0,0,0,0,0,15,1508,Clear,Daylight,-79.3665,43.6465
1298987,8528,Driver,40 to 44,None,"Automobile, Station Wagon",Stopped,0,0,1,0,0,0,0,0,0,0,0,0,0,15,1508,Clear,Daylight,-79.3665,43.6465
1298987,8529,Driver,65 to 69,Major,"Automobile, Station Wagon",Changing Lanes,0,0,1,0,0,0,0,0,0,0,0,0,0,15,1508,Clear,Daylight,-79.3665,43.6465
1299888,8983,Driver,60 to 64,Major,"Automobile, Station Wagon",Going Ahead,0,0,1,0,0,0,0,0,0,1,0,0,0,18,1835,Clear,Daylight,-79.2847,43.6956
1265988,7528,Driver,25 to 29,Major,"Automobile, Station Wagon",Stopped,0,0,1,0,0,0,0,0,0,1,0,0,0,9,915,Clear,Daylight,-79.3605,43.7031
1265988,7529,Driver,unknown,None,"Automobile, Station Wagon",Going Ahead,0,0,1,0,0,0,0,0,0,1,0,0,0,9,915,Clear,Daylight,-79.3605,43.7031
1266373,7585,Driver,55 to 59,Major,"Automobile, Station Wagon",Going Ahead,0,0,1,0,0,0,0,0,0,1,0,0,0,19,1910,Clear,Dark,-79.3921,43.7137
1266373,7586,Driver,50 to 54,None,"Automobile, Station Wagon",Turning Left,0,0,1,0,0,0,0,0,0,1,0,0,0,19,1910,Clear,Dark,-79.3921,43.7137
1266407,7534,Driver,30 to 34,None,"Automobile, Station Wagon",Going Ahead,0,1,1,0,0,0,0,0,0,0,0,0,0,0,0,Rain,Dark,-79.1956,43.7571
1266407,7539,Cyclist,50 to 54,Major,Bicycle,Turning Left,0,1,1,0,0,0,0,0,0,0,0,0,0,0,0,Rain,Dark,-79.1956,43.7571
1266407,7436,Vehicle Owner,unknown,None,Other,Other,0,1,1,0,0,0,0,0,0,0,0,0,0,0,0,Rain,Dark,-79.1956,43.7571
1266558,7590,Driver,35 to 39,None,"Automobile, Station Wagon",Turning Left,0,1,1,0,0,0,0,0,0,1,0,0,0,16,1613,Rain,Daylight,-79.4047,43.6624
1266558,7591,Cyclist,25 to 29,Major,Bicycle,Unknown,0,1,1,0,0,0,0,0,0,1,0,0,0,16,1613,Rain,Daylight,-79.4047,43.6624
1266571,7580,Driver,50 to 54,None,"Automobile, Station Wagon",Going Ahead,1,0,1,0,0,0,0,0,0,0,0,0,0,9,936,Clear,Daylight,-79.2807,43.6816
1266571,7581,Pedestrian,15 to 19,Major,Other,NULL,1,0,1,0,0,0,0,0,0,0,0,0,0,9,936,Clear,Daylight,-79.2807,43.6816
1266690,7744,Driver,40 to 44,None,"Automobile, Station Wagon",Turning Left,1,0,1,0,0,0,0,0,0,1,0,0,0,17,1746,Rain,"Dark, artificial",-79.4875,43.7496
1266690,7746,Pedestrian,65 to 69,Major,Other,NULL,1,0,1,0,0,0,0,0,0,1,0,0,0,17,1746,Rain,"Dark, artificial",-79.4875,43.7496
1266990,7833,Driver,45 to 49,None,"Automobile, Station Wagon",Going Ahead,1,0,1,0,0,0,0,0,0,0,0,0,0,1,102,Clear,"Dark, artificial",-79.5035,43.7021
1266990,7834,Pedestrian,50 to 54,Fatal,Other,NULL,1,0,1,0,0,0,0,0,0,0,0,0,0,1,102,Clear,"Dark, artificial",-79.5035,43.7021
1268545,8000,Passenger,10 to 14,None,Other,NULL,1,0,1,0,0,0,0,1,0,0,0,0,0,12,1235,Clear,Daylight,-79.3861,43.7091
1268545,7225,Pedestrian,50 to 54,Major,Other,NULL,1,0,1,0,0,0,0,1,0,0,0,0,0,12,1235,Clear,Daylight,-79.3861,43.7091
1268545,7118,Driver,45 to 49,None,"Automobile, Station Wagon",Going Ahead,1,0,1,0,0,0,0,1,0,0,0,0,0,12,1235,Clear,Daylight,-79.3861,43.7091
1272572,7904,Driver,50 to 54,None,"Automobile, Station Wagon",Going Ahead,1,0,1,0,0,0,0,0,0,0,0,0,0,17,1745,Clear,"Dark, artificial",-79.2664,43.808
1272572,7905,Pedestrian,20 to 24,Major,Other,NULL,1,0,1,0,0,0,0,0,0,0,0,0,0,17,1745,Clear,"Dark, artificial",-79.2664,43.808
1274044,7927,Driver,40 to 44,None,"Automobile, Station Wagon",Going Ahead,0,0,1,0,0,0,0,1,0,1,0,0,0,17,1650,Clear,Dusk,-79.3779,43.7035
1274044,7928,Driver,45 to 49,Minimal,"Automobile, Station Wagon",Going Ahead,0,0,1,0,0,0,0,1,0,1,0,0,0,17,1650,Clear,Dusk,-79.3779,43.7035
1274044,7925,Passenger,45 to 49,Major,Other,NULL,0,0,1,0,0,0,0,1,0,1,0,0,0,17,1650,Clear,Dusk,-79.3779,43.7035
1274476,7454,Driver,55 to 59,Major,"Automobile, Station Wagon",Going Ahead,0,0,1,0,0,0,0,0,0,1,0,0,0,2,240,Clear,Dark,-79.3787,43.6543
1274476,7455,Other,unknown,None,Other,Parked,0,0,1,0,0,0,0,0,0,1,0,0,0,2,240,Clear,Dark,-79.3787,43.6543
1274629,7943,Truck Driver,45 to 49,None,Truck - Open,Stopped,0,0,1,0,1,0,0,0,0,1,0,0,0,13,1307,Clear,Daylight,-79.2329,43.7794
1274629,7944,Other,unknown,None,Other,Stopped,0,0,1,0,1,0,0,0,0,1,0,0,0,13,1307,Clear,Daylight,-79.2329,43.7794
1274629,7945,Driver,25 to 29,Major,"Automobile, Station Wagon",Going Ahead,0,0,1,0,1,0,0,0,0,1,0,0,0,13,1307,Clear,Daylight,-79.2329,43.7794
1274629,7947,Driver,20 to 24,None,"Automobile, Station Wagon",Slowing or Stopping,0,0,1,0,1,0,0,0,0,1,0,0,0,13,1307,Clear,Daylight,-79.2329,43.7794
1275046,7258,Driver,55 to 59,Minor,"Automobile, Station Wagon",Going Ahead,0,0,1,0,0,0,0,0,0,1,1,0,0,9,906,Clear,Daylight,-79.2599,43.7168
1275046,7259,Driver,60 to 64,Major,"Automobile, Station Wagon",Going Ahead,0,0,1,0,0,0,0,0,0,1,1,0,0,9,906,Clear,Daylight,-79.2599,43.7168
1275814,7249,Driver,50 to 54,None,"Automobile, Station Wagon",Turning Left,1,0,1,0,0,0,0,1,0,1,0,0,0,6,558,Rain,"Dark, artificial",-79.2275,43.8162
1275814,7250,Pedestrian,40 to 44,Fatal,Other,NULL,1,0,1,0,0,0,0,1,0,1,0,0,0,6,558,Rain,"Dark, artificial",-79.2275,43.8162
1275814,7248,Passenger,55 to 59,None,Other,NULL,1,0,1,0,0,0,0,1,0,1,0,0,0,6,558,Rain,"Dark, artificial",-79.2275,43.8162
1275965,7998,Driver,20 to 24,None,"Automobile, Station Wagon",Turning Left,0,1,1,0,0,0,0,0,0,0,0,0,0,16,1604,Clear,Daylight,-79.3519,43.7546
1275965,7999,Cyclist,60 to 64,Major,Bicycle,Going Ahead,0,1,1,0,0,0,0,0,0,0,0,0,0,16,1604,Clear,Daylight,-79.3519,43.7546
1276216,16112,Driver,50 to 54,None,"Automobile, Station Wagon",Turning Left,1,0,1,0,0,0,0,0,0,1,0,0,0,9,900,Clear,Daylight,-79.3244,43.7123
1276216,16113,Pedestrian,65 to 69,Major,NULL,NULL,1,0,1,0,0,0,0,0,0,1,0,0,0,9,900,Clear,Daylight,-79.3244,43.7123
1277367,7288,Driver,50 to 54,None,"Automobile, Station Wagon",Changing Lanes,1,0,1,0,0,0,0,0,0,0,0,0,0,19,1945,Rain,"Dark, artificial",-79.3123,43.7416
1277367,7289,Pedestrian,45 to 49,Major,Other,NULL,1,0,1,0,0,0,0,0,0,0,0,0,0,19,1945,Rain,"Dark, artificial",-79.3123,43.7416
1278086,7301,Driver,45 to 49,None,"Automobile, Station Wagon",Stopped,0,0,1,0,0,0,0,0,0,0,0,0,1,14,1428,Clear,Daylight,-79.5748,43.7643
1278086,7302,Driver,75 to 79,Fatal,"Automobile, Station Wagon",Turning Left,0,0,1,0,0,0,0,0,0,0,0,0,1,14,1428,Clear,Daylight,-79.5748,43.7643
1278390,7972,Driver,50 to 54,None,"Automobile, Station Wagon",Going Ahead,1,0,1,0,0,0,0,0,0,0,0,0,0,19,1851,Rain,Dark,-79.4059,43.6523
1278390,7973,Pedestrian,unknown,Major,Other,Other,1,0,1,0,0,0,0,0,0,0,0,0,0,19,1851,Rain,Dark,-79.4059,43.6523
1279209,7320,Truck Driver,40 to 44,None,Truck - Open,Going Ahead,1,0,1,0,1,0,0,0,0,0,0,0,0,2,233,Clear,"Dark, artificial",-79.4292,43.6326
1279209,7321,Driver - Not Hit,20 to 24,None,"Automobile, Station Wagon",Going Ahead,1,0,1,0,1,0,0,0,0,0,0,0,0,2,233,Clear,"Dark, artificial",-79.4292,43.6326
1279209,7322,Pedestrian,15 to 19,Fatal,Other,NULL,1,0,1,0,1,0,0,0,0,0,0,0,0,2,233,Clear,"Dark, artificial",-79.4292,43.6326
1279443,7845,Driver,20 to 24,None,"Automobile, Station Wagon",Going Ahead,1,0,1,0,0,0,0,0,0,0,0,0,0,22,2210,Rain,"Dark, artificial",-79.2531,43.7355
1279443,7846,Pedestrian,15 to 19,Major,Other,NULL,1,0,1,0,0,0,0,0,0,0,0,0,0,22,2210,Rain,"Dark, artificial",-79.2531,43.7355
1279660,7333,Driver,45 to 49,None,Municipal Transit Bus (TTC),Turning Right,1,0,0,0,0,1,0,0,0,0,0,0,0,16,1623,Clear,"Dusk, artificial",-79.5423,43.752
1279660,7433,Pedestrian,25 to 29,Major,Other,NULL,1,0,0,0,0,1,0,0,0,0,0,0,0,16,1623,Clear,"Dusk, artificial",-79.5423,43.752
1279958,7652,Pedestrian,45 to 49,Major,Other,NULL,1,0,0,0,1,0,0,0,0,0,0,0,0,17,1725,Drifting Snow,"Dusk, artificial",-79.3767,43.6464
1279958,7648,Truck Driver,65 to 69,None,Truck - Open,Going Ahead,1,0,0,0,1,0,0,0,0,0,0,0,0,17,1725,Drifting Snow,"Dusk, artificial",-79.3767,43.6464
1280694,7691,Other,unknown,None,"Automobile, Station Wagon",Parked,1,0,1,0,0,0,0,1,1,1,0,0,0,19,1942,Clear,Dark,-79.42,43.7979
1280694,7692,Other,unknown,None,"Automobile, Station Wagon",Parked,1,0,1,0,0,0,0,1,1,1,0,0,0,19,1942,Clear,Dark,-79.42,43.7979
1280694,7693,Passenger,55 to 59,None,Other,NULL,1,0,1,0,0,0,0,1,1,1,0,0,0,19,1942,Clear,Dark,-79.42,43.7979
1280694,7695,Driver,55 to 59,None,"Automobile, Station Wagon",Turning Left,1,0,1,0,0,0,0,1,1,1,0,0,0,19,1942,Clear,Dark,-79.42,43.7979
1280694,7696,Passenger,15 to 19,Minor,Other,NULL,1,0,1,0,0,0,0,1,1,1,0,0,0,19,1942,Clear,Dark,-79.42,43.7979
1280694,7698,Driver,20 to 24,Minimal,"Automobile, Station Wagon",Going Ahead,1,0,1,0,0,0,0,1,1,1,0,0,0,19,1942,Clear,Dark,-79.42,43.7979
1280694,7699,Pedestrian,20 to 24,Major,Other,NULL,1,0,1,0,0,0,0,1,1,1,0,0,0,19,1942,Clear,Dark,-79.42,43.7979
1280694,7700,Pedestrian,20 to 24,Major,Other,NULL,1,0,1,0,0,0,0,1,1,1,0,0,0,19,1942,Clear,Dark,-79.42,43.7979
1282583,7909,Driver,40 to 44,None,"Automobile, Station Wagon",Turning Left,1,0,1,0,0,0,0,0,0,0,0,0,0,18,1826,Rain,Dusk,-79.4507,43.6964
1282583,7910,Pedestrian,70 to 74,Major,Other,NULL,1,0,1,0,0,0,0,0,0,0,0,0,0,18,1826,Rain,Dusk,-79.4507,43.6964
1285342,8710,Driver,55 to 59,None,"Automobile, Station Wagon",Going Ahead,1,0,1,0,0,0,0,0,0,0,0,0,0,22,2215,Clear,"Dark, artificial",-79.5009,43.6915
1285342,8711,Pedestrian,75 to 79,Fatal,Other,NULL,1,0,1,0,0,0,0,0,0,0,0,0,0,22,2215,Clear,"Dark, artificial",-79.5009,43.6915
1286810,16114,Driver,25 to 29,None,"Automobile, Station Wagon",Going Ahead,0,0,1,0,0,0,0,1,0,0,0,0,0,19,1854,Clear,Daylight,-79.3927,43.6398
1286810,16115,Driver,50 to 54,Major,"Automobile, Station Wagon",Going Ahead,0,0,1,0,0,0,0,1,0,0,0,0,0,19,1854,Clear,Daylight,-79.3927,43.6398
1286810,16116,Driver,20 to 24,None,"Automobile, Station Wagon",Stopped,0,0,1,0,0,0,0,1,0,0,0,0,0,19,1854,Clear,Daylight,-79.3927,43.6398
1286810,16117,Passenger,40 to 44,None,NULL,NULL,0,0,1,0,0,0,0,1,0,0,0,0,0,19,1854,Clear,Daylight,-79.3927,43.6398
1286810,16118,Passenger,25 to 29,None,NULL,NULL,0,0,1,0,0,0,0,1,0,0,0,0,0,19,1854,Clear,Daylight,-79.3927,43.6398
1289501,7688,Passenger,70 to 74,Major,Other,NULL,0,0,0,0,0,1,0,1,0,0,0,0,0,14,1415,Clear,Daylight,-79.3165,43.6663
1289501,7690,Driver,35 to 39,None,Municipal Transit Bus (TTC),Turning Right,0,0,0,0,0,1,0,1,0,0,0,0,0,14,1415,Clear,Daylight,-79.3165,43.6663
1289788,8951,Driver,35 to 39,None,"Automobile, Station Wagon",Going Ahead,1,0,1,0,0,0,0,0,0,1,0,1,0,23,2310,Clear,"Dark, artificial",-79.442,43.7703
1289788,8952,Pedestrian,85 to 89,Major,Other,NULL,1,0,1,0,0,0,0,0,0,1,0,1,0,23,2310,Clear,"Dark, artificial",-79.442,43.7703
1236980,6881,Passenger,unknown,Minor,Other,NULL,0,0,1,0,0,0,0,1,0,1,0,0,0,22,2210,Clear,Dark,-79.4376,43.7174
1236980,6880,Driver,70 to 74,Minimal,"Automobile, Station Wagon",Turning Left,0,0,1,0,0,0,0,1,0,1,0,0,0,22,2210,Clear,Dark,-79.4376,43.7174
1237405,6892,Driver,60 to 64,None,"Automobile, Station Wagon",Turning Right,1,0,1,0,0,0,0,0,0,1,0,0,0,21,2138,Clear,Dark,-79.3433,43.775
1237405,6893,Pedestrian,55 to 59,Major,Other,Other,1,0,1,0,0,0,0,0,0,1,0,0,0,21,2138,Clear,Dark,-79.3433,43.775
1239488,6365,Motorcycle Driver,20 to 24,Major,Motorcycle,Going Ahead,0,0,1,1,0,0,0,0,0,0,0,0,0,15,1519,Clear,Daylight,-79.3146,43.6852
1239488,6369,Driver,65 to 69,None,"Automobile, Station Wagon",Parked,0,0,1,1,0,0,0,0,0,0,0,0,0,15,1519,Clear,Daylight,-79.3146,43.6852
1239488,6378,Driver,15 to 19,None,"Automobile, Station Wagon",Changing Lanes,0,0,1,1,0,0,0,0,0,0,0,0,0,15,1519,Clear,Daylight,-79.3146,43.6852
1241592,7345,Driver,25 to 29,None,"Automobile, Station Wagon",Going Ahead,1,0,1,0,0,0,0,1,0,0,0,0,0,22,2229,Clear,Dark,-79.3115,43.7869
1241592,7346,Pedestrian,60 to 64,Fatal,Other,NULL,1,0,1,0,0,0,0,1,0,0,0,0,0,22,2229,Clear,Dark,-79.3115,43.7869
1241592,7342,Passenger,40 to 44,None,Other,NULL,1,0,1,0,0,0,0,1,0,0,0,0,0,22,2229,Clear,Dark,-79.3115,43.7869
1241592,7343,Driver,45 to 49,None,"Automobile, Station Wagon",Going Ahead,1,0,1,0,0,0,0,1,0,0,0,0,0,22,2229,Clear,Dark,-79.3115,43.7869
1247894,7766,Driver,40 to 44,None,"Automobile, Station Wagon",Stopped,0,1,1,0,0,0,0,0,0,0,0,0,0,23,2301,Clear,Dark,-79.334,43.7588
1247894,7767,Cyclist,20 to 24,Major,Bicycle,Going Ahead,0,1,1,0,0,0,0,0,0,0,0,0,0,23,2301,Clear,Dark,-79.334,43.7588
1250055,7362,Passenger,0 to 4,Major,Other,NULL,0,0,1,0,0,0,0,1,0,0,0,0,0,1,100,Clear,Dark,-79.2376,43.8396
1250055,7363,Driver,40 to 44,Major,"Automobile, Station Wagon",Going Ahead,0,0,1,0,0,0,0,1,0,0,0,0,0,1,100,Clear,Dark,-79.2376,43.8396
1250055,7365,Driver,50 to 54,None,"Automobile, Station Wagon",Going Ahead,0,0,1,0,0,0,0,1,0,0,0,0,0,1,100,Clear,Dark,-79.2376,43.8396
1250852,7132,Driver,25 to 29,None,"Automobile, Station Wagon",Turning Left,1,0,1,0,0,0,0,0,0,0,0,0,0,19,1905,Clear,Daylight,-79.4035,43.7731
1250852,7134,Pedestrian,unknown,Major,Other,Other,1,0,1,0,0,0,0,0,0,0,0,0,0,19,1905,Clear,Daylight,-79.4035,43.7731
1252206,7175,Truck Driver,60 to 64,None,Truck - Open,Turning Right,0,1,0,0,1,0,0,0,0,0,0,0,0,9,946,Clear,Daylight,-79.4645,43.6653
1252206,7177,Cyclist,70 to 74,Major,Bicycle,Going Ahead,0,1,0,0,1,0,0,0,0,0,0,0,0,9,946,Clear,Daylight,-79.4645,43.6653
1253635,7421,Cyclist,40 to 44,Major,Bicycle,Going Ahead,0,1,1,0,0,0,0,0,0,0,0,0,0,18,1800,Clear,Daylight,-79.3865,43.6388
1253635,7420,Driver,40 to 44,None,"Automobile, Station Wagon",Parked,0,1,1,0,0,0,0,0,0,0,0,0,0,18,1800,Clear,Daylight,-79.3865,43.6388
1254646,7006,Driver,65 to 69,None,"Automobile, Station Wagon",Turning Left,1,0,1,0,0,0,0,0,0,1,0,0,0,10,955,Clear,Daylight,-79.4122,43.7804
1254646,7114,Pedestrian,50 to 54,Major,Other,NULL,1,0,1,0,0,0,0,0,0,1,0,0,0,10,955,Clear,Daylight,-79.4122,43.7804
1257236,7774,Moped Driver,40 to 44,Major,Moped,Going Ahead,0,1,1,0,0,0,0,0,0,1,0,0,0,15,1509,Clear,Daylight,-79.4236,43.6569
1257236,7776,Driver,45 to 49,None,"Automobile, Station Wagon",Turning Left,0,1,1,0,0,0,0,0,0,1,0,0,0,15,1509,Clear,Daylight,-79.4236,43.6569
1258447,7795,Driver,50 to 54,None,"Automobile, Station Wagon",Turning Left,1,0,1,0,0,0,0,0,0,1,0,0,0,15,1530,Clear,Daylight,-79.413,43.7823
1258447,7796,Pedestrian,55 to 59,Major,Other,NULL,1,0,1,0,0,0,0,0,0,1,0,0,0,15,1530,Clear,Daylight,-79.413,43.7823
1260151,7130,Motorcycle Driver,20 to 24,Major,Motorcycle,Going Ahead,0,0,0,1,0,0,0,0,1,1,0,0,0,17,1742,Clear,"Daylight, artificial",-79.5089,43.6993
1261319,7509,Pedestrian,75 to 79,Major,Other,NULL,1,0,1,0,0,0,0,0,0,1,0,1,0,19,1938,Rain,Dark,-79.4176,43.6816
1261319,7508,Driver,65 to 69,None,"Automobile, Station Wagon",Going Ahead,1,0,1,0,0,0,0,0,0,1,0,1,0,19,1938,Rain,Dark,-79.4176,43.6816
1261623,7458,Driver,unknown,None,"Automobile, Station Wagon",Going Ahead,1,0,1,0,0,0,0,0,0,0,0,0,0,13,1300,Clear,Daylight,-79.4762,43.6511
1261623,7459,Pedestrian,unknown,Major,Other,Other,1,0,1,0,0,0,0,0,0,0,0,0,0,13,1300,Clear,Daylight,-79.4762,43.6511
1264906,7557,Driver,60 to 64,None,"Automobile, Station Wagon",Stopped,0,1,1,0,0,0,0,0,0,1,0,0,0,8,845,Clear,Daylight,-79.2651,43.8273
1264906,7559,Driver,60 to 64,None,"Automobile, Station Wagon",Turning Left,0,1,1,0,0,0,0,0,0,1,0,0,0,8,845,Clear,Daylight,-79.2651,43.8273
1264906,7560,Cyclist,75 to 79,Major,Bicycle,Going Ahead,0,1,1,0,0,0,0,0,0,1,0,0,0,8,845,Clear,Daylight,-79.2651,43.8273
1265542,7567,Motorcycle Driver,30 to 34,Major,Motorcycle,Going Ahead,0,0,0,1,0,0,0,0,1,1,0,0,0,1,120,Clear,Dark,-79.4056,43.678
1266099,7563,Driver,20 to 24,None,"Automobile, Station Wagon",Stopped,0,0,1,0,0,0,0,1,0,1,0,0,0,13,1320,Clear,Daylight,-79.3962,43.6739
1266099,7564,Passenger,25 to 29,Major,Other,NULL,0,0,1,0,0,0,0,1,0,1,0,0,0,13,1320,Clear,Daylight,-79.3962,43.6739
1266099,7566,Driver,55 to 59,Major,"Automobile, Station Wagon",Going Ahead,0,0,1,0,0,0,0,1,0,1,0,0,0,13,1320,Clear,Daylight,-79.3962,43.6739
1266099,7562,Driver,20 to 24,Minor,"Automobile, Station Wagon",Stopped,0,0,1,0,0,0,0,1,0,1,0,0,0,13,1320,Clear,Daylight,-79.3962,43.6739
1267110,7606,Driver,55 to 59,None,"Automobile, Station Wagon",Going Ahead,1,0,1,0,0,0,0,0,0,0,0,0,0,19,1905,Clear,Daylight,-79.4232,43.7197
1267110,7607,Pedestrian,5 to 9,Major,Other,NULL,1,0,1,0,0,0,0,0,0,0,0,0,0,19,1905,Clear,Daylight,-79.4232,43.7197
1267989,7620,Driver,60 to 64,None,"Automobile, Station Wagon",Overtaking,0,1,1,0,0,0,0,0,0,0,0,0,0,16,1609,Clear,Daylight,-79.3861,43.662
1267989,7622,Cyclist,55 to 59,Major,Bicycle,Going Ahead,0,1,1,0,0,0,0,0,0,0,0,0,0,16,1609,Clear,Daylight,-79.3861,43.662
1268039,7630,Driver,20 to 24,Minimal,"Automobile, Station Wagon",Turning Left,0,0,1,0,0,0,0,1,0,1,0,0,0,20,2040,Clear,Dark,-79.2631,43.7752
1268039,7632,Driver,45 to 49,Major,"Automobile, Station Wagon",Going Ahead,0,0,1,0,0,0,0,1,0,1,0,0,0,20,2040,Clear,Dark,-79.2631,43.7752
1268039,7629,Passenger,20 to 24,Minor,Other,NULL,0,0,1,0,0,0,0,1,0,1,0,0,0,20,2040,Clear,Dark,-79.2631,43.7752
1268357,7526,Driver,unknown,None,"Automobile, Station Wagon",Going Ahead,1,0,1,0,0,0,0,0,0,0,0,0,0,20,2000,Clear,Dark,-79.281,43.6928
1268357,7527,Pedestrian,45 to 49,Major,Other,NULL,1,0,1,0,0,0,0,0,0,0,0,0,0,20,2000,Clear,Dark,-79.281,43.6928
1270018,7474,Driver,35 to 39,None,"Automobile, Station Wagon",Slowing or Stopping,0,1,1,0,0,0,0,0,0,0,0,0,0,8,810,Clear,Daylight,-79.4399,43.6509
1270018,7475,Cyclist,40 to 44,Major,Bicycle,Going Ahead,0,1,1,0,0,0,0,0,0,0,0,0,0,8,810,Clear,Daylight,-79.4399,43.6509
1270054,7872,Truck Driver,60 to 64,None,Truck - Open,Turning Left,1,0,0,0,1,0,0,0,0,1,0,0,0,15,1503,Rain,Daylight,-79.3456,43.7796
1270054,7870,Pedestrian,75 to 79,Major,Other,NULL,1,0,0,0,1,0,0,0,0,1,0,0,0,15,1503,Rain,Daylight,-79.3456,43.7796
1272451,7911,Passenger,30 to 34,Minimal,Other,NULL,0,0,1,0,0,0,0,1,1,1,0,0,0,9,915,Rain,Daylight,-79.5224,43.6184
1272451,7912,Passenger,30 to 34,Major,Other,NULL,0,0,1,0,0,0,0,1,1,1,0,0,0,9,915,Rain,Daylight,-79.5224,43.6184
1272451,7913,Passenger,55 to 59,Minimal,Other,NULL,0,0,1,0,0,0,0,1,1,1,0,0,0,9,915,Rain,Daylight,-79.5224,43.6184
1272451,7914,Driver,25 to 29,Minor,"Automobile, Station Wagon",Going Ahead,0,0,1,0,0,0,0,1,1,1,0,0,0,9,915,Rain,Daylight,-79.5224,43.6184
1272451,7915,Driver,unknown,None,"Automobile, Station Wagon",Changing Lanes,0,0,1,0,0,0,0,1,1,1,0,0,0,9,915,Rain,Daylight,-79.5224,43.6184
1273001,7336,Motorcycle Driver,65 to 69,Major,Motorcycle,Going Ahead,0,0,1,1,0,0,0,0,0,1,0,0,0,16,1610,Clear,Daylight,-79.4293,43.6529
1273001,7538,Driver,15 to 19,None,"Automobile, Station Wagon",Turning Right,0,0,1,1,0,0,0,0,0,1,0,0,0,16,1610,Clear,Daylight,-79.4293,43.6529
1274609,7949,Driver,50 to 54,None,"Automobile, Station Wagon",Turning Left,1,0,1,0,0,0,0,0,0,1,0,0,0,21,2135,Clear,"Dark, artificial",-79.5559,43.7169
1274609,7950,Pedestrian,60 to 64,Major,Other,NULL,1,0,1,0,0,0,0,0,0,1,0,0,0,21,2135,Clear,"Dark, artificial",-79.5559,43.7169
1275484,16110,Driver,50 to 54,None,"Automobile, Station Wagon",Going Ahead,1,0,1,0,0,0,0,0,0,0,0,0,0,7,650,Clear,Daylight,-79.3355,43.7816
1275484,16111,Pedestrian,75 to 79,Major,NULL,NULL,1,0,1,0,0,0,0,0,0,0,0,0,0,7,650,Clear,Daylight,-79.3355,43.7816