ACCNUM,ObjectId,INVTYPE,INVAGE,INJURY,VEHTYPE,MANOEUVER,PEDESTRIAN,CYCLIST,AUTOMOBILE,MOTORCYCLE,TRUCK,TRSN_CITY_VEH,EMERG_VEH,PASSENGER,SPEEDING,AG_DRIV,REDLIGHT,ALCOHOL,DISABILITY,HOUR,TIME,VISIBILITY,LIGHT,collision_lat,collision_long
1277349,7840,Driver,35 to 39,None,"Automobile, Station Wagon",Going Ahead,1,0,1,0,0,0,0,0,0,0,0,0,0,16,1620,Clear,Daylight,-79.3815,43.6673
1277349,7841,Pedestrian,75 to 79,Major,Other,NULL,1,0,1,0,0,0,0,0,0,0,0,0,0,16,1620,Clear,Daylight,-79.3815,43.6673
1278585,7308,Pedestrian,65 to 69,Major,Other,NULL,1,0,1,0,0,0,0,0,0,0,0,0,0,21,2100,Clear,"Dark, artificial",-79.2317,43.7764
1278585,7307,Driver,60 to 64,None,"Automobile, Station Wagon",Going Ahead,1,0,1,0,0,0,0,0,0,0,0,0,0,21,2100,Clear,"Dark, artificial",-79.2317,43.7764
1281411,7878,Driver,70 to 74,None,"Automobile, Station Wagon",Turning Left,1,0,1,0,0,0,0,0,0,0,0,0,0,17,1710,Rain,Dark,-79.4243,43.7203
1281411,7879,Pedestrian,60 to 64,Major,Other,NULL,1,0,1,0,0,0,0,0,0,0,0,0,0,17,1710,Rain,Dark,-79.4243,43.7203
1281493,7883,Driver,70 to 74,None,"Automobile, Station Wagon",Turning Left,1,0,1,0,0,0,0,0,0,1,0,0,0,11,1128,Clear,Daylight,-79.3647,43.7135
1252521,7200,Driver,50 to 54,None,Municipal Transit Bus (TTC),Going Ahead,1,0,0,0,0,1,0,0,0,0,0,0,0,10,1000,Clear,Daylight,-79.2811,43.8142
1252521,7201,Pedestrian,35 to 39,Major,Other,NULL,1,0,0,0,0,1,0,0,0,0,0,0,0,10,1000,Clear,Daylight,-79.2811,43.8142
1253623,7218,Driver,55 to 59,Minor,"Automobile, Station Wagon",Turning Left,0,0,1,0,0,0,0,0,1,1,0,0,0,13,1316,Clear,Daylight,-79.6209,43.7539
1253623,7220,Driver,45 to 49,None,"Automobile, Station Wagon",Turning Right,0,0,1,0,0,0,0,0,1,1,0,0,0,13,1316,Clear,Daylight,-79.6209,43.7539
1253623,7111,Driver,20 to 24,Fatal,"Automobile, Station Wagon",Going Ahead,0,0,1,0,0,0,0,0,1,1,0,0,0,13,1316,Clear,Daylight,-79.6209,43.7539
1253834,7815,Driver,unknown,None,"Automobile, Station Wagon",Going Ahead,0,1,1,0,0,0,0,0,0,1,0,0,0,16,1640,Clear,Daylight,-79.3918,43.6417
1253834,7816,Cyclist,25 to 29,Major,Bicycle,Turning Left,0,1,1,0,0,0,0,0,0,1,0,0,0,16,1640,Clear,Daylight,-79.3918,43.6417
1255438,7587,Driver,50 to 54,Major,"Automobile, Station Wagon",Going Ahead,0,0,1,0,0,0,0,0,0,0,0,0,1,2,243,Clear,"Dark, artificial",-79.5969,43.6866
1255565,7592,Passenger,0 to 4,None,Other,Other,1,0,1,0,0,0,0,1,0,0,0,0,0,19,1912,Rain,Dark,-79.5707,43.6915
1255565,7593,Passenger,25 to 29,None,Other,Other,1,0,1,0,0,0,0,1,0,0,0,0,0,19,1912,Rain,Dark,-79.5707,43.6915
1255565,7594,Driver,30 to 34,None,"Automobile, Station Wagon",Going Ahead,1,0,1,0,0,0,0,1,0,0,0,0,0,19,1912,Rain,Dark,-79.5707,43.6915
1255565,7595,Pedestrian,75 to 79,Fatal,Other,Other,1,0,1,0,0,0,0,1,0,0,0,0,0,19,1912,Rain,Dark,-79.5707,43.6915
1256431,7754,Passenger,55 to 59,Minimal,Other,NULL,0,0,1,0,0,0,0,1,1,1,0,1,0,16,1604,Clear,Daylight,-79.2894,43.6862
1256431,7755,Passenger,55 to 59,Minimal,Other,NULL,0,0,1,0,0,0,0,1,1,1,0,1,0,16,1604,Clear,Daylight,-79.2894,43.6862
1256431,7757,Driver,35 to 39,None,"Automobile, Station Wagon",Turning Left,0,0,1,0,0,0,0,1,1,1,0,1,0,16,1604,Clear,Daylight,-79.2894,43.6862
1256431,7760,Driver,25 to 29,Major,"Automobile, Station Wagon",Changing Lanes,0,0,1,0,0,0,0,1,1,1,0,1,0,16,1604,Clear,Daylight,-79.2894,43.6862
1256606,7761,Driver,45 to 49,None,"Automobile, Station Wagon",Going Ahead,0,1,1,0,0,0,0,0,0,0,0,0,0,18,1842,Rain,Daylight,-79.4714,43.6833
1256606,7762,Cyclist,10 to 14,Major,Bicycle,Going Ahead,0,1,1,0,0,0,0,0,0,0,0,0,0,18,1842,Rain,Daylight,-79.4714,43.6833
1257535,7627,Passenger,70 to 74,Major,Other,NULL,0,0,1,0,0,0,0,1,0,1,0,0,0,17,1716,Clear,Daylight,-79.5681,43.7148
1257535,7628,Driver,70 to 74,Major,"Automobile, Station Wagon",Going Ahead,0,0,1,0,0,0,0,1,0,1,0,0,0,17,1716,Clear,Daylight,-79.5681,43.7148
1258512,7789,Driver,50 to 54,None,Municipal Transit Bus (TTC),Going Ahead,0,0,1,0,0,1,0,0,0,0,0,0,0,18,1810,Clear,Daylight,-79.3751,43.6533
1258512,7790,Driver,50 to 54,Major,"Automobile, Station Wagon",Slowing or Stopping,0,0,1,0,0,1,0,0,0,0,0,0,0,18,1810,Clear,Daylight,-79.3751,43.6533
1259641,7480,Passenger,20 to 24,Minor,Other,NULL,0,0,1,0,1,0,0,1,0,1,0,0,0,21,2145,Clear,Dark,-79.3322,43.7401
1259641,7481,Driver,60 to 64,Minor,"Automobile, Station Wagon",Going Ahead,0,0,1,0,1,0,0,1,0,1,0,0,0,21,2145,Clear,Dark,-79.3322,43.7401
1259641,7476,Passenger,60 to 64,Major,Other,NULL,0,0,1,0,1,0,0,1,0,1,0,0,0,21,2145,Clear,Dark,-79.3322,43.7401
1259641,7478,Truck Driver,35 to 39,None,Truck - Open,Going Ahead,0,0,1,0,1,0,0,1,0,1,0,0,0,21,2145,Clear,Dark,-79.3322,43.7401
1259641,7479,Driver,35 to 39,Minor,"Automobile, Station Wagon",Going Ahead,0,0,1,0,1,0,0,1,0,1,0,0,0,21,2145,Clear,Dark,-79.3322,43.7401
1264189,7536,Passenger,35 to 39,Major,Other,NULL,0,0,1,1,0,0,0,1,0,1,0,0,0,21,2122,Clear,Dark,-79.4101,43.6626
1264189,7537,Motorcycle Driver,30 to 34,Major,Motorcycle,Going Ahead,0,0,1,1,0,0,0,1,0,1,0,0,0,21,2122,Clear,Dark,-79.4101,43.6626
1264189,7540,Driver,45 to 49,None,"Automobile, Station Wagon",Making U Turn,0,0,1,1,0,0,0,1,0,1,0,0,0,21,2122,Clear,Dark,-79.4101,43.6626
1264528,7959,Driver,75 to 79,None,"Automobile, Station Wagon",Going Ahead,1,0,1,0,0,0,0,0,0,0,0,0,0,10,1045,Clear,Daylight,-79.4138,43.6507
1264528,7960,Pedestrian,85 to 89,Major,Other,NULL,1,0,1,0,0,0,0,0,0,0,0,0,0,10,1045,Clear,Daylight,-79.4138,43.6507
1265525,7975,Passenger,30 to 34,None,Other,NULL,1,0,1,0,0,0,0,1,0,0,0,0,0,21,2145,Rain,"Dark, artificial",-79.4123,43.6681
1265525,7976,Passenger,25 to 29,None,Other,NULL,1,0,1,0,0,0,0,1,0,0,0,0,0,21,2145,Rain,"Dark, artificial",-79.4123,43.6681
1265525,7977,Passenger,30 to 34,None,Other,NULL,1,0,1,0,0,0,0,1,0,0,0,0,0,21,2145,Rain,"Dark, artificial",-79.4123,43.6681
1265525,7979,Driver,55 to 59,None,"Automobile, Station Wagon",Going Ahead,1,0,1,0,0,0,0,1,0,0,0,0,0,21,2145,Rain,"Dark, artificial",-79.4123,43.6681
1265525,7980,Pedestrian,30 to 34,Major,Other,NULL,1,0,1,0,0,0,0,1,0,0,0,0,0,21,2145,Rain,"Dark, artificial",-79.4123,43.6681
1266936,7599,Driver,70 to 74,None,"Automobile, Station Wagon",Going Ahead,1,0,1,0,0,0,0,0,0,0,0,0,0,1,130,Clear,Dark,-79.4421,43.6584
1266936,7600,Pedestrian,50 to 54,Major,Other,NULL,1,0,1,0,0,0,0,0,0,0,0,0,0,1,130,Clear,Dark,-79.4421,43.6584
1266995,7601,Driver,65 to 69,None,"Automobile, Station Wagon",Going Ahead,0,1,1,0,0,0,0,0,0,1,0,0,0,19,1945,Clear,Dark,-79.5603,43.751
1266995,7602,Cyclist,10 to 14,Major,Bicycle,Going Ahead,0,1,1,0,0,0,0,0,0,1,0,0,0,19,1945,Clear,Dark,-79.5603,43.751
1267797,7612,Driver,40 to 44,None,"Automobile, Station Wagon",Going Ahead,1,0,1,0,0,0,0,0,0,0,0,0,0,19,1912,Rain,Dark,-79.5168,43.5981
1267797,7613,Pedestrian,30 to 34,Minor,Other,NULL,1,0,1,0,0,0,0,0,0,0,0,0,0,19,1912,Rain,Dark,-79.5168,43.5981
1267797,7614,Pedestrian,30 to 34,Major,Other,NULL,1,0,1,0,0,0,0,0,0,0,0,0,0,19,1912,Rain,Dark,-79.5168,43.5981
1269208,7435,Motorcycle Driver,30 to 34,Major,Motorcycle,Going Ahead,0,0,0,1,0,0,0,1,0,0,0,0,0,13,1310,Clear,Daylight,-79.5537,43.7022
1269208,7335,Passenger,25 to 29,Minor,Other,NULL,0,0,0,1,0,0,0,1,0,0,0,0,0,13,1310,Clear,Daylight,-79.5537,43.7022
1269435,7451,Driver,75 to 79,Major,"Automobile, Station Wagon",Turning Left,0,0,1,0,0,0,0,0,0,1,0,0,0,18,1815,Clear,Daylight,-79.3377,43.6803
1269435,7452,Driver,35 to 39,None,"Automobile, Station Wagon",Going Ahead,0,0,1,0,0,0,0,0,0,1,0,0,0,18,1815,Clear,Daylight,-79.3377,43.6803
1270503,7940,Pedestrian,50 to 54,Major,Other,NULL,1,0,1,0,0,0,0,0,0,0,0,0,0,6,600,Clear,"Dark, artificial",-79.4956,43.6762
1270503,7941,Driver,30 to 34,None,"Automobile, Station Wagon",Going Ahead,1,0,1,0,0,0,0,0,0,0,0,0,0,6,600,Clear,"Dark, artificial",-79.4956,43.6762
1274213,7243,Motorcycle Driver,30 to 34,None,Motorcycle,Going Ahead,1,0,0,1,0,0,0,0,0,0,0,0,0,11,1147,Clear,Daylight,-79.418,43.7284
1274213,7244,Pedestrian,65 to 69,Major,Other,NULL,1,0,0,1,0,0,0,0,0,0,0,0,0,11,1147,Clear,Daylight,-79.418,43.7284
1274658,7254,Driver,35 to 39,Major,Other,Going Ahead,0,0,1,0,0,1,0,0,0,1,1,0,0,1,117,Clear,"Dark, artificial",-79.3017,43.6881
1274658,7256,Driver,30 to 34,Minimal,Municipal Transit Bus (TTC),Going Ahead,0,0,1,0,0,1,0,0,0,1,1,0,0,1,117,Clear,"Dark, artificial",-79.3017,43.6881
1276528,7992,Truck Driver,35 to 39,None,Truck - Open,Going Ahead,0,1,1,0,1,0,0,0,0,0,0,0,0,10,958,Clear,Daylight,-79.3789,43.6516
1276528,7994,Driver,55 to 59,None,"Automobile, Station Wagon",Going Ahead,0,1,1,0,1,0,0,0,0,0,0,0,0,10,958,Clear,Daylight,-79.3789,43.6516
1276528,7995,Cyclist,30 to 34,Major,Bicycle,Going Ahead,0,1,1,0,1,0,0,0,0,0,0,0,0,10,958,Clear,Daylight,-79.3789,43.6516
1278436,7860,Driver,20 to 24,None,"Automobile, Station Wagon",Going Ahead,1,0,1,0,0,0,0,0,0,0,0,0,0,16,1622,Clear,Daylight,-79.3991,43.6558
1278436,7861,Pedestrian,15 to 19,Major,Other,NULL,1,0,1,0,0,0,0,0,0,0,0,0,0,16,1622,Clear,Daylight,-79.3991,43.6558
1279672,7327,Passenger,0 to 4,None,Other,NULL,0,0,1,0,0,0,0,1,0,1,0,0,0,13,1307,Clear,Daylight,-79.3427,43.6675
1279672,7328,Driver,35 to 39,Minimal,"Automobile, Station Wagon",Going Ahead,0,0,1,0,0,0,0,1,0,1,0,0,0,13,1307,Clear,Daylight,-79.3427,43.6675
1279672,7329,Passenger,45 to 49,None,Other,NULL,0,0,1,0,0,0,0,1,0,1,0,0,0,13,1307,Clear,Daylight,-79.3427,43.6675
1279672,7120,Driver,40 to 44,Minimal,"Automobile, Station Wagon",Turning Left,0,0,1,0,0,0,0,1,0,1,0,0,0,13,1307,Clear,Daylight,-79.3427,43.6675
1279672,7109,Passenger,65 to 69,Major,Other,NULL,0,0,1,0,0,0,0,1,0,1,0,0,0,13,1307,Clear,Daylight,-79.3427,43.6675
1284316,8668,Pedestrian,35 to 39,Major,Other,NULL,1,0,1,0,0,0,0,0,0,0,0,0,0,1,51,Clear,Dark,-79.5705,43.7315
1284316,8669,Driver,unknown,None,"Automobile, Station Wagon",Reversing,1,0,1,0,0,0,0,0,0,0,0,0,0,1,51,Clear,Dark,-79.5705,43.7315
1287560,7306,Driver,40 to 44,Major,"Automobile, Station Wagon",Going Ahead,0,0,1,0,0,0,0,0,0,1,1,0,0,15,1525,Clear,Daylight,-79.3862,43.65
1287560,7304,Driver,55 to 59,Minimal,"Automobile, Station Wagon",Going Ahead,0,0,1,0,0,0,0,0,0,1,1,0,0,15,1525,Clear,Daylight,-79.3862,43.65
1288494,8732,Driver,unknown,None,"Automobile, Station Wagon",Going Ahead,1,0,1,0,0,0,0,0,0,0,0,0,0,1,125,Clear,"Dark, artificial",-79.391,43.6498
1288494,8733,Pedestrian,20 to 24,Major,Other,NULL,1,0,1,0,0,0,0,0,0,0,0,0,0,1,125,Clear,"Dark, artificial",-79.391,43.6498
1239243,7080,Pedestrian,35 to 39,Minor,Other,NULL,1,0,1,0,0,0,0,0,0,1,0,0,0,14,1432,Clear,Daylight,-79.4177,43.7889
1239243,7081,Pedestrian,5 to 9,Fatal,Other,NULL,1,0,1,0,0,0,0,0,0,1,0,0,0,14,1432,Clear,Daylight,-79.4177,43.7889
1241015,7228,Driver,80 to 84,None,"Automobile, Station Wagon",Going Ahead,1,0,1,0,0,0,0,0,0,0,0,0,0,15,1530,Clear,Daylight,-79.3362,43.7143
1241015,7337,Driver,45 to 49,None,"Automobile, Station Wagon",Going Ahead,1,0,1,0,0,0,0,0,0,0,0,0,0,15,1530,Clear,Daylight,-79.3362,43.7143
1241015,7338,Pedestrian,10 to 14,Major,Other,NULL,1,0,1,0,0,0,0,0,0,0,0,0,0,15,1530,Clear,Daylight,-79.3362,43.7143
1244509,7033,Passenger,40 to 44,Minor,Other,NULL,0,0,1,0,1,0,0,1,0,0,0,0,0,8,750,Clear,Daylight,-79.5805,43.717
1244509,7032,Driver,30 to 34,Major,"Automobile, Station Wagon",Going Ahead,0,0,1,0,1,0,0,1,0,0,0,0,0,8,750,Clear,Daylight,-79.5805,43.717
1244509,7035,Truck Driver,40 to 44,Minor,Truck - Open,Going Ahead,0,0,1,0,1,0,0,1,0,0,0,0,0,8,750,Clear,Daylight,-79.5805,43.717
1247356,7752,Driver,25 to 29,None,"Automobile, Station Wagon",Going Ahead,1,0,1,0,0,0,0,0,0,0,0,0,0,13,1322,Clear,Daylight,-79.3353,43.6808
1247356,7753,Pedestrian,75 to 79,Major,Other,NULL,1,0,1,0,0,0,0,0,0,0,0,0,0,13,1322,Clear,Daylight,-79.3353,43.6808
1248453,7098,Passenger,10 to 14,Major,Other,NULL,0,0,1,0,0,0,0,1,1,1,0,0,0,22,2208,Clear,Dark,-79.5327,43.754
1248453,7099,Passenger,25 to 29,Minor,Other,NULL,0,0,1,0,0,0,0,1,1,1,0,0,0,22,2208,Clear,Dark,-79.5327,43.754
1248453,7100,Driver,35 to 39,Minor,"Automobile, Station Wagon",Going Ahead,0,0,1,0,0,0,0,1,1,1,0,0,0,22,2208,Clear,Dark,-79.5327,43.754
1248453,7102,Driver,35 to 39,None,"Automobile, Station Wagon",Going Ahead,0,0,1,0,0,0,0,1,1,1,0,0,0,22,2208,Clear,Dark,-79.5327,43.754
1248453,7103,Passenger,55 to 59,Minimal,Other,NULL,0,0,1,0,0,0,0,1,1,1,0,0,0,22,2208,Clear,Dark,-79.5327,43.754
1248453,7104,Driver,55 to 59,Minimal,"Automobile, Station Wagon",Going Ahead,0,0,1,0,0,0,0,1,1,1,0,0,0,22,2208,Clear,Dark,-79.5327,43.754
1248878,7801,Motorcycle Driver,25 to 29,Major,Motorcycle,Going Ahead,0,0,1,1,0,0,0,0,1,1,0,0,0,18,1808,Clear,Daylight,-79.4651,43.761
1248878,7802,Driver,50 to 54,Minimal,"Automobile, Station Wagon",Turning Left,0,0,1,1,0,0,0,0,1,1,0,0,0,18,1808,Clear,Daylight,-79.4651,43.761
1250782,7375,Cyclist,25 to 29,Major,Bicycle,Going Ahead,0,1,1,0,0,0,0,0,0,0,0,0,0,16,1610,Clear,Daylight,-79.3997,43.6825
1250782,7374,Driver,50 to 54,None,"Automobile, Station Wagon",Going Ahead,0,1,1,0,0,0,0,0,0,0,0,0,0,16,1610,Clear,Daylight,-79.3997,43.6825
1250936,7370,Driver,45 to 49,None,"Automobile, Station Wagon",Stopped,0,0,1,0,0,0,0,0,0,1,1,0,0,7,714,Clear,Daylight,-79.4511,43.6657
1250936,7371,Driver,45 to 49,Major,"Automobile, Station Wagon",Going Ahead,0,0,1,0,0,0,0,0,0,1,1,0,0,7,714,Clear,Daylight,-79.4511,43.6657
1250936,7373,Driver,55 to 59,Minimal,"Automobile, Station Wagon",Going Ahead,0,0,1,0,0,0,0,0,0,1,1,0,0,7,714,Clear,Daylight,-79.4511,43.6657
1251243,7408,Driver,50 to 54,Minimal,"Automobile, Station Wagon",Going Ahead,0,0,1,0,0,0,0,1,0,1,0,0,0,10,1023,Clear,Daylight,-79.3084,43.8027
1251243,7409,Passenger,60 to 64,Minimal,Other,NULL,0,0,1,0,0,0,0,1,0,1,0,0,0,10,1023,Clear,Daylight,-79.3084,43.8027
1251243,7410,Driver,60 to 64,Major,"Automobile, Station Wagon",Turning Left,0,0,1,0,0,0,0,1,0,1,0,0,0,10,1023,Clear,Daylight,-79.3084,43.8027
1251261,7411,Passenger,45 to 49,Major,Other,NULL,0,0,0,0,1,0,0,1,0,0,0,0,0,11,1130,Clear,Daylight,-79.4742,43.6919
1251261,7413,Truck Driver,25 to 29,Minor,Truck - Open,Turning Left,0,0,0,0,1,0,0,1,0,0,0,0,0,11,1130,Clear,Daylight,-79.4742,43.6919
1251711,7425,Driver,35 to 39,None,"Automobile, Station Wagon",Turning Left,1,0,1,0,0,0,0,0,0,1,0,0,0,16,1645,Clear,Daylight,-79.3113,43.6674
1251711,7426,Pedestrian,40 to 44,Major,Other,NULL,1,0,1,0,0,0,0,0,0,1,0,0,0,16,1645,Clear,Daylight,-79.3113,43.6674
1252379,7182,Driver,35 to 39,Fatal,"Automobile, Station Wagon",Going Ahead,0,0,1,0,0,0,0,0,1,1,0,0,0,15,1540,Clear,Daylight,-79.2848,43.8005
1253390,7215,Driver,55 to 59,None,"Automobile, Station Wagon",Going Ahead,0,1,1,0,0,0,0,0,0,1,0,0,0,16,1556,Clear,Daylight,-79.3513,43.6624
1253390,7216,Cyclist,40 to 44,Major,Bicycle,Going Ahead,0,1,1,0,0,0,0,0,0,1,0,0,0,16,1556,Clear,Daylight,-79.3513,43.6624
1257763,7635,Driver,65 to 69,Minor,"Automobile, Station Wagon",Going Ahead,1,0,1,0,0,0,0,0,0,0,0,0,0,19,1945,Clear,Dark,-79.5145,43.7448
1257763,7636,Pedestrian,65 to 69,Major,Other,Other,1,0,1,0,0,0,0,0,0,0,0,0,0,19,1945,Clear,Dark,-79.5145,43.7448
1258313,7797,Motorcycle Driver,25 to 29,Major,Motorcycle,Going Ahead,0,0,0,1,0,1,0,0,1,1,0,0,0,14,1430,Clear,Daylight,-79.586,43.76
1258313,7799,Driver,40 to 44,None,Municipal Transit Bus (TTC),Stopped,0,0,0,1,0,1,0,0,1,1,0,0,0,14,1430,Clear,Daylight,-79.586,43.76
1259013,7466,Driver,55 to 59,None,"Automobile, Station Wagon",Reversing,1,0,1,0,0,0,0,0,0,0,0,0,0,7,708,Clear,Daylight,-79.2674,43.7862
1259013,7467,Pedestrian,80 to 84,Major,Other,NULL,1,0,1,0,0,0,0,0,0,0,0,0,0,7,708,Clear,Daylight,-79.2674,43.7862
1260760,7504,Driver,45 to 49,None,"Automobile, Station Wagon",Turning Left,1,0,1,0,0,0,0,0,0,1,0,0,0,18,1835,Clear,Dark,-79.4032,43.7072
1260760,7505,Pedestrian,90 to 94,Major,Other,NULL,1,0,1,0,0,0,0,0,0,1,0,0,0,18,1835,Clear,Dark,-79.4032,43.7072
1261321,7510,Passenger,unknown,None,Other,Other,1,0,1,0,0,0,0,1,0,0,0,0,0,20,1952,Rain,Dark,-79.3932,43.6667
1261321,7512,Driver,20 to 24,None,"Automobile, Station Wagon",Going Ahead,1,0,1,0,0,0,0,1,0,0,0,0,0,20,1952,Rain,Dark,-79.3932,43.6667
1261321,7513,Pedestrian,70 to 74,Major,Other,NULL,1,0,1,0,0,0,0,1,0,0,0,0,0,20,1952,Rain,Dark,-79.3932,43.6667
1266612,7596,Driver,60 to 64,None,"Automobile, Station Wagon",Turning Left,0,1,1,0,0,0,0,0,0,1,0,0,0,15,1505,Clear,Daylight,-79.51,43.6024
1266612,7597,Cyclist,50 to 54,Major,Bicycle,Going Ahead,0,1,1,0,0,0,0,0,0,1,0,0,0,15,1505,Clear,Daylight,-79.51,43.6024
1268173,7854,Driver,55 to 59,None,Municipal Transit Bus (TTC),Turning Right,1,0,0,0,0,1,0,0,0,0,0,0,0,20,1954,Clear,Dark,-79.3229,43.7752
1268173,7855,Pedestrian,20 to 24,Major,Other,NULL,1,0,0,0,0,1,0,0,0,0,0,0,0,20,1954,Clear,Dark,-79.3229,43.7752
1269009,7224,Driver,65 to 69,None,"Automobile, Station Wagon",Turning Left,1,0,1,0,0,0,0,0,0,0,0,0,0,10,1010,Clear,Daylight,-79.444,43.7908
1269009,7240,Pedestrian,15 to 19,Major,Other,NULL,1,0,1,0,0,0,0,0,0,0,0,0,0,10,1010,Clear,Daylight,-79.444,43.7908
1269584,7460,Vehicle Owner,unknown,None,Other,Unknown,1,0,1,0,0,0,0,1,0,1,1,0,0,18,1830,Clear,Dusk,-79.4881,43.752
1269584,7461,Passenger,20 to 24,Minor,Other,NULL,1,0,1,0,0,0,0,1,0,1,1,0,0,18,1830,Clear,Dusk,-79.4881,43.752
1269584,7462,Driver,20 to 24,None,"Automobile, Station Wagon",Going Ahead,1,0,1,0,0,0,0,1,0,1,1,0,0,18,1830,Clear,Dusk,-79.4881,43.752
1269584,7463,Driver,65 to 69,Minor,"Automobile, Station Wagon",Turning Left,1,0,1,0,0,0,0,1,0,1,1,0,0,18,1830,Clear,Dusk,-79.4881,43.752
1269584,7464,Pedestrian,50 to 54,Major,Other,NULL,1,0,1,0,0,0,0,1,0,1,1,0,0,18,1830,Clear,Dusk,-79.4881,43.752
1271163,7888,Driver,25 to 29,Minimal,"Automobile, Station Wagon",Going Ahead,0,0,1,0,0,0,0,0,0,1,0,0,0,5,547,Clear,"Dark, artificial",-79.3192,43.7411
1271163,7889,Driver,35 to 39,Fatal,"Automobile, Station Wagon",Turning Left,0,0,1,0,0,0,0,0,0,1,0,0,0,5,547,Clear,"Dark, artificial",-79.3192,43.7411
1272453,7115,Passenger,0 to 4,Minor,Other,NULL,0,0,1,0,0,0,0,1,0,1,0,1,0,14,1425,Clear,Daylight,-79.3152,43.7578
1272453,7122,Driver,30 to 34,Major,"Automobile, Station Wagon",Going Ahead,0,0,1,0,0,0,0,1,0,1,0,1,0,14,1425,Clear,Daylight,-79.3152,43.7578
1272453,7110,Driver,50 to 54,None,"Automobile, Station Wagon",Turning Left,0,0,1,0,0,0,0,1,0,1,0,1,0,14,1425,Clear,Daylight,-79.3152,43.7578
1274121,7931,Driver,20 to 24,None,"Automobile, Station Wagon",Going Ahead,1,0,1,0,0,0,0,0,0,0,0,0,0,18,1803,Rain,"Dark, artificial",-79.3547,43.793
1274121,7932,Pedestrian,55 to 59,Major,Other,NULL,1,0,1,0,0,0,0,0,0,0,0,0,0,18,1803,Rain,"Dark, artificial",-79.3547,43.793
1275593,7266,Driver,80 to 84,Minor,"Automobile, Station Wagon",Going Ahead,0,0,1,0,0,0,0,1,0,0,0,0,1,13,1348,Rain,Daylight,-79.2095,43.7631
1275593,7267,Passenger,unknown,Minimal,Other,NULL,0,0,1,0,0,0,0,1,0,0,0,0,1,13,1348,Rain,Daylight,-79.2095,43.7631
1275593,7268,Passenger,0 to 4,Minimal,Other,NULL,0,0,1,0,0,0,0,1,0,0,0,0,1,13,1348,Rain,Daylight,-79.2095,43.7631
1275593,7269,Passenger,0 to 4,Minimal,Other,NULL,0,0,1,0,0,0,0,1,0,0,0,0,1,13,1348,Rain,Daylight,-79.2095,43.7631
1275593,7270,Passenger,25 to 29,Minimal,Other,NULL,0,0,1,0,0,0,0,1,0,0,0,0,1,13,1348,Rain,Daylight,-79.2095,43.7631
1275593,7271,Driver,35 to 39,Major,"Automobile, Station Wagon",Going Ahead,0,0,1,0,0,0,0,1,0,0,0,0,1,13,1348,Rain,Daylight,-79.2095,43.7631
1275736,7986,Driver,50 to 54,None,Municipal Transit Bus (TTC),Going Ahead,0,1,0,0,0,1,0,0,0,0,0,0,0,14,1440,Clear,Daylight,-79.4752,43.6488
1275736,7987,Cyclist,55 to 59,Major,Bicycle,Other,0,1,0,0,0,1,0,0,0,0,0,0,0,14,1440,Clear,Daylight,-79.4752,43.6488
1212031,6075,Driver,50 to 54,None,Municipal Transit Bus (TTC),Going Ahead,1,0,0,0,0,1,0,0,0,0,0,0,0,10,1023,Clear,Daylight,-79.4038,43.6472
1212585,6661,Driver,55 to 59,None,"Automobile, Station Wagon",Turning Right,1,0,1,0,0,0,0,0,0,1,0,0,0,6,631,Clear,Dark,-79.5338,43.7346
1212585,6662,Pedestrian,20 to 24,Major,Other,NULL,1,0,1,0,0,0,0,0,0,1,0,0,0,6,631,Clear,Dark,-79.5338,43.7346
1216997,6297,Driver,35 to 39,None,"Automobile, Station Wagon",Going Ahead,1,0,1,0,0,0,0,0,0,0,0,0,0,8,830,Clear,Daylight,-79.4303,43.6468
1216997,6298,Pedestrian,10 to 14,Major,Other,NULL,1,0,1,0,0,0,0,0,0,0,0,0,0,8,830,Clear,Daylight,-79.4303,43.6468
1217361,6302,Driver,60 to 64,None,"Automobile, Station Wagon",Going Ahead,1,0,1,0,0,0,0,0,0,0,0,0,0,18,1822,Clear,Dark,-79.3709,43.6582
1217361,6303,Pedestrian,40 to 44,Major,Other,NULL,1,0,1,0,0,0,0,0,0,0,0,0,0,18,1822,Clear,Dark,-79.3709,43.6582
1218634,6322,Driver,50 to 54,None,Taxi,Turning Left,1,0,1,0,0,0,0,0,0,0,0,0,0,14,1408,Clear,Daylight,-79.34,43.661
1218634,6323,Pedestrian,0 to 4,Major,Other,NULL,1,0,1,0,0,0,0,0,0,0,0,0,0,14,1408,Clear,Daylight,-79.34,43.661
1218634,6324,Pedestrian,35 to 39,Minor,Other,NULL,1,0,1,0,0,0,0,0,0,0,0,0,0,14,1408,Clear,Daylight,-79.34,43.661
1220905,6067,Driver,45 to 49,None,"Automobile, Station Wagon",Turning Right,1,0,1,0,0,0,0,0,0,1,0,0,0,12,1232,Clear,Daylight,-79.4131,43.761
1220905,6068,Pedestrian,65 to 69,Major,Other,NULL,1,0,1,0,0,0,0,0,0,1,0,0,0,12,1232,Clear,Daylight,-79.4131,43.761
1221155,6081,Truck Driver,40 to 44,None,Truck - Open,Going Ahead,1,0,0,0,1,0,0,0,0,0,0,1,0,20,1956,Snow,Dark,-79.4021,43.6475
1221155,6083,Pedestrian,55 to 59,Major,Other,NULL,1,0,0,0,1,0,0,0,0,0,0,1,0,20,1956,Snow,Dark,-79.4021,43.6475
1223946,6097,Pedestrian,45 to 49,Major,Other,NULL,1,0,1,0,0,0,0,0,0,0,0,0,0,15,1545,Clear,Daylight,-79.4761,43.681