ACCNUM,ObjectId,INVTYPE,INVAGE,INJURY,VEHTYPE,MANOEUVER,PEDESTRIAN,CYCLIST,AUTOMOBILE,MOTORCYCLE,TRUCK,TRSN_CITY_VEH,EMERG_VEH,PASSENGER,SPEEDING,AG_DRIV,REDLIGHT,ALCOHOL,DISABILITY,HOUR,TIME,VISIBILITY,LIGHT,collision_lat,collision_long
1223946,6098,Driver,35 to 39,None,"Automobile, Station Wagon",Turning Left,1,0,1,0,0,0,0,0,0,0,0,0,0,15,1545,Clear,Daylight,-79.4761,43.681
1225017,6113,Driver,40 to 44,None,"Automobile, Station Wagon",Changing Lanes,0,1,1,0,0,0,0,0,0,0,0,0,0,12,1150,Clear,Daylight,-79.3829,43.6558
1225017,6122,Cyclist,20 to 24,Major,Bicycle,Overtaking,0,1,1,0,0,0,0,0,0,0,0,0,0,12,1150,Clear,Daylight,-79.3829,43.6558
1226172,6885,Driver,35 to 39,Major,"Automobile, Station Wagon",Going Ahead,0,0,1,0,0,0,0,0,0,0,0,0,0,3,319,Rain,Dark,-79.5381,43.7337
1230701,6520,Motorcycle Driver,25 to 29,Fatal,Motorcycle,Going Ahead,0,0,1,1,0,0,0,0,1,1,0,0,0,18,1837,Clear,Daylight,-79.3561,43.649
1230701,6521,Driver,25 to 29,None,"Automobile, Station Wagon",Going Ahead,0,0,1,1,0,0,0,0,1,1,0,0,0,18,1837,Clear,Daylight,-79.3561,43.649
1231402,6353,Driver,35 to 39,None,"Automobile, Station Wagon",Turning Right,1,0,1,0,0,0,0,0,0,1,0,0,0,21,2135,Rain,Dark,-79.4098,43.6459
1231402,6354,Pedestrian,25 to 29,Major,Other,NULL,1,0,1,0,0,0,0,0,0,1,0,0,0,21,2135,Rain,Dark,-79.4098,43.6459
1234913,7013,Passenger,0 to 4,None,Other,NULL,1,0,1,0,0,0,0,1,0,0,0,0,0,14,1350,Clear,Daylight,-79.5652,43.7372
1234913,7014,Driver,35 to 39,None,"Automobile, Station Wagon",Going Ahead,1,0,1,0,0,0,0,1,0,0,0,0,0,14,1350,Clear,Daylight,-79.5652,43.7372
1234913,7015,Pedestrian,75 to 79,Major,Other,NULL,1,0,1,0,0,0,0,1,0,0,0,0,0,14,1350,Clear,Daylight,-79.5652,43.7372
1238504,7066,Driver,25 to 29,None,"Automobile, Station Wagon",Changing Lanes,0,0,1,0,0,0,0,0,0,0,0,0,0,14,1350,Clear,Daylight,-79.4002,43.7063
1238504,7067,Driver,25 to 29,Major,"Automobile, Station Wagon",Going Ahead,0,0,1,0,0,0,0,0,0,0,0,0,0,14,1350,Clear,Daylight,-79.4002,43.7063
1238504,7068,Other,unknown,None,Other,NULL,0,0,1,0,0,0,0,0,0,0,0,0,0,14,1350,Clear,Daylight,-79.4002,43.7063
1239776,7057,Driver,unknown,None,"Automobile, Station Wagon",Going Ahead,1,0,1,0,0,0,0,0,0,0,0,0,0,16,1600,Clear,Daylight,-79.3915,43.6819
1239776,7058,Pedestrian,45 to 49,Major,Other,NULL,1,0,1,0,0,0,0,0,0,0,0,0,0,16,1600,Clear,Daylight,-79.3915,43.6819
1240761,7105,Driver,60 to 64,None,"Automobile, Station Wagon",Going Ahead,1,0,1,0,0,0,0,0,0,0,0,0,0,22,2225,Clear,Dark,-79.488,43.7515
1240761,7106,Pedestrian,45 to 49,Major,Other,NULL,1,0,1,0,0,0,0,0,0,0,0,0,0,22,2225,Clear,Dark,-79.488,43.7515
1240994,6537,Driver,25 to 29,None,"Automobile, Station Wagon",Going Ahead,1,0,1,0,0,0,0,0,0,0,0,0,0,18,1823,Clear,Daylight,-79.4393,43.6979
1240994,6538,Pedestrian,15 to 19,Major,Other,NULL,1,0,1,0,0,0,0,0,0,0,0,0,0,18,1823,Clear,Daylight,-79.4393,43.6979
1246241,7064,Driver,30 to 34,None,"Automobile, Station Wagon",Parked,0,1,1,0,0,0,0,0,0,0,0,0,0,20,2020,Clear,Dark,-79.3799,43.6636
1246241,7065,Cyclist,25 to 29,Major,Bicycle,Going Ahead,0,1,1,0,0,0,0,0,0,0,0,0,0,20,2020,Clear,Dark,-79.3799,43.6636
1247513,7088,Motorcycle Driver,50 to 54,Major,Motorcycle,Going Ahead,1,0,0,1,0,0,0,0,0,0,0,0,0,17,1707,Clear,Daylight,-79.3454,43.6598
1247513,7089,Pedestrian,20 to 24,None,Other,NULL,1,0,0,1,0,0,0,0,0,0,0,0,0,17,1707,Clear,Daylight,-79.3454,43.6598
1248931,7803,Driver,45 to 49,None,"Automobile, Station Wagon",Reversing,1,0,1,0,0,0,0,0,0,0,0,0,0,18,1800,Clear,Daylight,-79.4438,43.7893
1248931,7804,Pedestrian,75 to 79,Fatal,Other,NULL,1,0,1,0,0,0,0,0,0,0,0,0,0,18,1800,Clear,Daylight,-79.4438,43.7893
1249167,7806,Driver,55 to 59,Major,"Automobile, Station Wagon",Going Ahead,0,0,1,0,0,0,0,1,0,0,0,0,1,18,1825,Clear,Daylight,-79.4958,43.6278
1249167,7807,Passenger,55 to 59,Minimal,Other,NULL,0,0,1,0,0,0,0,1,0,0,0,0,1,18,1825,Clear,Daylight,-79.4958,43.6278
1249167,7808,Passenger,60 to 64,Minimal,Other,NULL,0,0,1,0,0,0,0,1,0,0,0,0,1,18,1825,Clear,Daylight,-79.4958,43.6278
1249167,7809,Driver,60 to 64,Minimal,"Automobile, Station Wagon",Slowing or Stopping,0,0,1,0,0,0,0,1,0,0,0,0,1,18,1825,Clear,Daylight,-79.4958,43.6278
1249168,7810,Passenger,50 to 54,Major,Other,NULL,0,0,1,0,0,0,0,1,0,1,0,0,0,21,2110,Clear,Dark,-79.5343,43.616
1249168,7811,Driver,15 to 19,Major,"Automobile, Station Wagon",Going Ahead,0,0,1,0,0,0,0,1,0,1,0,0,0,21,2110,Clear,Dark,-79.5343,43.616
1249168,7812,Driver,unknown,None,"Automobile, Station Wagon",Going Ahead,0,0,1,0,0,0,0,1,0,1,0,0,0,21,2110,Clear,Dark,-79.5343,43.616
1250485,7367,Motorcycle Driver,20 to 24,Major,Motorcycle,Turning Left,0,0,0,1,0,0,0,0,0,0,0,0,0,18,1805,Clear,Daylight,-79.449,43.6727
1250553,7007,Driver,50 to 54,Fatal,"Automobile, Station Wagon",Going Ahead,0,0,1,0,0,0,0,0,0,0,0,0,0,6,551,Clear,Dark,-79.52,43.6671
1251239,7417,Driver,15 to 19,Major,"Automobile, Station Wagon",Going Ahead,0,0,1,0,0,0,0,0,0,1,1,0,0,13,1323,Clear,Daylight,-79.2934,43.7821
1251239,7418,Driver,35 to 39,Minimal,"Automobile, Station Wagon",Turning Left,0,0,1,0,0,0,0,0,0,1,1,0,0,13,1323,Clear,Daylight,-79.2934,43.7821
1251421,7792,Driver,30 to 34,None,"Automobile, Station Wagon",Going Ahead,1,0,1,0,0,0,0,0,0,1,0,0,0,21,2141,Clear,Dark,-79.3018,43.7078
1251421,7793,Driver,unknown,None,"Automobile, Station Wagon",Unknown,1,0,1,0,0,0,0,0,0,1,0,0,0,21,2141,Clear,Dark,-79.3018,43.7078
1251421,7794,Pedestrian,55 to 59,Major,Other,NULL,1,0,1,0,0,0,0,0,0,1,0,0,0,21,2141,Clear,Dark,-79.3018,43.7078
1251858,7152,Motorcycle Driver,25 to 29,Major,Motorcycle,Going Ahead,0,0,1,1,0,0,0,0,0,1,0,0,0,19,1935,Clear,Daylight,-79.3532,43.6574
1251858,7153,Driver,45 to 49,None,"Automobile, Station Wagon",Going Ahead,0,0,1,1,0,0,0,0,0,1,0,0,0,19,1935,Clear,Daylight,-79.3532,43.6574
1252026,7151,Motorcycle Driver,25 to 29,Major,Motorcycle,Going Ahead,0,0,0,1,0,0,0,0,0,0,0,0,0,16,1600,Clear,Daylight,-79.2809,43.712
1254898,7568,Driver,unknown,None,"Automobile, Station Wagon",Going Ahead,1,0,1,0,0,0,0,0,0,0,0,0,0,4,355,Clear,Dark,-79.5438,43.6613
1254898,7569,Pedestrian,unknown,Major,Other,Other,1,0,1,0,0,0,0,0,0,0,0,0,0,4,355,Clear,Dark,-79.5438,43.6613
1255302,7173,Driver,20 to 24,None,"Automobile, Station Wagon",Parked,0,1,1,0,0,0,0,0,0,1,0,0,0,19,1930,Clear,"Dark, artificial",-79.4384,43.6454
1255302,7174,Cyclist,35 to 39,Major,Bicycle,Going Ahead,0,1,1,0,0,0,0,0,0,1,0,0,0,19,1930,Clear,"Dark, artificial",-79.4384,43.6454
1255770,7604,Driver,50 to 54,None,"Automobile, Station Wagon",Going Ahead,1,0,1,0,0,0,0,0,0,0,0,0,0,20,1958,Clear,Dark,-79.2467,43.7552
1255770,7605,Pedestrian,50 to 54,Major,Other,NULL,1,0,1,0,0,0,0,0,0,0,0,0,0,20,1958,Clear,Dark,-79.2467,43.7552
1256019,7642,Driver,15 to 19,Minor,"Automobile, Station Wagon",Turning Left,0,0,1,0,0,0,0,1,0,1,0,0,0,15,1450,Clear,Daylight,-79.2511,43.7796
1256019,7644,Passenger,0 to 4,Major,Other,NULL,0,0,1,0,0,0,0,1,0,1,0,0,0,15,1450,Clear,Daylight,-79.2511,43.7796
1256019,7646,Passenger,30 to 34,Major,Other,NULL,0,0,1,0,0,0,0,1,0,1,0,0,0,15,1450,Clear,Daylight,-79.2511,43.7796
1256019,7743,Driver,30 to 34,Minor,"Automobile, Station Wagon",Going Ahead,0,0,1,0,0,0,0,1,0,1,0,0,0,15,1450,Clear,Daylight,-79.2511,43.7796
1256019,7543,Passenger,15 to 19,Minor,Other,NULL,0,0,1,0,0,0,0,1,0,1,0,0,0,15,1450,Clear,Daylight,-79.2511,43.7796
1257891,16108,Driver,25 to 29,None,"Automobile, Station Wagon",Going Ahead,1,0,1,0,0,0,0,0,0,0,0,0,0,20,2030,Clear,"Dusk, artificial",-79.5242,43.73
1257891,16109,Pedestrian,30 to 34,Major,NULL,NULL,1,0,1,0,0,0,0,0,0,0,0,0,0,20,2030,Clear,"Dusk, artificial",-79.5242,43.73
1286830,7278,Truck Driver,30 to 34,None,Truck - Open,Turning Left,0,1,0,0,1,0,0,0,0,1,0,0,0,13,1308,Snow,Daylight,-79.4131,43.67
1286830,7279,Cyclist,30 to 34,Major,Bicycle,Going Ahead,0,1,0,0,1,0,0,0,0,1,0,0,0,13,1308,Snow,Daylight,-79.4131,43.67
1288047,7314,Driver,25 to 29,Major,"Automobile, Station Wagon",Going Ahead,0,0,1,0,0,0,0,0,1,1,0,1,0,4,415,Clear,Dark,-79.215,43.8159
1289419,7678,Driver,50 to 54,None,"Automobile, Station Wagon",Turning Left,0,1,1,0,0,0,0,0,0,1,0,0,0,14,1430,Clear,Daylight,-79.4052,43.6433
1289419,7679,Cyclist,20 to 24,Major,Bicycle,Going Ahead,0,1,1,0,0,0,0,0,0,1,0,0,0,14,1430,Clear,Daylight,-79.4052,43.6433
1291089,7730,Driver,30 to 34,None,"Automobile, Station Wagon",Going Ahead,1,0,1,0,0,0,0,0,0,0,0,0,0,1,110,Clear,Dark,-79.3984,43.7073
1291089,7731,Pedestrian,40 to 44,Major,Other,NULL,1,0,1,0,0,0,0,0,0,0,0,0,0,1,110,Clear,Dark,-79.3984,43.7073
1291108,7733,Driver,55 to 59,None,"Automobile, Station Wagon",Turning Right,1,0,1,0,0,0,0,0,0,1,0,0,0,16,1635,Clear,Daylight,-79.2778,43.7299
1291108,7734,Pedestrian,25 to 29,Major,Other,NULL,1,0,1,0,0,0,0,0,0,1,0,0,0,16,1635,Clear,Daylight,-79.2778,43.7299
1292008,8448,Driver,45 to 49,Major,NULL,Stopped,0,0,1,0,0,0,0,0,0,0,0,0,0,20,2000,Clear,"Dark, artificial",-79.5042,43.7408
1292008,8459,Driver,25 to 29,Minor,"Automobile, Station Wagon",Going Ahead,0,0,1,0,0,0,0,0,0,0,0,0,0,20,2000,Clear,"Dark, artificial",-79.5042,43.7408
1295871,8644,Driver,50 to 54,None,"Automobile, Station Wagon",Reversing,1,0,1,0,0,0,0,0,0,0,0,0,0,12,1240,Clear,Daylight,-79.4182,43.7423
1295871,8645,Pedestrian,80 to 84,Fatal,Other,NULL,1,0,1,0,0,0,0,0,0,0,0,0,0,12,1240,Clear,Daylight,-79.4182,43.7423
1297456,8844,Motorcycle Driver,30 to 34,Major,Motorcycle,Going Ahead,0,0,1,1,0,0,0,0,0,1,0,1,0,20,2043,Clear,"Dusk, artificial",-79.2682,43.6894
1297456,8846,Driver,50 to 54,None,"Automobile, Station Wagon",Turning Left,0,0,1,1,0,0,0,0,0,1,0,1,0,20,2043,Clear,"Dusk, artificial",-79.2682,43.6894
1298041,8498,Motorcycle Driver,35 to 39,Major,Motorcycle,Going Ahead,0,0,1,1,0,0,0,0,1,1,0,0,0,23,2301,Clear,Dark,-79.4467,43.6771
1298041,8495,Driver,45 to 49,None,"Automobile, Station Wagon",Changing Lanes,0,0,1,1,0,0,0,0,1,1,0,0,0,23,2301,Clear,Dark,-79.4467,43.6771
1298041,8496,Other,unknown,None,Other,Parked,0,0,1,1,0,0,0,0,1,1,0,0,0,23,2301,Clear,Dark,-79.4467,43.6771
1298592,8948,Driver,70 to 74,None,"Automobile, Station Wagon",Going Ahead,0,0,1,0,0,0,0,1,0,1,0,0,0,11,1143,Clear,Daylight,-79.5027,43.692
1298592,8949,Passenger,50 to 54,Major,Other,NULL,0,0,1,0,0,0,0,1,0,1,0,0,0,11,1143,Clear,Daylight,-79.5027,43.692
1298592,8950,Driver,55 to 59,Minimal,"Automobile, Station Wagon",Turning Left,0,0,1,0,0,0,0,1,0,1,0,0,0,11,1143,Clear,Daylight,-79.5027,43.692
1298696,8958,Driver,45 to 49,None,"Automobile, Station Wagon",Turning Left,0,1,1,0,0,0,0,0,0,0,0,0,0,21,2127,Clear,"Dark, artificial",-79.4047,43.6689
1298696,8959,Cyclist,30 to 34,Major,Bicycle,Going Ahead,0,1,1,0,0,0,0,0,0,0,0,0,0,21,2127,Clear,"Dark, artificial",-79.4047,43.6689
1300266,8988,Driver,35 to 39,None,"Automobile, Station Wagon",Going Ahead,1,0,1,0,0,0,0,0,0,0,0,0,0,14,1352,Clear,Daylight,-79.3745,43.657
1300266,8989,Pedestrian,30 to 34,Major,Other,NULL,1,0,1,0,0,0,0,0,0,0,0,0,0,14,1352,Clear,Daylight,-79.3745,43.657
1301166,8573,Cyclist,25 to 29,Major,Bicycle,Going Ahead,0,1,1,0,0,0,0,0,0,1,0,0,0,17,1745,Clear,Daylight,-79.3955,43.6467
1301166,8568,Driver,45 to 49,None,"Automobile, Station Wagon",Turning Right,0,1,1,0,0,0,0,0,0,1,0,0,0,17,1745,Clear,Daylight,-79.3955,43.6467
1303942,8633,Driver,25 to 29,None,"Automobile, Station Wagon",Going Ahead,0,1,1,0,0,0,0,0,0,0,0,0,0,6,640,Clear,Daylight,-79.4447,43.6809
1303942,8634,Cyclist,10 to 14,Major,Bicycle,Going Ahead,0,1,1,0,0,0,0,0,0,0,0,0,0,6,640,Clear,Daylight,-79.4447,43.6809
1304929,8646,Driver,75 to 79,Major,"Automobile, Station Wagon",Reversing,0,0,1,0,0,0,0,0,1,1,0,0,0,18,1836,Clear,Daylight,-79.3761,43.6909
1304929,8647,Other,unknown,None,Other,Parked,0,0,1,0,0,0,0,0,1,1,0,0,0,18,1836,Clear,Daylight,-79.3761,43.6909
1304929,8648,Other,unknown,None,Other,Parked,0,0,1,0,0,0,0,0,1,1,0,0,0,18,1836,Clear,Daylight,-79.3761,43.6909
1304929,8649,Other,unknown,None,Other,Parked,0,0,1,0,0,0,0,0,1,1,0,0,0,18,1836,Clear,Daylight,-79.3761,43.6909
1305695,8488,Passenger,45 to 49,Major,Other,NULL,0,0,0,0,0,1,0,1,0,0,0,0,0,9,930,Clear,Daylight,-79.3647,43.6564
1305695,8490,Driver,50 to 54,None,Municipal Transit Bus (TTC),Going Ahead,0,0,0,0,0,1,0,1,0,0,0,0,0,9,930,Clear,Daylight,-79.3647,43.6564
1306648,8543,Driver,30 to 34,None,"Automobile, Station Wagon",Turning Right,1,0,1,0,0,0,0,0,0,1,1,0,0,14,1440,Clear,Daylight,-79.3447,43.6789
1306648,8544,Pedestrian,40 to 44,Major,Other,NULL,1,0,1,0,0,0,0,0,0,1,1,0,0,14,1440,Clear,Daylight,-79.3447,43.6789
1306967,8536,Driver,20 to 24,None,"Automobile, Station Wagon",Going Ahead,1,0,1,0,0,0,0,0,0,0,0,0,0,0,25,Clear,"Dark, artificial",-79.3908,43.649
1306967,8537,Pedestrian,20 to 24,Major,Other,NULL,1,0,1,0,0,0,0,0,0,0,0,0,0,0,25,Clear,"Dark, artificial",-79.3908,43.649
1307650,8369,Driver,15 to 19,None,"Automobile, Station Wagon",Going Ahead,0,1,1,0,0,0,0,0,0,0,0,0,0,21,2133,Clear,"Dusk, artificial",-79.1895,43.7676
1307650,8370,Cyclist,15 to 19,Fatal,Bicycle,Going Ahead,0,1,1,0,0,0,0,0,0,0,0,0,0,21,2133,Clear,"Dusk, artificial",-79.1895,43.7676
1309524,8403,Driver,50 to 54,None,"Automobile, Station Wagon",Going Ahead,1,0,1,0,0,0,0,0,0,0,0,0,0,1,114,Clear,Dark,-79.3906,43.6456
1309524,8404,Pedestrian,30 to 34,Major,Other,NULL,1,0,1,0,0,0,0,0,0,0,0,0,0,1,114,Clear,Dark,-79.3906,43.6456
1310192,8327,Other,unknown,None,Other,NULL,0,0,0,1,1,0,0,0,0,1,0,0,0,10,1005,Clear,Daylight,-79.3457,43.6394
1310192,8325,Truck Driver,25 to 29,None,Truck - Open,Turning Left,0,0,0,1,1,0,0,0,0,1,0,0,0,10,1005,Clear,Daylight,-79.3457,43.6394
1310192,8326,Motorcycle Driver,30 to 34,Major,Motorcycle,Going Ahead,0,0,0,1,1,0,0,0,0,1,0,0,0,10,1005,Clear,Daylight,-79.3457,43.6394
1311464,8469,Passenger,20 to 24,Minimal,Other,NULL,0,0,1,1,0,0,0,1,0,1,1,0,0,16,1627,Clear,Daylight,-79.4893,43.6769
1311464,8566,Driver,25 to 29,Minimal,"Automobile, Station Wagon",Going Ahead,0,0,1,1,0,0,0,1,0,1,1,0,0,16,1627,Clear,Daylight,-79.4893,43.6769
1311464,8571,Motorcycle Driver,40 to 44,Fatal,Motorcycle,Going Ahead,0,0,1,1,0,0,0,1,0,1,1,0,0,16,1627,Clear,Daylight,-79.4893,43.6769
1311647,8762,Other,unknown,None,Other,Parked,0,0,1,0,0,0,0,0,1,1,0,0,0,24,2350,Clear,"Dark, artificial",-79.2708,43.7809
1311647,8763,Driver,20 to 24,Fatal,"Automobile, Station Wagon",Going Ahead,0,0,1,0,0,0,0,0,1,1,0,0,0,24,2350,Clear,"Dark, artificial",-79.2708,43.7809
1312366,8783,Driver,55 to 59,None,"Automobile, Station Wagon",Turning Left,1,0,1,0,0,0,0,0,0,1,0,0,0,10,1019,Clear,Daylight,-79.5642,43.6549
1312366,8784,Pedestrian,85 to 89,Major,Other,NULL,1,0,1,0,0,0,0,0,0,1,0,0,0,10,1019,Clear,Daylight,-79.5642,43.6549
1313400,8802,Driver,65 to 69,None,"Automobile, Station Wagon",Going Ahead,1,0,1,0,0,0,0,0,0,1,0,0,0,16,1615,Clear,Daylight,-79.4126,43.7813
1313400,8803,Pedestrian,0 to 4,Major,Other,NULL,1,0,1,0,0,0,0,0,0,1,0,0,0,16,1615,Clear,Daylight,-79.4126,43.7813
1313717,8388,Driver,65 to 69,Minimal,"Automobile, Station Wagon",Going Ahead,1,0,1,0,0,0,0,0,0,0,0,0,0,12,1215,Clear,Daylight,-79.3424,43.6794
1313717,8389,Pedestrian,25 to 29,Major,Other,NULL,1,0,1,0,0,0,0,0,0,0,0,0,0,12,1215,Clear,Daylight,-79.3424,43.6794
1314053,8328,Driver,20 to 24,None,"Automobile, Station Wagon",Turning Right,0,1,1,0,0,0,0,0,0,1,0,0,0,18,1815,Clear,Daylight,-79.3009,43.7803
1314053,8329,Cyclist,15 to 19,Major,Bicycle,Going Ahead,0,1,1,0,0,0,0,0,0,1,0,0,0,18,1815,Clear,Daylight,-79.3009,43.7803
1316023,8823,Driver,45 to 49,Major,"Automobile, Station Wagon",Stopped,0,0,1,0,0,0,0,0,0,1,0,0,0,9,915,Clear,Daylight,-79.5892,43.741
1316023,8824,Driver,unknown,None,"Automobile, Station Wagon",Going Ahead,0,0,1,0,0,0,0,0,0,1,0,0,0,9,915,Clear,Daylight,-79.5892,43.741
1317446,8439,Driver,35 to 39,None,"Automobile, Station Wagon",Slowing or Stopping,0,0,1,0,0,0,0,0,0,1,0,0,0,8,755,Clear,Daylight,-79.4653,43.6919
1317446,8230,Driver,25 to 29,Major,"Automobile, Station Wagon",Stopped,0,0,1,0,0,0,0,0,0,1,0,0,0,8,755,Clear,Daylight,-79.4653,43.6919
1318799,8769,Driver,40 to 44,None,"Automobile, Station Wagon",Going Ahead,1,0,1,0,0,0,0,0,0,1,0,0,0,16,1558,Clear,Daylight,-79.4368,43.6826
1318799,8770,Pedestrian,50 to 54,Major,Other,NULL,1,0,1,0,0,0,0,0,0,1,0,0,0,16,1558,Clear,Daylight,-79.4368,43.6826
1319184,8778,Driver,45 to 49,None,"Automobile, Station Wagon",Turning Left,1,0,1,0,0,0,0,0,0,1,0,0,0,8,840,Clear,Daylight,-79.3122,43.8224
1319184,8779,Pedestrian,55 to 59,Major,Other,NULL,1,0,1,0,0,0,0,0,0,1,0,0,0,8,840,Clear,Daylight,-79.3122,43.8224
1319386,8787,Driver,45 to 49,None,"Automobile, Station Wagon",Stopped,0,0,1,0,0,0,0,1,0,1,1,0,0,16,1640,Clear,Daylight,-79.2809,43.712
1319386,8788,Passenger,65 to 69,Major,Other,NULL,0,0,1,0,0,0,0,1,0,1,1,0,0,16,1640,Clear,Daylight,-79.2809,43.712
1319386,8789,Driver,15 to 19,Minimal,"Automobile, Station Wagon",Turning Left,0,0,1,0,0,0,0,1,0,1,1,0,0,16,1640,Clear,Daylight,-79.2809,43.712
1319386,8790,Driver,40 to 44,Minor,"Automobile, Station Wagon",Going Ahead,0,0,1,0,0,0,0,1,0,1,1,0,0,16,1640,Clear,Daylight,-79.2809,43.712
1319584,8796,Driver,55 to 59,None,"Automobile, Station Wagon",Making U Turn,0,1,1,0,0,0,0,0,0,0,0,0,0,1,115,Clear,"Dark, artificial",-79.4064,43.6566
1204112,6609,Passenger,30 to 34,Minimal,Other,NULL,0,0,1,0,0,1,0,1,0,1,0,0,0,11,1051,Clear,Daylight,-79.2981,43.8038
1204112,6608,Driver,40 to 44,None,"Automobile, Station Wagon",Turning Left,0,0,1,0,0,1,0,1,0,1,0,0,0,11,1051,Clear,Daylight,-79.2981,43.8038
1204112,6611,Passenger,35 to 39,Minor,Other,NULL,0,0,1,0,0,1,0,1,0,1,0,0,0,11,1051,Clear,Daylight,-79.2981,43.8038
1204112,6612,Passenger,90 to 94,Major,Other,NULL,0,0,1,0,0,1,0,1,0,1,0,0,0,11,1051,Clear,Daylight,-79.2981,43.8038
1204112,6614,Driver,60 to 64,None,Municipal Transit Bus (TTC),Going Ahead,0,0,1,0,0,1,0,1,0,1,0,0,0,11,1051,Clear,Daylight,-79.2981,43.8038
1204248,6828,Driver,15 to 19,None,"Automobile, Station Wagon",Going Ahead,1,0,1,0,0,0,0,0,1,1,0,0,0,0,15,Clear,Dark,-79.4028,43.6565
1204248,6829,Pedestrian,45 to 49,Major,Other,NULL,1,0,1,0,0,0,0,0,1,1,0,0,0,0,15,Clear,Dark,-79.4028,43.6565
1204639,6629,Driver,45 to 49,None,"Automobile, Station Wagon",Going Ahead,0,1,1,0,0,0,0,0,0,0,0,0,0,16,1620,Clear,Daylight,-79.4534,43.6382
1204639,6630,Cyclist,50 to 54,Major,Bicycle,Going Ahead,0,1,1,0,0,0,0,0,0,0,0,0,0,16,1620,Clear,Daylight,-79.4534,43.6382
1205411,6362,Pedestrian,25 to 29,Major,Other,NULL,1,0,1,0,0,0,0,0,0,0,0,0,0,20,2001,Rain,Dark,-79.5214,43.7584
1205411,6268,Driver,40 to 44,None,"Automobile, Station Wagon",Going Ahead,1,0,1,0,0,0,0,0,0,0,0,0,0,20,2001,Rain,Dark,-79.5214,43.7584
1206111,6596,Driver,25 to 29,Minor,"Automobile, Station Wagon",Going Ahead,0,0,1,0,0,0,0,1,0,1,1,0,0,20,2041,Clear,Dark,-79.3626,43.6515
1206111,6506,Driver,75 to 79,Minor,"Automobile, Station Wagon",Going Ahead,0,0,1,0,0,0,0,1,0,1,1,0,0,20,2041,Clear,Dark,-79.3626,43.6515
1206111,6507,Passenger,unknown,Minimal,Other,NULL,0,0,1,0,0,0,0,1,0,1,1,0,0,20,2041,Clear,Dark,-79.3626,43.6515
1206111,6512,Passenger,unknown,Major,Other,NULL,0,0,1,0,0,0,0,1,0,1,1,0,0,20,2041,Clear,Dark,-79.3626,43.6515
1208694,6008,Driver,35 to 39,Minor,"Automobile, Station Wagon",Going Ahead,0,0,1,0,0,0,0,0,0,0,0,0,0,23,2256,Clear,Dark,-79.2483,43.7638
1208694,6009,Driver,55 to 59,Fatal,"Automobile, Station Wagon",Going Ahead,0,0,1,0,0,0,0,0,0,0,0,0,0,23,2256,Clear,Dark,-79.2483,43.7638
1210132,6037,Driver,55 to 59,None,"Automobile, Station Wagon",Turning Left,0,0,1,1,0,0,0,0,1,1,0,0,0,1,105,Clear,Dark,-79.2514,43.7721
1210132,6038,Motorcycle Driver,20 to 24,Major,Motorcycle,Going Ahead,0,0,1,1,0,0,0,0,1,1,0,0,0,1,105,Clear,Dark,-79.2514,43.7721
1214567,6272,Passenger,55 to 59,Minor,Other,NULL,0,0,1,0,0,0,0,1,0,1,0,0,0,13,1300,Clear,Daylight,-79.5447,43.7515
1214567,6273,Driver,70 to 74,Major,"Automobile, Station Wagon",Turning Left,0,0,1,0,0,0,0,1,0,1,0,0,0,13,1300,Clear,Daylight,-79.5447,43.7515
1214567,6274,Driver,45 to 49,Minor,"Automobile, Station Wagon",Going Ahead,0,0,1,0,0,0,0,1,0,1,0,0,0,13,1300,Clear,Daylight,-79.5447,43.7515
1214567,6267,Passenger,35 to 39,Minor,Other,NULL,0,0,1,0,0,0,0,1,0,1,0,0,0,13,1300,Clear,Daylight,-79.5447,43.7515
1216616,6011,Driver,55 to 59,None,Taxi,Going Ahead,1,0,1,0,0,0,0,0,0,0,0,0,0,2,211,Clear,Dark,-79.4108,43.6513
1216616,6012,Pedestrian,30 to 34,Major,Other,NULL,1,0,1,0,0,0,0,0,0,0,0,0,0,2,211,Clear,Dark,-79.4108,43.6513
1219081,6030,Pedestrian,60 to 64,Major,NULL,NULL,1,0,1,0,0,0,0,0,0,1,0,1,0,22,2159,Clear,Dark,-79.3545,43.677
1219081,6032,Driver,30 to 34,None,"Automobile, Station Wagon",Changing Lanes,1,0,1,0,0,0,0,0,0,1,0,1,0,22,2159,Clear,Dark,-79.3545,43.677
1219456,6335,Driver,25 to 29,Minimal,"Automobile, Station Wagon",Going Ahead,1,0,1,0,0,0,0,0,0,0,0,0,0,20,2022,Clear,Dark,-79.5347,43.7103
1219456,6336,Pedestrian,25 to 29,Major,Other,NULL,1,0,1,0,0,0,0,0,0,0,0,0,0,20,2022,Clear,Dark,-79.5347,43.7103
1219581,6039,Driver,60 to 64,Major,"Automobile, Station Wagon",Going Ahead,0,0,1,0,0,0,0,0,0,0,0,0,0,16,1640,Clear,Dusk,-79.4482,43.691
1219581,6041,Driver,30 to 34,None,"Automobile, Station Wagon",Going Ahead,0,0,1,0,0,0,0,0,0,0,0,0,0,16,1640,Clear,Dusk,-79.4482,43.691
1219581,6042,Driver,30 to 34,Minimal,"Automobile, Station Wagon",Going Ahead,0,0,1,0,0,0,0,0,0,0,0,0,0,16,1640,Clear,Dusk,-79.4482,43.691