ACCNUM,ObjectId,INVTYPE,INVAGE,INJURY,VEHTYPE,MANOEUVER,PEDESTRIAN,CYCLIST,AUTOMOBILE,MOTORCYCLE,TRUCK,TRSN_CITY_VEH,EMERG_VEH,PASSENGER,SPEEDING,AG_DRIV,REDLIGHT,ALCOHOL,DISABILITY,HOUR,TIME,VISIBILITY,LIGHT,collision_lat,collision_long
1222866,6242,Driver,20 to 24,None,"Automobile, Station Wagon",Going Ahead,1,0,1,0,0,0,0,0,0,0,0,0,0,19,1917,Clear,Dark,-79.3778,43.6582
1222866,6252,Pedestrian,75 to 79,Major,Other,NULL,1,0,1,0,0,0,0,0,0,0,0,0,0,19,1917,Clear,Dark,-79.3778,43.6582
1225497,6280,Driver,45 to 49,None,"Automobile, Station Wagon",Making U Turn,0,1,1,0,0,0,0,0,0,1,0,0,0,17,1730,Clear,Dark,-79.3809,43.6504
1225497,6283,Cyclist,55 to 59,Major,Bicycle,Going Ahead,0,1,1,0,0,0,0,0,0,1,0,0,0,17,1730,Clear,Dark,-79.3809,43.6504
1227844,6305,Driver,25 to 29,None,"Automobile, Station Wagon",Going Ahead,1,0,1,0,0,0,0,0,0,0,0,0,0,1,114,Snow,Dark,-79.4095,43.646
1227844,6306,Pedestrian,25 to 29,Major,Other,NULL,1,0,1,0,0,0,0,0,0,0,0,0,0,1,114,Snow,Dark,-79.4095,43.646
1231647,6325,Driver,25 to 29,Major,"Automobile, Station Wagon",Going Ahead,0,0,1,0,0,0,0,0,0,1,0,1,0,4,357,Clear,Daylight,-79.4378,43.6658
1231647,6327,Driver,25 to 29,None,"Automobile, Station Wagon",Going Ahead,0,0,1,0,0,0,0,0,0,1,0,1,0,4,357,Clear,Daylight,-79.4378,43.6658
1232760,6271,Driver,35 to 39,None,"Automobile, Station Wagon",Going Ahead,1,0,1,0,0,0,0,0,0,0,0,0,0,13,1307,Clear,Daylight,-79.3825,43.6697
1232760,6364,Pedestrian,40 to 44,Major,Other,NULL,1,0,1,0,0,0,0,0,0,0,0,0,0,13,1307,Clear,Daylight,-79.3825,43.6697
1233062,6559,Motorcycle Driver,25 to 29,Major,Motorcycle,Going Ahead,0,0,1,1,0,0,0,0,1,1,0,0,0,14,1356,"Fog, Mist, Smoke, Dust",Daylight,-79.4271,43.6425
1233062,6560,Driver,65 to 69,None,"Automobile, Station Wagon",Turning Left,0,0,1,1,0,0,0,0,1,1,0,0,0,14,1356,"Fog, Mist, Smoke, Dust",Daylight,-79.4271,43.6425
1235900,7026,Motorcycle Driver,50 to 54,Major,Motorcycle,Going Ahead,1,0,0,1,0,0,0,0,0,0,0,0,0,17,1650,Clear,Daylight,-79.4112,43.6421
1235900,7027,Pedestrian,25 to 29,Minor,Other,NULL,1,0,0,1,0,0,0,0,0,0,0,0,0,17,1650,Clear,Daylight,-79.4112,43.6421
1239980,6383,Passenger,50 to 54,None,Other,NULL,0,0,1,0,0,0,0,1,0,1,0,0,0,15,1515,Clear,Daylight,-79.5596,43.7133
1239980,6391,Driver,40 to 44,None,"Automobile, Station Wagon",Stopped,0,0,1,0,0,0,0,1,0,1,0,0,0,15,1515,Clear,Daylight,-79.5596,43.7133
1239980,6395,Passenger,45 to 49,Minor,Other,NULL,0,0,1,0,0,0,0,1,0,1,0,0,0,15,1515,Clear,Daylight,-79.5596,43.7133
1239980,6401,Driver,50 to 54,None,"Automobile, Station Wagon",Turning Left,0,0,1,0,0,0,0,1,0,1,0,0,0,15,1515,Clear,Daylight,-79.5596,43.7133
1239980,6412,Driver,20 to 24,Major,"Automobile, Station Wagon",Going Ahead,0,0,1,0,0,0,0,1,0,1,0,0,0,15,1515,Clear,Daylight,-79.5596,43.7133
1240382,7091,Driver,30 to 34,None,Municipal Transit Bus (TTC),Going Ahead,0,1,0,0,0,1,0,0,0,0,0,0,0,9,930,Rain,Daylight,-79.4347,43.6339
1240382,7092,Cyclist,40 to 44,Major,Bicycle,Turning Left,0,1,0,0,0,1,0,0,0,0,0,0,0,9,930,Rain,Daylight,-79.4347,43.6339
1242543,6584,Driver,15 to 19,None,"Automobile, Station Wagon",Going Ahead,1,0,1,0,0,0,0,0,0,1,0,0,0,18,1819,Clear,Daylight,-79.4493,43.6713
1242543,6585,Pedestrian,5 to 9,Major,Other,NULL,1,0,1,0,0,0,0,0,0,1,0,0,0,18,1819,Clear,Daylight,-79.4493,43.6713
1243422,7368,Driver,45 to 49,None,"Automobile, Station Wagon",Slowing or Stopping,0,0,1,0,0,0,0,0,1,1,0,0,0,7,700,Clear,Daylight,-79.5244,43.618
1243422,7369,Driver,45 to 49,Major,"Automobile, Station Wagon",Slowing or Stopping,0,0,1,0,0,0,0,0,1,1,0,0,0,7,700,Clear,Daylight,-79.5244,43.618
1245730,6316,Driver,45 to 49,None,"Automobile, Station Wagon",Turning Right,0,0,1,0,0,0,0,0,0,0,0,0,0,14,1432,Clear,Daylight,-79.3973,43.7021
1245730,6317,Other,unknown,None,Other,Parked,0,0,1,0,0,0,0,0,0,0,0,0,0,14,1432,Clear,Daylight,-79.3973,43.7021
1245730,6318,Driver,25 to 29,Major,"Automobile, Station Wagon",Going Ahead,0,0,1,0,0,0,0,0,0,0,0,0,0,14,1432,Clear,Daylight,-79.3973,43.7021
1246857,7075,Driver,75 to 79,None,"Automobile, Station Wagon",Turning Right,0,1,1,0,0,0,0,0,0,0,0,0,0,14,1405,Clear,Daylight,-79.45,43.6659
1246857,7076,Moped Driver,35 to 39,Major,Moped,Going Ahead,0,1,1,0,0,0,0,0,0,0,0,0,0,14,1405,Clear,Daylight,-79.45,43.6659
1247398,7764,Passenger,35 to 39,Major,Other,NULL,0,0,1,0,0,0,0,1,1,1,0,0,0,2,205,Clear,Dark,-79.4903,43.6076
1247398,7765,Driver,30 to 34,Minimal,"Automobile, Station Wagon",Going Ahead,0,0,1,0,0,0,0,1,1,1,0,0,0,2,205,Clear,Dark,-79.4903,43.6076
1247766,7772,Driver,80 to 84,None,"Automobile, Station Wagon",Going Ahead,0,1,1,0,0,0,0,0,0,1,0,0,0,9,902,Clear,Daylight,-79.3384,43.6938
1247766,7773,Cyclist,80 to 84,Fatal,Bicycle,Going Ahead,0,1,1,0,0,0,0,0,0,1,0,0,0,9,902,Clear,Daylight,-79.3384,43.6938
1248427,7093,Driver,40 to 44,None,"Automobile, Station Wagon",Stopped,0,0,1,0,0,0,0,0,0,1,0,0,0,19,1911,Clear,Daylight,-79.3435,43.7074
1248427,7094,Driver,45 to 49,Major,"Automobile, Station Wagon",Going Ahead,0,0,1,0,0,0,0,0,0,1,0,0,0,19,1911,Clear,Daylight,-79.3435,43.7074
1248427,7096,Driver,35 to 39,None,"Automobile, Station Wagon",Stopped,0,0,1,0,0,0,0,0,0,1,0,0,0,19,1911,Clear,Daylight,-79.3435,43.7074
1248427,7097,Driver,20 to 24,None,"Automobile, Station Wagon",Turning Left,0,0,1,0,0,0,0,0,0,1,0,0,0,19,1911,Clear,Daylight,-79.3435,43.7074
1249833,7818,Driver,35 to 39,None,"Automobile, Station Wagon",Going Ahead,1,0,1,0,0,0,0,0,0,0,0,0,0,7,658,Clear,Daylight,-79.4041,43.6476
1249833,7819,Pedestrian,30 to 34,Major,Other,NULL,1,0,1,0,0,0,0,0,0,0,0,0,0,7,658,Clear,Daylight,-79.4041,43.6476
1252312,7403,Passenger,70 to 74,Major,Other,NULL,0,0,1,0,0,0,0,1,0,0,0,0,0,19,1925,Clear,Daylight,-79.4554,43.6431
1299888,8985,Driver,35 to 39,None,"Automobile, Station Wagon",Turning Right,0,0,1,0,0,0,0,0,0,1,0,0,0,18,1835,Clear,Daylight,-79.2847,43.6956
1300673,8248,Driver,60 to 64,None,"Automobile, Station Wagon",Merging,0,1,1,0,0,0,0,0,0,0,0,0,0,12,1210,Clear,Daylight,-79.5651,43.6547
1300673,8249,Cyclist,80 to 84,Major,Bicycle,Going Ahead,0,1,1,0,0,0,0,0,0,0,0,0,0,12,1210,Clear,Daylight,-79.5651,43.6547
1302395,8253,Driver,60 to 64,None,"Automobile, Station Wagon",Going Ahead,0,1,1,0,0,0,0,0,0,0,0,0,0,19,1910,Clear,Daylight,-79.4472,43.7345
1302395,8254,Cyclist,55 to 59,Major,Bicycle,Going Ahead,0,1,1,0,0,0,0,0,0,0,0,0,0,19,1910,Clear,Daylight,-79.4472,43.7345
1302631,8298,Driver,20 to 24,None,"Automobile, Station Wagon",Turning Left,1,0,1,0,0,0,0,0,0,1,0,0,0,19,1855,Clear,Daylight,-79.4566,43.7516
1302631,8299,Pedestrian,25 to 29,Fatal,Other,NULL,1,0,1,0,0,0,0,0,0,1,0,0,0,19,1855,Clear,Daylight,-79.4566,43.7516
1304249,8642,Motorcycle Driver,20 to 24,Major,Motorcycle,Going Ahead,0,0,1,1,0,0,0,0,0,0,0,0,0,10,1044,Clear,Daylight,-79.427,43.7079
1304249,8643,Driver,50 to 54,None,"Automobile, Station Wagon",Stopped,0,0,1,1,0,0,0,0,0,0,0,0,0,10,1044,Clear,Daylight,-79.427,43.7079
1305957,8310,Motorcycle Driver,25 to 29,Major,Motorcycle,Going Ahead,0,0,0,1,0,0,0,0,1,1,0,0,0,22,2235,Clear,"Dark, artificial",-79.5682,43.6575
1306825,8550,Driver,20 to 24,None,"Automobile, Station Wagon",Stopped,0,0,1,0,0,0,0,0,0,1,0,0,0,15,1542,Clear,Daylight,-79.3703,43.6702
1306825,8551,Driver,65 to 69,None,"Automobile, Station Wagon",Stopped,0,0,1,0,0,0,0,0,0,1,0,0,0,15,1542,Clear,Daylight,-79.3703,43.6702
1306825,8553,Driver,25 to 29,Major,"Automobile, Station Wagon",Slowing or Stopping,0,0,1,0,0,0,0,0,0,1,0,0,0,15,1542,Clear,Daylight,-79.3703,43.6702
1306826,8549,Pedestrian,50 to 54,Major,Other,NULL,1,0,1,0,0,0,0,0,0,1,0,0,0,15,1521,Clear,Daylight,-79.5037,43.7028
1306826,8548,Driver,55 to 59,None,"Automobile, Station Wagon",Turning Left,1,0,1,0,0,0,0,0,0,1,0,0,0,15,1521,Clear,Daylight,-79.5037,43.7028
1307494,8260,Driver,45 to 49,None,"Automobile, Station Wagon",Going Ahead,1,0,1,0,0,0,0,0,0,1,0,0,0,18,1840,Clear,Daylight,-79.4781,43.6507
1307494,8261,Pedestrian,30 to 34,Major,Other,NULL,1,0,1,0,0,0,0,0,0,1,0,0,0,18,1840,Clear,Daylight,-79.4781,43.6507
1307861,8383,Driver,55 to 59,Fatal,"Automobile, Station Wagon",Going Ahead,0,0,1,0,0,0,0,0,0,0,0,0,0,16,1623,Clear,Daylight,-79.2125,43.7905
1307961,8279,Driver,20 to 24,None,"Automobile, Station Wagon",Turning Left,0,0,1,0,0,0,0,0,0,1,0,0,0,16,1553,Clear,Daylight,-79.387,43.6498
1307961,8280,Driver,45 to 49,Major,"Automobile, Station Wagon",Going Ahead,0,0,1,0,0,0,0,0,0,1,0,0,0,16,1553,Clear,Daylight,-79.387,43.6498
1308147,8285,Driver,25 to 29,None,"Automobile, Station Wagon",Going Ahead,0,1,1,0,0,0,0,0,0,0,0,0,0,17,1720,Clear,Daylight,-79.4097,43.6615
1308147,8286,Cyclist,25 to 29,Major,Bicycle,Turning Left,0,1,1,0,0,0,0,0,0,0,0,0,0,17,1720,Clear,Daylight,-79.4097,43.6615
1310920,8306,Driver,45 to 49,None,"Automobile, Station Wagon",Going Ahead,1,0,1,0,0,0,0,0,0,0,0,0,0,16,1615,Clear,Daylight,-79.3985,43.6797
1310920,8307,Pedestrian,20 to 24,Major,Other,NULL,1,0,1,0,0,0,0,0,0,0,0,0,0,16,1615,Clear,Daylight,-79.3985,43.6797
1311119,8428,Passenger,65 to 69,None,Other,NULL,1,0,1,0,0,0,0,1,0,0,0,0,0,9,940,Clear,Daylight,-79.4163,43.7795
1311119,8429,Driver,65 to 69,None,"Automobile, Station Wagon",Going Ahead,1,0,1,0,0,0,0,1,0,0,0,0,0,9,940,Clear,Daylight,-79.4163,43.7795
1311119,8430,Pedestrian,45 to 49,Fatal,Other,NULL,1,0,1,0,0,0,0,1,0,0,0,0,0,9,940,Clear,Daylight,-79.4163,43.7795
1313728,8809,Motorcycle Driver,55 to 59,Major,Motorcycle,Going Ahead,0,0,1,1,0,0,0,0,0,1,0,0,0,5,525,Clear,"Dark, artificial",-79.5003,43.621
1313728,8811,Driver,55 to 59,None,"Automobile, Station Wagon",Turning Left,0,0,1,1,0,0,0,0,0,1,0,0,0,5,525,Clear,"Dark, artificial",-79.5003,43.621
1314296,8830,Motorcycle Driver,20 to 24,Fatal,Motorcycle,Going Ahead,0,0,1,1,0,0,0,0,1,1,0,0,0,8,840,Clear,Daylight,-79.4444,43.7107
1314296,8832,Driver,45 to 49,None,"Automobile, Station Wagon",Going Ahead,0,0,1,1,0,0,0,0,1,1,0,0,0,8,840,Clear,Daylight,-79.4444,43.7107
1314310,8323,Motorcycle Driver,30 to 34,Major,Motorcycle,Going Ahead,0,0,0,1,0,0,0,0,0,0,0,0,0,0,29,Clear,Dark,-79.5173,43.6714
1316232,8162,Driver,70 to 74,None,"Automobile, Station Wagon",Turning Left,1,0,1,0,0,0,0,0,0,1,0,0,0,9,920,Clear,Daylight,-79.4258,43.7033
1316232,8163,Pedestrian,70 to 74,Major,Other,NULL,1,0,1,0,0,0,0,0,0,1,0,0,0,9,920,Clear,Daylight,-79.4258,43.7033
1316385,8833,Motorcycle Driver,20 to 24,Minor,Motorcycle,Going Ahead,1,0,0,1,0,0,0,0,0,0,0,0,0,6,647,Clear,Daylight,-79.318,43.7644
1316385,8834,Pedestrian,45 to 49,Major,Other,NULL,1,0,0,1,0,0,0,0,0,0,0,0,0,6,647,Clear,Daylight,-79.318,43.7644
1316650,8180,Driver,50 to 54,None,"Automobile, Station Wagon",Stopped,0,0,1,0,0,0,0,0,0,1,1,0,0,16,1620,Clear,Daylight,-79.2678,43.7321
1316650,8182,Driver,20 to 24,None,"Automobile, Station Wagon",Going Ahead,0,0,1,0,0,0,0,0,0,1,1,0,0,16,1620,Clear,Daylight,-79.2678,43.7321
1316650,8183,Driver,30 to 34,Major,"Automobile, Station Wagon",Turning Left,0,0,1,0,0,0,0,0,0,1,1,0,0,16,1620,Clear,Daylight,-79.2678,43.7321
1317754,8175,Driver - Not Hit,unknown,None,"Automobile, Station Wagon",NULL,0,0,1,1,0,0,0,0,0,0,0,0,0,8,848,Clear,Daylight,-79.3734,43.6572
1317754,8174,Motorcycle Driver,60 to 64,Major,Motorcycle,Going Ahead,0,0,1,1,0,0,0,0,0,0,0,0,0,8,848,Clear,Daylight,-79.3734,43.6572
1317840,8202,Driver,65 to 69,None,"Automobile, Station Wagon",Turning Left,1,0,1,0,0,0,0,0,0,1,0,0,0,15,1454,Clear,Daylight,-79.3156,43.6968
1317840,8203,Pedestrian,75 to 79,Major,Other,NULL,1,0,1,0,0,0,0,0,0,1,0,0,0,15,1454,Clear,Daylight,-79.3156,43.6968
1319075,8773,Driver,35 to 39,None,Municipal Transit Bus (TTC),Slowing or Stopping,0,0,0,0,0,1,0,1,0,0,0,0,0,14,1404,Clear,Daylight,-79.3018,43.7228
1319075,8771,Passenger,85 to 89,Major,Other,NULL,0,0,0,0,0,1,0,1,0,0,0,0,0,14,1404,Clear,Daylight,-79.3018,43.7228
1319643,8798,Driver,45 to 49,None,"Automobile, Station Wagon",Turning Left,0,1,1,0,0,0,0,0,0,1,0,0,0,19,1855,Clear,Daylight,-79.4925,43.6881
1319643,8799,Cyclist,45 to 49,Major,Bicycle,Going Ahead,0,1,1,0,0,0,0,0,0,1,0,0,0,19,1855,Clear,Daylight,-79.4925,43.6881
1321216,8888,Passenger,20 to 24,Fatal,Other,NULL,0,0,1,0,0,0,0,1,1,1,0,1,0,3,325,Clear,"Dark, artificial",-79.3141,43.8079
1321216,8890,Driver,20 to 24,Minor,"Automobile, Station Wagon",Going Ahead,0,0,1,0,0,0,0,1,1,1,0,1,0,3,325,Clear,"Dark, artificial",-79.3141,43.8079
1321983,8860,Driver,unknown,None,"Automobile, Station Wagon",Turning Left,1,0,1,0,0,0,0,0,0,1,0,0,0,19,1944,Rain,Dark,-79.4632,43.6827
1321983,8861,Pedestrian,50 to 54,Major,Other,NULL,1,0,1,0,0,0,0,0,0,1,0,0,0,19,1944,Rain,Dark,-79.4632,43.6827
1322166,8813,Driver,60 to 64,None,"Automobile, Station Wagon",Turning Left,1,0,1,0,0,0,0,0,0,1,0,0,0,20,2040,Clear,"Dark, artificial",-79.4131,43.7769
1322166,8814,Pedestrian,55 to 59,Major,Other,NULL,1,0,1,0,0,0,0,0,0,1,0,0,0,20,2040,Clear,"Dark, artificial",-79.4131,43.7769
1322569,8156,Motorcycle Driver,45 to 49,Major,Motorcycle,Going Ahead,0,0,0,1,0,0,0,0,0,0,0,0,0,8,750,Clear,Daylight,-79.3281,43.6675
1324692,8204,Driver,45 to 49,None,"Automobile, Station Wagon",Turning Right,0,1,1,0,0,0,0,0,0,0,0,0,0,18,1820,Clear,"Dark, artificial",-79.3764,43.6548
1324692,8205,Cyclist,60 to 64,Major,Bicycle,Going Ahead,0,1,1,0,0,0,0,0,0,0,0,0,0,18,1820,Clear,"Dark, artificial",-79.3764,43.6548
1324973,8211,Truck Driver,30 to 34,None,Truck - Open,Slowing or Stopping,0,1,0,0,1,0,0,0,0,1,0,0,0,17,1748,Clear,Daylight,-79.3978,43.6778
1324973,8212,Cyclist,50 to 54,Major,Bicycle,Overtaking,0,1,0,0,1,0,0,0,0,1,0,0,0,17,1748,Clear,Daylight,-79.3978,43.6778
1324973,8213,Other,unknown,None,Other,NULL,0,1,0,0,1,0,0,0,0,1,0,0,0,17,1748,Clear,Daylight,-79.3978,43.6778
1326460,8143,Motorcycle Driver,30 to 34,Major,Motorcycle,Going Ahead,0,0,0,1,0,0,0,0,0,0,0,0,0,9,850,Other,Other,-79.3617,43.6714
1327549,8843,Driver,20 to 24,Major,"Automobile, Station Wagon",Turning Left,1,0,1,0,0,0,0,0,0,1,0,0,0,23,2316,Rain,"Dark, artificial",-79.307,43.8236
1327549,8845,Pedestrian,40 to 44,Minor,Other,NULL,1,0,1,0,0,0,0,0,0,1,0,0,0,23,2316,Rain,"Dark, artificial",-79.307,43.8236
1328014,8853,Driver,70 to 74,Major,"Automobile, Station Wagon",Turning Left,1,0,1,0,0,0,0,0,0,1,0,0,0,10,1039,Clear,Daylight,-79.4059,43.6721
1328014,8854,Pedestrian,70 to 74,Major,Other,NULL,1,0,1,0,0,0,0,0,0,1,0,0,0,10,1039,Clear,Daylight,-79.4059,43.6721
1328482,8896,Driver,20 to 24,None,"Automobile, Station Wagon",Turning Right,1,0,1,0,0,0,0,0,0,1,0,0,0,13,1343,Clear,Daylight,-79.3679,43.6642
1328482,8897,Pedestrian,60 to 64,Major,Other,NULL,1,0,1,0,0,0,0,0,0,1,0,0,0,13,1343,Clear,Daylight,-79.3679,43.6642
1331576,9324,Driver,55 to 59,None,"Automobile, Station Wagon",Turning Left,1,0,1,0,0,0,0,0,0,0,0,0,0,20,2030,Clear,Dark,-79.4061,43.801
1331576,9426,Pedestrian,25 to 29,Major,Other,NULL,1,0,1,0,0,0,0,0,0,0,0,0,0,20,2030,Clear,Dark,-79.4061,43.801
1331761,9434,Truck Driver,35 to 39,None,Truck - Open,Turning Left,1,0,0,0,1,0,0,0,0,0,0,0,0,7,700,Clear,Dark,-79.368,43.6644
1331761,9435,Pedestrian,55 to 59,Minor,Other,NULL,1,0,0,0,1,0,0,0,0,0,0,0,0,7,700,Clear,Dark,-79.368,43.6644
1331761,9436,Pedestrian,45 to 49,Major,Other,NULL,1,0,0,0,1,0,0,0,0,0,0,0,0,7,700,Clear,Dark,-79.368,43.6644
1332261,9456,Passenger,30 to 34,None,Other,NULL,1,0,1,0,0,0,0,1,0,0,0,0,0,20,2015,Rain,"Dark, artificial",-79.2685,43.7338
1281493,7884,Pedestrian,65 to 69,Major,Other,NULL,1,0,1,0,0,0,0,0,0,1,0,0,0,11,1128,Clear,Daylight,-79.3647,43.7135
1282186,7896,Driver,25 to 29,Major,"Automobile, Station Wagon",Changing Lanes,0,1,1,0,0,0,0,0,0,0,0,0,0,14,1404,Rain,Daylight,-79.4473,43.677
1282186,7897,Cyclist,unknown,Minimal,Bicycle,Going Ahead,0,1,1,0,0,0,0,0,0,0,0,0,0,14,1404,Rain,Daylight,-79.4473,43.677
1282447,7723,Driver,25 to 29,None,"Automobile, Station Wagon",Going Ahead,1,0,1,0,0,0,0,0,0,0,0,0,0,18,1849,Rain,Dark,-79.437,43.64
1282447,7724,Pedestrian,45 to 49,Major,Other,NULL,1,0,1,0,0,0,0,0,0,0,0,0,0,18,1849,Rain,Dark,-79.437,43.64
1282854,7740,Driver,70 to 74,None,"Automobile, Station Wagon",Going Ahead,1,0,1,0,0,0,0,0,0,0,0,0,0,23,2322,Clear,"Dark, artificial",-79.2497,43.7087
1282854,7741,Pedestrian,45 to 49,Major,Other,NULL,1,0,1,0,0,0,0,0,0,0,0,0,0,23,2322,Clear,"Dark, artificial",-79.2497,43.7087
1283522,7236,Pedestrian,35 to 39,Major,Other,NULL,1,0,1,0,0,0,0,0,0,0,0,0,0,20,2000,Clear,Dark,-79.2511,43.736
1283522,7235,Driver,35 to 39,None,"Automobile, Station Wagon",Going Ahead,1,0,1,0,0,0,0,0,0,0,0,0,0,20,2000,Clear,Dark,-79.2511,43.736
1285462,8691,Driver,30 to 34,None,"Automobile, Station Wagon",Going Ahead,0,0,1,0,0,0,0,0,0,1,0,0,0,10,1020,Clear,Daylight,-79.3601,43.6701
1285462,8692,Driver,40 to 44,Major,"Automobile, Station Wagon",Stopped,0,0,1,0,0,0,0,0,0,1,0,0,0,10,1020,Clear,Daylight,-79.3601,43.6701
1285480,7261,Passenger,80 to 84,Minor,Other,NULL,0,0,1,0,0,0,0,1,0,1,1,0,0,12,1210,Clear,Daylight,-79.5707,43.6915
1285480,7262,Passenger,75 to 79,Minor,Other,NULL,0,0,1,0,0,0,0,1,0,1,1,0,0,12,1210,Clear,Daylight,-79.5707,43.6915
1285480,7263,Passenger,70 to 74,Minor,Other,NULL,0,0,1,0,0,0,0,1,0,1,1,0,0,12,1210,Clear,Daylight,-79.5707,43.6915
1285480,7264,Driver,75 to 79,Minor,"Automobile, Station Wagon",Going Ahead,0,0,1,0,0,0,0,1,0,1,1,0,0,12,1210,Clear,Daylight,-79.5707,43.6915
1285480,7265,Driver,50 to 54,Major,"Automobile, Station Wagon",Going Ahead,0,0,1,0,0,0,0,1,0,1,1,0,0,12,1210,Clear,Daylight,-79.5707,43.6915
1286941,8744,Driver,40 to 44,None,"Automobile, Station Wagon",Going Ahead,1,0,1,0,0,0,0,0,0,0,0,0,0,6,555,Clear,"Dawn, artificial",-79.5123,43.7582
1286941,8745,Pedestrian,45 to 49,Fatal,Other,NULL,1,0,1,0,0,0,0,0,0,0,0,0,0,6,555,Clear,"Dawn, artificial",-79.5123,43.7582
1287084,8444,Driver,15 to 19,Minimal,"Automobile, Station Wagon",Going Ahead,0,0,1,0,0,0,0,1,1,1,0,1,0,2,230,Clear,Dark,-79.3935,43.7169
1287084,8238,Passenger,20 to 24,Fatal,Other,NULL,0,0,1,0,0,0,0,1,1,1,0,1,0,2,230,Clear,Dark,-79.3935,43.7169
1288002,7316,Driver,75 to 79,None,"Automobile, Station Wagon",Turning Right,1,0,1,0,0,0,0,0,0,1,0,0,0,18,1820,Clear,"Dark, artificial",-79.3277,43.7273
1288002,7317,Pedestrian,35 to 39,Major,Other,NULL,1,0,1,0,0,0,0,0,0,1,0,0,0,18,1820,Clear,"Dark, artificial",-79.3277,43.7273
1288652,7641,Driver,65 to 69,Major,"Automobile, Station Wagon",Going Ahead,0,0,1,0,0,0,0,0,0,1,0,0,0,14,1438,Clear,Daylight,-79.387,43.7282
1288652,7535,Driver,65 to 69,Minimal,"Automobile, Station Wagon",Slowing or Stopping,0,0,1,0,0,0,0,0,0,1,0,0,0,14,1438,Clear,Daylight,-79.387,43.7282
1288652,7546,Driver,60 to 64,None,"Automobile, Station Wagon",Slowing or Stopping,0,0,1,0,0,0,0,0,0,1,0,0,0,14,1438,Clear,Daylight,-79.387,43.7282
1289088,8946,Motorcycle Driver,15 to 19,Major,Motorcycle,Changing Lanes,0,0,1,1,0,0,0,0,0,1,0,0,0,18,1752,Clear,Daylight,-79.3171,43.7766
1289088,8947,Driver,35 to 39,None,"Automobile, Station Wagon",Going Ahead,0,0,1,1,0,0,0,0,0,1,0,0,0,18,1752,Clear,Daylight,-79.3171,43.7766
1289649,7701,Driver,25 to 29,None,"Automobile, Station Wagon",Going Ahead,0,0,1,0,0,0,0,0,0,0,0,1,0,5,515,Snow,Dark,-79.5643,43.735
1289649,7702,Driver,25 to 29,Major,"Automobile, Station Wagon",Going Ahead,0,0,1,0,0,0,0,0,0,0,0,1,0,5,515,Snow,Dark,-79.5643,43.735
1289974,8953,Driver,50 to 54,Fatal,"Automobile, Station Wagon",Going Ahead,0,0,1,0,0,0,0,0,0,0,0,0,0,12,1203,Clear,Daylight,-79.1992,43.8007
1290049,7709,Driver,50 to 54,None,"Automobile, Station Wagon",Turning Right,1,0,1,0,0,0,0,0,0,1,0,0,0,19,1910,Clear,Dark,-79.3574,43.8119
1290049,7710,Pedestrian,25 to 29,Major,Other,NULL,1,0,1,0,0,0,0,0,0,1,0,0,0,19,1910,Clear,Dark,-79.3574,43.8119
1290199,8971,Driver,20 to 24,None,"Automobile, Station Wagon",Going Ahead,1,0,1,0,0,0,0,0,0,0,0,0,0,21,2050,Clear,"Dark, artificial",-79.199,43.8002
1290199,8972,Pedestrian,55 to 59,Fatal,Other,NULL,1,0,1,0,0,0,0,0,0,0,0,0,0,21,2050,Clear,"Dark, artificial",-79.199,43.8002
1291646,7738,Driver,40 to 44,Major,"Automobile, Station Wagon",Going Ahead,1,0,1,0,0,0,0,0,0,0,0,0,0,15,1515,Clear,Daylight,-79.385,43.6489
1291646,7739,Pedestrian,60 to 64,Minor,Other,NULL,1,0,1,0,0,0,0,0,0,0,0,0,0,15,1515,Clear,Daylight,-79.385,43.6489
1291846,8723,Driver,unknown,None,"Automobile, Station Wagon",Unknown,0,1,1,0,0,0,0,0,0,0,0,0,0,10,952,Clear,Daylight,-79.4182,43.6498
1291846,8724,Cyclist,30 to 34,Major,Bicycle,Going Ahead,0,1,1,0,0,0,0,0,0,0,0,0,0,10,952,Clear,Daylight,-79.4182,43.6498
1292914,8671,Cyclist,50 to 54,Major,Bicycle,Going Ahead,0,1,1,0,0,0,0,0,0,0,0,0,0,16,1550,Clear,Daylight,-79.4076,43.6564
1292914,8672,Driver,25 to 29,None,"Automobile, Station Wagon",Turning Right,0,1,1,0,0,0,0,0,0,0,0,0,0,16,1550,Clear,Daylight,-79.4076,43.6564
1296801,8659,Driver,40 to 44,Minor,"Automobile, Station Wagon",Going Ahead,0,0,1,0,0,0,0,1,0,1,1,0,0,6,645,Rain,Daylight,-79.4828,43.6882
1296801,8655,Driver,50 to 54,None,"Automobile, Station Wagon",Going Ahead,0,0,1,0,0,0,0,1,0,1,1,0,0,6,645,Rain,Daylight,-79.4828,43.6882
1296801,8656,Passenger,55 to 59,Major,NULL,NULL,0,0,1,0,0,0,0,1,0,1,1,0,0,6,645,Rain,Daylight,-79.4828,43.6882
1296801,8657,Driver,45 to 49,Minor,"Automobile, Station Wagon",Going Ahead,0,0,1,0,0,0,0,1,0,1,1,0,0,6,645,Rain,Daylight,-79.4828,43.6882
1298848,8964,Passenger,20 to 24,Major,Other,NULL,0,0,1,0,0,0,0,1,0,0,0,0,0,1,149,Clear,"Dark, artificial",-79.4635,43.6366
1298848,8965,Driver,20 to 24,Minimal,"Automobile, Station Wagon",Going Ahead,0,0,1,0,0,0,0,1,0,0,0,0,0,1,149,Clear,"Dark, artificial",-79.4635,43.6366