ACCNUM,ObjectId,INVTYPE,INVAGE,INJURY,VEHTYPE,MANOEUVER,PEDESTRIAN,CYCLIST,AUTOMOBILE,MOTORCYCLE,TRUCK,TRSN_CITY_VEH,EMERG_VEH,PASSENGER,SPEEDING,AG_DRIV,REDLIGHT,ALCOHOL,DISABILITY,HOUR,TIME,VISIBILITY,LIGHT,collision_lat,collision_long
1316631,8419,Driver,50 to 54,Major,"Automobile, Station Wagon",Stopped,0,0,1,0,0,0,0,0,0,1,0,0,0,16,1624,Clear,Daylight,-79.327,43.784
1317267,8427,Motorcycle Driver,25 to 29,Major,Motorcycle,Going Ahead,0,0,0,1,0,0,0,0,0,0,0,0,0,19,1900,Clear,Daylight,-79.4866,43.6955
1319682,8791,Driver,20 to 24,None,"Automobile, Station Wagon",Going Ahead,1,0,1,0,0,0,0,0,0,1,0,1,0,0,36,Clear,"Dark, artificial",-79.3487,43.6894
1319682,8792,Pedestrian,25 to 29,Major,Other,NULL,1,0,1,0,0,0,0,0,0,1,0,1,0,0,36,Clear,"Dark, artificial",-79.3487,43.6894
1320584,8570,Driver,unknown,None,Municipal Transit Bus (TTC),Stopped,1,0,0,0,0,1,0,0,0,0,0,0,0,1,145,Clear,Dark,-79.4006,43.7062
1276036,7856,Driver,25 to 29,None,"Automobile, Station Wagon",Turning Left,1,0,1,0,0,0,0,0,0,1,0,0,0,15,1533,Clear,Daylight,-79.3502,43.6932
1276036,7857,Pedestrian,30 to 34,Minimal,Other,NULL,1,0,1,0,0,0,0,0,0,1,0,0,0,15,1533,Clear,Daylight,-79.3502,43.6932
1276036,7858,Pedestrian,25 to 29,Major,Other,NULL,1,0,1,0,0,0,0,0,0,1,0,0,0,15,1533,Clear,Daylight,-79.3502,43.6932
1276186,7274,Driver,85 to 89,Fatal,"Automobile, Station Wagon",Going Ahead,0,0,1,0,0,0,0,0,0,0,0,0,0,22,2214,Snow,Dark,-79.3551,43.79
1280448,7873,Driver,20 to 24,None,"Automobile, Station Wagon",Parked,0,1,1,0,0,0,0,0,0,0,0,0,0,14,1430,Clear,Daylight,-79.3977,43.6484
1280448,7874,Cyclist,35 to 39,Major,Bicycle,Going Ahead,0,1,1,0,0,0,0,0,0,0,0,0,0,14,1430,Clear,Daylight,-79.3977,43.6484
1283549,7242,Pedestrian,50 to 54,Major,Other,NULL,1,0,1,0,0,0,0,0,0,1,0,0,0,9,940,Clear,Daylight,-79.2801,43.828
1283549,7238,Driver,55 to 59,None,"Automobile, Station Wagon",Turning Left,1,0,1,0,0,0,0,0,0,1,0,0,0,9,940,Clear,Daylight,-79.2801,43.828
1283549,7239,Pedestrian,50 to 54,Minor,Other,NULL,1,0,1,0,0,0,0,0,0,1,0,0,0,9,940,Clear,Daylight,-79.2801,43.828
1288672,7325,Driver,65 to 69,Major,"Automobile, Station Wagon",Going Ahead,0,1,1,0,0,0,0,0,0,1,0,0,0,13,1327,Clear,Daylight,-79.4063,43.69
1288672,7326,Cyclist,35 to 39,Minimal,Bicycle,Going Ahead,0,1,1,0,0,0,0,0,0,1,0,0,0,13,1327,Clear,Daylight,-79.4063,43.69
1290476,7704,Driver,70 to 74,None,Taxi,Going Ahead,1,0,1,0,0,0,0,0,1,1,0,0,0,15,1505,Clear,Daylight,-79.3538,43.6704
1290476,7705,Driver,45 to 49,None,"Automobile, Station Wagon",Changing Lanes,1,0,1,0,0,0,0,0,1,1,0,0,0,15,1505,Clear,Daylight,-79.3538,43.6704
1290476,7707,Pedestrian,45 to 49,Major,Other,NULL,1,0,1,0,0,0,0,0,1,1,0,0,0,15,1505,Clear,Daylight,-79.3538,43.6704
1291380,8990,Driver,65 to 69,None,"Automobile, Station Wagon",Going Ahead,1,0,1,0,0,0,0,0,0,0,0,0,0,21,2108,Clear,Dark,-79.2514,43.7721
1291380,8991,Pedestrian,40 to 44,Major,Other,NULL,1,0,1,0,0,0,0,0,0,0,0,0,0,21,2108,Clear,Dark,-79.2514,43.7721
1293309,8607,Truck Driver,25 to 29,None,Truck - Open,Going Ahead,0,0,1,0,1,0,0,1,0,1,1,0,0,15,1528,Other,Daylight,-79.5683,43.7522
1293309,8608,Passenger,10 to 14,Major,Other,NULL,0,0,1,0,1,0,0,1,0,1,1,0,0,15,1528,Other,Daylight,-79.5683,43.7522
1293309,8610,Driver,20 to 24,Minor,"Automobile, Station Wagon",Turning Left,0,0,1,0,1,0,0,1,0,1,1,0,0,15,1528,Other,Daylight,-79.5683,43.7522
1293945,8619,Passenger,80 to 84,Minor,Other,NULL,0,0,1,0,0,0,0,1,0,1,0,0,0,21,2133,Clear,"Dark, artificial",-79.4384,43.7554
1293945,8620,Driver,80 to 84,Major,"Automobile, Station Wagon",Turning Left,0,0,1,0,0,0,0,1,0,1,0,0,0,21,2133,Clear,"Dark, artificial",-79.4384,43.7554
1293945,8621,Driver,20 to 24,Minimal,"Automobile, Station Wagon",Going Ahead,0,0,1,0,0,0,0,1,0,1,0,0,0,21,2133,Clear,"Dark, artificial",-79.4384,43.7554
1294470,8625,Driver,60 to 64,None,"Automobile, Station Wagon",Turning Right,0,1,1,0,0,0,0,0,0,1,0,0,0,13,1320,Clear,Daylight,-79.5466,43.6676
1294470,8626,Cyclist,50 to 54,Major,Bicycle,Going Ahead,0,1,1,0,0,0,0,0,0,1,0,0,0,13,1320,Clear,Daylight,-79.5466,43.6676
1295331,8730,Driver,40 to 44,None,"Automobile, Station Wagon",Reversing,1,0,1,0,0,0,0,0,0,0,0,0,0,13,1330,Clear,Daylight,-79.4953,43.6496
1295331,8731,Pedestrian,90 to 94,Major,Other,NULL,1,0,1,0,0,0,0,0,0,0,0,0,0,13,1330,Clear,Daylight,-79.4953,43.6496
1295374,8728,Driver,45 to 49,None,"Automobile, Station Wagon",Turning Right,1,0,1,0,0,0,0,0,0,0,0,0,0,17,1655,Clear,Daylight,-79.3049,43.6874
1295374,8729,Pedestrian,70 to 74,Major,Other,NULL,1,0,1,0,0,0,0,0,0,0,0,0,0,17,1655,Clear,Daylight,-79.3049,43.6874
1295424,8734,Motorcycle Driver,25 to 29,Major,Motorcycle,Slowing or Stopping,0,0,1,1,0,0,0,0,0,0,0,0,0,17,1700,Clear,Daylight,-79.2756,43.7719
1295424,8735,Driver,30 to 34,None,"Automobile, Station Wagon",Stopped,0,0,1,1,0,0,0,0,0,0,0,0,0,17,1700,Clear,Daylight,-79.2756,43.7719
1295588,8736,Driver,45 to 49,Minimal,"Automobile, Station Wagon",Going Ahead,0,0,1,0,0,0,0,0,0,0,0,1,0,5,510,Drifting Snow,"Dark, artificial",-79.2689,43.8112
1295588,8738,Driver,35 to 39,Major,"Automobile, Station Wagon",Going Ahead,0,0,1,0,0,0,0,0,0,0,0,1,0,5,510,Drifting Snow,"Dark, artificial",-79.2689,43.8112
1296056,8104,Driver,30 to 34,None,"Automobile, Station Wagon",Turning Left,1,0,1,0,0,0,0,0,0,1,0,0,0,10,1010,Clear,Daylight,-79.3327,43.6626
1296056,8111,Pedestrian,75 to 79,Major,Other,NULL,1,0,1,0,0,0,0,0,0,1,0,0,0,10,1010,Clear,Daylight,-79.3327,43.6626
1299089,8968,Driver,30 to 34,Major,"Automobile, Station Wagon",Going Ahead,0,0,1,0,0,0,0,0,0,0,0,0,0,3,250,Rain,"Dark, artificial",-79.4684,43.6723
1300754,8998,Driver,20 to 24,None,"Automobile, Station Wagon",Turning Left,1,0,1,0,0,0,0,0,0,1,0,0,0,15,1530,Rain,Daylight,-79.4439,43.6801
1300754,8999,Pedestrian,20 to 24,Major,Other,NULL,1,0,1,0,0,0,0,0,0,1,0,0,0,15,1530,Rain,Daylight,-79.4439,43.6801
1301011,8087,Driver,35 to 39,None,"Automobile, Station Wagon",Turning Right,0,1,1,0,0,0,0,0,0,0,0,0,0,8,845,Clear,Daylight,-79.3064,43.7135
1301011,8116,Cyclist,50 to 54,Major,Bicycle,Going Ahead,0,1,1,0,0,0,0,0,0,0,0,0,0,8,845,Clear,Daylight,-79.3064,43.7135
1301640,8258,Driver,45 to 49,None,Municipal Transit Bus (TTC),Changing Lanes,1,0,0,0,0,1,0,0,0,0,0,0,0,10,1030,Clear,Daylight,-79.4443,43.6812
1301640,8259,Pedestrian,65 to 69,Major,Other,NULL,1,0,0,0,0,1,0,0,0,0,0,0,0,10,1030,Clear,Daylight,-79.4443,43.6812
1302226,8110,Pedestrian,50 to 54,Major,Other,NULL,1,0,1,0,0,0,0,0,0,1,0,0,0,19,1940,Clear,Daylight,-79.3276,43.7606
1302226,8012,Driver,30 to 34,None,"Automobile, Station Wagon",Turning Left,1,0,1,0,0,0,0,0,0,1,0,0,0,19,1940,Clear,Daylight,-79.3276,43.7606
1303894,8635,Driver,30 to 34,Major,"Automobile, Station Wagon",Going Ahead,0,0,1,0,0,0,0,0,0,1,0,0,0,18,1835,Clear,Daylight,-79.3551,43.6576
1303894,8637,Driver,60 to 64,Major,"Automobile, Station Wagon",Turning Left,0,0,1,0,0,0,0,0,0,1,0,0,0,18,1835,Clear,Daylight,-79.3551,43.6576
1304055,8318,Driver,20 to 24,None,"Automobile, Station Wagon",Going Ahead,1,0,1,0,0,0,0,0,0,0,0,0,0,22,2151,Clear,"Dark, artificial",-79.2489,43.7364
1304055,8319,Pedestrian,45 to 49,Fatal,Other,NULL,1,0,1,0,0,0,0,0,0,0,0,0,0,22,2151,Clear,"Dark, artificial",-79.2489,43.7364
1304816,8650,Driver,75 to 79,None,"Automobile, Station Wagon",Turning Left,1,0,1,0,0,0,0,0,0,1,0,0,0,9,900,Clear,Daylight,-79.3005,43.7197
1304816,8651,Pedestrian,60 to 64,Major,Other,NULL,1,0,1,0,0,0,0,0,0,1,0,0,0,9,900,Clear,Daylight,-79.3005,43.7197
1304934,8638,Driver,30 to 34,None,"Automobile, Station Wagon",Changing Lanes,0,1,1,0,0,0,0,0,0,0,0,0,0,14,1427,Clear,Daylight,-79.3616,43.6702
1304934,8639,Cyclist,60 to 64,Major,Bicycle,Merging,0,1,1,0,0,0,0,0,0,0,0,0,0,14,1427,Clear,Daylight,-79.3616,43.6702
1305291,8107,Driver,70 to 74,None,"Automobile, Station Wagon",Reversing,0,1,1,0,0,0,0,0,0,0,0,0,0,12,1218,Clear,Daylight,-79.3587,43.7266
1305291,8113,Cyclist,50 to 54,Major,Bicycle,Going Ahead,0,1,1,0,0,0,0,0,0,0,0,0,0,12,1218,Clear,Daylight,-79.3587,43.7266
1305359,8473,Passenger,unknown,None,Other,NULL,0,1,1,0,0,0,0,1,0,0,0,0,0,17,1725,Clear,Daylight,-79.4353,43.6598
1305359,8474,Passenger,unknown,None,Other,NULL,0,1,1,0,0,0,0,1,0,0,0,0,0,17,1725,Clear,Daylight,-79.4353,43.6598
1305359,8476,Driver,50 to 54,None,"Automobile, Station Wagon",Stopped,0,1,1,0,0,0,0,1,0,0,0,0,0,17,1725,Clear,Daylight,-79.4353,43.6598
1305359,8477,Cyclist,35 to 39,Major,Bicycle,Going Ahead,0,1,1,0,0,0,0,1,0,0,0,0,0,17,1725,Clear,Daylight,-79.4353,43.6598
1307456,8373,Pedestrian,60 to 64,Fatal,Other,NULL,1,0,1,0,0,0,0,0,0,0,0,0,0,12,1224,Clear,Daylight,-79.5967,43.72
1307456,8372,Driver,30 to 34,None,"Automobile, Station Wagon",Going Ahead,1,0,1,0,0,0,0,0,0,0,0,0,0,12,1224,Clear,Daylight,-79.5967,43.72
1309317,8316,Driver,60 to 64,Major,"Automobile, Station Wagon",Going Ahead,0,0,1,0,0,0,0,0,0,1,1,0,0,14,1442,Clear,Daylight,-79.3857,43.8055
1309317,8317,Driver,30 to 34,Minor,"Automobile, Station Wagon",Going Ahead,0,0,1,0,0,0,0,0,0,1,1,0,0,14,1442,Clear,Daylight,-79.3857,43.8055
1310839,8554,Driver,15 to 19,Major,"Automobile, Station Wagon",Going Ahead,0,0,1,0,0,0,0,0,0,1,1,0,0,9,855,Clear,Daylight,-79.2762,43.7532
1310839,8555,Driver,30 to 34,Minor,"Automobile, Station Wagon",Turning Left,0,0,1,0,0,0,0,0,0,1,1,0,0,9,855,Clear,Daylight,-79.2762,43.7532
1311482,8339,Driver,30 to 34,Major,Other,Going Ahead,0,0,1,0,0,0,0,0,0,1,0,0,0,12,1239,Clear,Daylight,-79.2679,43.7594
1311482,8450,Driver,55 to 59,Major,"Automobile, Station Wagon",Changing Lanes,0,0,1,0,0,0,0,0,0,1,0,0,0,12,1239,Clear,Daylight,-79.2679,43.7594
1311482,8456,Driver,35 to 39,None,"Automobile, Station Wagon",Stopped,0,0,1,0,0,0,0,0,0,1,0,0,0,12,1239,Clear,Daylight,-79.2679,43.7594
1311500,8331,Driver,45 to 49,Minimal,"Automobile, Station Wagon",Stopped,0,0,1,0,0,1,0,0,0,0,0,0,0,11,1140,Clear,Daylight,-79.3781,43.6518
1252312,7404,Passenger,40 to 44,Minor,Other,NULL,0,0,1,0,0,0,0,1,0,0,0,0,0,19,1925,Clear,Daylight,-79.4554,43.6431
1252312,7405,Driver,40 to 44,Minor,"Automobile, Station Wagon",Stopped,0,0,1,0,0,0,0,1,0,0,0,0,0,19,1925,Clear,Daylight,-79.4554,43.6431
1252312,7407,Driver,30 to 34,None,"Automobile, Station Wagon",Going Ahead,0,0,1,0,0,0,0,1,0,0,0,0,0,19,1925,Clear,Daylight,-79.4554,43.6431
1257392,7780,Driver,35 to 39,Major,"Automobile, Station Wagon",Going Ahead,0,0,1,0,0,0,0,0,0,0,0,1,0,1,137,Clear,Dark,-79.4826,43.6878
1257392,7782,Driver,45 to 49,Minimal,"Automobile, Station Wagon",Stopped,0,0,1,0,0,0,0,0,0,0,0,1,0,1,137,Clear,Dark,-79.4826,43.6878
1257517,7633,Pedestrian,40 to 44,Major,Other,NULL,1,0,1,0,0,0,0,0,0,0,0,0,0,8,829,Clear,Daylight,-79.4224,43.7208
1257517,7634,Driver,40 to 44,None,"Automobile, Station Wagon",Turning Left,1,0,1,0,0,0,0,0,0,0,0,0,0,8,829,Clear,Daylight,-79.4224,43.7208
1258189,7445,Passenger,20 to 24,Minor,Other,NULL,0,0,1,0,0,0,0,1,0,0,0,0,0,5,540,Clear,"Dark, artificial",-79.2965,43.8012
1258189,7446,Driver,25 to 29,Fatal,"Automobile, Station Wagon",Going Ahead,0,0,1,0,0,0,0,1,0,0,0,0,0,5,540,Clear,"Dark, artificial",-79.2965,43.8012
1259893,7483,Driver,55 to 59,None,"Automobile, Station Wagon",Going Ahead,1,0,1,0,0,0,0,0,0,1,0,0,0,19,1946,Rain,Dark,-79.295,43.7742
1259893,7484,Pedestrian,40 to 44,Major,Other,NULL,1,0,1,0,0,0,0,0,0,1,0,0,0,19,1946,Rain,Dark,-79.295,43.7742
1259893,7485,Pedestrian,45 to 49,Major,Other,NULL,1,0,1,0,0,0,0,0,0,1,0,0,0,19,1946,Rain,Dark,-79.295,43.7742
1260759,7501,Driver,unknown,None,"Automobile, Station Wagon",Going Ahead,1,0,1,0,0,0,0,0,0,0,0,0,0,15,1515,Clear,Daylight,-79.3289,43.6635
1260759,7502,Pedestrian,55 to 59,Major,Other,NULL,1,0,1,0,0,0,0,0,0,0,0,0,0,15,1515,Clear,Daylight,-79.3289,43.6635
1261370,7180,Pedestrian,25 to 29,Major,Other,NULL,1,0,1,0,0,0,0,0,0,1,0,0,0,18,1830,Clear,Daylight,-79.3855,43.646
1261370,7179,Driver,40 to 44,None,"Automobile, Station Wagon",Turning Left,1,0,1,0,0,0,0,0,0,1,0,0,0,18,1830,Clear,Daylight,-79.3855,43.646
1261497,7495,Driver,40 to 44,None,"Automobile, Station Wagon",Going Ahead,1,0,1,0,0,0,0,0,0,0,0,0,0,11,1127,Clear,Daylight,-79.3815,43.6579
1261497,7496,Pedestrian,45 to 49,Major,Other,NULL,1,0,1,0,0,0,0,0,0,0,0,0,0,11,1127,Clear,Daylight,-79.3815,43.6579
1261536,7195,Driver,25 to 29,Major,"Automobile, Station Wagon",Going Ahead,0,0,1,0,0,0,0,0,0,0,0,0,0,20,2000,Clear,Dark,-79.3373,43.6549
1261536,7196,Driver,30 to 34,None,"Automobile, Station Wagon",Stopped,0,0,1,0,0,0,0,0,0,0,0,0,0,20,2000,Clear,Dark,-79.3373,43.6549
1261536,7198,Driver,65 to 69,None,"Automobile, Station Wagon",Turning Left,0,0,1,0,0,0,0,0,0,0,0,0,0,20,2000,Clear,Dark,-79.3373,43.6549
1264639,7967,Driver,15 to 19,None,"Automobile, Station Wagon",Going Ahead,1,0,1,0,0,0,0,0,0,0,0,0,0,17,1735,Clear,Dark,-79.3345,43.7104
1264639,7968,Pedestrian,30 to 34,Major,Other,NULL,1,0,1,0,0,0,0,0,0,0,0,0,0,17,1735,Clear,Dark,-79.3345,43.7104
1264639,7969,Pedestrian,10 to 14,Major,Other,NULL,1,0,1,0,0,0,0,0,0,0,0,0,0,17,1735,Clear,Dark,-79.3345,43.7104
1267111,7545,Driver,25 to 29,Major,"Automobile, Station Wagon",Going Ahead,0,0,1,0,0,0,0,0,0,0,0,0,0,3,312,Clear,"Dark, artificial",-79.4108,43.7615
1267111,7645,Driver,unknown,None,"Automobile, Station Wagon",Turning Right,0,0,1,0,0,0,0,0,0,0,0,0,0,3,312,Clear,"Dark, artificial",-79.4108,43.7615
1267990,7624,Truck Driver,45 to 49,None,Truck - Open,Stopped,0,0,0,0,1,0,0,1,0,0,0,0,0,17,1700,Clear,Daylight,-79.3267,43.6639
1267990,7625,Passenger,15 to 19,Major,Other,NULL,0,0,0,0,1,0,0,1,0,0,0,0,0,17,1700,Clear,Daylight,-79.3267,43.6639
1267990,7626,Driver,15 to 19,Minimal,Other,Going Ahead,0,0,0,0,1,0,0,1,0,0,0,0,0,17,1700,Clear,Daylight,-79.3267,43.6639
1269753,7441,Driver,25 to 29,None,"Automobile, Station Wagon",Turning Right,1,0,1,0,0,0,0,0,0,1,0,0,0,17,1659,Clear,Daylight,-79.4748,43.6949
1269753,7442,Pedestrian,25 to 29,Major,Other,NULL,1,0,1,0,0,0,0,0,0,1,0,0,0,17,1659,Clear,Daylight,-79.4748,43.6949
1269951,7492,Driver,50 to 54,None,"Automobile, Station Wagon",Going Ahead,1,0,1,0,0,0,0,0,0,0,0,0,0,5,535,Rain,Dusk,-79.377,43.6564
1269951,7493,Pedestrian,40 to 44,Major,Other,NULL,1,0,1,0,0,0,0,0,0,0,0,0,0,5,535,Rain,Dusk,-79.377,43.6564
1273068,7758,Driver,30 to 34,None,"Automobile, Station Wagon",Turning Left,0,1,1,0,0,0,0,0,0,1,0,0,0,17,1700,Clear,Daylight,-79.4316,43.6606
1273068,7832,Cyclist,50 to 54,Major,Bicycle,Going Ahead,0,1,1,0,0,0,0,0,0,1,0,0,0,17,1700,Clear,Daylight,-79.4316,43.6606
1273336,7643,Pedestrian,45 to 49,Major,Other,NULL,1,0,1,0,0,0,0,0,0,1,0,0,0,7,712,Clear,Dawn,-79.5085,43.7209
1273336,7549,Driver,65 to 69,None,"Automobile, Station Wagon",Turning Right,1,0,1,0,0,0,0,0,0,1,0,0,0,7,712,Clear,Dawn,-79.5085,43.7209
1274299,7952,Driver,75 to 79,Major,"Automobile, Station Wagon",Going Ahead,0,0,1,0,0,0,0,0,0,0,0,0,0,14,1355,Clear,Daylight,-79.4812,43.6835
1274299,7953,Driver,55 to 59,Major,"Automobile, Station Wagon",Making U Turn,0,0,1,0,0,0,0,0,0,0,0,0,0,14,1355,Clear,Daylight,-79.4812,43.6835
1278852,7294,Driver,45 to 49,None,"Automobile, Station Wagon",Stopped,0,0,1,0,0,0,0,1,0,1,0,0,0,23,2258,Clear,Dark,-79.5118,43.6207
1278852,7295,Passenger,20 to 24,Major,Other,NULL,0,0,1,0,0,0,0,1,0,1,0,0,0,23,2258,Clear,Dark,-79.5118,43.6207
1278852,7296,Driver,35 to 39,None,"Automobile, Station Wagon",Going Ahead,0,0,1,0,0,0,0,1,0,1,0,0,0,23,2258,Clear,Dark,-79.5118,43.6207
1278852,7297,Driver,25 to 29,None,"Automobile, Station Wagon",Stopped,0,0,1,0,0,0,0,1,0,1,0,0,0,23,2258,Clear,Dark,-79.5118,43.6207
1278852,7300,Driver,25 to 29,None,"Automobile, Station Wagon",Slowing or Stopping,0,0,1,0,0,0,0,1,0,1,0,0,0,23,2258,Clear,Dark,-79.5118,43.6207
1279218,7290,Driver,unknown,None,"Automobile, Station Wagon",Turning Left,1,0,1,0,0,0,0,0,0,1,0,0,0,21,2130,Rain,"Dusk, artificial",-79.3498,43.6588
1279218,7291,Pedestrian,40 to 44,Major,Other,NULL,1,0,1,0,0,0,0,0,0,1,0,0,0,21,2130,Rain,"Dusk, artificial",-79.3498,43.6588
1279220,7292,Driver,unknown,None,"Automobile, Station Wagon",Going Ahead,1,0,1,0,0,0,0,0,0,0,0,0,0,18,1800,Clear,"Dark, artificial",-79.3525,43.6654
1279220,7293,Pedestrian,50 to 54,Major,Other,NULL,1,0,1,0,0,0,0,0,0,0,0,0,0,18,1800,Clear,"Dark, artificial",-79.3525,43.6654
1281294,7318,Driver,unknown,None,"Automobile, Station Wagon",Turning Left,1,0,1,0,0,0,0,0,0,1,0,0,0,6,630,Clear,"Dark, artificial",-79.3168,43.8213
1281294,7319,Pedestrian,55 to 59,Major,Other,NULL,1,0,1,0,0,0,0,0,0,1,0,0,0,6,630,Clear,"Dark, artificial",-79.3168,43.8213
1282294,7719,Passenger,25 to 29,None,Other,NULL,1,0,1,0,0,0,0,1,0,0,0,0,0,24,2356,Clear,"Dark, artificial",-79.4379,43.7534
1282294,7721,Driver,25 to 29,None,"Automobile, Station Wagon",Going Ahead,1,0,1,0,0,0,0,1,0,0,0,0,0,24,2356,Clear,"Dark, artificial",-79.4379,43.7534
1282294,7722,Pedestrian,20 to 24,Major,Other,NULL,1,0,1,0,0,0,0,1,0,0,0,0,0,24,2356,Clear,"Dark, artificial",-79.4379,43.7534
1282698,7233,Driver,40 to 44,None,"Automobile, Station Wagon",Stopped,1,0,1,0,0,0,0,0,0,0,0,0,0,19,1945,Clear,"Dark, artificial",-79.384,43.6462
1282698,7234,Pedestrian,20 to 24,Major,Other,NULL,1,0,1,0,0,0,0,0,0,0,0,0,0,19,1945,Clear,"Dark, artificial",-79.384,43.6462
1282698,7232,Driver,40 to 44,None,"Automobile, Station Wagon",Going Ahead,1,0,1,0,0,0,0,0,0,0,0,0,0,19,1945,Clear,"Dark, artificial",-79.384,43.6462
1288905,7323,Driver,30 to 34,None,"Automobile, Station Wagon",Turning Left,1,0,1,0,0,0,0,0,0,0,0,0,0,10,1016,Clear,Daylight,-79.3985,43.7079
1288905,7324,Pedestrian,70 to 74,Major,Other,NULL,1,0,1,0,0,0,0,0,0,0,0,0,0,10,1016,Clear,Daylight,-79.3985,43.7079
1288937,7676,Driver,50 to 54,None,"Automobile, Station Wagon",Turning Left,1,0,1,0,0,0,0,0,0,1,0,0,0,15,1542,Clear,Daylight,-79.2773,43.8057
1288937,7677,Pedestrian,50 to 54,Major,Other,NULL,1,0,1,0,0,0,0,0,0,1,0,0,0,15,1542,Clear,Daylight,-79.2773,43.8057
1289541,7666,Driver,55 to 59,Minor,"Automobile, Station Wagon",Going Ahead,0,0,1,0,0,0,0,1,1,1,0,0,0,3,305,Snow,"Dark, artificial",-79.3267,43.7226
1289541,7667,Passenger,25 to 29,Major,Other,NULL,0,0,1,0,0,0,0,1,1,1,0,0,0,3,305,Snow,"Dark, artificial",-79.3267,43.7226
1289541,7668,Driver,25 to 29,Minor,"Automobile, Station Wagon",Going Ahead,0,0,1,0,0,0,0,1,1,1,0,0,0,3,305,Snow,"Dark, artificial",-79.3267,43.7226
1289975,8955,Motorcycle Driver,25 to 29,Major,Motorcycle,Going Ahead,0,0,1,1,0,0,0,0,0,1,0,0,0,14,1434,Clear,Daylight,-79.2176,43.7981
1289975,8957,Driver,30 to 34,None,"Automobile, Station Wagon",Turning Left,0,0,1,1,0,0,0,0,0,1,0,0,0,14,1434,Clear,Daylight,-79.2176,43.7981
1290282,8973,Passenger,unknown,Major,Other,Other,0,0,1,0,0,0,0,1,0,0,0,0,0,4,412,Clear,"Dark, artificial",-79.5529,43.6766
1319584,8797,Cyclist,20 to 24,Major,Bicycle,Overtaking,0,1,1,0,0,0,0,0,0,0,0,0,0,1,115,Clear,"Dark, artificial",-79.4064,43.6566
1320320,8815,Pedestrian,25 to 29,Major,Other,NULL,1,0,1,0,0,0,0,0,0,0,0,0,0,13,1345,Rain,Daylight,-79.3605,43.7986
1320320,8816,Driver,25 to 29,None,"Automobile, Station Wagon",Going Ahead,1,0,1,0,0,0,0,0,0,0,0,0,0,13,1345,Rain,Daylight,-79.3605,43.7986
1320520,8817,Motorcycle Driver,35 to 39,Major,Motorcycle,Turning Left,0,0,1,1,0,0,0,1,0,1,0,0,0,14,1438,Clear,Daylight,-79.4919,43.7244
1320520,8818,Passenger,20 to 24,Minimal,Other,NULL,0,0,1,1,0,0,0,1,0,1,0,0,0,14,1438,Clear,Daylight,-79.4919,43.7244
1320520,8819,Driver,40 to 44,Minimal,"Automobile, Station Wagon",Going Ahead,0,0,1,1,0,0,0,1,0,1,0,0,0,14,1438,Clear,Daylight,-79.4919,43.7244
1321792,8902,Driver,50 to 54,None,"Automobile, Station Wagon",Going Ahead,1,0,1,0,0,0,0,0,0,0,0,0,0,19,1937,Clear,"Dark, artificial",-79.5624,43.6933
1321792,8903,Pedestrian,20 to 24,Major,Other,NULL,1,0,1,0,0,0,0,0,0,0,0,0,0,19,1937,Clear,"Dark, artificial",-79.5624,43.6933
1321943,8153,Other,unknown,None,"Automobile, Station Wagon",NULL,1,0,1,0,0,1,0,0,0,0,0,0,0,18,1846,Clear,Dusk,-79.2948,43.8207
1321943,8154,Driver,45 to 49,None,Municipal Transit Bus (TTC),Turning Left,1,0,1,0,0,1,0,0,0,0,0,0,0,18,1846,Clear,Dusk,-79.2948,43.8207
1321943,8155,Pedestrian,65 to 69,Major,Other,NULL,1,0,1,0,0,1,0,0,0,0,0,0,0,18,1846,Clear,Dusk,-79.2948,43.8207
1322994,8176,Driver,65 to 69,None,"Automobile, Station Wagon",Going Ahead,1,0,1,0,0,0,0,0,0,0,0,0,0,9,853,Clear,Daylight,-79.4297,43.7192
1322994,8177,Pedestrian,25 to 29,Major,Other,NULL,1,0,1,0,0,0,0,0,0,0,0,0,0,9,853,Clear,Daylight,-79.4297,43.7192
1324513,8036,Passenger,35 to 39,None,Other,NULL,0,1,1,0,0,0,0,1,0,0,0,0,0,14,1437,Clear,Daylight,-79.3862,43.65
1324513,8037,Cyclist,55 to 59,Fatal,Bicycle,Going Ahead,0,1,1,0,0,0,0,1,0,0,0,0,0,14,1437,Clear,Daylight,-79.3862,43.65
1324513,8035,Driver,30 to 34,None,"Automobile, Station Wagon",Going Ahead,0,1,1,0,0,0,0,1,0,0,0,0,0,14,1437,Clear,Daylight,-79.3862,43.65
1324915,8191,Driver,50 to 54,None,"Automobile, Station Wagon",Turning Left,1,0,1,0,0,0,0,0,0,1,0,0,0,10,953,Clear,Daylight,-79.3897,43.6465
1324915,8192,Pedestrian,35 to 39,Major,Other,NULL,1,0,1,0,0,0,0,0,0,1,0,0,0,10,953,Clear,Daylight,-79.3897,43.6465
1324964,8194,Driver,20 to 24,None,"Automobile, Station Wagon",Going Ahead,0,1,1,0,0,0,0,0,0,1,0,0,0,13,1322,Clear,Daylight,-79.4116,43.7117
1324964,8195,Moped Driver,25 to 29,Major,Moped,Going Ahead,0,1,1,0,0,0,0,0,0,1,0,0,0,13,1322,Clear,Daylight,-79.4116,43.7117