ACCNUM,ObjectId,INVTYPE,INVAGE,INJURY,VEHTYPE,MANOEUVER,PEDESTRIAN,CYCLIST,AUTOMOBILE,MOTORCYCLE,TRUCK,TRSN_CITY_VEH,EMERG_VEH,PASSENGER,SPEEDING,AG_DRIV,REDLIGHT,ALCOHOL,DISABILITY,HOUR,TIME,VISIBILITY,LIGHT,collision_lat,collision_long
1326621,8227,Driver,25 to 29,None,"Automobile, Station Wagon",Turning Left,0,1,1,0,0,0,0,0,0,1,0,0,0,6,617,Clear,"Dark, artificial",-79.5058,43.7091
1326621,8228,Cyclist,30 to 34,Major,Bicycle,Going Ahead,0,1,1,0,0,0,0,0,0,1,0,0,0,6,617,Clear,"Dark, artificial",-79.5058,43.7091
1326953,8038,Driver,unknown,None,"Automobile, Station Wagon",Unknown,0,1,1,0,0,0,0,0,0,0,0,0,0,19,1853,Clear,Dark,-79.3283,43.6592
1326953,8039,Cyclist,45 to 49,Major,Bicycle,Going Ahead,0,1,1,0,0,0,0,0,0,0,0,0,0,19,1853,Clear,Dark,-79.3283,43.6592
1327123,8075,Driver,75 to 79,Major,"Automobile, Station Wagon",Going Ahead,0,0,1,0,0,0,0,0,0,0,0,0,0,17,1705,Clear,Dark,-79.4987,43.6844
1327123,8076,Driver,35 to 39,None,"Automobile, Station Wagon",Stopped,0,0,1,0,0,0,0,0,0,0,0,0,0,17,1705,Clear,Dark,-79.4987,43.6844
1327123,8077,Driver,65 to 69,None,"Automobile, Station Wagon",Going Ahead,0,0,1,0,0,0,0,0,0,0,0,0,0,17,1705,Clear,Dark,-79.4987,43.6844
1327859,8858,Driver,35 to 39,None,"Automobile, Station Wagon",Going Ahead,1,0,1,0,0,0,0,0,0,0,0,0,0,7,715,Clear,Daylight,-79.2462,43.7733
1327859,8859,Pedestrian,35 to 39,Major,Other,NULL,1,0,1,0,0,0,0,0,0,0,0,0,0,7,715,Clear,Daylight,-79.2462,43.7733
1327908,8096,Driver,30 to 34,Major,"Automobile, Station Wagon",Going Ahead,0,0,1,0,0,0,0,0,1,1,0,0,0,2,230,Clear,"Dark, artificial",-79.5268,43.7011
1329059,9938,Driver,85 to 89,None,"Automobile, Station Wagon",Going Ahead,1,0,1,0,0,0,0,0,0,1,0,0,0,15,1507,Clear,Daylight,-79.4143,43.7286
1329059,9939,Pedestrian,85 to 89,Fatal,Other,NULL,1,0,1,0,0,0,0,0,0,1,0,0,0,15,1507,Clear,Daylight,-79.4143,43.7286
1329595,8922,Pedestrian,55 to 59,Major,Other,NULL,1,0,1,0,0,0,0,0,0,1,0,0,0,22,2210,Rain,"Dark, artificial",-79.3535,43.7743
1329595,8923,Driver,35 to 39,None,"Automobile, Station Wagon",Turning Left,1,0,1,0,0,0,0,0,0,1,0,0,0,22,2210,Rain,"Dark, artificial",-79.3535,43.7743
1331518,8914,Passenger,20 to 24,Minor,NULL,NULL,0,0,1,0,0,0,0,1,0,1,0,0,0,19,1900,Rain,"Dark, artificial",-79.2572,43.7873
1331518,8915,Passenger,35 to 39,Minor,NULL,NULL,0,0,1,0,0,0,0,1,0,1,0,0,0,19,1900,Rain,"Dark, artificial",-79.2572,43.7873
1331518,8916,Driver,20 to 24,Minimal,"Automobile, Station Wagon",Going Ahead,0,0,1,0,0,0,0,1,0,1,0,0,0,19,1900,Rain,"Dark, artificial",-79.2572,43.7873
1331518,8911,Passenger,50 to 54,Minor,NULL,NULL,0,0,1,0,0,0,0,1,0,1,0,0,0,19,1900,Rain,"Dark, artificial",-79.2572,43.7873
1331518,8912,Passenger,75 to 79,Major,NULL,NULL,0,0,1,0,0,0,0,1,0,1,0,0,0,19,1900,Rain,"Dark, artificial",-79.2572,43.7873
1331518,8913,Driver,70 to 74,Minor,"Automobile, Station Wagon",Turning Left,0,0,1,0,0,0,0,1,0,1,0,0,0,19,1900,Rain,"Dark, artificial",-79.2572,43.7873
1333337,9480,Driver,50 to 54,None,"Automobile, Station Wagon",Going Ahead,1,0,1,0,0,0,0,0,0,0,0,0,0,19,1915,Clear,"Dark, artificial",-79.319,43.7001
1333337,9481,Pedestrian,30 to 34,Major,Other,NULL,1,0,1,0,0,0,0,0,0,0,0,0,0,19,1915,Clear,"Dark, artificial",-79.319,43.7001
1334928,9505,Driver,35 to 39,None,Municipal Transit Bus (TTC),Turning Right,0,0,1,0,0,1,0,0,1,1,1,0,0,19,1851,Clear,Dark,-79.215,43.8187
1334928,9506,Driver,70 to 74,Fatal,"Automobile, Station Wagon",Going Ahead,0,0,1,0,0,1,0,0,1,1,1,0,0,19,1851,Clear,Dark,-79.215,43.8187
1338034,9942,Driver,25 to 29,None,"Automobile, Station Wagon",Going Ahead,1,0,1,0,0,0,0,0,0,0,0,0,0,1,50,Clear,Dark,-79.4082,43.6518
1338034,9943,Pedestrian,35 to 39,Major,Other,NULL,1,0,1,0,0,0,0,0,0,0,0,0,0,1,50,Clear,Dark,-79.4082,43.6518
1339123,9981,Driver,35 to 39,None,"Automobile, Station Wagon",Turning Left,1,0,1,0,0,0,0,0,0,1,0,0,0,5,535,Clear,Dark,-79.3808,43.6414
1339123,9982,Pedestrian,45 to 49,Major,Other,NULL,1,0,1,0,0,0,0,0,0,1,0,0,0,5,535,Clear,Dark,-79.3808,43.6414
1340006,9109,Driver,50 to 54,Major,"Automobile, Station Wagon",Going Ahead,0,0,1,0,0,0,0,1,0,1,1,0,0,1,50,Rain,"Dark, artificial",-79.2417,43.7743
1340006,10000,Passenger,20 to 24,Minor,Other,NULL,0,0,1,0,0,0,0,1,0,1,1,0,0,1,50,Rain,"Dark, artificial",-79.2417,43.7743
1340006,9222,Driver,15 to 19,None,"Automobile, Station Wagon",Going Ahead,0,0,1,0,0,0,0,1,0,1,1,0,0,1,50,Rain,"Dark, artificial",-79.2417,43.7743
1340591,9773,Driver,45 to 49,Major,"Automobile, Station Wagon",Going Ahead,0,1,1,0,0,0,0,0,0,1,1,0,0,16,1626,Clear,Daylight,-79.3996,43.648
1340591,9775,Driver,20 to 24,Minimal,"Automobile, Station Wagon",Going Ahead,0,1,1,0,0,0,0,0,0,1,1,0,0,16,1626,Clear,Daylight,-79.3996,43.648
1340591,9777,Cyclist,20 to 24,Major,Bicycle,Stopped,0,1,1,0,0,0,0,0,0,1,1,0,0,16,1626,Clear,Daylight,-79.3996,43.648
1340810,9781,Driver,30 to 34,None,"Automobile, Station Wagon",Going Ahead,0,0,1,0,0,0,0,0,0,1,0,0,0,8,838,Clear,Daylight,-79.237,43.8142
1340810,9782,Driver,40 to 44,Major,"Automobile, Station Wagon",Stopped,0,0,1,0,0,0,0,0,0,1,0,0,0,8,838,Clear,Daylight,-79.237,43.8142
1340810,9783,Driver,20 to 24,None,"Automobile, Station Wagon",Turning Left,0,0,1,0,0,0,0,0,0,1,0,0,0,8,838,Clear,Daylight,-79.237,43.8142
1342114,9464,Passenger,30 to 34,Minor,Other,NULL,0,0,1,0,0,0,0,1,0,0,0,0,0,21,2053,Clear,"Dark, artificial",-79.4244,43.6819
1342114,9466,Driver,30 to 34,Major,"Automobile, Station Wagon",Unknown,0,0,1,0,0,0,0,1,0,0,0,0,0,21,2053,Clear,"Dark, artificial",-79.4244,43.6819
1343484,9497,Driver,20 to 24,None,"Automobile, Station Wagon",Going Ahead,1,0,1,0,0,0,0,0,0,1,1,0,0,17,1735,Clear,"Dark, artificial",-79.3814,43.6429
1343484,9499,Pedestrian,45 to 49,Major,Other,NULL,1,0,1,0,0,0,0,0,0,1,1,0,0,17,1735,Clear,"Dark, artificial",-79.3814,43.6429
1343484,9495,Driver,55 to 59,None,"Automobile, Station Wagon",Going Ahead,1,0,1,0,0,0,0,0,0,1,1,0,0,17,1735,Clear,"Dark, artificial",-79.3814,43.6429
1344050,9127,Passenger,15 to 19,Minimal,Other,NULL,0,0,1,0,0,1,0,1,0,0,0,0,0,10,951,Clear,Daylight,-79.4958,43.6101
1344050,9129,Driver,45 to 49,None,Municipal Transit Bus (TTC),Stopped,0,0,1,0,0,1,0,1,0,0,0,0,0,10,951,Clear,Daylight,-79.4958,43.6101
1344050,9130,Driver,50 to 54,Major,"Automobile, Station Wagon",Going Ahead,0,0,1,0,0,1,0,1,0,0,0,0,0,10,951,Clear,Daylight,-79.4958,43.6101
1344369,9500,Driver,40 to 44,None,"Automobile, Station Wagon",Turning Left,1,0,1,0,0,0,0,0,0,1,0,0,0,5,520,Clear,"Dark, artificial",-79.2262,43.7621
1344369,9501,Pedestrian,50 to 54,Major,Other,NULL,1,0,1,0,0,0,0,0,0,1,0,0,0,5,520,Clear,"Dark, artificial",-79.2262,43.7621
1258191,7443,Driver,20 to 24,None,"Automobile, Station Wagon",Going Ahead,1,0,1,0,0,0,0,0,1,1,0,1,0,4,437,Clear,Dark,-79.4127,43.7754
1258191,7444,Pedestrian,25 to 29,Major,Other,NULL,1,0,1,0,0,0,0,0,1,1,0,1,0,4,437,Clear,Dark,-79.4127,43.7754
1258477,7618,Driver,unknown,None,"Automobile, Station Wagon",Going Ahead,1,0,1,0,0,0,0,0,0,1,0,0,0,6,640,Rain,Daylight,-79.5678,43.7141
1258477,7619,Pedestrian,30 to 34,Major,Other,NULL,1,0,1,0,0,0,0,0,0,1,0,0,0,6,640,Rain,Daylight,-79.5678,43.7141
1259578,7825,Driver,unknown,None,"Automobile, Station Wagon",Overtaking,0,1,1,0,0,0,0,0,0,1,0,0,0,21,2128,Clear,Dark,-79.4728,43.6518
1259578,7826,Cyclist,45 to 49,Major,Bicycle,Going Ahead,0,1,1,0,0,0,0,0,0,1,0,0,0,21,2128,Clear,Dark,-79.4728,43.6518
1260146,7498,Passenger,30 to 34,None,Other,NULL,1,0,0,0,1,0,0,1,0,0,0,0,0,6,630,Clear,Dark,-79.3949,43.6454
1260146,7499,Truck Driver,35 to 39,None,Truck - Open,Turning Right,1,0,0,0,1,0,0,1,0,0,0,0,0,6,630,Clear,Dark,-79.3949,43.6454
1260146,7500,Pedestrian,25 to 29,Fatal,Other,NULL,1,0,0,0,1,0,0,1,0,0,0,0,0,6,630,Clear,Dark,-79.3949,43.6454
1261735,7191,Driver,50 to 54,Major,"Automobile, Station Wagon",Going Ahead,0,0,1,0,0,0,0,0,0,1,1,0,0,19,1916,Clear,Dark,-79.4409,43.6729
1261735,7193,Driver,55 to 59,None,"Automobile, Station Wagon",Going Ahead,0,0,1,0,0,0,0,0,0,1,1,0,0,19,1916,Clear,Dark,-79.4409,43.6729
1261735,7194,Driver,55 to 59,None,"Automobile, Station Wagon",Stopped,0,0,1,0,0,0,0,0,0,1,1,0,0,19,1916,Clear,Dark,-79.4409,43.6729
1263122,7148,Cyclist,50 to 54,Major,Bicycle,Going Ahead,0,1,1,0,0,0,0,0,0,0,0,0,0,19,1944,Clear,Daylight,-79.3966,43.693
1263122,7147,Driver,40 to 44,None,"Automobile, Station Wagon",Overtaking,0,1,1,0,0,0,0,0,0,0,0,0,0,19,1944,Clear,Daylight,-79.3966,43.693
1263204,7144,Driver,45 to 49,None,"Automobile, Station Wagon",Turning Right,1,0,1,0,0,0,0,0,0,1,0,0,0,8,803,Clear,Daylight,-79.2972,43.8259
1263204,7146,Pedestrian,45 to 49,Major,Other,NULL,1,0,1,0,0,0,0,0,0,1,0,0,0,8,803,Clear,Daylight,-79.2972,43.8259
1263671,7212,Motorcycle Driver,40 to 44,Minor,Motorcycle,Going Ahead,0,0,1,1,0,0,0,0,0,0,0,0,0,18,1834,Clear,Daylight,-79.2058,43.7753
1263671,7213,Driver,55 to 59,Major,"Automobile, Station Wagon",Going Ahead,0,0,1,1,0,0,0,0,0,0,0,0,0,18,1834,Clear,Daylight,-79.2058,43.7753
1264625,7961,Driver,35 to 39,None,"Automobile, Station Wagon",Slowing or Stopping,0,0,1,0,0,0,0,0,0,1,0,0,0,10,955,Clear,Daylight,-79.4873,43.626
1264625,7962,Driver,35 to 39,Major,"Automobile, Station Wagon",Stopped,0,0,1,0,0,0,0,0,0,1,0,0,0,10,955,Clear,Daylight,-79.4873,43.626
1265429,7547,Pedestrian,85 to 89,Major,Other,NULL,1,0,1,0,0,0,0,0,0,0,0,0,0,14,1400,Clear,Daylight,-79.3858,43.6679
1265429,7552,Driver,50 to 54,None,"Automobile, Station Wagon",Turning Left,1,0,1,0,0,0,0,0,0,0,0,0,0,14,1400,Clear,Daylight,-79.3858,43.6679
1265912,7989,Driver,45 to 49,None,"Automobile, Station Wagon",Slowing or Stopping,1,0,1,0,0,0,0,0,0,0,0,0,0,20,2017,Clear,Dark,-79.5963,43.6867
1265912,7990,Pedestrian,70 to 74,Major,Other,NULL,1,0,1,0,0,0,0,0,0,0,0,0,0,20,2017,Clear,Dark,-79.5963,43.6867
1266347,7575,Driver,25 to 29,None,"Automobile, Station Wagon",Going Ahead,0,1,1,0,0,0,0,0,0,0,0,0,0,22,2233,Clear,"Dark, artificial",-79.4314,43.6496
1266347,7576,Cyclist,20 to 24,Major,Bicycle,Turning Left,0,1,1,0,0,0,0,0,0,0,0,0,0,22,2233,Clear,"Dark, artificial",-79.4314,43.6496
1269088,7749,Driver,unknown,None,"Automobile, Station Wagon",Going Ahead,1,0,1,0,0,0,0,0,0,1,0,0,0,19,1900,Rain,"Dusk, artificial",-79.2511,43.8365
1269088,7831,Pedestrian,25 to 29,Major,Other,NULL,1,0,1,0,0,0,0,0,0,1,0,0,0,19,1900,Rain,"Dusk, artificial",-79.2511,43.8365
1269892,7113,Motorcycle Driver,55 to 59,Major,Motorcycle,Going Ahead,0,0,1,1,0,0,0,0,0,1,0,0,0,12,1154,Clear,Daylight,-79.5075,43.6002
1269892,7116,Driver,75 to 79,Minor,"Automobile, Station Wagon",Turning Left,0,0,1,1,0,0,0,0,0,1,0,0,0,12,1154,Clear,Daylight,-79.5075,43.6002
1271678,7524,Driver,25 to 29,None,"Automobile, Station Wagon",Going Ahead,1,0,1,0,0,0,0,0,0,0,0,0,0,20,2020,Clear,Dark,-79.5819,43.7432
1271678,7525,Pedestrian,50 to 54,Major,Other,NULL,1,0,1,0,0,0,0,0,0,0,0,0,0,20,2020,Clear,Dark,-79.5819,43.7432
1274722,7251,Driver,75 to 79,None,"Automobile, Station Wagon",Reversing,1,0,1,0,0,0,0,0,0,0,0,0,0,21,2110,Clear,"Dark, artificial",-79.3788,43.7796
1274722,7252,Pedestrian,80 to 84,Fatal,Other,NULL,1,0,1,0,0,0,0,0,0,0,0,0,0,21,2110,Clear,"Dark, artificial",-79.3788,43.7796
1276407,7231,Motorcycle Driver,35 to 39,Major,Motorcycle,Going Ahead,0,0,1,1,0,0,0,0,0,1,0,0,0,20,1955,Clear,"Dark, artificial",-79.5193,43.7569
1276407,7334,Driver,35 to 39,None,"Automobile, Station Wagon",Turning Left,0,0,1,1,0,0,0,0,0,1,0,0,0,20,1955,Clear,"Dark, artificial",-79.5193,43.7569
1277329,7280,Vehicle Owner,unknown,None,Other,NULL,0,0,1,0,0,1,0,1,0,1,0,0,0,9,903,Clear,Daylight,-79.5466,43.697
1277329,7281,Driver,60 to 64,None,Municipal Transit Bus (TTC),Stopped,0,0,1,0,0,1,0,1,0,1,0,0,0,9,903,Clear,Daylight,-79.5466,43.697
1277329,7282,Passenger,65 to 69,Fatal,Other,NULL,0,0,1,0,0,1,0,1,0,1,0,0,0,9,903,Clear,Daylight,-79.5466,43.697
1277329,7283,Driver,70 to 74,Minor,"Automobile, Station Wagon",Turning Left,0,0,1,0,0,1,0,1,0,1,0,0,0,9,903,Clear,Daylight,-79.5466,43.697
1277329,7284,Driver,65 to 69,Minor,"Automobile, Station Wagon",Going Ahead,0,0,1,0,0,1,0,1,0,1,0,0,0,9,903,Clear,Daylight,-79.5466,43.697
1277511,7848,Driver,40 to 44,None,"Automobile, Station Wagon",Going Ahead,1,0,1,0,0,0,0,0,0,0,0,0,0,15,1527,Rain,Daylight,-79.437,43.7921
1277511,7849,Pedestrian,5 to 9,Major,Other,NULL,1,0,1,0,0,0,0,0,0,0,0,0,0,15,1527,Rain,Daylight,-79.437,43.7921
1277761,7523,Cyclist,25 to 29,Major,Bicycle,Going Ahead,0,1,1,0,0,0,0,0,0,0,0,0,0,19,1920,Clear,Dark,-79.3778,43.6582
1277761,7519,Other,unknown,None,Other,Parked,0,1,1,0,0,0,0,0,0,0,0,0,0,19,1920,Clear,Dark,-79.3778,43.6582
1277761,7521,Driver,50 to 54,None,"Automobile, Station Wagon",Overtaking,0,1,1,0,0,0,0,0,0,0,0,0,0,19,1920,Clear,Dark,-79.3778,43.6582
1277761,7522,Cyclist,20 to 24,None,Bicycle,Overtaking,0,1,1,0,0,0,0,0,0,0,0,0,0,19,1920,Clear,Dark,-79.3778,43.6582
1277797,7208,Driver,35 to 39,None,"Automobile, Station Wagon",Going Ahead,0,0,1,0,0,0,0,1,0,1,0,0,0,17,1700,Clear,Daylight,-79.2341,43.7539
1277797,7210,Passenger,15 to 19,Minor,Other,NULL,0,0,1,0,0,0,0,1,0,1,0,0,0,17,1700,Clear,Daylight,-79.2341,43.7539
1277797,7211,Driver,20 to 24,Major,"Automobile, Station Wagon",Stopped,0,0,1,0,0,0,0,1,0,1,0,0,0,17,1700,Clear,Daylight,-79.2341,43.7539
1280520,7680,Passenger,85 to 89,Major,Other,NULL,0,0,1,0,0,0,0,1,0,0,0,0,0,11,1100,Clear,Daylight,-79.5522,43.6314
1280520,7681,Driver,65 to 69,Minor,"Automobile, Station Wagon",Turning Left,0,0,1,0,0,0,0,1,0,0,0,0,0,11,1100,Clear,Daylight,-79.5522,43.6314
1280520,7682,Driver,25 to 29,None,"Automobile, Station Wagon",Going Ahead,0,0,1,0,0,0,0,1,0,0,0,0,0,11,1100,Clear,Daylight,-79.5522,43.6314
1281373,7881,Driver,45 to 49,None,"Automobile, Station Wagon",Going Ahead,1,0,1,0,0,0,0,0,0,0,0,0,0,18,1807,Clear,Dark,-79.4709,43.691
1281373,7882,Pedestrian,25 to 29,Major,Other,NULL,1,0,1,0,0,0,0,0,0,0,0,0,0,18,1807,Clear,Dark,-79.4709,43.691
1281688,7894,Passenger,15 to 19,Major,Other,NULL,0,0,1,0,0,0,0,1,0,1,0,0,0,17,1740,Clear,"Dark, artificial",-79.445,43.6829
1281688,7895,Driver,20 to 24,Major,"Automobile, Station Wagon",Going Ahead,0,0,1,0,0,0,0,1,0,1,0,0,0,17,1740,Clear,"Dark, artificial",-79.445,43.6829
1281688,7893,Other,unknown,None,Other,Parked,0,0,1,0,0,0,0,1,0,1,0,0,0,17,1740,Clear,"Dark, artificial",-79.445,43.6829
1282206,7898,Driver,65 to 69,None,"Automobile, Station Wagon",Turning Left,1,0,1,0,0,0,0,0,0,1,0,0,0,17,1740,Rain,Dark,-79.5522,43.6314
1282206,7899,Pedestrian,20 to 24,Major,Other,NULL,1,0,1,0,0,0,0,0,0,1,0,0,0,17,1740,Rain,Dark,-79.5522,43.6314
1283446,8345,Pedestrian,30 to 34,Major,Other,NULL,1,0,0,0,1,0,0,0,0,1,0,0,0,15,1532,Clear,Daylight,-79.2968,43.6706
1283446,8251,Truck Driver,45 to 49,None,Truck - Open,Going Ahead,1,0,0,0,1,0,0,0,0,1,0,0,0,15,1532,Clear,Daylight,-79.2968,43.6706
1284881,8693,Motorcycle Driver,25 to 29,Major,Motorcycle,Going Ahead,0,0,1,1,0,0,0,0,1,1,0,0,0,16,1604,Clear,Daylight,-79.5575,43.6565
1284881,8694,Driver,75 to 79,None,"Automobile, Station Wagon",Turning Right,0,0,1,1,0,0,0,0,1,1,0,0,0,16,1604,Clear,Daylight,-79.5575,43.6565
1285099,8703,Pedestrian,85 to 89,Major,Other,NULL,1,0,1,0,0,0,0,0,0,1,0,0,0,18,1834,Clear,Daylight,-79.4237,43.7239
1285099,8704,Driver,50 to 54,None,"Automobile, Station Wagon",Turning Left,1,0,1,0,0,0,0,0,0,1,0,0,0,18,1834,Clear,Daylight,-79.4237,43.7239
1285114,8706,Driver,55 to 59,None,"Automobile, Station Wagon",Going Ahead,0,1,1,0,0,0,0,0,0,0,0,0,0,1,114,Clear,"Dark, artificial",-79.3922,43.646
1285114,8707,Cyclist,20 to 24,Major,Bicycle,Going Ahead,0,1,1,0,0,0,0,0,0,0,0,0,0,1,114,Clear,"Dark, artificial",-79.3922,43.646
1285331,7272,Driver,85 to 89,Minor,"Automobile, Station Wagon",Turning Left,1,0,1,0,0,0,0,0,0,1,0,0,0,10,1020,Clear,Daylight,-79.3586,43.6775
1285331,7273,Pedestrian,50 to 54,Major,Other,NULL,1,0,1,0,0,0,0,0,0,1,0,0,0,10,1020,Clear,Daylight,-79.3586,43.6775
1286418,7276,Driver,50 to 54,None,"Automobile, Station Wagon",Turning Right,1,0,1,0,0,0,0,0,0,1,0,0,0,2,223,Clear,Daylight,-79.4309,43.6998
1332261,9457,Passenger,25 to 29,None,Other,NULL,1,0,1,0,0,0,0,1,0,0,0,0,0,20,2015,Rain,"Dark, artificial",-79.2685,43.7338
1332261,9458,Driver,45 to 49,None,"Automobile, Station Wagon",Changing Lanes,1,0,1,0,0,0,0,1,0,0,0,0,0,20,2015,Rain,"Dark, artificial",-79.2685,43.7338
1332261,9459,Pedestrian,15 to 19,Fatal,Other,Unknown,1,0,1,0,0,0,0,1,0,0,0,0,0,20,2015,Rain,"Dark, artificial",-79.2685,43.7338
1334701,9503,Driver,20 to 24,None,Municipal Transit Bus (TTC),Turning Right,1,0,0,0,0,1,0,0,0,1,0,0,0,7,655,Clear,"Dusk, artificial",-79.5433,43.7709
1334701,9504,Pedestrian,45 to 49,Major,Other,NULL,1,0,0,0,0,1,0,0,0,1,0,0,0,7,655,Clear,"Dusk, artificial",-79.5433,43.7709
1335937,9493,Pedestrian,20 to 24,Major,Other,NULL,1,0,1,0,0,0,0,0,0,1,0,0,0,9,925,Clear,Daylight,-79.2916,43.8272
1335937,9494,Driver,55 to 59,None,"Automobile, Station Wagon",Turning Left,1,0,1,0,0,0,0,0,0,1,0,0,0,9,925,Clear,Daylight,-79.2916,43.8272
1338092,9747,Driver,50 to 54,Major,"Automobile, Station Wagon",Going Ahead,0,0,1,0,0,0,0,1,0,0,0,0,0,17,1707,Clear,Daylight,-79.228,43.8058
1338092,9748,Passenger,65 to 69,Major,Other,NULL,0,0,1,0,0,0,0,1,0,0,0,0,0,17,1707,Clear,Daylight,-79.228,43.8058
1338092,9750,Driver,70 to 74,Minor,"Automobile, Station Wagon",Going Ahead,0,0,1,0,0,0,0,1,0,0,0,0,0,17,1707,Clear,Daylight,-79.228,43.8058
1338092,9746,Passenger,45 to 49,Minor,"Automobile, Station Wagon",NULL,0,0,1,0,0,0,0,1,0,0,0,0,0,17,1707,Clear,Daylight,-79.228,43.8058
1338446,9952,Driver,35 to 39,None,"Automobile, Station Wagon",Turning Right,1,0,1,0,0,0,0,0,0,1,0,0,0,18,1819,Rain,"Dark, artificial",-79.5263,43.6513
1338446,9953,Pedestrian,20 to 24,Major,Other,NULL,1,0,1,0,0,0,0,0,0,1,0,0,0,18,1819,Rain,"Dark, artificial",-79.5263,43.6513
1338878,9966,Driver,40 to 44,None,"Automobile, Station Wagon",Turning Right,1,0,1,0,0,0,0,0,0,1,0,0,0,6,611,Rain,Dark,-79.3464,43.7695
1338878,9967,Pedestrian,30 to 34,Major,Other,NULL,1,0,1,0,0,0,0,0,0,1,0,0,0,6,611,Rain,Dark,-79.3464,43.7695
1344093,9521,Driver,65 to 69,None,"Automobile, Station Wagon",Going Ahead,1,0,1,0,0,0,0,0,0,0,0,0,0,6,640,Clear,"Dark, artificial",-79.3987,43.7086
1344093,9522,Pedestrian,55 to 59,Major,Other,NULL,1,0,1,0,0,0,0,0,0,0,0,0,0,6,640,Clear,"Dark, artificial",-79.3987,43.7086
1344412,8660,Driver,60 to 64,None,"Automobile, Station Wagon",Going Ahead,0,1,1,0,0,0,0,0,0,0,0,0,0,14,1415,Clear,Daylight,-79.5029,43.6012
1344412,8664,Cyclist,30 to 34,Major,Bicycle,Going Ahead,0,1,1,0,0,0,0,0,0,0,0,0,0,14,1415,Clear,Daylight,-79.5029,43.6012
1344579,9728,Driver,60 to 64,None,"Automobile, Station Wagon",Turning Left,0,1,1,0,0,0,0,0,0,1,0,0,0,9,852,Clear,Dark,-79.4282,43.6747
1344579,9731,Cyclist,25 to 29,Major,Bicycle,Going Ahead,0,1,1,0,0,0,0,0,0,1,0,0,0,9,852,Clear,Dark,-79.4282,43.6747
1349359,9192,Driver,15 to 19,Minor,"Automobile, Station Wagon",Going Ahead,0,0,1,0,0,0,0,1,1,1,0,0,0,17,1734,Clear,Daylight,-79.3484,43.6502
1349359,9193,Passenger,15 to 19,Minor,NULL,NULL,0,0,1,0,0,0,0,1,1,1,0,0,0,17,1734,Clear,Daylight,-79.3484,43.6502
1349359,9195,Passenger,15 to 19,Minor,NULL,NULL,0,0,1,0,0,0,0,1,1,1,0,0,0,17,1734,Clear,Daylight,-79.3484,43.6502
1349359,9196,Passenger,15 to 19,Minor,NULL,NULL,0,0,1,0,0,0,0,1,1,1,0,0,0,17,1734,Clear,Daylight,-79.3484,43.6502
1349359,9197,Passenger,15 to 19,Fatal,NULL,NULL,0,0,1,0,0,0,0,1,1,1,0,0,0,17,1734,Clear,Daylight,-79.3484,43.6502
1350745,9210,Passenger,Over 95,Major,Other,NULL,0,0,1,0,0,0,0,1,0,1,1,0,0,11,1145,Clear,Daylight,-79.3478,43.7771
1350745,9211,Driver,60 to 64,None,"Automobile, Station Wagon",Going Ahead,0,0,1,0,0,0,0,1,0,1,1,0,0,11,1145,Clear,Daylight,-79.3478,43.7771
1350745,9212,Driver,25 to 29,None,"Automobile, Station Wagon",Going Ahead,0,0,1,0,0,0,0,1,0,1,1,0,0,11,1145,Clear,Daylight,-79.3478,43.7771
1351850,9653,Driver,55 to 59,Fatal,"Automobile, Station Wagon",Going Ahead,0,0,1,0,0,0,0,1,0,0,0,0,1,9,900,Clear,Daylight,-79.4116,43.712
1351850,9652,Passenger,15 to 19,Minor,NULL,NULL,0,0,1,0,0,0,0,1,0,0,0,0,1,9,900,Clear,Daylight,-79.4116,43.712
1353471,9678,Driver,15 to 19,None,"Automobile, Station Wagon",Turning Left,1,0,1,0,0,0,0,0,0,1,1,0,0,15,1542,Clear,Daylight,-79.1992,43.757
1353471,9679,Driver,20 to 24,None,"Automobile, Station Wagon",Going Ahead,1,0,1,0,0,0,0,0,0,1,1,0,0,15,1542,Clear,Daylight,-79.1992,43.757
1353471,9680,Other,unknown,None,Other,NULL,1,0,1,0,0,0,0,0,0,1,1,0,0,15,1542,Clear,Daylight,-79.1992,43.757
1353471,9681,Pedestrian,70 to 74,Major,Other,NULL,1,0,1,0,0,0,0,0,0,1,1,0,0,15,1542,Clear,Daylight,-79.1992,43.757
1354707,9687,Motorcycle Driver,40 to 44,Fatal,Motorcycle,Changing Lanes,1,0,0,1,0,0,0,0,0,0,0,0,0,15,1450,Clear,Daylight,-79.3823,43.6596
1354707,9688,Pedestrian,65 to 69,Minor,NULL,NULL,1,0,0,1,0,0,0,0,0,0,0,0,0,15,1450,Clear,Daylight,-79.3823,43.6596
1354707,9689,Pedestrian,20 to 24,Major,NULL,NULL,1,0,0,1,0,0,0,0,0,0,0,0,0,15,1450,Clear,Daylight,-79.3823,43.6596
1354807,9624,Driver,25 to 29,Major,"Automobile, Station Wagon",Going Ahead,0,0,1,0,0,0,0,0,1,1,0,0,0,16,1600,Rain,Daylight,-79.415,43.6449
1354807,9626,Driver,20 to 24,Minimal,"Automobile, Station Wagon",Turning Left,0,0,1,0,0,0,0,0,1,1,0,0,0,16,1600,Rain,Daylight,-79.415,43.6449
1356930,9267,Driver,50 to 54,None,"Automobile, Station Wagon",Going Ahead,1,0,1,0,0,0,0,0,0,0,0,0,0,22,2240,Clear,"Dark, artificial",-79.4421,43.6974