ACCNUM,ObjectId,INVTYPE,INVAGE,INJURY,VEHTYPE,MANOEUVER,PEDESTRIAN,CYCLIST,AUTOMOBILE,MOTORCYCLE,TRUCK,TRSN_CITY_VEH,EMERG_VEH,PASSENGER,SPEEDING,AG_DRIV,REDLIGHT,ALCOHOL,DISABILITY,HOUR,TIME,VISIBILITY,LIGHT,collision_lat,collision_long
1356930,9269,Driver,15 to 19,None,"Automobile, Station Wagon",Going Ahead,1,0,1,0,0,0,0,0,0,0,0,0,0,22,2240,Clear,"Dark, artificial",-79.4421,43.6974
1356930,9270,Pedestrian,25 to 29,Major,Other,NULL,1,0,1,0,0,0,0,0,0,0,0,0,0,22,2240,Clear,"Dark, artificial",-79.4421,43.6974
1358952,9301,Driver,30 to 34,None,"Automobile, Station Wagon",Going Ahead,1,0,1,0,0,0,0,0,0,0,0,0,0,2,242,Clear,"Dark, artificial",-79.409,43.6597
1358952,9302,Pedestrian,30 to 34,Major,NULL,NULL,1,0,1,0,0,0,0,0,0,0,0,0,0,2,242,Clear,"Dark, artificial",-79.409,43.6597
1361106,9847,Driver,40 to 44,Fatal,"Automobile, Station Wagon",Going Ahead,0,0,1,0,0,0,0,0,0,0,0,0,0,6,616,Rain,Daylight,-79.4239,43.6405
1362428,9712,Driver,60 to 64,None,"Automobile, Station Wagon",Going Ahead,1,0,1,0,0,0,0,0,0,0,0,0,0,8,800,Clear,Daylight,-79.2869,43.6879
1362428,9713,Pedestrian,15 to 19,Major,Other,NULL,1,0,1,0,0,0,0,0,0,0,0,0,0,8,800,Clear,Daylight,-79.2869,43.6879
1364785,9264,Driver,35 to 39,Major,"Automobile, Station Wagon",Going Ahead,0,0,1,0,0,0,0,1,0,1,0,0,0,21,2118,Clear,Dark,-79.3015,43.7153
1364785,9265,Passenger,55 to 59,Minor,Other,NULL,0,0,1,0,0,0,0,1,0,1,0,0,0,21,2118,Clear,Dark,-79.3015,43.7153
1364785,9266,Driver,30 to 34,Minimal,"Automobile, Station Wagon",Stopped,0,0,1,0,0,0,0,1,0,1,0,0,0,21,2118,Clear,Dark,-79.3015,43.7153
1365621,9602,Pedestrian,65 to 69,Major,Other,NULL,1,0,1,0,0,0,0,0,0,1,0,0,0,18,1845,Clear,Daylight,-79.2862,43.8037
1365621,9601,Driver,60 to 64,None,"Automobile, Station Wagon",Turning Left,1,0,1,0,0,0,0,0,0,1,0,0,0,18,1845,Clear,Daylight,-79.2862,43.8037
1365635,9603,Passenger,25 to 29,Major,Other,NULL,0,0,1,0,0,0,0,1,0,0,0,1,0,3,340,Clear,"Dark, artificial",-79.5106,43.6207
1365635,9605,Driver,25 to 29,Minimal,"Automobile, Station Wagon",Going Ahead,0,0,1,0,0,0,0,1,0,0,0,1,0,3,340,Clear,"Dark, artificial",-79.5106,43.6207
1365635,9606,Driver,unknown,None,"Automobile, Station Wagon",Unknown,0,0,1,0,0,0,0,1,0,0,0,1,0,3,340,Clear,"Dark, artificial",-79.5106,43.6207
1365635,9604,Passenger,25 to 29,Minor,Other,NULL,0,0,1,0,0,0,0,1,0,0,0,1,0,3,340,Clear,"Dark, artificial",-79.5106,43.6207
1365804,9280,Driver,50 to 54,None,"Automobile, Station Wagon",Parked,0,1,1,0,0,0,0,0,0,1,0,0,0,19,1850,Clear,Daylight,-79.3513,43.6657
1365804,9281,Cyclist,35 to 39,Major,Bicycle,Going Ahead,0,1,1,0,0,0,0,0,0,1,0,0,0,19,1850,Clear,Daylight,-79.3513,43.6657
1366035,9293,Driver,65 to 69,None,"Automobile, Station Wagon",Turning Left,0,0,1,0,0,0,0,0,0,0,0,0,0,18,1755,Rain,Daylight,-79.5015,43.6693
1366035,9294,Driver,40 to 44,Major,"Automobile, Station Wagon",Going Ahead,0,0,1,0,0,0,0,0,0,0,0,0,0,18,1755,Rain,Daylight,-79.5015,43.6693
1366122,9588,Pedestrian,unknown,None,"Automobile, Station Wagon",Going Ahead,1,1,1,0,0,0,0,0,0,0,0,0,0,19,1939,Clear,Daylight,-79.3588,43.6765
1366122,9589,Cyclist,35 to 39,Major,Bicycle,Going Ahead,1,1,1,0,0,0,0,0,0,0,0,0,0,19,1939,Clear,Daylight,-79.3588,43.6765
1369816,9831,Motorcycle Driver,40 to 44,Major,Motorcycle,Going Ahead,0,0,1,1,0,0,0,0,0,1,0,0,0,6,640,Rain,Daylight,-79.407,43.6748
1369816,9833,Driver,55 to 59,None,"Automobile, Station Wagon",Going Ahead,0,0,1,1,0,0,0,0,0,1,0,0,0,6,640,Rain,Daylight,-79.407,43.6748
1370852,9349,Motorcycle Driver,45 to 49,Major,Motorcycle,Going Ahead,0,0,1,1,0,0,0,0,0,1,0,0,0,15,1453,Clear,Daylight,-79.294,43.7173
1370852,9350,Driver,35 to 39,None,"Automobile, Station Wagon",Going Ahead,0,0,1,1,0,0,0,0,0,1,0,0,0,15,1453,Clear,Daylight,-79.294,43.7173
1370852,9351,Driver,unknown,None,"Automobile, Station Wagon",Turning Left,0,0,1,1,0,0,0,0,0,1,0,0,0,15,1453,Clear,Daylight,-79.294,43.7173
1372188,9874,Truck Driver,25 to 29,Minimal,Truck - Open,Going Ahead,0,0,1,0,1,0,0,0,0,0,0,0,0,11,1117,Clear,Daylight,-79.3724,43.8084
1372188,9875,Driver,70 to 74,Major,"Automobile, Station Wagon",Turning Left,0,0,1,0,1,0,0,0,0,0,0,0,0,11,1117,Clear,Daylight,-79.3724,43.8084
1372188,9876,Other,unknown,None,Other,NULL,0,0,1,0,1,0,0,0,0,0,0,0,0,11,1117,Clear,Daylight,-79.3724,43.8084
1372437,9887,Driver,50 to 54,None,"Automobile, Station Wagon",Changing Lanes,1,0,1,0,0,0,0,0,0,0,0,0,0,11,1115,Clear,Daylight,-79.415,43.6837
1372437,9888,Pedestrian,45 to 49,Major,Other,NULL,1,0,1,0,0,0,0,0,0,0,0,0,0,11,1115,Clear,Daylight,-79.415,43.6837
1372923,9877,Passenger,85 to 89,Major,Other,NULL,0,0,1,0,0,0,0,1,1,1,0,0,0,13,1300,Clear,Daylight,-79.5473,43.6065
1372923,9879,Driver,55 to 59,None,"Automobile, Station Wagon",Going Ahead,0,0,1,0,0,0,0,1,1,1,0,0,0,13,1300,Clear,Daylight,-79.5473,43.6065
1372923,9881,Driver,80 to 84,None,"Automobile, Station Wagon",Stopped,0,0,1,0,0,0,0,1,1,1,0,0,0,13,1300,Clear,Daylight,-79.5473,43.6065
1308465,8266,Driver,25 to 29,None,"Automobile, Station Wagon",Turning Right,1,0,1,0,0,0,0,0,0,0,0,0,0,10,1011,Clear,Daylight,-79.3778,43.6652
1308465,8267,Pedestrian,50 to 54,Major,Other,NULL,1,0,1,0,0,0,0,0,0,0,0,0,0,10,1011,Clear,Daylight,-79.3778,43.6652
1308558,8268,Motorcycle Driver,25 to 29,None,Motorcycle,Going Ahead,1,0,0,1,0,0,0,0,0,0,0,0,0,16,1640,Clear,Daylight,-79.5235,43.614
1308558,8269,Pedestrian,55 to 59,Major,Other,NULL,1,0,0,1,0,0,0,0,0,0,0,0,0,16,1640,Clear,Daylight,-79.5235,43.614
1311498,8114,Passenger,25 to 29,Minimal,Other,NULL,0,0,0,0,0,1,0,1,0,0,0,0,0,13,1300,Clear,Daylight,-79.3826,43.6395
1311498,8108,Passenger,30 to 34,Minimal,Other,NULL,0,0,0,0,0,1,0,1,0,0,0,0,0,13,1300,Clear,Daylight,-79.3826,43.6395
1311498,8132,Passenger,85 to 89,Major,Other,NULL,0,0,0,0,0,1,0,1,0,0,0,0,0,13,1300,Clear,Daylight,-79.3826,43.6395
1311498,8334,Passenger,25 to 29,Minimal,Other,NULL,0,0,0,0,0,1,0,1,0,0,0,0,0,13,1300,Clear,Daylight,-79.3826,43.6395
1311498,8335,Passenger,10 to 14,Minor,Other,NULL,0,0,0,0,0,1,0,1,0,0,0,0,0,13,1300,Clear,Daylight,-79.3826,43.6395
1311498,8346,Driver,55 to 59,Minimal,Municipal Transit Bus (TTC),Stopped,0,0,0,0,0,1,0,1,0,0,0,0,0,13,1300,Clear,Daylight,-79.3826,43.6395
1311498,8348,Passenger,10 to 14,Minor,Other,NULL,0,0,0,0,0,1,0,1,0,0,0,0,0,13,1300,Clear,Daylight,-79.3826,43.6395
1311498,8336,Passenger,55 to 59,Minimal,Other,NULL,0,0,0,0,0,1,0,1,0,0,0,0,0,13,1300,Clear,Daylight,-79.3826,43.6395
1311498,8337,Passenger,35 to 39,Minimal,Other,NULL,0,0,0,0,0,1,0,1,0,0,0,0,0,13,1300,Clear,Daylight,-79.3826,43.6395
1311498,8338,Driver,25 to 29,Minimal,Municipal Transit Bus (TTC),Going Ahead,0,0,0,0,0,1,0,1,0,0,0,0,0,13,1300,Clear,Daylight,-79.3826,43.6395
1311498,8340,Passenger,50 to 54,Minimal,Other,NULL,0,0,0,0,0,1,0,1,0,0,0,0,0,13,1300,Clear,Daylight,-79.3826,43.6395
1311498,8349,Passenger,50 to 54,Minor,Other,NULL,0,0,0,0,0,1,0,1,0,0,0,0,0,13,1300,Clear,Daylight,-79.3826,43.6395
1311498,8350,Passenger,45 to 49,Minor,Other,NULL,0,0,0,0,0,1,0,1,0,0,0,0,0,13,1300,Clear,Daylight,-79.3826,43.6395
1311498,8351,Passenger,55 to 59,Minimal,Other,NULL,0,0,0,0,0,1,0,1,0,0,0,0,0,13,1300,Clear,Daylight,-79.3826,43.6395
1311498,8352,Passenger,55 to 59,Minimal,Other,NULL,0,0,0,0,0,1,0,1,0,0,0,0,0,13,1300,Clear,Daylight,-79.3826,43.6395
1311498,8353,Passenger,55 to 59,Minimal,Other,NULL,0,0,0,0,0,1,0,1,0,0,0,0,0,13,1300,Clear,Daylight,-79.3826,43.6395
1311498,8354,Passenger,40 to 44,Minimal,Other,NULL,0,0,0,0,0,1,0,1,0,0,0,0,0,13,1300,Clear,Daylight,-79.3826,43.6395
1311577,8357,Driver,50 to 54,Minimal,"Automobile, Station Wagon",Turning Left,0,1,1,0,0,0,0,0,0,0,0,0,0,8,824,Clear,Daylight,-79.3837,43.663
1311577,8358,Cyclist,25 to 29,Major,Bicycle,Going Ahead,0,1,1,0,0,0,0,0,0,0,0,0,0,8,824,Clear,Daylight,-79.3837,43.663
1311734,8410,Cyclist,60 to 64,Major,Bicycle,Going Ahead,0,1,1,0,0,0,0,0,0,0,0,0,0,19,1930,Clear,Daylight,-79.3823,43.6711
1311734,8408,Driver,25 to 29,None,"Automobile, Station Wagon",Changing Lanes,0,1,1,0,0,0,0,0,0,0,0,0,0,19,1930,Clear,Daylight,-79.3823,43.6711
1313188,8381,Driver,60 to 64,None,"Automobile, Station Wagon",Reversing,1,0,1,0,0,0,0,0,0,0,0,0,0,8,830,Clear,Daylight,-79.1772,43.7757
1313188,8382,Pedestrian,80 to 84,Major,Other,NULL,1,0,1,0,0,0,0,0,0,0,0,0,0,8,830,Clear,Daylight,-79.1772,43.7757
1317668,8196,Driver,35 to 39,None,"Automobile, Station Wagon",Going Ahead,1,0,1,0,0,0,0,0,0,0,0,0,0,10,1044,Clear,Daylight,-79.4408,43.6976
1317668,8197,Pedestrian,20 to 24,Major,Other,NULL,1,0,1,0,0,0,0,0,0,0,0,0,0,10,1044,Clear,Daylight,-79.4408,43.6976
1319211,8774,Passenger,25 to 29,Major,Other,NULL,0,0,1,0,0,0,0,1,0,0,0,0,0,1,112,Clear,"Dark, artificial",-79.2747,43.74
1319211,8776,Driver,25 to 29,Minimal,"Automobile, Station Wagon",Going Ahead,0,0,1,0,0,0,0,1,0,0,0,0,0,1,112,Clear,"Dark, artificial",-79.2747,43.74
1319472,8757,Driver,35 to 39,None,"Automobile, Station Wagon",Going Ahead,1,0,1,0,0,0,0,0,0,1,1,0,0,22,2150,Rain,Dark,-79.4524,43.6563
1319472,8841,Pedestrian,85 to 89,Major,NULL,NULL,1,0,1,0,0,0,0,0,0,1,1,0,0,22,2150,Rain,Dark,-79.4524,43.6563
1319679,8794,Pedestrian,20 to 24,Major,Other,NULL,1,0,1,0,0,0,0,0,0,0,0,0,0,3,320,Clear,Dark,-79.3447,43.6789
1319679,8793,Driver,20 to 24,None,"Automobile, Station Wagon",Going Ahead,1,0,1,0,0,0,0,0,0,0,0,0,0,3,320,Clear,Dark,-79.3447,43.6789
1320969,8876,Driver,45 to 49,None,"Automobile, Station Wagon",Going Ahead,0,0,1,0,0,0,0,0,0,0,0,0,0,12,1214,Clear,Daylight,-79.3643,43.6521
1320969,8878,Driver,55 to 59,Major,"Automobile, Station Wagon",Making U Turn,0,0,1,0,0,0,0,0,0,0,0,0,0,12,1214,Clear,Daylight,-79.3643,43.6521
1321287,8134,Moped Driver,60 to 64,Major,Moped,Going Ahead,0,1,0,0,0,0,0,0,0,1,0,0,0,1,101,Clear,"Dark, artificial",-79.4325,43.6745
1321287,8135,Cyclist,30 to 34,Minor,Bicycle,Turning Left,0,1,0,0,0,0,0,0,0,1,0,0,0,1,101,Clear,"Dark, artificial",-79.4325,43.6745
1321562,8892,Driver,65 to 69,None,"Automobile, Station Wagon",Going Ahead,1,0,1,0,0,0,0,0,0,0,0,0,0,7,704,Clear,Daylight,-79.4873,43.7446
1321562,8893,Pedestrian,45 to 49,Major,Other,NULL,1,0,1,0,0,0,0,0,0,0,0,0,0,7,704,Clear,Daylight,-79.4873,43.7446
1322655,8169,Driver,40 to 44,None,"Automobile, Station Wagon",Turning Left,1,0,1,0,0,0,0,0,0,0,0,0,0,15,1526,Clear,Daylight,-79.3678,43.6503
1322655,8170,Wheelchair,60 to 64,Major,Other,NULL,1,0,1,0,0,0,0,0,0,0,0,0,0,15,1526,Clear,Daylight,-79.3678,43.6503
1323691,8157,Driver,30 to 34,Minor,"Automobile, Station Wagon",Going Ahead,0,0,1,0,0,0,0,0,0,1,1,1,0,2,152,Rain,"Dark, artificial",-79.5161,43.7001
1323691,8160,Driver,40 to 44,Major,"Automobile, Station Wagon",Going Ahead,0,0,1,0,0,0,0,0,0,1,1,1,0,2,152,Rain,"Dark, artificial",-79.5161,43.7001
1323727,8024,Passenger,35 to 39,Minor,Other,NULL,0,0,1,0,0,0,0,1,1,1,0,0,0,2,223,Clear,"Dark, artificial",-79.4629,43.6735
1323727,8025,Driver - Not Hit,unknown,Minimal,Other,NULL,0,0,1,0,0,0,0,1,1,1,0,0,0,2,223,Clear,"Dark, artificial",-79.4629,43.6735
1323727,8026,Passenger,30 to 34,Minor,Other,NULL,0,0,1,0,0,0,0,1,1,1,0,0,0,2,223,Clear,"Dark, artificial",-79.4629,43.6735
1323727,8027,Passenger,20 to 24,Minor,Other,NULL,0,0,1,0,0,0,0,1,1,1,0,0,0,2,223,Clear,"Dark, artificial",-79.4629,43.6735
1323727,8028,Driver,20 to 24,Major,"Automobile, Station Wagon",Going Ahead,0,0,1,0,0,0,0,1,1,1,0,0,0,2,223,Clear,"Dark, artificial",-79.4629,43.6735
1326517,8112,Truck Driver,60 to 64,None,Truck - Open,Turning Right,1,0,0,0,1,0,0,0,0,1,0,0,0,14,1429,Clear,Daylight,-79.3078,43.7787
1326517,8229,Pedestrian,70 to 74,Major,Other,NULL,1,0,0,0,1,0,0,0,0,1,0,0,0,14,1429,Clear,Daylight,-79.3078,43.7787
1326699,8066,Driver,unknown,None,"Automobile, Station Wagon",Turning Left,1,0,1,0,0,0,0,0,0,1,0,0,0,1,104,Clear,"Dark, artificial",-79.3581,43.6611
1326699,8067,Pedestrian,40 to 44,Major,Other,NULL,1,0,1,0,0,0,0,0,0,1,0,0,0,1,104,Clear,"Dark, artificial",-79.3581,43.6611
1326942,8234,Driver,50 to 54,None,Taxi,Making U Turn,0,0,1,1,0,0,0,0,0,0,0,0,0,7,739,Clear,Daylight,-79.4207,43.6493
1326942,8122,Motorcycle Driver,20 to 24,Major,Motorcycle,Going Ahead,0,0,1,1,0,0,0,0,0,0,0,0,0,7,739,Clear,Daylight,-79.4207,43.6493
1327099,8072,Cyclist,35 to 39,Fatal,Bicycle,Going Ahead,0,1,1,0,0,0,0,0,0,1,1,0,0,6,643,Clear,"Dark, artificial",-79.4482,43.6715
1327099,8073,Driver,60 to 64,None,Passenger Van,Going Ahead,0,1,1,0,0,0,0,0,0,1,1,0,0,6,643,Clear,"Dark, artificial",-79.4482,43.6715
1327099,8074,Driver,20 to 24,None,"Automobile, Station Wagon",Going Ahead,0,1,1,0,0,0,0,0,0,1,1,0,0,6,643,Clear,"Dark, artificial",-79.4482,43.6715
1327567,8092,Passenger,20 to 24,Major,Other,NULL,0,0,1,0,1,0,0,1,0,0,0,0,0,10,1010,Clear,Daylight,-79.5115,43.6207
1327567,8088,Driver,20 to 24,None,"Automobile, Station Wagon",Other,0,0,1,0,1,0,0,1,0,0,0,0,0,10,1010,Clear,Daylight,-79.5115,43.6207
1327567,8089,Truck Driver,50 to 54,None,Truck - Open,Going Ahead,0,0,1,0,1,0,0,1,0,0,0,0,0,10,1010,Clear,Daylight,-79.5115,43.6207
1327567,8090,Driver,55 to 59,Minor,"Automobile, Station Wagon",Slowing or Stopping,0,0,1,0,1,0,0,1,0,0,0,0,0,10,1010,Clear,Daylight,-79.5115,43.6207
1327567,8091,Driver,20 to 24,Minimal,"Automobile, Station Wagon",Going Ahead,0,0,1,0,1,0,0,1,0,0,0,0,0,10,1010,Clear,Daylight,-79.5115,43.6207
1328489,8898,Driver,55 to 59,Minimal,"Automobile, Station Wagon",Going Ahead,0,0,1,0,0,0,0,0,0,1,0,0,0,15,1525,Clear,Daylight,-79.2948,43.7947
1328489,8899,Driver,45 to 49,Minimal,"Automobile, Station Wagon",Stopped,0,0,1,0,0,0,0,0,0,1,0,0,0,15,1525,Clear,Daylight,-79.2948,43.7947
1328489,8900,Driver,50 to 54,Major,"Automobile, Station Wagon",Stopped,0,0,1,0,0,0,0,0,0,1,0,0,0,15,1525,Clear,Daylight,-79.2948,43.7947
1331690,8009,Driver,45 to 49,None,"Automobile, Station Wagon",Going Ahead,1,0,1,0,0,0,0,0,0,0,0,0,0,7,715,Rain,Daylight,-79.2236,43.8304
1331690,8010,Pedestrian,20 to 24,Major,Other,NULL,1,0,1,0,0,0,0,0,0,0,0,0,0,7,715,Rain,Daylight,-79.2236,43.8304
1332258,9453,Driver,60 to 64,None,"Automobile, Station Wagon",Going Ahead,1,0,1,0,0,0,0,0,0,0,0,0,0,7,748,Clear,Daylight,-79.2921,43.7823
1316760,8755,Passenger,45 to 49,Major,Other,NULL,0,0,1,0,0,0,0,1,0,1,0,0,0,13,1250,Clear,Daylight,-79.5169,43.7763
1316760,8842,Driver,50 to 54,Major,"Automobile, Station Wagon",Slowing or Stopping,0,0,1,0,0,0,0,1,0,1,0,0,0,13,1250,Clear,Daylight,-79.5169,43.7763
1317043,8420,Driver,20 to 24,None,"Automobile, Station Wagon",Going Ahead,1,0,1,0,0,0,0,0,0,0,0,0,0,23,2252,Clear,"Dark, artificial",-79.4369,43.6404
1317043,8421,Pedestrian,35 to 39,Major,Other,NULL,1,0,1,0,0,0,0,0,0,0,0,0,0,23,2252,Clear,"Dark, artificial",-79.4369,43.6404
1318483,8214,Motorcycle Driver,35 to 39,Fatal,Motorcycle,Going Ahead,0,0,1,1,0,0,0,0,0,0,0,0,0,15,1455,Clear,Daylight,-79.4931,43.6702
1318483,8215,Driver,30 to 34,None,"Automobile, Station Wagon",Changing Lanes,0,0,1,1,0,0,0,0,0,0,0,0,0,15,1455,Clear,Daylight,-79.4931,43.6702
1318798,8765,Truck Driver,45 to 49,None,Truck - Open,Going Ahead,0,0,1,0,1,0,0,0,1,1,0,0,0,13,1314,Rain,Daylight,-79.526,43.7373
1318798,8766,Driver,30 to 34,Major,"Automobile, Station Wagon",Going Ahead,0,0,1,0,1,0,0,0,1,1,0,0,0,13,1314,Rain,Daylight,-79.526,43.7373
1319536,8847,Driver,30 to 34,Fatal,"Automobile, Station Wagon",Going Ahead,0,0,1,0,0,0,0,0,1,1,0,0,0,4,410,Rain,"Dark, artificial",-79.4676,43.6818
1319536,8849,Other,unknown,None,Other,Parked,0,0,1,0,0,0,0,0,1,1,0,0,0,4,410,Rain,"Dark, artificial",-79.4676,43.6818
1323544,8001,Passenger,45 to 49,None,Other,NULL,1,0,1,0,0,0,0,1,0,1,0,0,0,7,652,Rain,Dark,-79.4532,43.7141
1323544,8002,Driver,45 to 49,None,"Automobile, Station Wagon",Going Ahead,1,0,1,0,0,0,0,1,0,1,0,0,0,7,652,Rain,Dark,-79.4532,43.7141
1323544,8004,Driver,50 to 54,None,"Automobile, Station Wagon",Changing Lanes,1,0,1,0,0,0,0,1,0,1,0,0,0,7,652,Rain,Dark,-79.4532,43.7141
1323544,8005,Driver,25 to 29,None,"Automobile, Station Wagon",Going Ahead,1,0,1,0,0,0,0,1,0,1,0,0,0,7,652,Rain,Dark,-79.4532,43.7141
1323544,8006,Pedestrian,30 to 34,Fatal,Other,NULL,1,0,1,0,0,0,0,1,0,1,0,0,0,7,652,Rain,Dark,-79.4532,43.7141
1323931,8007,Driver,unknown,None,"Automobile, Station Wagon",Going Ahead,1,0,1,0,0,0,0,0,0,0,0,0,0,7,654,Rain,Dark,-79.4266,43.7007
1323931,8008,Pedestrian,50 to 54,Major,Other,NULL,1,0,1,0,0,0,0,0,0,0,0,0,0,7,654,Rain,Dark,-79.4266,43.7007
1325969,8851,Driver,30 to 34,Major,"Automobile, Station Wagon",Going Ahead,0,0,1,0,0,0,0,0,0,0,0,0,0,9,900,Clear,Daylight,-79.3396,43.6601
1325969,8852,Driver,40 to 44,None,"Automobile, Station Wagon",Making U Turn,0,0,1,0,0,0,0,0,0,0,0,0,0,9,900,Clear,Daylight,-79.3396,43.6601
1328243,8862,Driver,20 to 24,None,"Automobile, Station Wagon",Going Ahead,0,0,1,0,0,0,0,1,0,1,1,0,0,21,2108,Rain,"Dark, artificial",-79.3996,43.6364
1328243,8864,Passenger,75 to 79,Major,Other,NULL,0,0,1,0,0,0,0,1,0,1,1,0,0,21,2108,Rain,"Dark, artificial",-79.3996,43.6364
1328243,8865,Driver,40 to 44,Minor,"Automobile, Station Wagon",Going Ahead,0,0,1,0,0,0,0,1,0,1,1,0,0,21,2108,Rain,"Dark, artificial",-79.3996,43.6364
1328809,9933,Driver,70 to 74,None,"Automobile, Station Wagon",Turning Right,1,0,1,0,0,0,0,0,0,1,0,0,0,17,1745,"Fog, Mist, Smoke, Dust","Dark, artificial",-79.2682,43.7875
1328809,9934,Pedestrian,75 to 79,Major,Other,NULL,1,0,1,0,0,0,0,0,0,1,0,0,0,17,1745,"Fog, Mist, Smoke, Dust","Dark, artificial",-79.2682,43.7875
1328909,9721,Driver,20 to 24,Minor,"Automobile, Station Wagon",Stopped,0,0,1,0,0,0,0,0,1,1,0,0,0,1,125,Clear,Dark,-79.2983,43.7543
1328909,9730,Driver,30 to 34,Major,"Automobile, Station Wagon",Going Ahead,0,0,1,0,0,0,0,0,1,1,0,0,0,1,125,Clear,Dark,-79.2983,43.7543
1329462,8924,Driver,30 to 34,None,"Automobile, Station Wagon",Turning Right,1,0,1,0,0,0,0,0,0,0,0,0,0,7,719,Rain,Dark,-79.4634,43.6984
1329462,8925,Pedestrian,35 to 39,Major,Other,NULL,1,0,1,0,0,0,0,0,0,0,0,0,0,7,719,Rain,Dark,-79.4634,43.6984
1333087,9472,Driver,20 to 24,Major,"Automobile, Station Wagon",Going Ahead,0,0,1,0,0,0,0,0,0,0,0,0,0,22,2207,Clear,"Dark, artificial",-79.3302,43.7226
1333087,9473,Driver - Not Hit,unknown,None,"Automobile, Station Wagon",NULL,0,0,1,0,0,0,0,0,0,0,0,0,0,22,2207,Clear,"Dark, artificial",-79.3302,43.7226
1333087,9470,Driver,40 to 44,None,"Automobile, Station Wagon",Going Ahead,0,0,1,0,0,0,0,0,0,0,0,0,0,22,2207,Clear,"Dark, artificial",-79.3302,43.7226
1333725,9448,Driver,20 to 24,None,"Automobile, Station Wagon",Turning Left,0,0,1,0,0,0,0,1,0,1,0,0,0,20,2005,Clear,"Dark, artificial",-79.2338,43.7817
1333725,9449,Passenger,20 to 24,Major,Other,NULL,0,0,1,0,0,0,0,1,0,1,0,0,0,20,2005,Clear,"Dark, artificial",-79.2338,43.7817
1333725,9451,Driver,45 to 49,None,"Automobile, Station Wagon",Going Ahead,0,0,1,0,0,0,0,1,0,1,0,0,0,20,2005,Clear,"Dark, artificial",-79.2338,43.7817
1335478,8093,Driver,40 to 44,None,"Automobile, Station Wagon",Stopped,0,1,1,0,0,0,0,0,0,0,0,0,0,14,1405,Clear,Daylight,-79.3827,43.6516
1335478,8094,Cyclist,45 to 49,Major,Bicycle,Going Ahead,0,1,1,0,0,0,0,0,0,0,0,0,0,14,1405,Clear,Daylight,-79.3827,43.6516
1336078,9627,Passenger,50 to 54,Major,Other,NULL,0,0,1,0,0,0,0,1,0,1,0,0,0,15,1529,Clear,Daylight,-79.2841,43.7195
1336078,9629,Passenger,50 to 54,Minor,Other,NULL,0,0,1,0,0,0,0,1,0,1,0,0,0,15,1529,Clear,Daylight,-79.2841,43.7195
1336078,9631,Passenger,75 to 79,Major,Other,NULL,0,0,1,0,0,0,0,1,0,1,0,0,0,15,1529,Clear,Daylight,-79.2841,43.7195
1336078,9722,Driver,80 to 84,Minor,"Automobile, Station Wagon",Going Ahead,0,0,1,0,0,0,0,1,0,1,0,0,0,15,1529,Clear,Daylight,-79.2841,43.7195
1336078,9724,Driver,15 to 19,Minimal,"Automobile, Station Wagon",Changing Lanes,0,0,1,0,0,0,0,1,0,1,0,0,0,15,1529,Clear,Daylight,-79.2841,43.7195
1336399,9913,Driver,25 to 29,None,"Automobile, Station Wagon",Going Ahead,1,0,1,0,0,0,0,0,0,0,0,0,0,20,2027,Clear,Dark,-79.3402,43.7082
1336399,9914,Pedestrian,70 to 74,Major,Other,NULL,1,0,1,0,0,0,0,0,0,0,0,0,0,20,2027,Clear,Dark,-79.3402,43.7082
1337952,9740,Driver,45 to 49,Major,"Automobile, Station Wagon",Going Ahead,0,0,1,0,0,0,0,1,0,1,0,0,0,14,1409,Snow,Daylight,-79.4984,43.65
1337952,9741,Passenger,unknown,Minimal,Other,NULL,0,0,1,0,0,0,0,1,0,1,0,0,0,14,1409,Snow,Daylight,-79.4984,43.65
1337952,9743,Driver,35 to 39,None,"Automobile, Station Wagon",Going Ahead,0,0,1,0,0,0,0,1,0,1,0,0,0,14,1409,Snow,Daylight,-79.4984,43.65
1337952,9745,Driver,60 to 64,None,Other,Slowing or Stopping,0,0,1,0,0,0,0,1,0,1,0,0,0,14,1409,Snow,Daylight,-79.4984,43.65
1338518,9954,Driver,25 to 29,Major,"Automobile, Station Wagon",Going Ahead,0,0,1,0,0,0,0,0,0,0,0,0,0,4,420,Clear,"Dark, artificial",-79.506,43.6347
1338722,9754,Driver,55 to 59,None,"Automobile, Station Wagon",Disabled,1,0,1,0,0,0,0,0,0,1,0,0,0,21,2050,Clear,"Dark, artificial",-79.4851,43.7069
1338722,9755,Driver,30 to 34,None,"Automobile, Station Wagon",Changing Lanes,1,0,1,0,0,0,0,0,0,1,0,0,0,21,2050,Clear,"Dark, artificial",-79.4851,43.7069
1338722,9756,Driver,50 to 54,None,"Automobile, Station Wagon",Going Ahead,1,0,1,0,0,0,0,0,0,1,0,0,0,21,2050,Clear,"Dark, artificial",-79.4851,43.7069
1338722,9757,Pedestrian,20 to 24,Major,Other,NULL,1,0,1,0,0,0,0,0,0,1,0,0,0,21,2050,Clear,"Dark, artificial",-79.4851,43.7069
1338722,9758,Pedestrian,20 to 24,Major,Other,NULL,1,0,1,0,0,0,0,0,0,1,0,0,0,21,2050,Clear,"Dark, artificial",-79.4851,43.7069