ACCNUM,ObjectId,INVTYPE,INVAGE,INJURY,VEHTYPE,MANOEUVER,PEDESTRIAN,CYCLIST,AUTOMOBILE,MOTORCYCLE,TRUCK,TRSN_CITY_VEH,EMERG_VEH,PASSENGER,SPEEDING,AG_DRIV,REDLIGHT,ALCOHOL,DISABILITY,HOUR,TIME,VISIBILITY,LIGHT,collision_lat,collision_long
1342832,7711,Driver,unknown,None,"Automobile, Station Wagon",Turning Left,1,0,1,0,0,0,0,0,0,0,0,0,0,20,2040,Clear,Dark,-79.258,43.7345
1342832,7712,Pedestrian,unknown,Minor,Other,Other,1,0,1,0,0,0,0,0,0,0,0,0,0,20,2040,Clear,Dark,-79.258,43.7345
1342832,7713,Pedestrian,unknown,Major,Other,Other,1,0,1,0,0,0,0,0,0,0,0,0,0,20,2040,Clear,Dark,-79.258,43.7345
1343083,9486,Driver,75 to 79,None,"Automobile, Station Wagon",Going Ahead,1,0,1,0,0,0,0,0,0,0,0,0,0,10,958,Clear,Daylight,-79.4744,43.6709
1343083,9487,Pedestrian,70 to 74,Major,Other,NULL,1,0,1,0,0,0,0,0,0,0,0,0,0,10,958,Clear,Daylight,-79.4744,43.6709
1343634,9113,Pedestrian,25 to 29,Major,Other,NULL,1,0,1,0,0,0,0,0,0,0,0,0,0,19,1855,Clear,Dusk,-79.2932,43.817
1343634,9007,Pedestrian,50 to 54,None,Other,NULL,1,0,1,0,0,0,0,0,0,0,0,0,0,19,1855,Clear,Dusk,-79.2932,43.817
1343634,9814,Driver,65 to 69,None,"Automobile, Station Wagon",Going Ahead,1,0,1,0,0,0,0,0,0,0,0,0,0,19,1855,Clear,Dusk,-79.2932,43.817
1343634,9815,Pedestrian,0 to 4,None,Other,NULL,1,0,1,0,0,0,0,0,0,0,0,0,0,19,1855,Clear,Dusk,-79.2932,43.817
1344102,9523,Driver,60 to 64,Major,"Automobile, Station Wagon",Turning Left,0,0,1,0,0,0,0,0,0,0,0,0,0,6,642,Clear,"Dark, artificial",-79.4441,43.6672
1344102,9524,Driver,50 to 54,Minimal,"Automobile, Station Wagon",Going Ahead,0,0,1,0,0,0,0,0,0,0,0,0,0,6,642,Clear,"Dark, artificial",-79.4441,43.6672
1344553,9081,Driver,35 to 39,None,"Automobile, Station Wagon",Turning Left,1,0,1,0,0,0,0,0,0,1,0,0,0,16,1555,Clear,Daylight,-79.3977,43.6351
1344553,9117,Pedestrian,unknown,Major,Other,NULL,1,0,1,0,0,0,0,0,0,1,0,0,0,16,1555,Clear,Daylight,-79.3977,43.6351
1345604,9151,Driver,70 to 74,None,"Automobile, Station Wagon",Going Ahead,1,0,1,0,0,0,0,0,0,0,0,0,0,0,10,Clear,"Dark, artificial",-79.5249,43.7557
1345604,9152,Pedestrian,30 to 34,Major,Other,NULL,1,0,1,0,0,0,0,0,0,0,0,0,0,0,10,Clear,"Dark, artificial",-79.5249,43.7557
1350654,9198,Driver,unknown,None,"Automobile, Station Wagon",Turning Left,0,1,1,0,0,0,0,0,0,1,0,0,0,12,1214,Clear,Daylight,-79.4961,43.6772
1350654,9199,Cyclist,40 to 44,Major,Bicycle,Going Ahead,0,1,1,0,0,0,0,0,0,1,0,0,0,12,1214,Clear,Daylight,-79.4961,43.6772
1351388,9185,Passenger,35 to 39,Major,Other,NULL,0,0,1,0,0,0,0,1,0,1,0,0,0,14,1413,Clear,Daylight,-79.5338,43.7084
1351388,9186,Driver,30 to 34,Minor,"Automobile, Station Wagon",Turning Left,0,0,1,0,0,0,0,1,0,1,0,0,0,14,1413,Clear,Daylight,-79.5338,43.7084
1351388,9188,Driver,50 to 54,Minor,"Automobile, Station Wagon",Going Ahead,0,0,1,0,0,0,0,1,0,1,0,0,0,14,1413,Clear,Daylight,-79.5338,43.7084
1351471,9632,Pedestrian,50 to 54,Fatal,NULL,NULL,1,0,1,0,0,0,0,0,1,1,0,0,0,21,2056,Rain,"Dark, artificial",-79.5188,43.7624
1351471,9630,Driver,35 to 39,None,"Automobile, Station Wagon",Going Ahead,1,0,1,0,0,0,0,0,1,1,0,0,0,21,2056,Rain,"Dark, artificial",-79.5188,43.7624
1320584,8565,Pedestrian,50 to 54,Major,Other,NULL,1,0,0,0,0,1,0,0,0,0,0,0,0,1,145,Clear,Dark,-79.4006,43.7062
1320816,8839,Driver,30 to 34,None,"Automobile, Station Wagon",Turning Left,1,0,1,0,0,0,0,0,0,1,0,0,0,9,858,Clear,Daylight,-79.2778,43.7299
1320816,8840,Pedestrian,70 to 74,Major,Other,NULL,1,0,1,0,0,0,0,0,0,1,0,0,0,9,858,Clear,Daylight,-79.2778,43.7299
1321409,8140,Passenger,40 to 44,Major,Other,NULL,0,0,1,0,0,0,0,1,0,1,0,1,0,1,138,Clear,"Dark, artificial",-79.4255,43.634
1321409,8139,Driver,35 to 39,Minimal,"Automobile, Station Wagon",Going Ahead,0,0,1,0,0,0,0,1,0,1,0,1,0,1,138,Clear,"Dark, artificial",-79.4255,43.634
1322488,8920,Driver,unknown,None,"Automobile, Station Wagon",Overtaking,1,0,1,0,0,0,0,0,0,1,0,0,0,22,2208,Rain,Dark,-79.3986,43.7082
1322488,8921,Pedestrian,25 to 29,Major,Other,NULL,1,0,1,0,0,0,0,0,0,1,0,0,0,22,2208,Rain,Dark,-79.3986,43.7082
1324317,8032,Driver,65 to 69,None,"Automobile, Station Wagon",Going Ahead,1,0,1,0,0,0,0,0,0,1,1,0,0,17,1731,Clear,Dusk,-79.3782,43.6662
1324317,8033,Pedestrian,80 to 84,Major,Other,NULL,1,0,1,0,0,0,0,0,0,1,1,0,0,17,1731,Clear,Dusk,-79.3782,43.6662
1324885,8198,Driver,60 to 64,Minor,"Automobile, Station Wagon",Going Ahead,1,0,1,0,0,0,0,0,0,1,1,0,0,10,1000,Clear,Daylight,-79.342,43.7322
1324885,8199,Driver,50 to 54,None,"Automobile, Station Wagon",Going Ahead,1,0,1,0,0,0,0,0,0,1,1,0,0,10,1000,Clear,Daylight,-79.342,43.7322
1324885,8201,Pedestrian,85 to 89,Major,Other,NULL,1,0,1,0,0,0,0,0,0,1,1,0,0,10,1000,Clear,Daylight,-79.342,43.7322
1325621,8045,Passenger,75 to 79,Major,Other,NULL,0,0,1,0,0,0,0,1,0,1,0,1,0,20,2004,Rain,"Dark, artificial",-79.298,43.781
1325621,8046,Driver,85 to 89,None,"Automobile, Station Wagon",Going Ahead,0,0,1,0,0,0,0,1,0,1,0,1,0,20,2004,Rain,"Dark, artificial",-79.298,43.781
1325621,8047,Driver,45 to 49,None,"Automobile, Station Wagon",Turning Left,0,0,1,0,0,0,0,1,0,1,0,1,0,20,2004,Rain,"Dark, artificial",-79.298,43.781
1326902,8344,Driver,35 to 39,Major,"Automobile, Station Wagon",Going Ahead,0,0,1,0,0,0,0,0,0,1,0,0,0,13,1312,Clear,Daylight,-79.5306,43.7083
1326902,8240,Driver,70 to 74,Major,"Automobile, Station Wagon",Slowing or Stopping,0,0,1,0,0,0,0,0,0,1,0,0,0,13,1312,Clear,Daylight,-79.5306,43.7083
1327895,8102,Truck Driver,70 to 74,Minimal,Truck - Open,Going Ahead,0,0,1,0,1,0,0,0,0,1,0,0,0,11,1052,Clear,Daylight,-79.5508,43.6771
1327895,8103,Driver,35 to 39,None,"Automobile, Station Wagon",Going Ahead,0,0,1,0,1,0,0,0,0,1,0,0,0,11,1052,Clear,Daylight,-79.5508,43.6771
1327895,9218,Driver,85 to 89,Major,"Automobile, Station Wagon",Turning Left,0,0,1,0,1,0,0,0,0,1,0,0,0,11,1052,Clear,Daylight,-79.5508,43.6771
1328002,8856,Driver,50 to 54,None,"Automobile, Station Wagon",Turning Left,1,0,1,0,0,0,0,0,0,1,0,0,0,19,1900,Clear,"Dark, artificial",-79.2644,43.7496
1328002,8857,Pedestrian,30 to 34,Major,Other,NULL,1,0,1,0,0,0,0,0,0,1,0,0,0,19,1900,Clear,"Dark, artificial",-79.2644,43.7496
1328097,8875,Driver,20 to 24,Major,"Automobile, Station Wagon",Going Ahead,0,0,1,0,0,0,0,0,0,0,0,0,0,4,350,Clear,Dark,-79.5672,43.7375
1328738,8905,Driver,45 to 49,None,"Automobile, Station Wagon",Turning Left,1,0,1,0,0,0,0,0,0,1,0,0,0,6,637,Clear,"Dawn, artificial",-79.3787,43.6543
1328738,8906,Pedestrian,60 to 64,Major,Other,NULL,1,0,1,0,0,0,0,0,0,1,0,0,0,6,637,Clear,"Dawn, artificial",-79.3787,43.6543
1329099,8918,Driver,25 to 29,None,"Automobile, Station Wagon",Turning Left,1,0,1,0,0,0,0,0,0,1,0,0,0,21,2135,Rain,"Dark, artificial",-79.5575,43.7487
1329099,8919,Pedestrian,40 to 44,Major,Other,NULL,1,0,1,0,0,0,0,0,0,1,0,0,0,21,2135,Rain,"Dark, artificial",-79.5575,43.7487
1329108,8751,Driver,60 to 64,Minimal,"Automobile, Station Wagon",Going Ahead,0,0,1,0,0,0,0,1,0,1,0,0,0,14,1410,Clear,Daylight,-79.5559,43.7169
1329108,8747,Driver,50 to 54,Minor,"Automobile, Station Wagon",Going Ahead,0,0,1,0,0,0,0,1,0,1,0,0,0,14,1410,Clear,Daylight,-79.5559,43.7169
1329108,8663,Passenger,85 to 89,Major,Other,NULL,0,0,1,0,0,0,0,1,0,1,0,0,0,14,1410,Clear,Daylight,-79.5559,43.7169
1329833,8015,Driver,55 to 59,None,"Automobile, Station Wagon",Turning Left,1,0,1,0,0,0,0,0,0,1,0,0,0,1,100,Clear,Daylight,-79.4415,43.6865
1329833,8016,Pedestrian,50 to 54,Major,Other,NULL,1,0,1,0,0,0,0,0,0,1,0,0,0,1,100,Clear,Daylight,-79.4415,43.6865
1329835,8018,Driver,50 to 54,None,"Automobile, Station Wagon",Going Ahead,0,0,1,0,0,0,0,0,0,1,1,0,0,19,1933,Clear,"Dusk, artificial",-79.3696,43.7125
1329835,8019,Driver,35 to 39,None,"Automobile, Station Wagon",Going Ahead,0,0,1,0,0,0,0,0,0,1,1,0,0,19,1933,Clear,"Dusk, artificial",-79.3696,43.7125
1329835,8021,Driver,70 to 74,Major,"Automobile, Station Wagon",Slowing or Stopping,0,0,1,0,0,0,0,0,0,1,1,0,0,19,1933,Clear,"Dusk, artificial",-79.3696,43.7125
1330074,8030,Driver,55 to 59,None,"Automobile, Station Wagon",Parked,0,1,1,0,0,0,0,0,0,0,0,0,0,13,1320,Clear,Daylight,-79.4218,43.6545
1330074,8031,Cyclist,20 to 24,Major,Bicycle,Going Ahead,0,1,1,0,0,0,0,0,0,0,0,0,0,13,1320,Clear,Daylight,-79.4218,43.6545
1330905,9971,Driver,25 to 29,None,"Automobile, Station Wagon",Turning Left,1,0,1,0,0,0,0,0,0,1,0,0,0,7,713,Rain,"Dark, artificial",-79.2658,43.7274
1330905,9972,Pedestrian,80 to 84,Major,Other,NULL,1,0,1,0,0,0,0,0,0,1,0,0,0,7,713,Rain,"Dark, artificial",-79.2658,43.7274
1331648,9437,Driver,35 to 39,None,"Automobile, Station Wagon",Turning Left,1,0,1,0,0,0,0,0,0,0,0,0,0,7,701,Other,Dark,-79.368,43.6644
1331648,9438,Pedestrian,55 to 59,Major,Other,Other,1,0,1,0,0,0,0,0,0,0,0,0,0,7,701,Other,Dark,-79.368,43.6644
1331648,9439,Pedestrian,45 to 49,Major,Other,Other,1,0,1,0,0,0,0,0,0,0,0,0,0,7,701,Other,Dark,-79.368,43.6644
1331914,8049,Truck Driver,50 to 54,None,Truck - Open,Pulling Away from Shoulder or Curb,1,0,0,0,1,0,0,0,0,0,0,0,0,4,420,Clear,Dark,-79.3656,43.6541
1331914,8050,Pedestrian,45 to 49,Major,Other,NULL,1,0,0,0,1,0,0,0,0,0,0,0,0,4,420,Clear,Dark,-79.3656,43.6541
1331941,9960,Driver,30 to 34,Major,"Automobile, Station Wagon",Stopped,0,0,1,0,0,0,0,0,0,0,0,0,0,17,1715,Clear,"Dark, artificial",-79.3889,43.6563
1331941,9962,Driver,unknown,None,"Automobile, Station Wagon",Slowing or Stopping,0,0,1,0,0,0,0,0,0,0,0,0,0,17,1715,Clear,"Dark, artificial",-79.3889,43.6563
1331941,9963,Driver,30 to 34,None,"Automobile, Station Wagon",Stopped,0,0,1,0,0,0,0,0,0,0,0,0,0,17,1715,Clear,"Dark, artificial",-79.3889,43.6563
1336921,9734,Driver,35 to 39,None,Municipal Transit Bus (TTC),Going Ahead,1,0,0,0,0,1,0,0,0,1,1,0,0,16,1556,Clear,Daylight,-79.2806,43.7293
1336921,9735,Pedestrian,45 to 49,Fatal,NULL,NULL,1,0,0,0,0,1,0,0,0,1,1,0,0,16,1556,Clear,Daylight,-79.2806,43.7293
1337921,9925,Driver,20 to 24,None,"Automobile, Station Wagon",Going Ahead,1,0,1,0,0,0,0,0,0,0,0,0,0,13,1347,Rain,Daylight,-79.2317,43.7764
1337921,9926,Pedestrian,45 to 49,Major,Other,NULL,1,0,1,0,0,0,0,0,0,0,0,0,0,13,1347,Rain,Daylight,-79.2317,43.7764
1338693,9974,Driver,55 to 59,None,"Automobile, Station Wagon",Turning Right,1,0,1,0,0,0,0,0,0,1,0,0,0,7,723,Rain,"Dusk, artificial",-79.2111,43.8162
1338693,9975,Pedestrian,75 to 79,Major,Other,NULL,1,0,1,0,0,0,0,0,0,1,0,0,0,7,723,Rain,"Dusk, artificial",-79.2111,43.8162
1338700,9751,Driver,55 to 59,None,"Automobile, Station Wagon",Turning Left,1,0,1,0,0,0,0,0,0,1,0,0,0,10,1041,Snow,Daylight,-79.2701,43.7119
1338700,9752,Pedestrian,65 to 69,Fatal,NULL,NULL,1,0,1,0,0,0,0,0,0,1,0,0,0,10,1041,Snow,Daylight,-79.2701,43.7119
1340236,9440,Driver,35 to 39,Minor,"Automobile, Station Wagon",Stopped,0,0,1,0,0,0,0,0,0,0,0,0,1,9,936,Clear,Daylight,-79.4853,43.6935
1340236,9441,Driver,25 to 29,Minimal,"Automobile, Station Wagon",Stopped,0,0,1,0,0,0,0,0,0,0,0,0,1,9,936,Clear,Daylight,-79.4853,43.6935
1340236,9442,Driver,70 to 74,Minimal,"Automobile, Station Wagon",Stopped,0,0,1,0,0,0,0,0,0,0,0,0,1,9,936,Clear,Daylight,-79.4853,43.6935
1340236,9443,Driver,60 to 64,Major,"Automobile, Station Wagon",Going Ahead,0,0,1,0,0,0,0,0,0,0,0,0,1,9,936,Clear,Daylight,-79.4853,43.6935
1341806,9793,Passenger,35 to 39,Major,Other,NULL,0,0,1,0,0,0,0,1,0,1,0,0,0,9,858,Clear,Daylight,-79.496,43.6772
1341806,9795,Driver,50 to 54,Minor,"Automobile, Station Wagon",Turning Left,0,0,1,0,0,0,0,1,0,1,0,0,0,9,858,Clear,Daylight,-79.496,43.6772
1341806,9797,Driver,35 to 39,None,"Automobile, Station Wagon",Going Ahead,0,0,1,0,0,0,0,1,0,1,0,0,0,9,858,Clear,Daylight,-79.496,43.6772
1341806,9798,Driver,35 to 39,None,"Automobile, Station Wagon",Going Ahead,0,0,1,0,0,0,0,1,0,1,0,0,0,9,858,Clear,Daylight,-79.496,43.6772
1341806,9799,Passenger,20 to 24,Minor,Other,NULL,0,0,1,0,0,0,0,1,0,1,0,0,0,9,858,Clear,Daylight,-79.496,43.6772
1341806,9800,Driver,15 to 19,Minor,"Automobile, Station Wagon",Going Ahead,0,0,1,0,0,0,0,1,0,1,0,0,0,9,858,Clear,Daylight,-79.496,43.6772
1342812,9482,Driver,65 to 69,Major,"Automobile, Station Wagon",Going Ahead,0,0,1,0,0,0,0,1,0,1,0,0,0,11,1112,Clear,Daylight,-79.2987,43.8052
1342812,9483,Passenger,30 to 34,Minimal,Other,NULL,0,0,1,0,0,0,0,1,0,1,0,0,0,11,1112,Clear,Daylight,-79.2987,43.8052
1311500,8333,Driver,35 to 39,Major,Municipal Transit Bus (TTC),Slowing or Stopping,0,0,1,0,0,1,0,0,0,0,0,0,0,11,1140,Clear,Daylight,-79.3781,43.6518
1316598,8800,Motorcycle Driver,unknown,None,Motorcycle,Going Ahead,1,0,0,1,0,0,0,0,0,0,0,0,0,18,1755,Clear,Daylight,-79.5094,43.7046
1316598,8801,Pedestrian,60 to 64,Major,Other,NULL,1,0,0,1,0,0,0,0,0,0,0,0,0,18,1755,Clear,Daylight,-79.5094,43.7046
1318227,8209,Pedestrian,15 to 19,Major,Other,NULL,1,0,1,0,0,0,0,1,0,0,0,0,0,14,1440,"Fog, Mist, Smoke, Dust",Daylight,-79.2432,43.7156
1318227,8206,Passenger,45 to 49,Minimal,Other,NULL,1,0,1,0,0,0,0,1,0,0,0,0,0,14,1440,"Fog, Mist, Smoke, Dust",Daylight,-79.2432,43.7156
1318227,8208,Driver,40 to 44,None,"Automobile, Station Wagon",Going Ahead,1,0,1,0,0,0,0,1,0,0,0,0,0,14,1440,"Fog, Mist, Smoke, Dust",Daylight,-79.2432,43.7156
1319338,8785,Driver,65 to 69,None,"Automobile, Station Wagon",Going Ahead,0,1,1,0,0,0,0,0,0,0,0,0,0,16,1630,Clear,Daylight,-79.448,43.6521
1319338,8786,Cyclist,15 to 19,Major,Bicycle,Turning Left,0,1,1,0,0,0,0,0,0,0,0,0,0,16,1630,Clear,Daylight,-79.448,43.6521
1320431,8828,Motorcycle Driver,50 to 54,Major,Motorcycle,Going Ahead,0,0,1,1,0,0,0,0,0,1,0,0,0,18,1825,Clear,Daylight,-79.2524,43.7277
1320431,8829,Driver,55 to 59,Minor,"Automobile, Station Wagon",Turning Right,0,0,1,1,0,0,0,0,0,1,0,0,0,18,1825,Clear,Daylight,-79.2524,43.7277
1320874,8125,Driver,45 to 49,None,"Automobile, Station Wagon",Turning Right,1,0,1,0,0,0,0,0,0,1,0,0,0,16,1638,Clear,Daylight,-79.3472,43.6784
1320874,8133,Pedestrian,80 to 84,Major,Other,NULL,1,0,1,0,0,0,0,0,0,1,0,0,0,16,1638,Clear,Daylight,-79.3472,43.6784
1324043,8188,Driver,45 to 49,None,"Automobile, Station Wagon",Going Ahead,0,1,1,0,0,0,0,0,0,0,0,0,0,21,2055,Clear,"Dark, artificial",-79.3932,43.6483
1324043,8189,Cyclist,35 to 39,Major,Bicycle,Going Ahead,0,1,1,0,0,0,0,0,0,0,0,0,0,21,2055,Clear,"Dark, artificial",-79.3932,43.6483
1324125,8165,Passenger,45 to 49,None,Other,NULL,0,0,1,0,1,0,0,1,0,1,1,0,0,10,1040,Clear,Daylight,-79.3307,43.8041
1324125,8166,Truck Driver,25 to 29,None,Truck - Open,Going Ahead,0,0,1,0,1,0,0,1,0,1,1,0,0,10,1040,Clear,Daylight,-79.3307,43.8041
1324125,8167,Driver,45 to 49,Major,"Automobile, Station Wagon",Going Ahead,0,0,1,0,1,0,0,1,0,1,1,0,0,10,1040,Clear,Daylight,-79.3307,43.8041
1325529,8052,Truck Driver,35 to 39,None,Truck - Open,Turning Right,0,1,0,0,1,0,0,0,0,0,0,0,0,8,844,Clear,Daylight,-79.382,43.659
1325529,8053,Cyclist,35 to 39,Major,Bicycle,Going Ahead,0,1,0,0,1,0,0,0,0,0,0,0,0,8,844,Clear,Daylight,-79.382,43.659
1327537,8750,Driver,45 to 49,None,"Automobile, Station Wagon",Reversing,1,0,1,0,0,0,0,0,0,0,0,0,0,19,1915,Rain,Dark,-79.375,43.6704
1327537,8754,Pedestrian,50 to 54,Major,Other,NULL,1,0,1,0,0,0,0,0,0,0,0,0,0,19,1915,Rain,Dark,-79.375,43.6704
1328705,9917,Passenger,unknown,None,Other,Other,1,0,1,0,0,0,0,1,0,1,0,0,0,2,237,Clear,"Dark, artificial",-79.4916,43.6287
1328705,9919,Driver,35 to 39,None,Taxi,Going Ahead,1,0,1,0,0,0,0,1,0,1,0,0,0,2,237,Clear,"Dark, artificial",-79.4916,43.6287
1328705,9920,Pedestrian,25 to 29,Major,Other,NULL,1,0,1,0,0,0,0,1,0,1,0,0,0,2,237,Clear,"Dark, artificial",-79.4916,43.6287
1329416,9940,Driver,45 to 49,None,"Automobile, Station Wagon",Going Ahead,1,0,1,0,0,0,0,0,0,0,0,0,0,18,1810,Clear,"Dark, artificial",-79.5425,43.627
1329416,9941,Pedestrian,55 to 59,Major,Other,NULL,1,0,1,0,0,0,0,0,0,0,0,0,0,18,1810,Clear,"Dark, artificial",-79.5425,43.627
1330477,9976,Passenger,20 to 24,Major,Other,NULL,0,0,1,0,0,0,0,1,0,0,0,0,0,20,2025,Clear,"Dark, artificial",-79.2585,43.7628
1330477,9977,Passenger,20 to 24,Minor,Other,NULL,0,0,1,0,0,0,0,1,0,0,0,0,0,20,2025,Clear,"Dark, artificial",-79.2585,43.7628
1330477,9979,Driver,20 to 24,Minor,"Automobile, Station Wagon",Going Ahead,0,0,1,0,0,0,0,1,0,0,0,0,0,20,2025,Clear,"Dark, artificial",-79.2585,43.7628
1330495,8885,Motorcycle Driver,30 to 34,Major,Motorcycle,Going Ahead,0,0,1,1,0,0,0,0,0,1,0,0,0,11,1145,Clear,Daylight,-79.4274,43.6703
1330495,8887,Driver,60 to 64,None,"Automobile, Station Wagon",Making U Turn,0,0,1,1,0,0,0,0,0,1,0,0,0,11,1145,Clear,Daylight,-79.4274,43.6703
1331563,8042,Passenger,30 to 34,Minor,Other,NULL,0,0,1,1,0,0,0,1,0,0,0,0,0,23,2255,Rain,"Dark, artificial",-79.4046,43.6435
1331563,8043,Motorcycle Driver,30 to 34,Major,Motorcycle,Going Ahead,0,0,1,1,0,0,0,1,0,0,0,0,0,23,2255,Rain,"Dark, artificial",-79.4046,43.6435
1331563,8044,Driver,50 to 54,None,"Automobile, Station Wagon",Going Ahead,0,0,1,1,0,0,0,1,0,0,0,0,0,23,2255,Rain,"Dark, artificial",-79.4046,43.6435
1331849,9445,Pedestrian,55 to 59,Fatal,Other,NULL,1,0,1,0,0,0,0,0,0,0,0,0,0,21,2100,Clear,Dark,-79.1736,43.7764
1331849,9444,Driver,25 to 29,None,"Automobile, Station Wagon",Going Ahead,1,0,1,0,0,0,0,0,0,0,0,0,0,21,2100,Clear,Dark,-79.1736,43.7764
1333335,9477,Driver,70 to 74,None,"Automobile, Station Wagon",Going Ahead,1,0,1,0,0,0,0,0,0,0,0,0,0,18,1827,Clear,"Dark, artificial",-79.2515,43.7728
1333335,9478,Pedestrian,55 to 59,Major,Other,NULL,1,0,1,0,0,0,0,0,0,0,0,0,0,18,1827,Clear,"Dark, artificial",-79.2515,43.7728
1340319,9446,Driver,50 to 54,None,"Automobile, Station Wagon",Going Ahead,0,1,1,0,0,0,0,0,0,0,0,0,0,17,1720,Clear,"Dark, artificial",-79.413,43.6633
1340319,9447,Cyclist,40 to 44,Major,Bicycle,Going Ahead,0,1,1,0,0,0,0,0,0,0,0,0,0,17,1720,Clear,"Dark, artificial",-79.413,43.6633
1344724,9138,Driver,40 to 44,None,"Automobile, Station Wagon",Going Ahead,1,0,1,0,0,0,0,0,0,0,0,0,0,9,927,Clear,Daylight,-79.4599,43.6741
1344724,9139,Pedestrian,10 to 14,Major,Other,NULL,1,0,1,0,0,0,0,0,0,0,0,0,0,9,927,Clear,Daylight,-79.4599,43.6741
1344985,9508,Driver,70 to 74,None,"Automobile, Station Wagon",Turning Left,1,0,1,0,0,0,0,0,0,1,0,0,0,6,626,Rain,Dark,-79.3313,43.7931
1344985,9509,Pedestrian,45 to 49,Major,Other,NULL,1,0,1,0,0,0,0,0,0,1,0,0,0,6,626,Rain,Dark,-79.3313,43.7931
1345603,9153,Passenger,20 to 24,Minimal,Other,NULL,0,1,1,0,0,0,0,1,0,0,0,0,0,4,400,Clear,"Dark, artificial",-79.4439,43.658
1345603,9154,Driver,30 to 34,None,"Automobile, Station Wagon",Going Ahead,0,1,1,0,0,0,0,1,0,0,0,0,0,4,400,Clear,"Dark, artificial",-79.4439,43.658
1345603,9155,Cyclist,20 to 24,Major,Bicycle,Turning Right,0,1,1,0,0,0,0,1,0,0,0,0,0,4,400,Clear,"Dark, artificial",-79.4439,43.658
1346364,9162,Driver,unknown,None,"Automobile, Station Wagon",Going Ahead,1,0,1,0,0,0,0,0,0,0,0,0,0,0,35,Snow,Dark,-79.4398,43.6399
1346364,9163,Pedestrian,35 to 39,Major,Other,Other,1,0,1,0,0,0,0,0,0,0,0,0,0,0,35,Snow,Dark,-79.4398,43.6399
1348211,9803,Driver,60 to 64,None,"Automobile, Station Wagon",Turning Left,1,0,1,0,0,0,0,0,0,1,0,0,0,9,924,Clear,Daylight,-79.4518,43.7526
1348211,9804,Pedestrian,20 to 24,Major,Other,NULL,1,0,1,0,0,0,0,0,0,1,0,0,0,9,924,Clear,Daylight,-79.4518,43.7526
1350140,9200,Driver,85 to 89,Major,"Automobile, Station Wagon",Going Ahead,0,0,1,0,0,0,0,0,0,0,0,0,0,13,1251,Clear,Daylight,-79.5566,43.6369
1350472,9208,Driver,75 to 79,None,"Automobile, Station Wagon",Turning Left,1,0,1,0,0,0,0,0,0,1,0,0,0,8,845,Clear,Daylight,-79.4384,43.7554
1350472,9209,Pedestrian,85 to 89,Major,Other,NULL,1,0,1,0,0,0,0,0,0,1,0,0,0,8,845,Clear,Daylight,-79.4384,43.7554
1351458,9633,Driver,45 to 49,Minor,"Automobile, Station Wagon",Turning Left,0,1,1,0,0,0,0,1,0,1,0,0,0,21,2110,Clear,"Dark, artificial",-79.3168,43.8213
1351458,9634,Passenger,25 to 29,Minimal,Other,NULL,0,1,1,0,0,0,0,1,0,1,0,0,0,21,2110,Clear,"Dark, artificial",-79.3168,43.8213
1351458,9635,Passenger,25 to 29,Minimal,Other,NULL,0,1,1,0,0,0,0,1,0,1,0,0,0,21,2110,Clear,"Dark, artificial",-79.3168,43.8213
1351458,9636,Driver,20 to 24,Minimal,"Automobile, Station Wagon",Going Ahead,0,1,1,0,0,0,0,1,0,1,0,0,0,21,2110,Clear,"Dark, artificial",-79.3168,43.8213
1351458,9637,Cyclist,55 to 59,Major,Bicycle,Going Ahead,0,1,1,0,0,0,0,1,0,1,0,0,0,21,2110,Clear,"Dark, artificial",-79.3168,43.8213
1351701,9529,Driver,30 to 34,None,"Automobile, Station Wagon",Turning Left,1,0,1,0,0,0,0,0,0,1,0,0,0,12,1213,Rain,Daylight,-79.3778,43.6582
1351701,9532,Pedestrian,80 to 84,Major,Other,NULL,1,0,1,0,0,0,0,0,0,1,0,0,0,12,1213,Rain,Daylight,-79.3778,43.6582
1351876,9655,Truck Driver,35 to 39,None,"Truck - Closed (Blazer, etc)",Going Ahead,1,0,0,0,1,0,0,0,0,0,0,0,0,15,1450,Clear,Daylight,-79.4178,43.7278
1351876,9657,Pedestrian,65 to 69,Fatal,NULL,NULL,1,0,0,0,1,0,0,0,0,0,0,0,0,15,1450,Clear,Daylight,-79.4178,43.7278
1352962,9668,Driver,75 to 79,Major,"Automobile, Station Wagon",Going Ahead,0,0,1,0,0,0,0,0,1,1,0,0,0,8,843,Rain,Daylight,-79.494,43.6058
1353255,16288,Pedestrian,60 to 64,Major,NULL,NULL,1,0,0,0,0,0,0,0,0,0,0,0,0,6,643,Clear,Daylight,-79.4755,43.6762
1353734,9203,Driver,25 to 29,None,Street Car,Going Ahead,0,1,0,0,0,1,0,1,0,0,0,0,0,20,2000,Clear,"Dusk, artificial",-79.3955,43.6489
1353734,9204,Passenger,55 to 59,Minor,NULL,NULL,0,1,0,0,0,1,0,1,0,0,0,0,0,20,2000,Clear,"Dusk, artificial",-79.3955,43.6489
1353734,9205,Moped Driver,55 to 59,Major,Moped,Going Ahead,0,1,0,0,0,1,0,1,0,0,0,0,0,20,2000,Clear,"Dusk, artificial",-79.3955,43.6489
1356299,9250,Driver - Not Hit,unknown,None,Municipal Transit Bus (TTC),NULL,1,0,1,0,0,1,0,0,0,0,0,0,0,3,314,Clear,"Dark, artificial",-79.4011,43.7195