ACCNUM,ObjectId,INVTYPE,INVAGE,INJURY,VEHTYPE,MANOEUVER,PEDESTRIAN,CYCLIST,AUTOMOBILE,MOTORCYCLE,TRUCK,TRSN_CITY_VEH,EMERG_VEH,PASSENGER,SPEEDING,AG_DRIV,REDLIGHT,ALCOHOL,DISABILITY,HOUR,TIME,VISIBILITY,LIGHT,collision_lat,collision_long
1290282,8974,Driver,30 to 34,Minor,"Automobile, Station Wagon",Going Ahead,0,0,1,0,0,0,0,1,0,0,0,0,0,4,412,Clear,"Dark, artificial",-79.5529,43.6766
1290282,8976,Driver,15 to 19,Minimal,"Automobile, Station Wagon",Going Ahead,0,0,1,0,0,0,0,1,0,0,0,0,0,4,412,Clear,"Dark, artificial",-79.5529,43.6766
1290852,7725,Driver,65 to 69,None,"Automobile, Station Wagon",Turning Left,1,0,1,0,0,0,0,0,0,0,0,0,0,20,2023,Rain,Dark,-79.609,43.7321
1290852,7726,Pedestrian,20 to 24,Major,Other,NULL,1,0,1,0,0,0,0,0,0,0,0,0,0,20,2023,Rain,Dark,-79.609,43.7321
1291622,8121,Driver,30 to 34,None,"Automobile, Station Wagon",Turning Left,1,0,1,0,0,0,0,0,0,1,0,0,0,9,934,Clear,Daylight,-79.2241,43.8044
1291622,8003,Pedestrian,75 to 79,Major,Other,NULL,1,0,1,0,0,0,0,0,0,1,0,0,0,9,934,Clear,Daylight,-79.2241,43.8044
1291754,8128,Driver,50 to 54,None,"Automobile, Station Wagon",Going Ahead,1,0,1,0,0,0,0,0,0,1,0,0,0,12,1214,Clear,Daylight,-79.2922,43.6964
1291754,8232,Pedestrian,unknown,Major,Other,NULL,1,0,1,0,0,0,0,0,0,1,0,0,0,12,1214,Clear,Daylight,-79.2922,43.6964
1292054,8461,Driver,45 to 49,Major,"Automobile, Station Wagon",Going Ahead,0,0,1,0,0,0,0,0,0,0,0,0,0,15,1511,Clear,Daylight,-79.1912,43.8502
1292054,8466,Driver,55 to 59,Minor,"Automobile, Station Wagon",Going Ahead,0,0,1,0,0,0,0,0,0,0,0,0,0,15,1511,Clear,Daylight,-79.1912,43.8502
1292881,8683,Driver,25 to 29,None,"Automobile, Station Wagon",Going Ahead,0,1,1,0,0,0,0,0,0,1,0,0,0,5,534,Clear,"Dark, artificial",-79.2512,43.7715
1292881,8684,Cyclist,50 to 54,Major,Bicycle,Going Ahead,0,1,1,0,0,0,0,0,0,1,0,0,0,5,534,Clear,"Dark, artificial",-79.2512,43.7715
1293192,8680,Passenger,20 to 24,Major,Other,NULL,0,0,1,0,0,0,0,1,0,1,0,0,0,17,1733,Clear,Daylight,-79.5707,43.6335
1293192,8681,Driver,30 to 34,Major,"Automobile, Station Wagon",Going Ahead,0,0,1,0,0,0,0,1,0,1,0,0,0,17,1733,Clear,Daylight,-79.5707,43.6335
1293192,8682,Driver,50 to 54,Major,"Automobile, Station Wagon",Turning Left,0,0,1,0,0,0,0,1,0,1,0,0,0,17,1733,Clear,Daylight,-79.5707,43.6335
1297829,8935,Driver,50 to 54,None,"Automobile, Station Wagon",Turning Left,1,0,1,0,0,0,0,0,0,1,0,0,0,19,1850,Clear,Daylight,-79.5588,43.7231
1297829,8936,Pedestrian,40 to 44,Major,Other,NULL,1,0,1,0,0,0,0,0,0,1,0,0,0,19,1850,Clear,Daylight,-79.5588,43.7231
1297963,8933,Driver,50 to 54,None,"Automobile, Station Wagon",Going Ahead,1,0,1,0,0,0,0,0,0,0,0,0,0,16,1624,Clear,Daylight,-79.3277,43.6935
1297963,8934,Pedestrian,50 to 54,Major,Other,NULL,1,0,1,0,0,0,0,0,0,0,0,0,0,16,1624,Clear,Daylight,-79.3277,43.6935
1298031,8943,Driver,55 to 59,None,Municipal Transit Bus (TTC),Turning Right,1,0,0,0,0,1,0,0,0,1,1,0,0,10,1030,Rain,Daylight,-79.3607,43.8111
1298031,8944,Pedestrian,15 to 19,Major,Other,NULL,1,0,0,0,0,1,0,0,0,1,1,0,0,10,1030,Rain,Daylight,-79.3607,43.8111
1298038,8494,Motorcycle Driver,40 to 44,Fatal,Motorcycle,Going Ahead,0,0,1,1,0,0,0,0,0,1,0,0,0,15,1520,Clear,Daylight,-79.3449,43.7368
1298038,8493,Driver,35 to 39,None,"Automobile, Station Wagon",Turning Left,0,0,1,1,0,0,0,0,0,1,0,0,0,15,1520,Clear,Daylight,-79.3449,43.7368
1298040,8539,Driver,25 to 29,Minor,"Automobile, Station Wagon",Going Ahead,0,0,1,0,0,0,0,1,1,1,0,0,0,4,357,Clear,"Dark, artificial",-79.3624,43.6814
1298040,8540,Passenger,15 to 19,Major,Other,NULL,0,0,1,0,0,0,0,1,1,1,0,0,0,4,357,Clear,"Dark, artificial",-79.3624,43.6814
1298040,8542,Driver,25 to 29,None,"Automobile, Station Wagon",Going Ahead,0,0,1,0,0,0,0,1,1,1,0,0,0,4,357,Clear,"Dark, artificial",-79.3624,43.6814
1299440,8512,Driver,unknown,None,"Automobile, Station Wagon",Going Ahead,0,1,1,0,0,0,0,0,0,1,1,0,0,11,1111,Clear,Daylight,-79.3592,43.6636
1299440,8513,Cyclist,50 to 54,Major,Bicycle,Going Ahead,0,1,1,0,0,0,0,0,0,1,1,0,0,11,1111,Clear,Daylight,-79.3592,43.6636
1300176,8559,Driver,30 to 34,None,"Automobile, Station Wagon",Pulling Away from Shoulder or Curb,1,0,1,0,0,0,0,0,0,1,0,0,0,20,2016,Rain,"Dusk, artificial",-79.4377,43.6434
1300176,8560,Pedestrian,20 to 24,Major,Other,NULL,1,0,1,0,0,0,0,0,0,1,0,0,0,20,2016,Rain,"Dusk, artificial",-79.4377,43.6434
1301507,8584,Driver,45 to 49,None,"Automobile, Station Wagon",Turning Left,0,1,1,0,0,0,0,0,0,1,0,0,0,16,1610,Clear,Daylight,-79.4202,43.6549
1301507,8585,Cyclist,20 to 24,Major,Bicycle,Going Ahead,0,1,1,0,0,0,0,0,0,1,0,0,0,16,1610,Clear,Daylight,-79.4202,43.6549
1303045,8623,Motorcycle Driver,20 to 24,Major,Motorcycle,Going Ahead,0,0,1,1,0,0,0,0,1,1,0,0,0,19,1936,Clear,Dusk,-79.3108,43.7854
1303045,8624,Driver,25 to 29,None,"Automobile, Station Wagon",Turning Left,0,0,1,1,0,0,0,0,1,1,0,0,0,19,1936,Clear,Dusk,-79.3108,43.7854
1305383,8483,Passenger,30 to 34,None,Other,NULL,0,1,1,0,0,0,0,1,0,0,0,0,0,20,2045,Clear,Dusk,-79.4353,43.6598
1305383,8484,Passenger,20 to 24,None,Other,NULL,0,1,1,0,0,0,0,1,0,0,0,0,0,20,2045,Clear,Dusk,-79.4353,43.6598
1305383,8485,Cyclist,20 to 24,Major,Bicycle,Going Ahead,0,1,1,0,0,0,0,1,0,0,0,0,0,20,2045,Clear,Dusk,-79.4353,43.6598
1305383,8482,Driver,25 to 29,None,"Automobile, Station Wagon",Going Ahead,0,1,1,0,0,0,0,1,0,0,0,0,0,20,2045,Clear,Dusk,-79.4353,43.6598
1305424,8460,Driver,55 to 59,None,Municipal Transit Bus (TTC),Slowing or Stopping,0,0,0,0,0,1,0,1,0,0,0,0,0,6,647,Clear,Daylight,-79.3763,43.6712
1305424,8467,Passenger,65 to 69,Major,Other,NULL,0,0,0,0,0,1,0,1,0,0,0,0,0,6,647,Clear,Daylight,-79.3763,43.6712
1305685,8486,Driver,60 to 64,None,"Automobile, Station Wagon",Going Ahead,1,0,1,0,0,0,0,0,0,0,0,0,0,22,2231,Clear,"Dark, artificial",-79.3828,43.6607
1305685,8487,Pedestrian,15 to 19,Major,Other,NULL,1,0,1,0,0,0,0,0,0,0,0,0,0,22,2231,Clear,"Dark, artificial",-79.3828,43.6607
1305919,8501,Driver,50 to 54,None,"Automobile, Station Wagon",Parked,0,1,1,0,0,0,0,0,0,0,0,0,0,19,1916,Clear,Daylight,-79.4137,43.6645
1305919,8502,Cyclist,45 to 49,Major,Bicycle,Overtaking,0,1,1,0,0,0,0,0,0,0,0,0,0,19,1916,Clear,Daylight,-79.4137,43.6645
1306017,8355,Driver,65 to 69,None,"Automobile, Station Wagon",Going Ahead,1,0,1,0,0,0,0,0,0,0,0,0,0,2,208,Clear,Dark,-79.3725,43.662
1306017,8356,Pedestrian,40 to 44,Major,Other,NULL,1,0,1,0,0,0,0,0,0,0,0,0,0,2,208,Clear,Dark,-79.3725,43.662
1306296,8517,Driver,60 to 64,None,"Automobile, Station Wagon",Going Ahead,0,1,1,0,0,0,0,0,0,1,0,0,0,18,1752,Clear,Daylight,-79.3528,43.6661
1306296,8518,Cyclist,40 to 44,Major,Bicycle,Going Ahead,0,1,1,0,0,0,0,0,0,1,0,0,0,18,1752,Clear,Daylight,-79.3528,43.6661
1306426,8515,Driver,20 to 24,None,"Automobile, Station Wagon",Turning Right,1,0,1,0,0,0,0,0,0,1,0,0,0,12,1239,Clear,Daylight,-79.5381,43.7337
1306426,8516,Pedestrian,70 to 74,Major,Other,NULL,1,0,1,0,0,0,0,0,0,1,0,0,0,12,1239,Clear,Daylight,-79.5381,43.7337
1308359,8292,Driver,30 to 34,None,"Automobile, Station Wagon",Going Ahead,0,0,1,0,0,0,0,1,0,1,1,0,0,11,1050,Clear,Daylight,-79.3865,43.6508
1308359,8293,Passenger,30 to 34,Minor,Other,NULL,0,0,1,0,0,0,0,1,0,1,1,0,0,11,1050,Clear,Daylight,-79.3865,43.6508
1308359,8294,Driver,40 to 44,Minor,"Automobile, Station Wagon",Going Ahead,0,0,1,0,0,0,0,1,0,1,1,0,0,11,1050,Clear,Daylight,-79.3865,43.6508
1308359,8296,Passenger,25 to 29,Minor,Other,NULL,0,0,1,0,0,0,0,1,0,1,1,0,0,11,1050,Clear,Daylight,-79.3865,43.6508
1308359,8297,Driver,45 to 49,Major,"Automobile, Station Wagon",Going Ahead,0,0,1,0,0,0,0,1,0,1,1,0,0,11,1050,Clear,Daylight,-79.3865,43.6508
1310131,8314,Driver,unknown,None,"Automobile, Station Wagon",Going Ahead,1,0,1,0,0,0,0,0,0,1,0,0,0,14,1416,Clear,Daylight,-79.5098,43.7206
1310131,8315,Pedestrian,50 to 54,Major,Other,NULL,1,0,1,0,0,0,0,0,0,1,0,0,0,14,1416,Clear,Daylight,-79.5098,43.7206
1311042,8311,Driver,75 to 79,None,"Automobile, Station Wagon",Going Ahead,0,1,1,0,0,0,0,0,0,1,0,0,0,6,640,Clear,Daylight,-79.5652,43.7372
1311042,8312,Cyclist,35 to 39,Major,Bicycle,Going Ahead,0,1,1,0,0,0,0,0,0,1,0,0,0,6,640,Clear,Daylight,-79.5652,43.7372
1311099,8392,Driver,unknown,None,"Automobile, Station Wagon",Going Ahead,1,0,1,0,0,0,0,0,0,0,0,0,0,20,2008,Clear,"Dark, artificial",-79.4382,43.6663
1311099,8393,Pedestrian,40 to 44,Major,Other,NULL,1,0,1,0,0,0,0,0,0,0,0,0,0,20,2008,Clear,"Dark, artificial",-79.4382,43.6663
1311242,16138,Cyclist,60 to 64,Major,Bicycle,Going Ahead,0,1,0,0,1,0,0,0,0,0,0,0,0,10,950,Clear,Daylight,-79.3983,43.7067
1311242,16140,Truck Driver,35 to 39,None,Truck - Tank,Going Ahead,0,1,0,0,1,0,0,0,0,0,0,0,0,10,950,Clear,Daylight,-79.3983,43.7067
1311376,8437,Driver,45 to 49,Major,"Automobile, Station Wagon",Turning Left,0,0,1,0,0,0,0,1,0,1,0,0,0,8,750,Clear,Daylight,-79.2484,43.8372
1311376,8431,Passenger,20 to 24,None,"Automobile, Station Wagon",NULL,0,0,1,0,0,0,0,1,0,1,0,0,0,8,750,Clear,Daylight,-79.2484,43.8372
1311376,8432,Passenger,20 to 24,Minor,Other,NULL,0,0,1,0,0,0,0,1,0,1,0,0,0,8,750,Clear,Daylight,-79.2484,43.8372
1311376,8434,Driver,55 to 59,Minimal,"Automobile, Station Wagon",Going Ahead,0,0,1,0,0,0,0,1,0,1,0,0,0,8,750,Clear,Daylight,-79.2484,43.8372
1311376,8435,Driver,40 to 44,None,"Automobile, Station Wagon",Stopped,0,0,1,0,0,0,0,1,0,1,0,0,0,8,750,Clear,Daylight,-79.2484,43.8372
1311376,8436,Driver,30 to 34,None,"Automobile, Station Wagon",Stopped,0,0,1,0,0,0,0,1,0,1,0,0,0,8,750,Clear,Daylight,-79.2484,43.8372
1311542,8422,Passenger,25 to 29,Minimal,Other,NULL,1,0,1,0,0,0,0,1,0,1,0,0,0,23,2318,Clear,"Dark, artificial",-79.3004,43.7804
1344588,9135,Driver,30 to 34,None,"Automobile, Station Wagon",Going Ahead,1,0,1,0,0,0,0,0,0,1,0,0,0,21,2128,Clear,"Dark, artificial",-79.3012,43.7213
1344588,9136,Pedestrian,35 to 39,Fatal,NULL,NULL,1,0,1,0,0,0,0,0,0,1,0,0,0,21,2128,Clear,"Dark, artificial",-79.3012,43.7213
1346509,9164,Passenger,20 to 24,None,Other,NULL,1,0,1,0,0,0,0,1,0,0,0,0,0,20,2032,Clear,"Dark, artificial",-79.341,43.6633
1346509,9165,Passenger,30 to 34,None,Other,NULL,1,0,1,0,0,0,0,1,0,0,0,0,0,20,2032,Clear,"Dark, artificial",-79.341,43.6633
1346509,9167,Driver,45 to 49,None,"Automobile, Station Wagon",Turning Left,1,0,1,0,0,0,0,1,0,0,0,0,0,20,2032,Clear,"Dark, artificial",-79.341,43.6633
1346509,9168,Pedestrian,60 to 64,Major,Other,NULL,1,0,1,0,0,0,0,1,0,0,0,0,0,20,2032,Clear,"Dark, artificial",-79.341,43.6633
1348815,9810,Driver,35 to 39,None,Municipal Transit Bus (TTC),Stopped,1,0,0,0,0,1,0,0,0,0,0,0,0,14,1426,Clear,Daylight,-79.4715,43.6821
1348815,9811,Pedestrian,35 to 39,Major,Other,NULL,1,0,0,0,0,1,0,0,0,0,0,0,0,14,1426,Clear,Daylight,-79.4715,43.6821
1349064,9126,Cyclist,55 to 59,Major,Bicycle,Going Ahead,0,1,1,0,0,0,0,0,0,0,0,0,0,11,1107,Clear,Daylight,-79.276,43.8291
1349064,9125,Driver,55 to 59,None,"Automobile, Station Wagon",Turning Left,0,1,1,0,0,0,0,0,0,0,0,0,0,11,1107,Clear,Daylight,-79.276,43.8291
1350051,9156,Driver,65 to 69,None,"Automobile, Station Wagon",Turning Left,1,0,1,0,0,0,0,0,0,1,0,0,0,20,2023,Rain,"Dark, artificial",-79.2847,43.7475
1350051,9157,Pedestrian,20 to 24,Major,Other,NULL,1,0,1,0,0,0,0,0,0,1,0,0,0,20,2023,Rain,"Dark, artificial",-79.2847,43.7475
1351606,9651,Cyclist,35 to 39,Fatal,Bicycle,Going Ahead,0,1,1,0,0,0,0,1,1,1,1,1,0,18,1846,Clear,Dusk,-79.2838,43.7731
1351606,9644,Passenger,20 to 24,Minimal,NULL,NULL,0,1,1,0,0,0,0,1,1,1,1,1,0,18,1846,Clear,Dusk,-79.2838,43.7731
1351606,9645,Passenger,20 to 24,Minor,NULL,NULL,0,1,1,0,0,0,0,1,1,1,1,1,0,18,1846,Clear,Dusk,-79.2838,43.7731
1351606,9646,Driver,20 to 24,Minor,"Automobile, Station Wagon",Stopped,0,1,1,0,0,0,0,1,1,1,1,1,0,18,1846,Clear,Dusk,-79.2838,43.7731
1351606,9647,Driver,45 to 49,None,"Automobile, Station Wagon",Going Ahead,0,1,1,0,0,0,0,1,1,1,1,1,0,18,1846,Clear,Dusk,-79.2838,43.7731
1351606,9648,Driver,25 to 29,Minor,"Automobile, Station Wagon",Going Ahead,0,1,1,0,0,0,0,1,1,1,1,1,0,18,1846,Clear,Dusk,-79.2838,43.7731
1351606,9649,Passenger,50 to 54,Major,NULL,NULL,0,1,1,0,0,0,0,1,1,1,1,1,0,18,1846,Clear,Dusk,-79.2838,43.7731
1351606,9650,Driver,25 to 29,None,"Automobile, Station Wagon",Going Ahead,0,1,1,0,0,0,0,1,1,1,1,1,0,18,1846,Clear,Dusk,-79.2838,43.7731
1351606,9642,Driver,40 to 44,None,"Automobile, Station Wagon",Going Ahead,0,1,1,0,0,0,0,1,1,1,1,1,0,18,1846,Clear,Dusk,-79.2838,43.7731
1351606,9643,Driver,75 to 79,None,"Automobile, Station Wagon",Going Ahead,0,1,1,0,0,0,0,1,1,1,1,1,0,18,1846,Clear,Dusk,-79.2838,43.7731
1353008,9149,Driver,50 to 54,None,"Automobile, Station Wagon",Going Ahead,0,1,1,0,0,0,0,0,0,0,0,0,0,18,1815,Clear,Dusk,-79.3195,43.6684
1353008,9150,Cyclist,30 to 34,Major,Bicycle,Going Ahead,0,1,1,0,0,0,0,0,0,0,0,0,0,18,1815,Clear,Dusk,-79.3195,43.6684
1355516,9628,Driver,30 to 34,Major,"Automobile, Station Wagon",Turning Left,0,0,1,0,0,0,0,0,1,1,0,0,0,18,1845,Clear,Daylight,-79.336,43.7729
1356335,9660,Driver,50 to 54,None,"Automobile, Station Wagon",Turning Left,1,0,1,0,0,0,0,0,0,0,0,0,0,17,1726,Clear,Daylight,-79.3045,43.6792
1356335,9661,Pedestrian,10 to 14,Major,Other,Going Ahead,1,0,1,0,0,0,0,0,0,0,0,0,0,17,1726,Clear,Daylight,-79.3045,43.6792
1356635,9257,Driver,25 to 29,None,"Automobile, Station Wagon",Turning Right,1,0,1,0,0,0,0,0,0,1,1,0,0,12,1231,Clear,Daylight,-79.4058,43.7403
1356635,9258,Pedestrian,90 to 94,Fatal,NULL,NULL,1,0,1,0,0,0,0,0,0,1,1,0,0,12,1231,Clear,Daylight,-79.4058,43.7403
1358324,9682,Driver,25 to 29,None,"Automobile, Station Wagon",Turning Left,0,0,1,1,0,0,0,0,1,1,0,0,0,12,1241,Clear,Daylight,-79.4426,43.6583
1358324,9683,Motorcycle Driver,50 to 54,Major,Motorcycle,Going Ahead,0,0,1,1,0,0,0,0,1,1,0,0,0,12,1241,Clear,Daylight,-79.4426,43.6583
1359211,9312,Driver,50 to 54,None,Municipal Transit Bus (TTC),Going Ahead,0,1,0,0,0,1,0,0,0,0,0,0,0,13,1309,Clear,Daylight,-79.4372,43.6984
1359211,9313,Cyclist,45 to 49,Major,Bicycle,Overtaking,0,1,0,0,0,1,0,0,0,0,0,0,0,13,1309,Clear,Daylight,-79.4372,43.6984
1362938,9220,Driver,55 to 59,Major,"Automobile, Station Wagon",Slowing or Stopping,0,0,1,0,1,0,0,0,0,1,0,0,0,13,1346,Rain,Daylight,-79.3466,43.6595
1362938,9005,Truck Driver,25 to 29,None,Truck - Open,Going Ahead,0,0,1,0,1,0,0,0,0,1,0,0,0,13,1346,Rain,Daylight,-79.3466,43.6595
1363874,9254,Driver,50 to 54,None,"Automobile, Station Wagon",Slowing or Stopping,1,0,1,0,0,0,0,0,0,0,0,0,0,7,701,Rain,Daylight,-79.1895,43.7676
1363874,9255,Pedestrian,75 to 79,Major,Other,NULL,1,0,1,0,0,0,0,0,0,0,0,0,0,7,701,Rain,Daylight,-79.1895,43.7676
1364208,9571,Driver,45 to 49,None,Municipal Transit Bus (TTC),Slowing or Stopping,1,0,0,0,0,1,0,0,0,0,0,0,0,20,2023,Clear,Daylight,-79.3666,43.6592
1364208,9572,Pedestrian,55 to 59,Major,Other,NULL,1,0,0,0,0,1,0,0,0,0,0,0,0,20,2023,Clear,Daylight,-79.3666,43.6592
1367433,9318,Driver,40 to 44,None,"Automobile, Station Wagon",Making U Turn,0,1,1,0,0,0,0,0,0,0,0,0,0,21,2104,Clear,"Dark, artificial",-79.3799,43.654
1367433,9319,Cyclist,30 to 34,Major,Bicycle,Going Ahead,0,1,1,0,0,0,0,0,0,0,0,0,0,21,2104,Clear,"Dark, artificial",-79.3799,43.654
1367518,9620,Motorcycle Driver,20 to 24,Fatal,Motorcycle,Going Ahead,0,0,1,1,0,0,0,0,0,1,0,0,0,15,1519,Clear,Daylight,-79.5287,43.6262
1367518,9621,Driver,45 to 49,None,"Automobile, Station Wagon",Turning Left,0,0,1,1,0,0,0,0,0,1,0,0,0,15,1519,Clear,Daylight,-79.5287,43.6262
1368450,9046,Driver,70 to 74,None,"Automobile, Station Wagon",Reversing,1,0,1,0,0,0,0,0,0,0,0,0,0,16,1604,Clear,Daylight,-79.4847,43.6806
1368450,9047,Pedestrian,65 to 69,Fatal,NULL,NULL,1,0,1,0,0,0,0,0,0,0,0,0,0,16,1604,Clear,Daylight,-79.4847,43.6806
1368988,9285,Passenger,unknown,Major,Other,NULL,0,0,1,0,0,0,0,1,0,0,0,0,0,24,2350,Clear,Dark,-79.549,43.7697
1368988,9284,Passenger,unknown,Major,Other,NULL,0,0,1,0,0,0,0,1,0,0,0,0,0,24,2350,Clear,Dark,-79.549,43.7697
1368988,9287,Driver,25 to 29,Minor,"Automobile, Station Wagon",Going Ahead,0,0,1,0,0,0,0,1,0,0,0,0,0,24,2350,Clear,Dark,-79.549,43.7697
1368988,9286,Passenger,unknown,Minor,Other,NULL,0,0,1,0,0,0,0,1,0,0,0,0,0,24,2350,Clear,Dark,-79.549,43.7697
1369473,9080,Driver,55 to 59,None,"Automobile, Station Wagon",Turning Right,1,0,1,0,0,0,0,0,0,1,0,0,0,6,613,Clear,Dawn,-79.3695,43.6681
1369473,9083,Pedestrian,20 to 24,Major,Other,NULL,1,0,1,0,0,0,0,0,0,1,0,0,0,6,613,Clear,Dawn,-79.3695,43.6681
1370071,9105,Motorcycle Driver,25 to 29,Major,Motorcycle,Going Ahead,0,0,1,1,0,0,0,0,1,1,0,0,0,7,748,Clear,Daylight,-79.5439,43.6613
1370071,9106,Driver,35 to 39,None,"Automobile, Station Wagon",Other,0,0,1,1,0,0,0,0,1,1,0,0,0,7,748,Clear,Daylight,-79.5439,43.6613
1370122,9107,Truck Driver,40 to 44,Major,"Truck - Closed (Blazer, etc)",Going Ahead,1,0,0,0,1,1,0,1,1,1,0,0,0,11,1133,Clear,Daylight,-79.2679,43.8326
1370122,9115,Driver,35 to 39,Major,Municipal Transit Bus (TTC),Stopped,1,0,0,0,1,1,0,1,1,1,0,0,0,11,1133,Clear,Daylight,-79.2679,43.8326
1370122,9072,Passenger,50 to 54,Fatal,NULL,NULL,1,0,0,0,1,1,0,1,1,1,0,0,0,11,1133,Clear,Daylight,-79.2679,43.8326
1370122,9333,Passenger,30 to 34,Minor,NULL,NULL,1,0,0,0,1,1,0,1,1,1,0,0,0,11,1133,Clear,Daylight,-79.2679,43.8326
1370122,9221,Passenger,20 to 24,Minor,NULL,NULL,1,0,0,0,1,1,0,1,1,1,0,0,0,11,1133,Clear,Daylight,-79.2679,43.8326
1370122,9323,Passenger,unknown,Minimal,NULL,NULL,1,0,0,0,1,1,0,1,1,1,0,0,0,11,1133,Clear,Daylight,-79.2679,43.8326
1370122,9328,Passenger,5 to 9,Minimal,NULL,NULL,1,0,0,0,1,1,0,1,1,1,0,0,0,11,1133,Clear,Daylight,-79.2679,43.8326
1370122,9329,Passenger,30 to 34,Minor,NULL,NULL,1,0,0,0,1,1,0,1,1,1,0,0,0,11,1133,Clear,Daylight,-79.2679,43.8326
1370122,9330,Passenger,55 to 59,Minor,NULL,NULL,1,0,0,0,1,1,0,1,1,1,0,0,0,11,1133,Clear,Daylight,-79.2679,43.8326
1370122,9331,Passenger,15 to 19,Minor,NULL,NULL,1,0,0,0,1,1,0,1,1,1,0,0,0,11,1133,Clear,Daylight,-79.2679,43.8326
1370122,9332,Passenger,20 to 24,Minor,NULL,NULL,1,0,0,0,1,1,0,1,1,1,0,0,0,11,1133,Clear,Daylight,-79.2679,43.8326
1370122,9334,Pedestrian,40 to 44,Major,NULL,NULL,1,0,0,0,1,1,0,1,1,1,0,0,0,11,1133,Clear,Daylight,-79.2679,43.8326
1370441,9839,Motorcycle Driver,15 to 19,Major,Motorcycle,Going Ahead,0,0,1,1,0,0,0,0,1,1,0,0,0,12,1230,Clear,Daylight,-79.5066,43.636
1370441,9840,Driver,40 to 44,None,"Automobile, Station Wagon",Going Ahead,0,0,1,1,0,0,0,0,1,1,0,0,0,12,1230,Clear,Daylight,-79.5066,43.636
1370609,9340,Driver,65 to 69,Minor,"Automobile, Station Wagon",Going Ahead,0,1,1,0,0,0,0,0,0,0,0,0,0,16,1612,Clear,Daylight,-79.4109,43.6512
1370609,9342,Cyclist,50 to 54,Major,Bicycle,Stopped,0,1,1,0,0,0,0,0,0,0,0,0,0,16,1612,Clear,Daylight,-79.4109,43.6512
1371679,9375,Motorcycle Driver,20 to 24,Major,Motorcycle,Going Ahead,0,0,0,1,0,0,0,0,0,0,0,0,0,12,1235,Clear,Daylight,-79.5246,43.6158
1371962,9379,Driver,40 to 44,None,"Automobile, Station Wagon",Going Ahead,0,1,1,0,0,0,0,0,0,0,0,0,0,7,705,Clear,Daylight,-79.4418,43.6681
1371962,9380,Cyclist,15 to 19,Major,Bicycle,Other,0,1,1,0,0,0,0,0,0,0,0,0,0,7,705,Clear,Daylight,-79.4418,43.6681
1372879,9413,Motorcycle Passenger,20 to 24,Major,NULL,NULL,0,0,1,1,0,0,0,1,1,1,0,0,0,21,2136,Clear,Dark,-79.4548,43.7422
1286418,7277,Pedestrian,65 to 69,Major,Other,NULL,1,0,1,0,0,0,0,0,0,1,0,0,0,2,223,Clear,Daylight,-79.4309,43.6998
1287004,7286,Driver,50 to 54,None,"Automobile, Station Wagon",Going Ahead,0,1,1,0,0,0,0,0,0,0,0,0,0,14,1417,Rain,Daylight,-79.3598,43.6759
1287004,7287,Cyclist,20 to 24,Major,Bicycle,Changing Lanes,0,1,1,0,0,0,0,0,0,0,0,0,0,14,1417,Rain,Daylight,-79.3598,43.6759
1290615,7715,Driver,30 to 34,Major,"Automobile, Station Wagon",Going Ahead,0,0,1,0,0,0,0,0,0,0,0,0,0,1,142,Clear,Dark,-79.3125,43.6851
1290615,7716,Other,unknown,None,Other,Parked,0,0,1,0,0,0,0,0,0,0,0,0,0,1,142,Clear,Dark,-79.3125,43.6851
1291534,7735,Motorcycle Driver,45 to 49,Major,Motorcycle,Going Ahead,1,0,0,1,0,0,0,0,0,1,0,0,0,18,1812,Clear,Daylight,-79.3675,43.6632
1291534,7736,Other,unknown,None,Other,Parked,1,0,0,1,0,0,0,0,0,1,0,0,0,18,1812,Clear,Daylight,-79.3675,43.6632
1291534,7737,Pedestrian,30 to 34,Minimal,Other,NULL,1,0,0,1,0,0,0,0,0,1,0,0,0,18,1812,Clear,Daylight,-79.3675,43.6632
1293088,8697,Driver,55 to 59,None,"Automobile, Station Wagon",Stopped,0,0,1,1,0,0,0,0,1,1,0,0,0,18,1810,Clear,Daylight,-79.5514,43.6381
1293088,8696,Motorcycle Driver,25 to 29,Major,Motorcycle,Going Ahead,0,0,1,1,0,0,0,0,1,1,0,0,0,18,1810,Clear,Daylight,-79.5514,43.6381
1293387,8708,Driver,65 to 69,Major,"Automobile, Station Wagon",Going Ahead,0,0,1,0,0,0,0,0,1,1,0,0,0,10,1025,"Fog, Mist, Smoke, Dust",Daylight,-79.4731,43.6329
1293387,8709,Driver,35 to 39,None,"Automobile, Station Wagon",Disabled,0,0,1,0,0,0,0,0,1,1,0,0,0,10,1025,"Fog, Mist, Smoke, Dust",Daylight,-79.4731,43.6329
1293487,8713,Driver,50 to 54,None,Municipal Transit Bus (TTC),Going Ahead,1,0,0,0,0,1,0,0,0,0,0,0,0,18,1825,Clear,Daylight,-79.6137,43.7322
1293487,8714,Pedestrian,50 to 54,Major,Other,NULL,1,0,0,0,0,1,0,0,0,0,0,0,0,18,1825,Clear,Daylight,-79.6137,43.7322
1295059,8726,Driver,15 to 19,Minor,"Automobile, Station Wagon",Going Ahead,0,0,1,0,0,0,0,0,0,1,0,0,0,10,1043,Clear,Daylight,-79.4411,43.6538
1295059,8727,Driver,70 to 74,Major,"Automobile, Station Wagon",Turning Left,0,0,1,0,0,0,0,0,0,1,0,0,0,10,1043,Clear,Daylight,-79.4411,43.6538