ACCNUM,ObjectId,INVTYPE,INVAGE,INJURY,VEHTYPE,MANOEUVER,PEDESTRIAN,CYCLIST,AUTOMOBILE,MOTORCYCLE,TRUCK,TRSN_CITY_VEH,EMERG_VEH,PASSENGER,SPEEDING,AG_DRIV,REDLIGHT,ALCOHOL,DISABILITY,HOUR,TIME,VISIBILITY,LIGHT,collision_lat,collision_long
1296063,8231,Motorcycle Driver,25 to 29,Major,Motorcycle,Going Ahead,0,0,1,1,0,0,0,0,0,1,0,0,0,15,1520,Clear,Daylight,-79.2849,43.7215
1296063,8120,Driver,45 to 49,None,"Automobile, Station Wagon",Turning Left,0,0,1,1,0,0,0,0,0,1,0,0,0,15,1520,Clear,Daylight,-79.2849,43.7215
1297568,8926,Pedestrian,25 to 29,Major,Other,NULL,1,0,1,0,0,0,0,0,0,0,0,0,0,14,1435,Clear,Daylight,-79.4143,43.7752
1297568,8848,Driver,35 to 39,None,"Automobile, Station Wagon",Going Ahead,1,0,1,0,0,0,0,0,0,0,0,0,0,14,1435,Clear,Daylight,-79.4143,43.7752
1298032,8937,Passenger,0 to 4,Major,Other,NULL,0,0,1,0,0,0,0,1,0,1,0,0,0,12,1220,Clear,Daylight,-79.3436,43.7758
1298032,8938,Passenger,0 to 4,Major,Other,NULL,0,0,1,0,0,0,0,1,0,1,0,0,0,12,1220,Clear,Daylight,-79.3436,43.7758
1298032,8939,Passenger,35 to 39,Major,Other,NULL,0,0,1,0,0,0,0,1,0,1,0,0,0,12,1220,Clear,Daylight,-79.3436,43.7758
1298032,8940,Driver,40 to 44,Major,"Automobile, Station Wagon",Stopped,0,0,1,0,0,0,0,1,0,1,0,0,0,12,1220,Clear,Daylight,-79.3436,43.7758
1298032,8941,Driver,40 to 44,Major,"Automobile, Station Wagon",Going Ahead,0,0,1,0,0,0,0,1,0,1,0,0,0,12,1220,Clear,Daylight,-79.3436,43.7758
1298136,8499,Driver,60 to 64,None,"Automobile, Station Wagon",Going Ahead,1,0,1,0,0,0,0,0,0,0,0,0,0,10,1025,Rain,Daylight,-79.5041,43.7792
1298136,8500,Pedestrian,20 to 24,Major,Other,NULL,1,0,1,0,0,0,0,0,0,0,0,0,0,10,1025,Rain,Daylight,-79.5041,43.7792
1298554,8504,Driver,20 to 24,None,Municipal Transit Bus (TTC),Turning Left,1,0,0,0,0,1,0,0,0,1,0,0,0,20,2032,Clear,"Dark, artificial",-79.4309,43.6747
1298554,8505,Pedestrian,80 to 84,Major,Other,NULL,1,0,0,0,0,1,0,0,0,1,0,0,0,20,2032,Clear,"Dark, artificial",-79.4309,43.6747
1299771,8981,Pedestrian,30 to 34,Major,Other,NULL,1,1,0,0,0,0,0,0,0,0,0,0,0,15,1530,Rain,Daylight,-79.3915,43.6819
1299771,8982,Cyclist,25 to 29,Minor,Bicycle,Going Ahead,1,1,0,0,0,0,0,0,0,0,0,0,0,15,1530,Rain,Daylight,-79.3915,43.6819
1301426,8578,Passenger,20 to 24,Major,Other,NULL,0,0,1,0,0,0,0,1,1,1,0,0,0,23,2310,Clear,Dark,-79.3274,43.6485
1301426,8579,Driver,20 to 24,None,"Automobile, Station Wagon",Going Ahead,0,0,1,0,0,0,0,1,1,1,0,0,0,23,2310,Clear,Dark,-79.3274,43.6485
1302130,8612,Driver,25 to 29,None,"Automobile, Station Wagon",Going Ahead,0,1,1,0,0,0,0,0,0,1,0,0,0,10,1015,Clear,Daylight,-79.4133,43.6508
1302130,8613,Cyclist,65 to 69,Major,Bicycle,Going Ahead,0,1,1,0,0,0,0,0,0,1,0,0,0,10,1015,Clear,Daylight,-79.4133,43.6508
1302144,8601,Motorcycle Driver,25 to 29,Major,Motorcycle,Going Ahead,0,0,1,1,0,0,0,0,0,0,0,0,0,0,8,Clear,"Dark, artificial",-79.3968,43.645
1302144,8603,Driver,40 to 44,None,"Automobile, Station Wagon",Changing Lanes,0,0,1,1,0,0,0,0,0,0,0,0,0,0,8,Clear,"Dark, artificial",-79.3968,43.645
1302144,8605,Driver,25 to 29,None,"Automobile, Station Wagon",Stopped,0,0,1,1,0,0,0,0,0,0,0,0,0,0,8,Clear,"Dark, artificial",-79.3968,43.645
1305187,8131,Cyclist,20 to 24,Major,Bicycle,Going Ahead,0,1,0,0,0,0,0,0,0,0,0,0,0,17,1720,Clear,Daylight,-79.4051,43.6571
1305187,8123,Driver,25 to 29,None,Other,Parked,0,1,0,0,0,0,0,0,0,0,0,0,0,17,1720,Clear,Daylight,-79.4051,43.6571
1305388,8440,Cyclist,30 to 34,Major,Bicycle,Going Ahead,0,1,1,0,0,0,0,0,0,1,0,0,0,10,1000,Clear,Daylight,-79.417,43.6469
1305388,8341,Driver,50 to 54,None,"Automobile, Station Wagon",Turning Left,0,1,1,0,0,0,0,0,0,1,0,0,0,10,1000,Clear,Daylight,-79.417,43.6469
1305406,8479,Driver - Not Hit,unknown,None,NULL,NULL,1,1,0,0,0,0,0,0,0,0,0,0,0,18,1807,Clear,Daylight,-79.3936,43.6492
1305406,8480,Pedestrian,60 to 64,Major,NULL,NULL,1,1,0,0,0,0,0,0,0,0,0,0,0,18,1807,Clear,Daylight,-79.3936,43.6492
1305406,8481,Cyclist,20 to 24,None,Bicycle,Going Ahead,1,1,0,0,0,0,0,0,0,0,0,0,0,18,1807,Clear,Daylight,-79.3936,43.6492
1307860,8386,Driver,40 to 44,None,"Automobile, Station Wagon",Going Ahead,1,0,1,0,0,0,0,0,0,0,0,0,0,17,1736,Clear,Daylight,-79.4285,43.6422
1307860,8387,Pedestrian,65 to 69,Major,Other,NULL,1,0,1,0,0,0,0,0,0,0,0,0,0,17,1736,Clear,Daylight,-79.4285,43.6422
1308128,8283,Driver,55 to 59,None,"Automobile, Station Wagon",Turning Left,0,1,1,0,0,0,0,0,0,1,0,0,0,10,1010,Clear,Daylight,-79.3168,43.8213
1308128,8284,Cyclist,75 to 79,Major,Bicycle,Going Ahead,0,1,1,0,0,0,0,0,0,1,0,0,0,10,1010,Clear,Daylight,-79.3168,43.8213
1308396,8304,Driver,45 to 49,None,"Automobile, Station Wagon",Parked,0,1,1,0,0,0,0,0,0,0,0,0,0,17,1740,Clear,Daylight,-79.3857,43.6546
1308396,8305,Cyclist,45 to 49,Major,Bicycle,Going Ahead,0,1,1,0,0,0,0,0,0,0,0,0,0,17,1740,Clear,Daylight,-79.3857,43.6546
1308881,8519,Driver,60 to 64,Major,"Automobile, Station Wagon",Going Ahead,0,0,1,0,0,0,0,0,1,1,0,0,1,18,1827,Clear,Daylight,-79.2106,43.8167
1315616,8396,Pedestrian,50 to 54,Major,Other,NULL,1,0,1,0,0,0,0,0,0,0,0,0,0,15,1523,Rain,Daylight,-79.2609,43.7094
1315616,8398,Driver,45 to 49,None,"Automobile, Station Wagon",Stopped,1,0,1,0,0,0,0,0,0,0,0,0,0,15,1523,Rain,Daylight,-79.2609,43.7094
1315616,8400,Driver,25 to 29,None,"Automobile, Station Wagon",Reversing,1,0,1,0,0,0,0,0,0,0,0,0,0,15,1523,Rain,Daylight,-79.2609,43.7094
1316502,8412,Driver,40 to 44,None,"Automobile, Station Wagon",Stopped,0,1,1,0,0,0,0,0,0,0,0,0,0,7,707,Clear,Daylight,-79.4486,43.6454
1316502,8413,Cyclist,10 to 14,Major,Bicycle,Going Ahead,0,1,1,0,0,0,0,0,0,0,0,0,0,7,707,Clear,Daylight,-79.4486,43.6454
1319292,8781,Truck Driver,45 to 49,None,Truck - Open,Turning Left,1,0,0,0,1,0,0,0,0,0,0,0,0,10,952,Clear,Daylight,-79.4031,43.6451
1319292,8782,Pedestrian,50 to 54,Major,Other,NULL,1,0,0,0,1,0,0,0,0,0,0,0,0,10,952,Clear,Daylight,-79.4031,43.6451
1320814,8115,Motorcycle Driver,45 to 49,Major,Motorcycle,Turning Left,0,0,0,1,0,0,0,0,0,0,0,0,0,12,1225,Clear,Daylight,-79.2853,43.6969
1321399,8136,Driver,25 to 29,None,"Automobile, Station Wagon",Going Ahead,1,0,1,0,0,0,0,0,0,0,0,0,0,1,103,Clear,Dark,-79.4325,43.6745
1321399,8137,Pedestrian,60 to 64,Major,NULL,NULL,1,0,1,0,0,0,0,0,0,0,0,0,0,1,103,Clear,Dark,-79.4325,43.6745
1323889,8185,Driver,45 to 49,None,"Automobile, Station Wagon",Stopped,0,1,1,0,0,0,0,0,0,1,0,0,0,11,1110,Clear,Daylight,-79.3817,43.6482
1323889,8186,Cyclist,50 to 54,Major,Bicycle,Going Ahead,0,1,1,0,0,0,0,0,0,1,0,0,0,11,1110,Clear,Daylight,-79.3817,43.6482
1325976,8216,Driver,40 to 44,None,"Automobile, Station Wagon",Going Ahead,1,0,1,0,0,0,0,0,0,0,0,0,0,15,1529,Clear,Daylight,-79.3701,43.8032
1373041,10129,Pedestrian,70 to 74,Major,Other,NULL,1,0,1,0,0,0,0,0,0,1,0,0,0,19,1948,Rain,"Dusk, artificial",-79.295,43.7741
1373041,10120,Driver,65 to 69,None,"Automobile, Station Wagon",Turning Left,1,0,1,0,0,0,0,0,0,1,0,0,0,19,1948,Rain,"Dusk, artificial",-79.295,43.7741
1373423,9897,Driver,35 to 39,Minimal,"Automobile, Station Wagon",Going Ahead,1,0,1,0,0,0,0,0,0,0,0,0,0,14,1420,Rain,Daylight,-79.3831,43.6403
1373423,9898,Driver,35 to 39,Major,"Automobile, Station Wagon",Stopped,1,0,1,0,0,0,0,0,0,0,0,0,0,14,1420,Rain,Daylight,-79.3831,43.6403
1373423,9899,Pedestrian,unknown,Minimal,Other,NULL,1,0,1,0,0,0,0,0,0,0,0,0,0,14,1420,Rain,Daylight,-79.3831,43.6403
1373423,9900,Pedestrian,25 to 29,Minimal,Other,NULL,1,0,1,0,0,0,0,0,0,0,0,0,0,14,1420,Rain,Daylight,-79.3831,43.6403
1373423,9901,Pedestrian,20 to 24,Minor,Other,NULL,1,0,1,0,0,0,0,0,0,0,0,0,0,14,1420,Rain,Daylight,-79.3831,43.6403
1373473,9528,Cyclist,30 to 34,None,Bicycle,Going Ahead,1,1,0,0,0,0,0,0,0,0,0,0,0,17,1725,Clear,Daylight,-79.3897,43.6501
1373473,9530,Pedestrian,25 to 29,Major,Other,NULL,1,1,0,0,0,0,0,0,0,0,0,0,0,17,1725,Clear,Daylight,-79.3897,43.6501
1375428,10294,Driver,20 to 24,None,"Automobile, Station Wagon",Going Ahead,1,0,1,0,0,0,0,0,0,0,0,0,0,1,130,Rain,"Dark, artificial",-79.4451,43.7925
1375428,10295,Pedestrian,20 to 24,Fatal,NULL,NULL,1,0,1,0,0,0,0,0,0,0,0,0,0,1,130,Rain,"Dark, artificial",-79.4451,43.7925
1377536,10332,Driver,60 to 64,None,Passenger Van,Turning Left,1,0,1,0,0,0,0,0,0,1,0,0,0,11,1050,Clear,Daylight,-79.3513,43.6624
1377536,10333,Pedestrian,90 to 94,Fatal,NULL,NULL,1,0,1,0,0,0,0,0,0,1,0,0,0,11,1050,Clear,Daylight,-79.3513,43.6624
1377550,10334,Driver,30 to 34,None,"Automobile, Station Wagon",Going Ahead,1,0,1,0,0,0,0,0,0,0,0,0,0,18,1800,Clear,Daylight,-79.5161,43.7001
1377550,10335,Pedestrian,80 to 84,Major,Other,NULL,1,0,1,0,0,0,0,0,0,0,0,0,0,18,1800,Clear,Daylight,-79.5161,43.7001
1379372,9617,Driver,25 to 29,None,"Automobile, Station Wagon",Going Ahead,1,0,1,0,0,0,0,0,0,0,0,0,0,12,1240,Clear,Daylight,-79.4283,43.6415
1379372,9618,Pedestrian,70 to 74,Major,Other,NULL,1,0,1,0,0,0,0,0,0,0,0,0,0,12,1240,Clear,Daylight,-79.4283,43.6415
1379740,9013,Pedestrian,75 to 79,Major,Other,NULL,1,0,1,0,0,0,0,0,0,0,0,0,0,11,1140,Clear,Daylight,-79.4217,43.773
1379740,9012,Driver,25 to 29,None,"Automobile, Station Wagon",Reversing,1,0,1,0,0,0,0,0,0,0,0,0,0,11,1140,Clear,Daylight,-79.4217,43.773
1380043,10521,Driver,50 to 54,None,Municipal Transit Bus (TTC),Turning Right,1,0,0,0,0,1,0,0,0,1,0,0,0,21,2136,Clear,Dark,-79.4325,43.6525
1380043,10522,Pedestrian,25 to 29,Major,Other,NULL,1,0,0,0,0,1,0,0,0,1,0,0,0,21,2136,Clear,Dark,-79.4325,43.6525
1380543,9018,Driver,35 to 39,None,"Automobile, Station Wagon",Turning Left,0,1,1,0,0,0,0,0,0,1,0,0,0,18,1845,Clear,Daylight,-79.3912,43.6434
1380543,9019,Cyclist,25 to 29,Major,Bicycle,Going Ahead,0,1,1,0,0,0,0,0,0,1,0,0,0,18,1845,Clear,Daylight,-79.3912,43.6434
1380661,9041,Driver,20 to 24,None,"Automobile, Station Wagon",Turning Left,1,0,1,0,0,0,0,0,0,1,0,0,0,22,2158,Clear,"Dark, artificial",-79.1803,43.8062
1380661,9042,Pedestrian,50 to 54,Major,Other,NULL,1,0,1,0,0,0,0,0,0,1,0,0,0,22,2158,Clear,"Dark, artificial",-79.1803,43.8062
1380762,16707,Driver,30 to 34,Major,"Automobile, Station Wagon",Going Ahead,0,0,1,0,0,0,0,1,0,1,0,0,0,23,2250,Clear,"Dark, artificial",-79.2317,43.7764
1380762,16779,Passenger,20 to 24,None,NULL,NULL,0,0,1,0,0,0,0,1,0,1,0,0,0,23,2250,Clear,"Dark, artificial",-79.2317,43.7764
1380762,16778,Driver,20 to 24,None,Pick Up Truck,Going Ahead,0,0,1,0,0,0,0,1,0,1,0,0,0,23,2250,Clear,"Dark, artificial",-79.2317,43.7764
1381080,9048,Driver,55 to 59,None,"Automobile, Station Wagon",Turning Left,0,1,1,0,0,0,0,0,0,1,0,0,0,19,1943,Clear,Dusk,-79.5748,43.7643
1381080,9049,Cyclist,50 to 54,Major,Bicycle,Going Ahead,0,1,1,0,0,0,0,0,0,1,0,0,0,19,1943,Clear,Dusk,-79.5748,43.7643
1381629,9063,Driver,20 to 24,None,"Automobile, Station Wagon",Reversing,1,0,1,0,0,0,0,0,0,0,0,0,0,19,1904,Clear,Daylight,-79.4121,43.763
1381629,9064,Pedestrian,15 to 19,Minimal,Other,NULL,1,0,1,0,0,0,0,0,0,0,0,0,0,19,1904,Clear,Daylight,-79.4121,43.763
1381629,9065,Pedestrian,50 to 54,Major,Other,NULL,1,0,1,0,0,0,0,0,0,0,0,0,0,19,1904,Clear,Daylight,-79.4121,43.763
1383434,9377,Driver,40 to 44,None,Municipal Transit Bus (TTC),Going Ahead,1,0,0,0,0,1,0,0,0,0,0,0,0,19,1850,Clear,Daylight,-79.4576,43.6747
1383434,9378,Pedestrian,20 to 24,Major,Other,NULL,1,0,0,0,0,1,0,0,0,0,0,0,0,19,1850,Clear,Daylight,-79.4576,43.6747
1383802,10030,Passenger,65 to 69,None,Other,NULL,0,0,1,0,0,0,0,1,0,0,0,0,1,11,1130,Clear,Daylight,-79.517,43.658
1383802,10031,Driver,80 to 84,Major,"Automobile, Station Wagon",Going Ahead,0,0,1,0,0,0,0,1,0,0,0,0,1,11,1130,Clear,Daylight,-79.517,43.658
1384088,9421,Driver,unknown,None,"Automobile, Station Wagon",Going Ahead,0,0,1,0,0,0,0,1,0,0,0,0,0,13,1340,Clear,Daylight,-79.415,43.6414
1384088,9418,Passenger,30 to 34,Major,Other,NULL,0,0,1,0,0,0,0,1,0,0,0,0,0,13,1340,Clear,Daylight,-79.415,43.6414
1384088,9420,Driver,30 to 34,Minimal,"Automobile, Station Wagon",Going Ahead,0,0,1,0,0,0,0,1,0,0,0,0,0,13,1340,Clear,Daylight,-79.415,43.6414
1384688,10258,Driver,50 to 54,Major,Municipal Transit Bus (TTC),Going Ahead,0,0,0,1,0,1,0,0,0,1,0,0,0,13,1345,Clear,Daylight,-79.5054,43.6486
1384688,10260,Motorcycle Driver,45 to 49,None,Motorcycle,Turning Left,0,0,0,1,0,1,0,0,0,1,0,0,0,13,1345,Clear,Daylight,-79.5054,43.6486
1386391,9867,Truck Driver,45 to 49,Minimal,Truck - Open,Going Ahead,0,0,1,0,1,0,0,0,0,0,0,0,0,14,1430,Clear,Daylight,-79.2726,43.7001
1386391,9870,Driver,45 to 49,Major,"Automobile, Station Wagon",Stopped,0,0,1,0,1,0,0,0,0,0,0,0,0,14,1430,Clear,Daylight,-79.2726,43.7001
1386391,9868,Vehicle Owner,unknown,None,Other,Unknown,0,0,1,0,1,0,0,0,0,0,0,0,0,14,1430,Clear,Daylight,-79.2726,43.7001
1386391,9866,Vehicle Owner,unknown,None,Other,Unknown,0,0,1,0,1,0,0,0,0,0,0,0,0,14,1430,Clear,Daylight,-79.2726,43.7001
1386391,9869,Truck Driver,55 to 59,Major,Truck - Open,Going Ahead,0,0,1,0,1,0,0,0,0,0,0,0,0,14,1430,Clear,Daylight,-79.2726,43.7001
1387882,10341,Driver,75 to 79,None,"Automobile, Station Wagon",Turning Left,1,0,1,0,0,0,0,0,0,1,0,0,0,11,1136,Clear,Daylight,-79.3672,43.649
1387882,10342,Pedestrian,80 to 84,Major,Other,NULL,1,0,1,0,0,0,0,0,0,1,0,0,0,11,1136,Clear,Daylight,-79.3672,43.649
1388364,10032,Passenger,30 to 34,Major,Other,NULL,0,0,1,0,0,0,0,1,0,0,0,0,0,15,1525,Clear,Daylight,-79.3376,43.7006
1388364,10033,Driver,55 to 59,Major,"Automobile, Station Wagon",Going Ahead,0,0,1,0,0,0,0,1,0,0,0,0,0,15,1525,Clear,Daylight,-79.3376,43.7006
1388364,10034,Driver,35 to 39,Major,"Automobile, Station Wagon",Going Ahead,0,0,1,0,0,0,0,1,0,0,0,0,0,15,1525,Clear,Daylight,-79.3376,43.7006
1510299,16812,Driver,unknown,None,"Automobile, Station Wagon",Going Ahead,0,0,1,0,0,0,0,1,1,1,0,0,0,15,1528,Clear,Daylight,-79.2656,43.7154
1510299,16813,Driver,50 to 54,Major,"Automobile, Station Wagon",Stopped,0,0,1,0,0,0,0,1,1,1,0,0,0,15,1528,Clear,Daylight,-79.2656,43.7154
1510299,16814,Driver,25 to 29,None,"Automobile, Station Wagon",Stopped,0,0,1,0,0,0,0,1,1,1,0,0,0,15,1528,Clear,Daylight,-79.2656,43.7154
1510299,16815,Passenger,85 to 89,Minimal,NULL,NULL,0,0,1,0,0,0,0,1,1,1,0,0,0,15,1528,Clear,Daylight,-79.2656,43.7154
1510299,16816,Passenger,65 to 69,None,NULL,NULL,0,0,1,0,0,0,0,1,1,1,0,0,0,15,1528,Clear,Daylight,-79.2656,43.7154
1510299,16817,Passenger,70 to 74,None,NULL,NULL,0,0,1,0,0,0,0,1,1,1,0,0,0,15,1528,Clear,Daylight,-79.2656,43.7154
1551312,16828,Cyclist,10 to 14,Major,Bicycle,Going Ahead,0,1,1,0,0,0,0,0,0,0,0,0,0,12,1235,Clear,Daylight,-79.4268,43.7921
1551312,16829,Driver,80 to 84,None,"Automobile, Station Wagon",Going Ahead,0,1,1,0,0,0,0,0,0,0,0,0,0,12,1235,Clear,Daylight,-79.4268,43.7921
1573372,16843,Driver,25 to 29,None,"Automobile, Station Wagon",Merging,0,0,1,1,0,0,0,0,0,1,0,0,0,14,1417,Clear,Daylight,-79.3745,43.657
1573372,16844,Motorcycle Driver,60 to 64,Major,Motorcycle,Going Ahead,0,0,1,1,0,0,0,0,0,1,0,0,0,14,1417,Clear,Daylight,-79.3745,43.657
1650701,16857,Driver,65 to 69,None,"Automobile, Station Wagon",Turning Left,0,0,1,0,0,0,0,1,0,1,0,0,0,12,1205,Clear,Daylight,-79.232,43.7402
1650701,16858,Driver,30 to 34,Minor,"Automobile, Station Wagon",Going Ahead,0,0,1,0,0,0,0,1,0,1,0,0,0,12,1205,Clear,Daylight,-79.232,43.7402
1650701,16859,Passenger,10 to 14,Major,NULL,NULL,0,0,1,0,0,0,0,1,0,1,0,0,0,12,1205,Clear,Daylight,-79.232,43.7402
1670339,16265,Cyclist,50 to 54,Fatal,Bicycle,Going Ahead,0,1,1,0,0,0,0,0,0,1,0,0,0,6,551,Clear,"Dark, artificial",-79.5276,43.755
1670339,16269,Driver,60 to 64,None,"Automobile, Station Wagon",Going Ahead,0,1,1,0,0,0,0,0,0,1,0,0,0,6,551,Clear,"Dark, artificial",-79.5276,43.755
1780907,16439,Driver,30 to 34,None,Municipal Transit Bus (TTC),Going Ahead,1,0,0,0,0,1,0,0,0,0,0,0,0,21,2125,Clear,"Dark, artificial",-79.4498,43.6764
1780907,16440,Pedestrian,50 to 54,Major,NULL,NULL,1,0,0,0,0,1,0,0,0,0,0,0,0,21,2125,Clear,"Dark, artificial",-79.4498,43.6764
1815972,16444,Cyclist,35 to 39,Fatal,Bicycle,Going Ahead,0,1,1,0,0,0,0,0,0,0,0,0,0,18,1812,Clear,Daylight,-79.4022,43.6519
1815972,16445,Driver,65 to 69,None,"Automobile, Station Wagon",Going Ahead,0,1,1,0,0,0,0,0,0,0,0,0,0,18,1812,Clear,Daylight,-79.4022,43.6519
1892662,16470,Driver,30 to 34,None,Passenger Van,Going Ahead,1,0,1,0,0,0,0,0,0,0,0,0,0,16,1640,Clear,Daylight,-79.4386,43.756
1892662,16471,Pedestrian,15 to 19,Major,NULL,NULL,1,0,1,0,0,0,0,0,0,0,0,0,0,16,1640,Clear,Daylight,-79.4386,43.756
1894720,16472,Driver,55 to 59,None,"Automobile, Station Wagon",Turning Right,1,0,1,0,0,0,0,0,0,0,0,0,0,23,2312,Clear,"Dusk, artificial",-79.3904,43.6598
1894720,16473,Pedestrian,65 to 69,Major,NULL,NULL,1,0,1,0,0,0,0,0,0,0,0,0,0,23,2312,Clear,"Dusk, artificial",-79.3904,43.6598
1942115,16492,Driver,30 to 34,None,"Automobile, Station Wagon",Turning Right,1,0,1,0,0,0,0,0,0,1,0,0,0,9,906,Clear,Daylight,-79.5941,43.7419
1942115,16493,Pedestrian,55 to 59,Major,NULL,NULL,1,0,1,0,0,0,0,0,0,1,0,0,0,9,906,Clear,Daylight,-79.5941,43.7419
1985100,16008,Motorcycle Driver,70 to 74,Major,Motorcycle,Changing Lanes,0,0,0,1,0,0,0,0,0,0,0,0,0,16,1641,Rain,"Daylight, artificial",-79.3348,43.6694
1332258,9455,Pedestrian,65 to 69,Fatal,Other,NULL,1,0,1,0,0,0,0,0,0,0,0,0,0,7,748,Clear,Daylight,-79.2921,43.7823
1332390,8054,Driver,65 to 69,None,"Automobile, Station Wagon",Turning Left,0,0,1,0,0,0,0,1,0,0,0,0,0,6,627,Clear,"Dark, artificial",-79.4744,43.6929
1332390,8055,Passenger,5 to 9,Minimal,Other,NULL,0,0,1,0,0,0,0,1,0,0,0,0,0,6,627,Clear,"Dark, artificial",-79.4744,43.6929
1332390,8057,Driver,25 to 29,Major,"Automobile, Station Wagon",Going Ahead,0,0,1,0,0,0,0,1,0,0,0,0,0,6,627,Clear,"Dark, artificial",-79.4744,43.6929
1332565,9462,Driver,55 to 59,None,"Automobile, Station Wagon",Going Ahead,1,0,1,0,0,0,0,0,0,0,0,0,0,20,2010,Clear,"Dark, artificial",-79.2448,43.7437
1332565,9463,Pedestrian,45 to 49,Major,Other,NULL,1,0,1,0,0,0,0,0,0,0,0,0,0,20,2010,Clear,"Dark, artificial",-79.2448,43.7437
1332976,9468,Driver,55 to 59,None,"Automobile, Station Wagon",Going Ahead,1,0,1,0,0,0,0,0,0,0,0,0,0,18,1825,Clear,"Dark, artificial",-79.1879,43.768
1332976,9469,Pedestrian,70 to 74,Major,Other,NULL,1,0,1,0,0,0,0,0,0,0,0,0,0,18,1825,Clear,"Dark, artificial",-79.1879,43.768
1333183,9460,Driver,45 to 49,Minimal,"Automobile, Station Wagon",Going Ahead,1,0,1,0,0,0,0,0,0,0,0,0,0,3,306,Clear,"Dark, artificial",-79.5162,43.7001
1333183,9461,Pedestrian,20 to 24,Major,Other,NULL,1,0,1,0,0,0,0,0,0,0,0,0,0,3,306,Clear,"Dark, artificial",-79.5162,43.7001
1335409,8085,Driver,25 to 29,Major,"Automobile, Station Wagon",Turning Left,0,0,1,0,0,0,0,0,0,0,0,1,0,1,149,Clear,Dark,-79.5158,43.612
1336620,9935,Driver,40 to 44,None,"Automobile, Station Wagon",Turning Left,1,0,1,0,0,0,0,0,0,0,0,0,0,7,650,Clear,"Dawn, artificial",-79.3097,43.7421
1336620,9936,Driver,20 to 24,Minor,"Automobile, Station Wagon",Going Ahead,1,0,1,0,0,0,0,0,0,0,0,0,0,7,650,Clear,"Dawn, artificial",-79.3097,43.7421
1336620,9937,Pedestrian,15 to 19,Major,Other,NULL,1,0,1,0,0,0,0,0,0,0,0,0,0,7,650,Clear,"Dawn, artificial",-79.3097,43.7421
1337045,9930,Passenger,40 to 44,Minimal,Other,NULL,0,0,1,0,0,0,0,1,1,1,0,0,0,16,1603,Rain,"Dark, artificial",-79.33,43.7231
1337045,9931,Driver,50 to 54,Major,"Automobile, Station Wagon",Turning Right,0,0,1,0,0,0,0,1,1,1,0,0,0,16,1603,Rain,"Dark, artificial",-79.33,43.7231
1337045,9927,Passenger,5 to 9,Minor,Other,NULL,0,0,1,0,0,0,0,1,1,1,0,0,0,16,1603,Rain,"Dark, artificial",-79.33,43.7231
1337045,9928,Passenger,5 to 9,Minor,Other,NULL,0,0,1,0,0,0,0,1,1,1,0,0,0,16,1603,Rain,"Dark, artificial",-79.33,43.7231
1337045,9929,Passenger,10 to 14,Major,Other,NULL,0,0,1,0,0,0,0,1,1,1,0,0,0,16,1603,Rain,"Dark, artificial",-79.33,43.7231
1343211,9488,Driver,30 to 34,Minimal,"Automobile, Station Wagon",Turning Left,0,0,1,0,0,0,0,0,0,0,0,0,0,7,653,Clear,Dark,-79.2724,43.6946
1343211,9489,Driver,50 to 54,Major,"Automobile, Station Wagon",Going Ahead,0,0,1,0,0,0,0,0,0,0,0,0,0,7,653,Clear,Dark,-79.2724,43.6946
1344358,9514,Driver,50 to 54,None,"Automobile, Station Wagon",Going Ahead,1,0,1,0,0,1,0,0,0,0,0,0,0,6,640,Rain,"Dark, artificial",-79.3745,43.657
1344358,9515,Driver,35 to 39,None,Municipal Transit Bus (TTC),Going Ahead,1,0,1,0,0,1,0,0,0,0,0,0,0,6,640,Rain,"Dark, artificial",-79.3745,43.657
1344358,9516,Pedestrian,30 to 34,Major,Other,NULL,1,0,1,0,0,1,0,0,0,0,0,0,0,6,640,Rain,"Dark, artificial",-79.3745,43.657
1345912,9160,Driver,25 to 29,None,"Automobile, Station Wagon",Turning Left,1,0,1,0,0,0,0,0,0,0,0,0,0,22,2215,Rain,"Dark, artificial",-79.5288,43.6875
1345912,9161,Pedestrian,45 to 49,Major,Other,NULL,1,0,1,0,0,0,0,0,0,0,0,0,0,22,2215,Rain,"Dark, artificial",-79.5288,43.6875
1347648,9772,Driver,35 to 39,Minor,"Automobile, Station Wagon",Going Ahead,0,0,1,0,0,0,0,0,0,1,0,0,0,14,1447,Clear,Daylight,-79.251,43.8334
1347648,9770,Driver,30 to 34,Major,"Automobile, Station Wagon",Slowing or Stopping,0,0,1,0,0,0,0,0,0,1,0,0,0,14,1447,Clear,Daylight,-79.251,43.8334
1347684,9785,Driver,30 to 34,None,"Automobile, Station Wagon",Going Ahead,1,0,1,0,0,0,0,0,1,1,0,1,0,2,208,Clear,"Dark, artificial",-79.3008,43.6698
1347684,9786,Pedestrian,20 to 24,Major,Other,NULL,1,0,1,0,0,0,0,0,1,1,0,1,0,2,208,Clear,"Dark, artificial",-79.3008,43.6698
1349045,9123,Driver,20 to 24,Major,"Automobile, Station Wagon",Going Ahead,0,0,1,0,0,0,0,1,1,1,0,0,0,5,520,Clear,Dawn,-79.4031,43.7824
1349045,9120,Driver,45 to 49,Minimal,"Automobile, Station Wagon",Going Ahead,0,0,1,0,0,0,0,1,1,1,0,0,0,5,520,Clear,Dawn,-79.4031,43.7824