ACCNUM,ObjectId,INVTYPE,INVAGE,INJURY,VEHTYPE,MANOEUVER,PEDESTRIAN,CYCLIST,AUTOMOBILE,MOTORCYCLE,TRUCK,TRSN_CITY_VEH,EMERG_VEH,PASSENGER,SPEEDING,AG_DRIV,REDLIGHT,ALCOHOL,DISABILITY,HOUR,TIME,VISIBILITY,LIGHT,collision_lat,collision_long
1349045,9121,Passenger,45 to 49,Minimal,Other,NULL,0,0,1,0,0,0,0,1,1,1,0,0,0,5,520,Clear,Dawn,-79.4031,43.7824
1351710,9638,Passenger,10 to 14,None,Other,NULL,1,0,1,0,0,0,0,1,0,0,0,0,0,11,1130,Clear,Daylight,-79.4903,43.629
1351710,9640,Driver,45 to 49,None,"Automobile, Station Wagon",Going Ahead,1,0,1,0,0,0,0,1,0,0,0,0,0,11,1130,Clear,Daylight,-79.4903,43.629
1351710,9641,Pedestrian,55 to 59,Major,Other,NULL,1,0,1,0,0,0,0,1,0,0,0,0,0,11,1130,Clear,Daylight,-79.4903,43.629
1355579,9658,Driver,30 to 34,None,"Automobile, Station Wagon",Turning Right,1,0,1,0,0,0,0,0,0,1,0,0,0,16,1630,Clear,Daylight,-79.4966,43.7043
1355579,9659,Pedestrian,60 to 64,Major,Other,NULL,1,0,1,0,0,0,0,0,0,1,0,0,0,16,1630,Clear,Daylight,-79.4966,43.7043
1355879,9216,Driver,30 to 34,None,"Automobile, Station Wagon",Going Ahead,0,0,1,0,0,0,0,1,0,1,0,0,0,11,1110,Rain,Daylight,-79.2673,43.8189
1355879,9217,Passenger,35 to 39,Major,Other,NULL,0,0,1,0,0,0,0,1,0,1,0,0,0,11,1110,Rain,Daylight,-79.2673,43.8189
1355879,9006,Driver,50 to 54,Minor,"Automobile, Station Wagon",Turning Left,0,0,1,0,0,0,0,1,0,1,0,0,0,11,1110,Rain,Daylight,-79.2673,43.8189
1356633,9259,Driver,50 to 54,None,Pick Up Truck,Going Ahead,1,0,1,0,0,0,0,0,0,0,0,0,0,17,1717,Clear,Daylight,-79.4076,43.6564
1356633,9260,Pedestrian,75 to 79,Major,NULL,NULL,1,0,1,0,0,0,0,0,0,0,0,0,0,17,1717,Clear,Daylight,-79.4076,43.6564
1361595,9694,Passenger,45 to 49,Minimal,Other,NULL,0,0,1,0,0,1,0,1,0,0,0,0,0,17,1742,Clear,Daylight,-79.2564,43.7853
1361595,9696,Driver,30 to 34,Minimal,"Automobile, Station Wagon",Going Ahead,0,0,1,0,0,1,0,1,0,0,0,0,0,17,1742,Clear,Daylight,-79.2564,43.7853
1361595,9697,Passenger,20 to 24,Minor,Other,NULL,0,0,1,0,0,1,0,1,0,0,0,0,0,17,1742,Clear,Daylight,-79.2564,43.7853
1361595,9699,Driver,20 to 24,Major,Municipal Transit Bus (TTC),Changing Lanes,0,0,1,0,0,1,0,1,0,0,0,0,0,17,1742,Clear,Daylight,-79.2564,43.7853
1362406,9706,Driver,55 to 59,None,"Automobile, Station Wagon",Turning Left,0,0,1,0,0,0,0,1,0,0,0,0,0,11,1140,Clear,Daylight,-79.5357,43.6235
1362406,9707,Passenger,75 to 79,Major,Other,NULL,0,0,1,0,0,0,0,1,0,0,0,0,0,11,1140,Clear,Daylight,-79.5357,43.6235
1362406,9708,Driver,75 to 79,None,"Automobile, Station Wagon",Going Ahead,0,0,1,0,0,0,0,1,0,0,0,0,0,11,1140,Clear,Daylight,-79.5357,43.6235
1362767,9715,Passenger,30 to 34,Major,Other,NULL,0,0,0,0,1,1,0,1,0,0,0,0,0,17,1738,Clear,Daylight,-79.386,43.6473
1362767,9716,Driver,35 to 39,None,Municipal Transit Bus (TTC),Going Ahead,0,0,0,0,1,1,0,1,0,0,0,0,0,17,1738,Clear,Daylight,-79.386,43.6473
1362767,9718,Truck Driver,55 to 59,None,Truck - Open,Stopped,0,0,0,0,1,1,0,1,0,0,0,0,0,17,1738,Clear,Daylight,-79.386,43.6473
1363081,9543,Pedestrian,unknown,Major,Other,Other,1,0,1,0,0,0,0,0,0,0,0,0,0,22,2201,Clear,Dark,-79.2524,43.7277
1363081,9544,Driver,unknown,None,"Automobile, Station Wagon",Going Ahead,1,0,1,0,0,0,0,0,0,0,0,0,0,22,2201,Clear,Dark,-79.2524,43.7277
1364796,9261,Driver,20 to 24,None,"Automobile, Station Wagon",Changing Lanes,0,0,1,1,0,0,0,0,0,1,0,0,0,14,1406,Clear,Daylight,-79.4169,43.6798
1364796,9263,Motorcycle Driver,35 to 39,Major,Motorcycle,Going Ahead,0,0,1,1,0,0,0,0,0,1,0,0,0,14,1406,Clear,Daylight,-79.4169,43.6798
1366293,9299,Driver,90 to 94,None,"Automobile, Station Wagon",Turning Left,1,0,1,0,0,0,0,0,0,0,0,0,1,10,1017,Clear,Daylight,-79.3522,43.793
1366293,9300,Pedestrian,75 to 79,Major,NULL,NULL,1,0,1,0,0,0,0,0,0,0,0,0,1,10,1017,Clear,Daylight,-79.3522,43.793
1367772,9016,Driver,20 to 24,None,"Automobile, Station Wagon",Going Ahead,1,0,1,0,0,0,0,0,0,0,0,0,0,13,1340,Clear,Daylight,-79.5113,43.6473
1367772,9017,Pedestrian,55 to 59,Major,Other,NULL,1,0,1,0,0,0,0,0,0,0,0,0,0,13,1340,Clear,Daylight,-79.5113,43.6473
1368204,9025,Driver,25 to 29,Minimal,"Automobile, Station Wagon",Going Ahead,0,0,1,0,0,0,0,1,0,1,1,0,0,3,257,Clear,Dark,-79.614,43.7554
1368204,9026,Passenger,25 to 29,Minor,Other,NULL,0,0,1,0,0,0,0,1,0,1,1,0,0,3,257,Clear,Dark,-79.614,43.7554
1368204,9028,Driver,25 to 29,Minor,"Automobile, Station Wagon",Going Ahead,0,0,1,0,0,0,0,1,0,1,1,0,0,3,257,Clear,Dark,-79.614,43.7554
1368204,9029,Driver,30 to 34,Minimal,"Automobile, Station Wagon",Going Ahead,0,0,1,0,0,0,0,1,0,1,1,0,0,3,257,Clear,Dark,-79.614,43.7554
1368204,9030,Passenger,15 to 19,Major,Other,NULL,0,0,1,0,0,0,0,1,0,1,1,0,0,3,257,Clear,Dark,-79.614,43.7554
1369726,9093,Passenger,unknown,Minor,Other,NULL,0,0,1,0,0,0,0,1,0,0,0,0,0,13,1325,Clear,Daylight,-79.4902,43.6096
1369726,9094,Driver,50 to 54,Major,"Automobile, Station Wagon",Going Ahead,0,0,1,0,0,0,0,1,0,0,0,0,0,13,1325,Clear,Daylight,-79.4902,43.6096
1369726,9096,Driver,20 to 24,Minor,"Automobile, Station Wagon",Making U Turn,0,0,1,0,0,0,0,1,0,0,0,0,0,13,1325,Clear,Daylight,-79.4902,43.6096
1370644,9344,Driver,65 to 69,None,"Automobile, Station Wagon",Turning Left,0,0,1,1,0,0,0,0,1,1,0,0,0,22,2201,Clear,"Dark, artificial",-79.4066,43.7805
1370644,9346,Motorcycle Driver,20 to 24,Fatal,Motorcycle,Going Ahead,0,0,1,1,0,0,0,0,1,1,0,0,0,22,2201,Clear,"Dark, artificial",-79.4066,43.7805
1370737,9841,Motorcycle Driver,35 to 39,Major,Motorcycle,Stopped,0,0,1,1,0,0,0,0,0,1,0,1,0,0,17,Clear,"Dark, artificial",-79.4464,43.6667
1351724,9171,Driver,55 to 59,Minor,"Automobile, Station Wagon",Going Ahead,0,0,1,0,0,0,0,0,0,0,0,0,0,17,1715,Clear,Daylight,-79.3289,43.7936
1351724,9172,Driver,50 to 54,Major,"Automobile, Station Wagon",Going Ahead,0,0,1,0,0,0,0,0,0,0,0,0,0,17,1715,Clear,Daylight,-79.3289,43.7936
1357155,9665,Driver,50 to 54,None,"Automobile, Station Wagon",Going Ahead,0,1,1,0,0,0,0,0,0,0,0,0,0,18,1800,Clear,Daylight,-79.4936,43.6716
1357155,9666,Cyclist,20 to 24,Major,Bicycle,Turning Left,0,1,1,0,0,0,0,0,0,0,0,0,0,18,1800,Clear,Daylight,-79.4936,43.6716
1357570,9672,Driver,70 to 74,Major,Municipal Transit Bus (TTC),Stopped,0,0,1,0,0,1,0,0,0,1,0,0,0,16,1624,Rain,Daylight,-79.1886,43.7747
1357570,9673,Driver,15 to 19,Minor,"Automobile, Station Wagon",Changing Lanes,0,0,1,0,0,1,0,0,0,1,0,0,0,16,1624,Rain,Daylight,-79.1886,43.7747
1361618,9692,Driver,60 to 64,None,"Automobile, Station Wagon",Going Ahead,1,0,1,0,0,0,0,0,0,0,0,0,0,15,1530,Clear,Daylight,-79.4964,43.6197
1361618,9693,Pedestrian,20 to 24,Major,Other,NULL,1,0,1,0,0,0,0,0,0,0,0,0,0,15,1530,Clear,Daylight,-79.4964,43.6197
1363269,9226,Driver,30 to 34,Major,"Automobile, Station Wagon",Going Ahead,0,0,1,0,0,0,0,0,1,1,0,0,0,1,50,"Fog, Mist, Smoke, Dust",Dark,-79.5376,43.7187
1363537,9564,Motorcycle Driver,25 to 29,Fatal,Motorcycle,Going Ahead,0,0,1,1,0,0,0,0,1,1,0,0,0,21,2105,Clear,Dark,-79.2844,43.7927
1363537,9565,Other,unknown,None,"Automobile, Station Wagon",Parked,0,0,1,1,0,0,0,0,1,1,0,0,0,21,2105,Clear,Dark,-79.2844,43.7927
1363588,9245,Moped Driver,40 to 44,Major,Moped,Going Ahead,0,1,1,0,0,0,0,0,0,1,0,0,0,18,1830,Clear,Daylight,-79.4086,43.6656
1365311,9591,Driver,45 to 49,None,"Automobile, Station Wagon",Turning Left,1,0,1,0,0,0,0,0,0,1,0,0,0,20,1959,Clear,Dusk,-79.4598,43.7553
1365311,9592,Pedestrian,25 to 29,Major,Other,NULL,1,0,1,0,0,0,0,0,0,1,0,0,0,20,1959,Clear,Dusk,-79.4598,43.7553
1366347,9559,Pedestrian,40 to 44,Minor,NULL,NULL,1,0,1,0,0,0,0,1,0,1,0,0,0,13,1319,Clear,Daylight,-79.3778,43.6429
1366347,9560,Pedestrian,55 to 59,Major,NULL,NULL,1,0,1,0,0,0,0,1,0,1,0,0,0,13,1319,Clear,Daylight,-79.3778,43.6429
1366347,9561,Pedestrian,70 to 74,Fatal,NULL,NULL,1,0,1,0,0,0,0,1,0,1,0,0,0,13,1319,Clear,Daylight,-79.3778,43.6429
1366347,9562,Pedestrian,45 to 49,Minimal,NULL,NULL,1,0,1,0,0,0,0,1,0,1,0,0,0,13,1319,Clear,Daylight,-79.3778,43.6429
1366347,9563,Pedestrian,70 to 74,Major,NULL,NULL,1,0,1,0,0,0,0,1,0,1,0,0,0,13,1319,Clear,Daylight,-79.3778,43.6429
1366347,9553,Driver,65 to 69,Major,"Automobile, Station Wagon",Going Ahead,1,0,1,0,0,0,0,1,0,1,0,0,0,13,1319,Clear,Daylight,-79.3778,43.6429
1366347,9554,Passenger,50 to 54,Minor,NULL,NULL,1,0,1,0,0,0,0,1,0,1,0,0,0,13,1319,Clear,Daylight,-79.3778,43.6429
1366347,9555,Passenger,65 to 69,None,NULL,NULL,1,0,1,0,0,0,0,1,0,1,0,0,0,13,1319,Clear,Daylight,-79.3778,43.6429
1366347,9556,Driver,50 to 54,Minor,"Automobile, Station Wagon",Changing Lanes,1,0,1,0,0,0,0,1,0,1,0,0,0,13,1319,Clear,Daylight,-79.3778,43.6429
1366347,9557,Pedestrian,5 to 9,Minor,NULL,NULL,1,0,1,0,0,0,0,1,0,1,0,0,0,13,1319,Clear,Daylight,-79.3778,43.6429
1366347,9558,Pedestrian,15 to 19,Minor,NULL,NULL,1,0,1,0,0,0,0,1,0,1,0,0,0,13,1319,Clear,Daylight,-79.3778,43.6429
1366764,9611,Driver,30 to 34,None,Pick Up Truck,Other,1,0,1,0,0,0,0,0,0,0,0,0,0,19,1850,Clear,Daylight,-79.2802,43.6846
1366764,9612,Pedestrian,35 to 39,Fatal,NULL,NULL,1,0,1,0,0,0,0,0,0,0,0,0,0,19,1850,Clear,Daylight,-79.2802,43.6846
1366796,9366,Motorcycle Driver,40 to 44,Major,Motorcycle,Going Ahead,0,0,1,1,0,0,0,0,0,1,1,0,0,20,2035,Clear,Daylight,-79.4607,43.7702
1366796,9219,Driver,25 to 29,None,"Automobile, Station Wagon",Turning Left,0,0,1,1,0,0,0,0,0,1,1,0,0,20,2035,Clear,Daylight,-79.4607,43.7702
1368270,9033,Passenger,25 to 29,None,NULL,NULL,1,0,1,0,0,0,0,1,0,0,0,0,0,0,1,Rain,"Dark, artificial",-79.3478,43.7749
1368270,9034,Driver,40 to 44,None,Passenger Van,Changing Lanes,1,0,1,0,0,0,0,1,0,0,0,0,0,0,1,Rain,"Dark, artificial",-79.3478,43.7749
1368270,9035,Pedestrian,80 to 84,Fatal,NULL,NULL,1,0,1,0,0,0,0,1,0,0,0,0,0,0,1,Rain,"Dark, artificial",-79.3478,43.7749
1368851,9825,Driver,35 to 39,None,"Automobile, Station Wagon",Going Ahead,0,1,1,0,0,0,0,0,0,1,1,0,0,8,836,Clear,Daylight,-79.2972,43.8259
1368851,9826,Cyclist,60 to 64,Major,Bicycle,Turning Left,0,1,1,0,0,0,0,0,0,1,1,0,0,8,836,Clear,Daylight,-79.2972,43.8259
1369657,9088,Truck Driver,45 to 49,None,Truck - Open,Turning Right,1,0,0,0,1,0,0,0,0,1,0,0,0,9,936,Clear,Daylight,-79.3709,43.6482
1369657,9089,Pedestrian,85 to 89,Major,Other,NULL,1,0,0,0,1,0,0,0,0,1,0,0,0,9,936,Clear,Daylight,-79.3709,43.6482
1371244,9368,Driver,60 to 64,Fatal,"Automobile, Station Wagon",Going Ahead,0,0,1,0,0,0,0,1,1,1,1,0,0,8,759,Clear,Daylight,-79.5327,43.6961
1371244,9370,Driver,20 to 24,Minor,"Automobile, Station Wagon",Going Ahead,0,0,1,0,0,0,0,1,1,1,1,0,0,8,759,Clear,Daylight,-79.5327,43.6961
1371244,9364,Driver,45 to 49,Minor,Pick Up Truck,Going Ahead,0,0,1,0,0,0,0,1,1,1,1,0,0,8,759,Clear,Daylight,-79.5327,43.6961
1371244,9365,Passenger,35 to 39,Minor,NULL,NULL,0,0,1,0,0,0,0,1,1,1,1,0,0,8,759,Clear,Daylight,-79.5327,43.6961
1371425,9859,Truck Driver,25 to 29,None,Truck - Open,Going Ahead,1,0,0,0,1,0,0,0,0,0,0,0,0,8,840,Clear,Daylight,-79.1887,43.7685
1371425,9860,Pedestrian,50 to 54,Major,Other,NULL,1,0,0,0,1,0,0,0,0,0,0,0,0,8,840,Clear,Daylight,-79.1887,43.7685
1371427,9864,Truck Driver,50 to 54,Major,Truck - Open,Going Ahead,1,0,0,0,1,0,0,0,0,0,0,0,0,14,1407,Clear,Daylight,-79.3906,43.6379
1371427,9865,Pedestrian,30 to 34,Minor,Other,NULL,1,0,0,0,1,0,0,0,0,0,0,0,0,14,1407,Clear,Daylight,-79.3906,43.6379
1372963,9892,Driver,65 to 69,None,"Automobile, Station Wagon",Parked,0,1,1,0,0,0,0,0,0,0,0,0,0,15,1532,Clear,Daylight,-79.3977,43.6744
1372963,9893,Driver,50 to 54,None,"Automobile, Station Wagon",Going Ahead,0,1,1,0,0,0,0,0,0,0,0,0,0,15,1532,Clear,Daylight,-79.3977,43.6744
1372963,9894,Moped Driver,50 to 54,Major,Moped,Going Ahead,0,1,1,0,0,0,0,0,0,0,0,0,0,15,1532,Clear,Daylight,-79.3977,43.6744
1374452,9574,Driver,55 to 59,None,NULL,Going Ahead,0,1,0,0,0,0,0,0,0,1,0,0,0,9,945,Clear,Daylight,-79.3654,43.7085
1374452,9575,Cyclist,25 to 29,Major,Bicycle,Going Ahead,0,1,0,0,0,0,0,0,0,1,0,0,0,9,945,Clear,Daylight,-79.3654,43.7085
1376926,9583,Driver,25 to 29,None,"Automobile, Station Wagon",Going Ahead,1,0,1,0,0,0,0,0,0,0,0,0,0,18,1758,Clear,Daylight,-79.4576,43.6822
1376926,9584,Pedestrian,70 to 74,Major,Other,NULL,1,0,1,0,0,0,0,0,0,0,0,0,0,18,1758,Clear,Daylight,-79.4576,43.6822
1379013,10487,Passenger,50 to 54,None,NULL,NULL,1,0,1,0,0,0,0,1,0,0,0,0,0,19,1945,Clear,"Dark, artificial",-79.455,43.7714
1379013,10488,Driver,55 to 59,None,Passenger Van,Going Ahead,1,0,1,0,0,0,0,1,0,0,0,0,0,19,1945,Clear,"Dark, artificial",-79.455,43.7714
1379013,10489,Pedestrian,70 to 74,Fatal,NULL,NULL,1,0,1,0,0,0,0,1,0,0,0,0,0,19,1945,Clear,"Dark, artificial",-79.455,43.7714
1379549,10501,Driver,50 to 54,None,"Automobile, Station Wagon",Stopped,1,0,1,0,0,0,0,0,0,1,0,0,0,16,1620,Clear,Daylight,-79.4134,43.7169
1379549,10503,Driver,45 to 49,None,"Automobile, Station Wagon",Turning Left,1,0,1,0,0,0,0,0,0,1,0,0,0,16,1620,Clear,Daylight,-79.4134,43.7169
1379549,10504,Pedestrian,60 to 64,Minor,Other,NULL,1,0,1,0,0,0,0,0,0,1,0,0,0,16,1620,Clear,Daylight,-79.4134,43.7169
1379549,10505,Pedestrian,65 to 69,Major,Other,NULL,1,0,1,0,0,0,0,0,0,1,0,0,0,16,1620,Clear,Daylight,-79.4134,43.7169
1379915,9619,Motorcycle Driver,25 to 29,Major,Motorcycle,Going Ahead,0,0,0,1,0,0,0,0,1,1,0,0,0,18,1831,Rain,Daylight,-79.3662,43.6601
1380770,9044,Driver,60 to 64,None,"Automobile, Station Wagon",Turning Left,1,0,1,0,0,0,0,0,0,0,0,0,0,11,1111,Clear,Daylight,-79.3305,43.6818
1380770,9045,Pedestrian,70 to 74,Major,Other,NULL,1,0,1,0,0,0,0,0,0,0,0,0,0,11,1111,Clear,Daylight,-79.3305,43.6818
1382121,9084,Passenger,55 to 59,Minor,Other,NULL,0,0,1,0,0,0,0,1,0,0,0,0,0,7,725,Clear,Daylight,-79.4953,43.6754
1382121,9085,Driver,55 to 59,Minor,"Automobile, Station Wagon",Going Ahead,0,0,1,0,0,0,0,1,0,0,0,0,0,7,725,Clear,Daylight,-79.4953,43.6754
1382121,9086,Driver,40 to 44,Major,"Automobile, Station Wagon",Going Ahead,0,0,1,0,0,0,0,1,0,0,0,0,0,7,725,Clear,Daylight,-79.4953,43.6754
1384076,10122,Passenger,45 to 49,Minimal,Other,NULL,0,0,1,0,0,0,0,1,0,0,0,1,0,19,1939,Clear,"Dark, artificial",-79.568,43.7431
1384076,10132,Passenger,30 to 34,Minor,Other,NULL,0,0,1,0,0,0,0,1,0,0,0,1,0,19,1939,Clear,"Dark, artificial",-79.568,43.7431
1384076,10148,Driver,45 to 49,Major,"Automobile, Station Wagon",Going Ahead,0,0,1,0,0,0,0,1,0,0,0,1,0,19,1939,Clear,"Dark, artificial",-79.568,43.7431
1384076,10249,Driver,45 to 49,Major,"Automobile, Station Wagon",Going Ahead,0,0,1,0,0,0,0,1,0,0,0,1,0,19,1939,Clear,"Dark, artificial",-79.568,43.7431
1384646,10047,Driver,30 to 34,None,"Automobile, Station Wagon",Going Ahead,1,0,1,0,0,0,0,0,1,1,0,0,0,6,551,Rain,"Dark, artificial",-79.364,43.6598
1384646,10048,Pedestrian,unknown,Major,Other,NULL,1,0,1,0,0,0,0,0,1,1,0,0,0,6,551,Rain,"Dark, artificial",-79.364,43.6598
1386767,10526,Driver,30 to 34,None,"Automobile, Station Wagon",Going Ahead,1,0,1,0,0,0,0,0,0,0,0,0,0,15,1515,Clear,Daylight,-79.4703,43.6791
1386767,10527,Pedestrian,5 to 9,Major,Other,NULL,1,0,1,0,0,0,0,0,0,0,0,0,0,15,1515,Clear,Daylight,-79.4703,43.6791
1342812,9484,Driver,30 to 34,Minimal,"Automobile, Station Wagon",Stopped,0,0,1,0,0,0,0,1,0,1,0,0,0,11,1112,Clear,Daylight,-79.2987,43.8052
1342812,9485,Driver,20 to 24,None,"Automobile, Station Wagon",Slowing or Stopping,0,0,1,0,0,0,0,1,0,1,0,0,0,11,1112,Clear,Daylight,-79.2987,43.8052
1345150,16280,Driver,50 to 54,None,"Automobile, Station Wagon",Going Ahead,1,0,1,0,0,0,0,0,0,1,0,0,0,1,120,Clear,Dark,-79.4147,43.6428
1345150,16282,Pedestrian,25 to 29,Major,NULL,NULL,1,0,1,0,0,0,0,0,0,1,0,0,0,1,120,Clear,Dark,-79.4147,43.6428
1345175,9145,Pedestrian,10 to 14,Minor,NULL,NULL,1,0,0,0,1,0,0,0,0,1,0,0,0,15,1545,Clear,Daylight,-79.2515,43.7036
1345175,9146,Pedestrian,5 to 9,Minor,NULL,NULL,1,0,0,0,1,0,0,0,0,1,0,0,0,15,1545,Clear,Daylight,-79.2515,43.7036
1345175,9147,Pedestrian,5 to 9,Fatal,NULL,NULL,1,0,0,0,1,0,0,0,0,1,0,0,0,15,1545,Clear,Daylight,-79.2515,43.7036
1345175,9144,Truck Driver,60 to 64,None,"Truck - Closed (Blazer, etc)",Turning Left,1,0,0,0,1,0,0,0,0,1,0,0,0,15,1545,Clear,Daylight,-79.2515,43.7036
1346813,9169,Driver,30 to 34,None,"Automobile, Station Wagon",Turning Right,0,1,1,0,0,0,0,0,0,0,0,0,0,13,1252,Clear,Daylight,-79.3243,43.8196
1346813,9170,Cyclist,65 to 69,Major,Bicycle,Going Ahead,0,1,1,0,0,0,0,0,0,0,0,0,0,13,1252,Clear,Daylight,-79.3243,43.8196
1347681,9787,Truck Driver,30 to 34,None,Truck - Open,Slowing or Stopping,1,0,0,0,1,0,0,0,0,0,0,0,0,10,1030,Clear,Daylight,-79.564,43.6485
1347681,9788,Pedestrian,55 to 59,Major,Other,NULL,1,0,0,0,1,0,0,0,0,0,0,0,0,10,1030,Clear,Daylight,-79.564,43.6485
1347790,9789,Driver,20 to 24,None,"Automobile, Station Wagon",Going Ahead,1,0,1,0,0,0,0,0,0,0,0,0,0,21,2103,Clear,Dark,-79.4496,43.7005
1347790,9790,Pedestrian,50 to 54,Major,Other,NULL,1,0,1,0,0,0,0,0,0,0,0,0,0,21,2103,Clear,Dark,-79.4496,43.7005
1348049,9791,Driver,35 to 39,None,"Automobile, Station Wagon",Turning Right,1,0,1,0,0,0,0,0,0,1,0,0,0,9,916,Rain,Daylight,-79.3773,43.6478
1348049,9792,Pedestrian,65 to 69,Major,Other,NULL,1,0,1,0,0,0,0,0,0,1,0,0,0,9,916,Rain,Daylight,-79.3773,43.6478
1349085,9183,Passenger,30 to 34,Minor,Other,NULL,0,0,1,0,0,0,0,1,0,0,0,0,0,19,1923,Rain,Dusk,-79.2937,43.6899
1349085,9184,Passenger,5 to 9,Major,Other,NULL,0,0,1,0,0,0,0,1,0,0,0,0,0,19,1923,Rain,Dusk,-79.2937,43.6899
1349085,9180,Driver,60 to 64,None,"Automobile, Station Wagon",Going Ahead,0,0,1,0,0,0,0,1,0,0,0,0,0,19,1923,Rain,Dusk,-79.2937,43.6899
1349085,9181,Driver,30 to 34,Minor,"Automobile, Station Wagon",Making U Turn,0,0,1,0,0,0,0,1,0,0,0,0,0,19,1923,Rain,Dusk,-79.2937,43.6899
1349085,9182,Passenger,50 to 54,Minor,Other,NULL,0,0,1,0,0,0,0,1,0,0,0,0,0,19,1923,Rain,Dusk,-79.2937,43.6899
1349360,9805,Pedestrian,75 to 79,Major,Other,NULL,1,0,1,0,0,0,0,0,0,0,0,0,0,7,730,Clear,Dark,-79.3759,43.7668
1349360,9806,Driver,60 to 64,None,"Automobile, Station Wagon",Reversing,1,0,1,0,0,0,0,0,0,0,0,0,0,7,730,Clear,Dark,-79.3759,43.7668
1354199,9225,Driver,40 to 44,None,"Automobile, Station Wagon",Turning Left,1,0,1,0,0,0,0,0,0,0,0,0,0,19,1856,Clear,"Daylight, artificial",-79.2323,43.8152
1354199,9327,Pedestrian,50 to 54,Major,Other,NULL,1,0,1,0,0,0,0,0,0,0,0,0,0,19,1856,Clear,"Daylight, artificial",-79.2323,43.8152
1357107,9273,Motorcycle Driver,25 to 29,Major,Motorcycle,Turning Right,0,0,0,1,0,0,0,0,1,1,0,0,0,14,1405,Clear,Daylight,-79.4004,43.659
1357350,9663,Driver,35 to 39,None,"Automobile, Station Wagon",Turning Left,0,0,1,1,0,0,0,0,0,1,0,0,0,15,1514,Clear,Daylight,-79.4679,43.6696
1357350,9664,Motorcycle Driver,50 to 54,Major,Motorcycle,Going Ahead,0,0,1,1,0,0,0,0,0,1,0,0,0,15,1514,Clear,Daylight,-79.4679,43.6696
1357752,16391,Cyclist,50 to 54,Major,Bicycle,Turning Left,0,1,1,0,0,0,0,0,0,1,0,0,0,18,1835,Clear,Daylight,-79.4582,43.6442
1357752,16395,Driver,60 to 64,None,"Automobile, Station Wagon",Turning Left,0,1,1,0,0,0,0,0,0,1,0,0,0,18,1835,Clear,Daylight,-79.4582,43.6442
1360626,9827,Passenger,15 to 19,None,Other,NULL,0,1,1,0,0,0,0,1,0,0,0,0,0,12,1157,Clear,Daylight,-79.3481,43.6936
1360626,9829,Driver,50 to 54,None,"Automobile, Station Wagon",Going Ahead,0,1,1,0,0,0,0,1,0,0,0,0,0,12,1157,Clear,Daylight,-79.3481,43.6936
1360626,9830,Cyclist,35 to 39,Major,Bicycle,Turning Left,0,1,1,0,0,0,0,1,0,0,0,0,0,12,1157,Clear,Daylight,-79.3481,43.6936
1361387,9690,Driver,65 to 69,None,"Automobile, Station Wagon",Going Ahead,0,1,1,0,0,0,0,0,0,0,0,0,0,14,1425,Clear,Daylight,-79.2716,43.7852
1361387,9691,Cyclist,5 to 9,Major,Bicycle,Going Ahead,0,1,1,0,0,0,0,0,0,0,0,0,0,14,1425,Clear,Daylight,-79.2716,43.7852
1361719,9701,Driver,55 to 59,None,"Automobile, Station Wagon",Going Ahead,0,1,1,0,0,0,0,0,0,0,0,0,0,9,948,Clear,Daylight,-79.3157,43.6926
1361719,9702,Cyclist,20 to 24,Major,Bicycle,Going Ahead,0,1,1,0,0,0,0,0,0,0,0,0,0,9,948,Clear,Daylight,-79.3157,43.6926
1362257,9110,Driver,25 to 29,None,"Automobile, Station Wagon",Stopped,0,0,1,0,0,0,0,1,0,1,0,0,0,16,1620,Clear,Daylight,-79.4365,43.6336
1362257,9906,Passenger,10 to 14,Major,Other,NULL,0,0,1,0,0,0,0,1,0,1,0,0,0,16,1620,Clear,Daylight,-79.4365,43.6336
1362257,9907,Driver,35 to 39,Minimal,"Automobile, Station Wagon",Slowing or Stopping,0,0,1,0,0,0,0,1,0,1,0,0,0,16,1620,Clear,Daylight,-79.4365,43.6336
1362257,9908,Passenger,0 to 4,None,Other,NULL,0,0,1,0,0,0,0,1,0,1,0,0,0,16,1620,Clear,Daylight,-79.4365,43.6336
1362257,9909,Passenger,35 to 39,Minimal,Other,NULL,0,0,1,0,0,0,0,1,0,1,0,0,0,16,1620,Clear,Daylight,-79.4365,43.6336
1362257,9001,Driver,35 to 39,None,"Automobile, Station Wagon",Slowing or Stopping,0,0,1,0,0,0,0,1,0,1,0,0,0,16,1620,Clear,Daylight,-79.4365,43.6336
1362257,9002,Passenger,0 to 4,None,Other,NULL,0,0,1,0,0,0,0,1,0,1,0,0,0,16,1620,Clear,Daylight,-79.4365,43.6336
1362257,9004,Passenger,25 to 29,Minimal,Other,NULL,0,0,1,0,0,0,0,1,0,1,0,0,0,16,1620,Clear,Daylight,-79.4365,43.6336
1363559,9549,Driver,40 to 44,None,"Automobile, Station Wagon",Turning Left,1,0,1,0,0,0,0,0,0,1,0,0,0,12,1243,Clear,Daylight,-79.5242,43.7559
1363559,9550,Pedestrian,85 to 89,Major,Other,NULL,1,0,1,0,0,0,0,0,0,1,0,0,0,12,1243,Clear,Daylight,-79.5242,43.7559
1365697,9282,Driver,25 to 29,None,"Automobile, Station Wagon",Reversing,1,0,1,0,0,0,0,0,0,0,0,0,0,10,1022,Clear,Daylight,-79.3001,43.8017
1365697,9283,Pedestrian,80 to 84,Major,Other,NULL,1,0,1,0,0,0,0,0,0,0,0,0,0,10,1022,Clear,Daylight,-79.3001,43.8017
1366140,9536,Cyclist,50 to 54,Major,Bicycle,Going Ahead,0,1,1,0,0,0,0,0,0,1,1,0,0,2,205,Clear,"Dark, artificial",-79.423,43.6755