ACCNUM,ObjectId,INVTYPE,INVAGE,INJURY,VEHTYPE,MANOEUVER,PEDESTRIAN,CYCLIST,AUTOMOBILE,MOTORCYCLE,TRUCK,TRSN_CITY_VEH,EMERG_VEH,PASSENGER,SPEEDING,AG_DRIV,REDLIGHT,ALCOHOL,DISABILITY,HOUR,TIME,VISIBILITY,LIGHT,collision_lat,collision_long
1366140,9535,Driver,unknown,None,"Automobile, Station Wagon",Going Ahead,0,1,1,0,0,0,0,0,0,1,1,0,0,2,205,Clear,"Dark, artificial",-79.423,43.6755
1366444,9307,Driver,25 to 29,None,"Automobile, Station Wagon",Turning Left,0,1,1,0,0,0,0,0,0,1,0,0,0,5,535,Rain,"Dawn, artificial",-79.4045,43.6488
1366444,9308,Cyclist,35 to 39,Major,Bicycle,Going Ahead,0,1,1,0,0,0,0,0,0,1,0,0,0,5,535,Rain,"Dawn, artificial",-79.4045,43.6488
1366837,9320,Driver,20 to 24,None,"Automobile, Station Wagon",Going Ahead,1,0,1,0,0,0,0,0,0,0,0,0,0,20,2005,Clear,Dusk,-79.5126,43.6988
1366837,9321,Pedestrian,50 to 54,Major,Other,NULL,1,0,1,0,0,0,0,0,0,0,0,0,0,20,2005,Clear,Dusk,-79.5126,43.6988
1367603,9008,Driver,55 to 59,Major,"Automobile, Station Wagon",Going Ahead,0,0,1,0,0,0,0,0,0,0,0,0,0,17,1700,Clear,Daylight,-79.2069,43.7821
1367603,9009,Driver,40 to 44,Major,"Automobile, Station Wagon",Going Ahead,0,0,1,0,0,0,0,0,0,0,0,0,0,17,1700,Clear,Daylight,-79.2069,43.7821
1368246,9031,Driver,50 to 54,None,"Automobile, Station Wagon",Going Ahead,1,0,1,0,0,0,0,0,0,0,0,0,0,10,1026,Clear,Daylight,-79.2751,43.831
1368246,9032,Pedestrian,70 to 74,Major,Other,NULL,1,0,1,0,0,0,0,0,0,0,0,0,0,10,1026,Clear,Daylight,-79.2751,43.831
1369173,9056,Driver,25 to 29,Fatal,"Automobile, Station Wagon",Going Ahead,0,0,1,0,0,0,0,0,1,1,0,1,0,3,305,Clear,"Dark, artificial",-79.5772,43.7637
1369675,9091,Motorcycle Driver,40 to 44,Major,Motorcycle,Going Ahead,0,0,1,1,0,0,0,0,0,1,0,0,0,10,1040,Clear,Daylight,-79.439,43.6981
1369675,9092,Driver,40 to 44,None,"Automobile, Station Wagon",Turning Left,0,0,1,1,0,0,0,0,0,1,0,0,0,10,1040,Clear,Daylight,-79.439,43.6981
1369884,9100,Driver,50 to 54,None,"Automobile, Station Wagon",Turning Left,1,0,1,0,0,0,0,0,0,0,0,0,0,7,745,Clear,Daylight,-79.2882,43.7832
1369884,9101,Pedestrian,70 to 74,Major,Other,NULL,1,0,1,0,0,0,0,0,0,0,0,0,0,7,745,Clear,Daylight,-79.2882,43.7832
1372585,9403,Driver,35 to 39,None,"Automobile, Station Wagon",Going Ahead,0,1,1,0,0,0,0,0,0,0,0,0,0,5,545,Clear,Dark,-79.2704,43.7382
1372585,9404,Cyclist,40 to 44,Major,Bicycle,Going Ahead,0,1,1,0,0,0,0,0,0,0,0,0,0,5,545,Clear,Dark,-79.2704,43.7382
1372794,9412,Motorcycle Driver,45 to 49,Major,Motorcycle,Going Ahead,0,0,0,1,0,0,0,0,0,0,0,0,0,11,1108,Clear,Daylight,-79.4356,43.6604
1373362,10253,Driver,unknown,None,"Automobile, Station Wagon",Turning Right,0,1,1,0,0,0,0,0,0,1,0,0,0,22,2152,Clear,Dark,-79.5659,43.6422
1373362,10254,Cyclist,25 to 29,Major,Bicycle,Going Ahead,0,1,1,0,0,0,0,0,0,1,0,0,0,22,2152,Clear,Dark,-79.5659,43.6422
1374223,16398,Driver,35 to 39,Major,"Automobile, Station Wagon",Going Ahead,0,0,1,0,0,0,0,1,1,1,0,1,0,3,254,Clear,"Dark, artificial",-79.451,43.671
1374223,16400,Passenger,25 to 29,Minor,NULL,NULL,0,0,1,0,0,0,0,1,1,1,0,1,0,3,254,Clear,"Dark, artificial",-79.451,43.671
1376061,10302,Passenger,unknown,None,NULL,NULL,0,1,1,0,0,0,0,1,0,0,0,0,0,16,1634,Clear,Daylight,-79.4979,43.6023
1376061,10303,Driver,60 to 64,None,"Automobile, Station Wagon",Going Ahead,0,1,1,0,0,0,0,1,0,0,0,0,0,16,1634,Clear,Daylight,-79.4979,43.6023
1376061,10304,Cyclist,50 to 54,Fatal,Bicycle,Unknown,0,1,1,0,0,0,0,1,0,0,0,0,0,16,1634,Clear,Daylight,-79.4979,43.6023
1376797,9579,Driver,65 to 69,None,"Automobile, Station Wagon",Going Ahead,1,0,1,0,0,0,0,0,0,1,0,0,0,21,2106,Rain,Dark,-79.5083,43.7019
1376797,9580,Pedestrian,65 to 69,Major,Other,NULL,1,0,1,0,0,0,0,0,0,1,0,0,0,21,2106,Rain,Dark,-79.5083,43.7019
1356299,9252,Driver,45 to 49,None,"Automobile, Station Wagon",Going Ahead,1,0,1,0,0,1,0,0,0,0,0,0,0,3,314,Clear,"Dark, artificial",-79.4011,43.7195
1356299,9253,Pedestrian,25 to 29,Major,Other,NULL,1,0,1,0,0,1,0,0,0,0,0,0,0,3,314,Clear,"Dark, artificial",-79.4011,43.7195
1357499,9669,Passenger,45 to 49,Major,Other,NULL,0,0,1,0,0,0,0,1,0,1,1,0,0,11,1138,Rain,Daylight,-79.3607,43.8111
1357499,9670,Driver,45 to 49,Minor,"Automobile, Station Wagon",Going Ahead,0,0,1,0,0,0,0,1,0,1,1,0,0,11,1138,Rain,Daylight,-79.3607,43.8111
1357499,9671,Driver,20 to 24,Minor,"Automobile, Station Wagon",Going Ahead,0,0,1,0,0,0,0,1,0,1,1,0,0,11,1138,Rain,Daylight,-79.3607,43.8111
1358953,9304,Driver,55 to 59,None,Taxi,Going Ahead,1,0,1,0,0,0,0,0,0,0,0,0,0,8,847,Clear,Daylight,-79.5036,43.6288
1358953,9305,Pedestrian,80 to 84,Major,Other,NULL,1,0,1,0,0,0,0,0,0,0,0,0,0,8,847,Clear,Daylight,-79.5036,43.6288
1359371,9315,Driver,25 to 29,None,"Automobile, Station Wagon",Going Ahead,0,1,1,0,0,0,0,0,0,0,0,0,0,11,1120,Clear,Daylight,-79.5419,43.6174
1359371,9316,Cyclist,65 to 69,Major,Bicycle,Changing Lanes,0,1,1,0,0,0,0,0,0,0,0,0,0,11,1120,Clear,Daylight,-79.5419,43.6174
1360225,9819,Pedestrian,15 to 19,None,Other,NULL,1,0,1,0,0,0,0,0,0,0,0,0,0,3,340,Clear,"Dark, artificial",-79.3972,43.6485
1360225,9820,Pedestrian,20 to 24,Major,Other,NULL,1,0,1,0,0,0,0,0,0,0,0,0,0,3,340,Clear,"Dark, artificial",-79.3972,43.6485
1360225,9821,Driver,unknown,None,"Automobile, Station Wagon",Going Ahead,1,0,1,0,0,0,0,0,0,0,0,0,0,3,340,Clear,"Dark, artificial",-79.3972,43.6485
1361068,9843,Driver,45 to 49,None,"Automobile, Station Wagon",Going Ahead,1,0,1,0,0,0,0,0,0,0,0,0,0,13,1336,Clear,Daylight,-79.4065,43.6502
1361068,9844,Pedestrian,0 to 4,Major,Other,NULL,1,0,1,0,0,0,0,0,0,0,0,0,0,13,1336,Clear,Daylight,-79.4065,43.6502
1361161,9852,Driver,50 to 54,None,"Automobile, Station Wagon",Going Ahead,1,0,1,0,0,1,0,1,0,0,0,0,0,19,1923,Clear,Daylight,-79.4727,43.6849
1361161,9853,Passenger,0 to 4,Minor,Other,NULL,1,0,1,0,0,1,0,1,0,0,0,0,0,19,1923,Clear,Daylight,-79.4727,43.6849
1361161,9854,Passenger,5 to 9,Minor,Other,NULL,1,0,1,0,0,1,0,1,0,0,0,0,0,19,1923,Clear,Daylight,-79.4727,43.6849
1361161,9856,Driver,40 to 44,None,Municipal Transit Bus (TTC),Going Ahead,1,0,1,0,0,1,0,1,0,0,0,0,0,19,1923,Clear,Daylight,-79.4727,43.6849
1361161,9857,Pedestrian,40 to 44,Major,Other,NULL,1,0,1,0,0,1,0,1,0,0,0,0,0,19,1923,Clear,Daylight,-79.4727,43.6849
1363758,9246,Driver,40 to 44,Major,"Automobile, Station Wagon",Going Ahead,0,0,1,0,0,0,0,0,0,0,0,0,1,10,956,Clear,Daylight,-79.4062,43.6459
1363758,9247,Other,unknown,None,Other,Parked,0,0,1,0,0,0,0,0,0,0,0,0,1,10,956,Clear,Daylight,-79.4062,43.6459
1364430,9578,Pedestrian,65 to 69,Fatal,NULL,NULL,1,0,0,0,0,1,0,0,0,0,0,0,0,17,1715,Rain,Daylight,-79.2637,43.8014
1364430,9577,Driver,50 to 54,None,Municipal Transit Bus (TTC),Going Ahead,1,0,0,0,0,1,0,0,0,0,0,0,0,17,1715,Rain,Daylight,-79.2637,43.8014
1365705,9290,Driver,25 to 29,None,"Automobile, Station Wagon",Reversing,1,0,1,0,0,0,0,0,0,0,0,0,0,19,1905,Clear,"Daylight, artificial",-79.3869,43.6545
1365705,9291,Pedestrian,30 to 34,Major,Other,NULL,1,0,1,0,0,0,0,0,0,0,0,0,0,19,1905,Clear,"Daylight, artificial",-79.3869,43.6545
1369174,9050,Driver,35 to 39,None,"Automobile, Station Wagon",Going Ahead,0,0,1,0,0,0,0,1,0,0,0,0,0,16,1637,Rain,Daylight,-79.2536,43.7716
1369174,9051,Driver,40 to 44,None,"Automobile, Station Wagon",Stopped,0,0,1,0,0,0,0,1,0,0,0,0,0,16,1637,Rain,Daylight,-79.2536,43.7716
1369174,9052,Passenger,75 to 79,Major,Other,NULL,0,0,1,0,0,0,0,1,0,0,0,0,0,16,1637,Rain,Daylight,-79.2536,43.7716
1369174,9053,Driver,80 to 84,Minimal,"Automobile, Station Wagon",Turning Left,0,0,1,0,0,0,0,1,0,0,0,0,0,16,1637,Rain,Daylight,-79.2536,43.7716
1371107,9359,Driver,25 to 29,None,"Automobile, Station Wagon",Going Ahead,1,0,1,0,0,0,0,0,0,0,0,0,0,11,1055,Clear,Daylight,-79.2576,43.8098
1371107,9360,Pedestrian,80 to 84,Fatal,NULL,NULL,1,0,1,0,0,0,0,0,0,0,0,0,0,11,1055,Clear,Daylight,-79.2576,43.8098
1371625,9871,Driver,25 to 29,None,"Automobile, Station Wagon",Going Ahead,1,0,1,0,0,0,0,0,0,0,0,0,0,8,846,Clear,Daylight,-79.3335,43.798
1371625,9872,Pedestrian,60 to 64,Major,Other,NULL,1,0,1,0,0,0,0,0,0,0,0,0,0,8,846,Clear,Daylight,-79.3335,43.798
1372200,9097,Driver,unknown,None,"Automobile, Station Wagon",Reversing,0,1,1,0,0,0,0,0,0,0,0,0,0,3,250,Clear,"Dark, artificial",-79.3995,43.6567
1372200,9098,Cyclist,20 to 24,Major,Bicycle,Slowing or Stopping,0,1,1,0,0,0,0,0,0,0,0,0,0,3,250,Clear,"Dark, artificial",-79.3995,43.6567
1373747,9533,Driver,30 to 34,None,Pick Up Truck,Stopped,0,1,1,0,0,0,0,0,0,0,0,0,0,21,2126,Clear,"Dusk, artificial",-79.4325,43.6744
1373747,9534,Cyclist,25 to 29,Major,Bicycle,Going Ahead,0,1,1,0,0,0,0,0,0,0,0,0,0,21,2126,Clear,"Dusk, artificial",-79.4325,43.6744
1374340,9537,Driver,45 to 49,None,"Automobile, Station Wagon",Turning Right,1,0,1,0,0,0,0,0,0,1,0,0,0,9,900,Clear,Daylight,-79.4715,43.6821
1374340,9538,Pedestrian,75 to 79,Major,Other,NULL,1,0,1,0,0,0,0,0,0,1,0,0,0,9,900,Clear,Daylight,-79.4715,43.6821
1374422,9545,Passenger,25 to 29,Minor,Other,NULL,0,0,1,1,0,0,0,1,0,0,0,0,0,22,2220,Clear,"Dark, artificial",-79.4087,43.6344
1374422,9546,Motorcycle Driver,35 to 39,Major,Motorcycle,Going Ahead,0,0,1,1,0,0,0,1,0,0,0,0,0,22,2220,Clear,"Dark, artificial",-79.4087,43.6344
1374422,9548,Driver,40 to 44,Minimal,"Automobile, Station Wagon",Making U Turn,0,0,1,1,0,0,0,1,0,0,0,0,0,22,2220,Clear,"Dark, artificial",-79.4087,43.6344
1375340,10278,Passenger,25 to 29,Minor,Other,NULL,0,0,1,1,0,0,0,1,0,0,0,0,0,14,1400,Clear,Daylight,-79.3373,43.7165
1375340,10279,Motorcycle Driver,40 to 44,Major,Motorcycle,Going Ahead,0,0,1,1,0,0,0,1,0,0,0,0,0,14,1400,Clear,Daylight,-79.3373,43.7165
1375340,10280,Driver,40 to 44,None,"Automobile, Station Wagon",Turning Left,0,0,1,1,0,0,0,1,0,0,0,0,0,14,1400,Clear,Daylight,-79.3373,43.7165
1376894,9581,Driver,45 to 49,None,"Automobile, Station Wagon",Turning Left,1,0,1,0,0,0,0,0,0,0,0,0,0,16,1627,Clear,Daylight,-79.3828,43.6701
1376894,9582,Pedestrian,40 to 44,Major,Other,NULL,1,0,1,0,0,0,0,0,0,0,0,0,0,16,1627,Clear,Daylight,-79.3828,43.6701
1377012,10315,Driver,70 to 74,None,"Automobile, Station Wagon",Going Ahead,1,0,1,0,0,0,0,0,0,1,0,0,0,17,1742,Clear,Daylight,-79.3023,43.6926
1377012,10316,Pedestrian,65 to 69,Major,Other,NULL,1,0,1,0,0,0,0,0,0,1,0,0,0,17,1742,Clear,Daylight,-79.3023,43.6926
1379252,9922,Driver,20 to 24,None,"Automobile, Station Wagon",Pulling Away from Shoulder or Curb,1,0,1,0,0,0,0,0,0,0,0,0,0,3,315,Clear,Dark,-79.3786,43.665
1379252,9923,Pedestrian,20 to 24,Major,Other,NULL,1,0,1,0,0,0,0,0,0,0,0,0,0,3,315,Clear,Dark,-79.3786,43.665
1380106,9020,Driver,50 to 54,None,"Automobile, Station Wagon",Going Ahead,0,1,1,0,0,0,0,0,0,0,0,0,0,8,820,Clear,Daylight,-79.5079,43.6425
1380106,9021,Cyclist,15 to 19,Major,Bicycle,Going Ahead,0,1,1,0,0,0,0,0,0,0,0,0,0,8,820,Clear,Daylight,-79.5079,43.6425
1380288,10530,Driver,40 to 44,None,"Automobile, Station Wagon",Going Ahead,1,0,1,0,0,0,0,0,0,1,1,0,0,18,1807,Clear,Daylight,-79.4895,43.6869
1380288,10532,Pedestrian,10 to 14,Major,"Automobile, Station Wagon",NULL,1,0,1,0,0,0,0,0,0,1,1,0,0,18,1807,Clear,Daylight,-79.4895,43.6869
1380363,10536,Driver,60 to 64,Major,"Automobile, Station Wagon",Going Ahead,0,0,1,0,0,0,0,1,0,0,0,0,1,11,1055,Clear,Daylight,-79.3863,43.6993
1380363,10535,Passenger,25 to 29,None,Other,NULL,0,0,1,0,0,0,0,1,0,0,0,0,1,11,1055,Clear,Daylight,-79.3863,43.6993
1381878,10010,Driver,60 to 64,None,"Automobile, Station Wagon",Going Ahead,0,1,1,0,0,0,0,0,0,1,0,0,0,19,1914,Rain,Daylight,-79.2222,43.8174
1381878,10011,Cyclist,60 to 64,Major,Bicycle,Going Ahead,0,1,1,0,0,0,0,0,0,1,0,0,0,19,1914,Rain,Daylight,-79.2222,43.8174
1382346,10008,Driver,unknown,None,"Automobile, Station Wagon",Turning Left,0,1,1,0,0,0,0,0,0,1,0,0,0,7,702,Rain,"Dawn, artificial",-79.258,43.7529
1382346,10009,Cyclist,30 to 34,Major,Bicycle,Going Ahead,0,1,1,0,0,0,0,0,0,1,0,0,0,7,702,Rain,"Dawn, artificial",-79.258,43.7529
1382610,9354,Passenger,35 to 39,Major,Other,NULL,0,0,1,0,0,0,0,1,0,0,0,0,0,2,228,Clear,Dark,-79.4172,43.6638
1382610,9355,Passenger,30 to 34,Minor,Other,NULL,0,0,1,0,0,0,0,1,0,0,0,0,0,2,228,Clear,Dark,-79.4172,43.6638
1382610,9356,Driver,30 to 34,Minor,"Automobile, Station Wagon",Making U Turn,0,0,1,0,0,0,0,1,0,0,0,0,0,2,228,Clear,Dark,-79.4172,43.6638
1382610,9357,Other,unknown,None,Other,Parked,0,0,1,0,0,0,0,1,0,0,0,0,0,2,228,Clear,Dark,-79.4172,43.6638
1382610,9358,Driver,15 to 19,Minor,"Automobile, Station Wagon",Going Ahead,0,0,1,0,0,0,0,1,0,0,0,0,0,2,228,Clear,Dark,-79.4172,43.6638
1382978,9607,Driver,35 to 39,None,"Automobile, Station Wagon",Turning Right,1,0,1,0,0,0,0,0,0,1,0,0,0,12,1153,Clear,Daylight,-79.2669,43.7299
1382978,9608,Pedestrian,65 to 69,Major,Other,NULL,1,0,1,0,0,0,0,0,0,1,0,0,0,12,1153,Clear,Daylight,-79.2669,43.7299
1383782,9061,Driver,75 to 79,Minimal,"Automobile, Station Wagon",Going Ahead,0,0,1,1,0,0,0,0,0,1,1,0,0,16,1610,Clear,Daylight,-79.3588,43.6761
1383782,9058,Motorcycle Driver,40 to 44,Major,Motorcycle,Going Ahead,0,0,1,1,0,0,0,0,0,1,1,0,0,16,1610,Clear,Daylight,-79.3588,43.6761
1383782,9060,Driver,40 to 44,None,"Automobile, Station Wagon",Stopped,0,0,1,1,0,0,0,0,0,1,1,0,0,16,1610,Clear,Daylight,-79.3588,43.6761
1372879,9415,Motorcycle Driver,30 to 34,Major,Motorcycle,Going Ahead,0,0,1,1,0,0,0,1,1,1,0,0,0,21,2136,Clear,Dark,-79.4548,43.7422
1372879,9417,Driver,20 to 24,None,"Automobile, Station Wagon",Going Ahead,0,0,1,1,0,0,0,1,1,1,0,0,0,21,2136,Clear,Dark,-79.4548,43.7422
1372930,9882,Passenger,30 to 34,Major,Other,NULL,0,0,1,0,0,0,0,1,0,1,0,0,0,22,2200,Clear,"Dark, artificial",-79.4366,43.6629
1372930,9884,Driver,35 to 39,Minor,"Automobile, Station Wagon",Stopped,0,0,1,0,0,0,0,1,0,1,0,0,0,22,2200,Clear,"Dark, artificial",-79.4366,43.6629
1372930,9885,Driver,25 to 29,Major,"Automobile, Station Wagon",Going Ahead,0,0,1,0,0,0,0,1,0,1,0,0,0,22,2200,Clear,"Dark, artificial",-79.4366,43.6629
1373498,10256,Truck Driver,40 to 44,None,Truck - Dump,Turning Left,1,0,0,0,1,0,0,0,0,1,0,0,0,8,800,Clear,Daylight,-79.4995,43.7538
1373498,10257,Pedestrian,10 to 14,Fatal,NULL,NULL,1,0,0,0,1,0,0,0,0,1,0,0,0,8,800,Clear,Daylight,-79.4995,43.7538
1374300,9541,Driver,15 to 19,None,"Automobile, Station Wagon",Other,1,0,1,0,0,0,0,0,0,0,0,0,0,12,1215,Clear,Daylight,-79.5767,43.6313
1374300,9542,Pedestrian,25 to 29,Major,Other,NULL,1,0,1,0,0,0,0,0,0,0,0,0,0,12,1215,Clear,Daylight,-79.5767,43.6313
1375838,9567,Driver,30 to 34,None,"Automobile, Station Wagon",Turning Left,0,1,1,0,0,0,0,0,0,1,0,0,0,14,1444,Clear,Daylight,-79.3689,43.6438
1375838,9568,Cyclist,50 to 54,Major,Bicycle,Going Ahead,0,1,1,0,0,0,0,0,0,1,0,0,0,14,1444,Clear,Daylight,-79.3689,43.6438
1377544,10331,Driver,80 to 84,Major,"Automobile, Station Wagon",Going Ahead,0,0,1,0,0,0,0,0,0,0,0,0,0,9,925,Clear,Daylight,-79.3369,43.724
1378110,10453,Pedestrian,60 to 64,Major,Other,NULL,1,0,1,0,0,0,0,0,0,1,0,0,0,7,730,Clear,Daylight,-79.5955,43.6867
1378110,10460,Driver,45 to 49,None,"Automobile, Station Wagon",Turning Left,1,0,1,0,0,0,0,0,0,1,0,0,0,7,730,Clear,Daylight,-79.5955,43.6867
1379733,9010,Driver,60 to 64,None,"Automobile, Station Wagon",Turning Right,0,1,1,0,0,0,0,0,0,1,0,0,0,7,657,Clear,Daylight,-79.2871,43.6914
1379733,9011,Cyclist,25 to 29,Major,Bicycle,Going Ahead,0,1,1,0,0,0,0,0,0,1,0,0,0,7,657,Clear,Daylight,-79.2871,43.6914
1380620,9037,Driver,25 to 29,None,"Automobile, Station Wagon",Going Ahead,0,1,1,0,0,0,0,0,0,0,0,0,0,18,1840,Clear,Daylight,-79.3239,43.6646
1380620,9039,Driver,35 to 39,None,"Automobile, Station Wagon",Parked,0,1,1,0,0,0,0,0,0,0,0,0,0,18,1840,Clear,Daylight,-79.3239,43.6646
1380620,9040,Cyclist,40 to 44,Major,Bicycle,Going Ahead,0,1,1,0,0,0,0,0,0,0,0,0,0,18,1840,Clear,Daylight,-79.3239,43.6646
1381722,9078,Driver,60 to 64,None,"Automobile, Station Wagon",Going Ahead,1,0,1,0,0,0,0,0,0,0,0,0,0,23,2329,Clear,Dark,-79.3249,43.6715
1381722,9079,Pedestrian,85 to 89,Major,Other,NULL,1,0,1,0,0,0,0,0,0,0,0,0,0,23,2329,Clear,Dark,-79.3249,43.6715
1382388,9336,Driver,30 to 34,None,Street Car,Going Ahead,0,1,0,0,0,1,0,0,0,0,0,0,0,16,1639,Clear,Daylight,-79.443,43.6779
1382388,9337,Cyclist,55 to 59,Major,Bicycle,Going Ahead,0,1,0,0,0,1,0,0,0,0,0,0,0,16,1639,Clear,Daylight,-79.443,43.6779
1382675,9347,Driver,45 to 49,Minimal,"Automobile, Station Wagon",Going Ahead,1,0,1,0,0,0,0,0,0,0,0,0,0,13,1340,Clear,Daylight,-79.4341,43.641
1382675,9348,Pedestrian,15 to 19,Major,Other,NULL,1,0,1,0,0,0,0,0,0,0,0,0,0,13,1340,Clear,Daylight,-79.4341,43.641
1383943,9402,Pedestrian,25 to 29,Major,Other,NULL,1,0,0,0,1,0,0,0,0,1,0,0,0,20,2020,Rain,"Dark, artificial",-79.397,43.7002
1383943,9401,Truck Driver,25 to 29,None,Truck - Open,Turning Left,1,0,0,0,1,0,0,0,0,1,0,0,0,20,2020,Rain,"Dark, artificial",-79.397,43.7002
1384077,10142,Motorcycle Driver,35 to 39,Major,Motorcycle,Going Ahead,0,0,0,1,0,0,0,0,0,0,0,0,0,14,1400,Clear,Daylight,-79.349,43.7057
1386051,10016,Driver,50 to 54,Major,"Automobile, Station Wagon",Turning Left,0,1,1,0,0,0,0,0,0,0,0,0,0,8,811,Clear,Daylight,-79.4076,43.6564
1386051,10017,Cyclist,45 to 49,Minor,Bicycle,Going Ahead,0,1,1,0,0,0,0,0,0,0,0,0,0,8,811,Clear,Daylight,-79.4076,43.6564
1386536,10484,Motorcycle Passenger,50 to 54,Minor,NULL,NULL,0,0,1,1,0,0,0,1,0,1,0,0,0,19,1922,Clear,Dark,-79.4687,43.7762
1386536,10485,Motorcycle Driver,25 to 29,Major,Motorcycle,Going Ahead,0,0,1,1,0,0,0,1,0,1,0,0,0,19,1922,Clear,Dark,-79.4687,43.7762
1386536,10486,Driver,55 to 59,None,"Automobile, Station Wagon",Turning Left,0,0,1,1,0,0,0,1,0,1,0,0,0,19,1922,Clear,Dark,-79.4687,43.7762
1386819,10288,Passenger,60 to 64,Minimal,Other,NULL,0,0,1,0,1,0,0,1,1,1,0,0,0,11,1125,Clear,Daylight,-79.3396,43.6955
1386819,10285,Driver,45 to 49,Minimal,"Automobile, Station Wagon",Stopped,0,0,1,0,1,0,0,1,1,1,0,0,0,11,1125,Clear,Daylight,-79.3396,43.6955
1386819,10286,Truck Driver,40 to 44,Minimal,Truck - Open,Going Ahead,0,0,1,0,1,0,0,1,1,1,0,0,0,11,1125,Clear,Daylight,-79.3396,43.6955
1386819,10287,Driver,30 to 34,Major,"Automobile, Station Wagon",Stopped,0,0,1,0,1,0,0,1,1,1,0,0,0,11,1125,Clear,Daylight,-79.3396,43.6955
1386819,10290,Driver,25 to 29,None,"Automobile, Station Wagon",Stopped,0,0,1,0,1,0,0,1,1,1,0,0,0,11,1125,Clear,Daylight,-79.3396,43.6955
1386819,10291,Driver,65 to 69,Major,"Automobile, Station Wagon",Stopped,0,0,1,0,1,0,0,1,1,1,0,0,0,11,1125,Clear,Daylight,-79.3396,43.6955
1386836,10528,Driver,45 to 49,None,"Automobile, Station Wagon",Turning Left,0,0,1,0,0,0,0,0,0,1,0,0,0,17,1650,Clear,Daylight,-79.3533,43.7737
1386836,10529,Driver,20 to 24,Major,"Automobile, Station Wagon",Going Ahead,0,0,1,0,0,0,0,0,0,1,0,0,0,17,1650,Clear,Daylight,-79.3533,43.7737
1387019,10300,Driver,55 to 59,None,"Automobile, Station Wagon",Turning Left,1,0,1,0,0,0,0,0,0,0,0,0,0,8,837,Clear,Daylight,-79.2627,43.8088
1387019,10301,Pedestrian,70 to 74,Major,Other,NULL,1,0,1,0,0,0,0,0,0,0,0,0,0,8,837,Clear,Daylight,-79.2627,43.8088
1387238,10307,Driver,15 to 19,None,"Automobile, Station Wagon",Changing Lanes,0,1,1,0,0,0,0,0,0,0,0,0,0,21,2140,Clear,"Dark, artificial",-79.4039,43.6471
1387238,10308,Cyclist,40 to 44,Major,Bicycle,Going Ahead,0,1,1,0,0,0,0,0,0,0,0,0,0,21,2140,Clear,"Dark, artificial",-79.4039,43.6471
1387287,10537,Driver,40 to 44,Major,"Automobile, Station Wagon",Making U Turn,0,0,1,0,0,0,0,1,0,0,0,0,0,13,1331,Rain,Daylight,-79.4908,43.7438
1387287,10538,Passenger,5 to 9,Major,Other,NULL,0,0,1,0,0,0,0,1,0,0,0,0,0,13,1331,Rain,Daylight,-79.4908,43.7438
1387287,10539,Passenger,10 to 14,Major,Other,NULL,0,0,1,0,0,0,0,1,0,0,0,0,0,13,1331,Rain,Daylight,-79.4908,43.7438
1387287,10540,Passenger,40 to 44,Major,Other,NULL,0,0,1,0,0,0,0,1,0,0,0,0,0,13,1331,Rain,Daylight,-79.4908,43.7438
1387287,10541,Driver,50 to 54,Major,"Automobile, Station Wagon",Going Ahead,0,0,1,0,0,0,0,1,0,0,0,0,0,13,1331,Rain,Daylight,-79.4908,43.7438
1387438,10320,Passenger,5 to 9,Major,Other,NULL,0,0,1,0,0,0,0,1,0,1,0,0,0,11,1127,Clear,Daylight,-79.5723,43.6912
1387438,10321,Passenger,20 to 24,Minor,Other,NULL,0,0,1,0,0,0,0,1,0,1,0,0,0,11,1127,Clear,Daylight,-79.5723,43.6912
1387438,10322,Driver,20 to 24,Minor,"Automobile, Station Wagon",Changing Lanes,0,0,1,0,0,0,0,1,0,1,0,0,0,11,1127,Clear,Daylight,-79.5723,43.6912
1387438,10319,Driver,40 to 44,None,"Automobile, Station Wagon",Going Ahead,0,0,1,0,0,0,0,1,0,1,0,0,0,11,1127,Clear,Daylight,-79.5723,43.6912
1388238,10042,Driver,30 to 34,None,"Automobile, Station Wagon",Going Ahead,1,0,1,0,0,0,0,0,0,0,0,0,0,20,2045,Rain,"Dark, artificial",-79.3005,43.6884
1388238,10044,Pedestrian,5 to 9,Major,Other,NULL,1,0,1,0,0,0,0,0,0,0,0,0,0,20,2045,Rain,"Dark, artificial",-79.3005,43.6884
1388425,10057,Driver,60 to 64,None,"Automobile, Station Wagon",Going Ahead,0,0,1,0,0,0,0,0,0,1,1,0,0,11,1130,Clear,Daylight,-79.3157,43.7967
1388425,10058,Driver,80 to 84,Major,"Automobile, Station Wagon",Turning Left,0,0,1,0,0,0,0,0,0,1,1,0,0,11,1130,Clear,Daylight,-79.3157,43.7967
1388506,10310,Driver,40 to 44,None,"Automobile, Station Wagon",Going Ahead,0,0,1,0,0,0,0,1,0,1,0,0,0,18,1750,Clear,Daylight,-79.5763,43.7316
1388506,10311,Passenger,30 to 34,Major,Other,NULL,0,0,1,0,0,0,0,1,0,1,0,0,0,18,1750,Clear,Daylight,-79.5763,43.7316
1388506,10312,Driver,35 to 39,Minor,"Automobile, Station Wagon",Turning Right,0,0,1,0,0,0,0,1,0,1,0,0,0,18,1750,Clear,Daylight,-79.5763,43.7316