ACCNUM,ObjectId,INVTYPE,INVAGE,INJURY,VEHTYPE,MANOEUVER,PEDESTRIAN,CYCLIST,AUTOMOBILE,MOTORCYCLE,TRUCK,TRSN_CITY_VEH,EMERG_VEH,PASSENGER,SPEEDING,AG_DRIV,REDLIGHT,ALCOHOL,DISABILITY,HOUR,TIME,VISIBILITY,LIGHT,collision_lat,collision_long
1388623,10049,Driver,25 to 29,None,"Automobile, Station Wagon",Going Ahead,1,0,1,0,0,0,0,0,0,0,0,0,0,22,2240,Clear,"Dark, artificial",-79.3783,43.6441
1388623,10050,Pedestrian,20 to 24,Major,Other,NULL,1,0,1,0,0,0,0,0,0,0,0,0,0,22,2240,Clear,"Dark, artificial",-79.3783,43.6441
1388642,9140,Driver,50 to 54,Major,"Automobile, Station Wagon",Going Ahead,0,0,1,0,0,0,0,0,0,1,1,0,0,20,2010,Clear,"Dark, artificial",-79.286,43.8249
1388642,9142,Driver,50 to 54,Minimal,"Automobile, Station Wagon",Going Ahead,0,0,1,0,0,0,0,0,0,1,1,0,0,20,2010,Clear,"Dark, artificial",-79.286,43.8249
1567749,16841,Driver,20 to 24,None,"Automobile, Station Wagon",Going Ahead,1,0,1,0,0,0,0,0,0,0,0,0,0,17,1743,Clear,Daylight,-79.4205,43.6886
1567749,16842,Pedestrian,30 to 34,Major,NULL,NULL,1,0,1,0,0,0,0,0,0,0,0,0,0,17,1743,Clear,Daylight,-79.4205,43.6886
1650875,16860,Driver,50 to 54,None,"Automobile, Station Wagon",Slowing or Stopping,0,1,1,0,0,0,0,0,0,0,0,0,0,12,1238,Clear,Daylight,-79.434,43.6601
1650875,16009,Cyclist,50 to 54,Major,Bicycle,Going Ahead,0,1,1,0,0,0,0,0,0,0,0,0,0,12,1238,Clear,Daylight,-79.434,43.6601
1774332,16435,Driver,50 to 54,None,"Automobile, Station Wagon",Turning Left,0,0,1,1,0,0,0,0,0,1,0,0,0,23,2310,Clear,"Dark, artificial",-79.2855,43.7772
1774332,16436,Motorcycle Driver,20 to 24,Major,Motorcycle,Going Ahead,0,0,1,1,0,0,0,0,0,1,0,0,0,23,2310,Clear,"Dark, artificial",-79.2855,43.7772
1311542,8424,Driver,60 to 64,None,"Automobile, Station Wagon",Going Ahead,1,0,1,0,0,0,0,1,0,1,0,0,0,23,2318,Clear,"Dark, artificial",-79.3004,43.7804
1311542,8425,Pedestrian,65 to 69,Major,Other,NULL,1,0,1,0,0,0,0,1,0,1,0,0,0,23,2318,Clear,"Dark, artificial",-79.3004,43.7804
1311644,8752,Driver,30 to 34,None,"Automobile, Station Wagon",Going Ahead,1,0,1,0,0,0,0,0,0,0,0,0,0,8,810,Clear,Daylight,-79.3725,43.6632
1311644,8756,Pedestrian,60 to 64,Fatal,Other,NULL,1,0,1,0,0,0,0,0,0,0,0,0,0,8,810,Clear,Daylight,-79.3725,43.6632
1312337,8367,Driver,35 to 39,None,"Automobile, Station Wagon",Turning Left,0,0,1,1,0,0,0,0,0,1,0,0,0,16,1641,Clear,Daylight,-79.3002,43.7833
1312337,8365,Motorcycle Driver,25 to 29,Major,Motorcycle,Going Ahead,0,0,1,1,0,0,0,0,0,1,0,0,0,16,1641,Clear,Daylight,-79.3002,43.7833
1318785,8222,Truck Driver,55 to 59,None,Truck - Open,Turning Right,1,0,0,0,1,0,0,0,0,1,0,0,0,17,1728,Clear,Dusk,-79.6141,43.7554
1318785,8224,Pedestrian,40 to 44,Major,Other,NULL,1,0,0,0,1,0,0,0,0,1,0,0,0,17,1728,Clear,Dusk,-79.6141,43.7554
1318785,8225,Pedestrian,10 to 14,Minimal,Other,NULL,1,0,0,0,1,0,0,0,0,1,0,0,0,17,1728,Clear,Dusk,-79.6141,43.7554
1320057,8804,Driver,50 to 54,None,"Automobile, Station Wagon",Turning Left,0,1,1,0,0,0,0,0,0,1,0,0,0,6,615,Clear,"Daylight, artificial",-79.2644,43.724
1320057,8805,Cyclist,35 to 39,Major,Bicycle,Going Ahead,0,1,1,0,0,0,0,0,0,1,0,0,0,6,615,Clear,"Daylight, artificial",-79.2644,43.724
1320459,8821,Driver,45 to 49,None,"Automobile, Station Wagon",Turning Right,1,0,1,0,0,0,0,0,0,1,0,0,0,22,2225,Clear,"Dark, artificial",-79.383,43.6613
1320459,8822,Pedestrian,60 to 64,Major,Other,NULL,1,0,1,0,0,0,0,0,0,1,0,0,0,22,2225,Clear,"Dark, artificial",-79.383,43.6613
1320791,8867,Driver,60 to 64,Major,"Automobile, Station Wagon",Going Ahead,0,0,1,0,0,0,0,1,0,0,0,0,0,0,8,Clear,Dark,-79.4941,43.7239
1320791,8870,Driver,20 to 24,Major,"Automobile, Station Wagon",Overtaking,0,0,1,0,0,0,0,1,0,0,0,0,0,0,8,Clear,Dark,-79.4941,43.7239
1320791,8872,Driver,60 to 64,Minor,"Automobile, Station Wagon",Going Ahead,0,0,1,0,0,0,0,1,0,0,0,0,0,0,8,Clear,Dark,-79.4941,43.7239
1320791,8866,Passenger,unknown,None,Other,NULL,0,0,1,0,0,0,0,1,0,0,0,0,0,0,8,Clear,Dark,-79.4941,43.7239
1320791,8869,Passenger,20 to 24,Major,Other,NULL,0,0,1,0,0,0,0,1,0,0,0,0,0,0,8,Clear,Dark,-79.4941,43.7239
1321027,8879,Passenger,15 to 19,Minor,Other,NULL,0,0,1,0,0,0,0,1,0,0,0,0,0,5,518,Clear,"Dark, artificial",-79.3254,43.7143
1321027,8881,Driver,15 to 19,Fatal,"Automobile, Station Wagon",Going Ahead,0,0,1,0,0,0,0,1,0,0,0,0,0,5,518,Clear,"Dark, artificial",-79.3254,43.7143
1321368,8145,Truck Driver,45 to 49,None,Truck - Open,Overtaking,0,1,0,0,1,0,0,0,0,1,0,0,0,9,851,Clear,Daylight,-79.379,43.6459
1321368,8146,Other,unknown,None,Other,NULL,0,1,0,0,1,0,0,0,0,1,0,0,0,9,851,Clear,Daylight,-79.379,43.6459
1321368,8148,Cyclist,25 to 29,Major,Bicycle,Going Ahead,0,1,0,0,1,0,0,0,0,1,0,0,0,9,851,Clear,Daylight,-79.379,43.6459
1321561,8894,Driver,75 to 79,None,"Automobile, Station Wagon",Turning Left,0,1,1,0,0,0,0,0,0,0,0,0,0,11,1059,Clear,Daylight,-79.2942,43.8018
1321561,8895,Cyclist,55 to 59,Major,Bicycle,Going Ahead,0,1,1,0,0,0,0,0,0,0,0,0,0,11,1059,Clear,Daylight,-79.2942,43.8018
1321770,8150,Driver,55 to 59,Major,"Automobile, Station Wagon",Going Ahead,0,0,1,0,0,0,0,1,0,1,0,0,0,16,1630,Clear,Daylight,-79.3919,43.7838
1321770,8152,Driver,50 to 54,None,"Automobile, Station Wagon",Slowing or Stopping,0,0,1,0,0,0,0,1,0,1,0,0,0,16,1630,Clear,Daylight,-79.3919,43.7838
1321770,8151,Passenger,45 to 49,Minimal,Other,NULL,0,0,1,0,0,0,0,1,0,1,0,0,0,16,1630,Clear,Daylight,-79.3919,43.7838
1322204,8907,Driver,40 to 44,None,Municipal Transit Bus (TTC),Going Ahead,1,0,0,0,0,1,0,0,0,0,0,0,0,15,1522,Clear,Daylight,-79.431,43.6805
1322204,8908,Pedestrian,30 to 34,Major,Other,NULL,1,0,0,0,0,1,0,0,0,0,0,0,0,15,1522,Clear,Daylight,-79.431,43.6805
1322361,8909,Driver,unknown,None,Other,Disabled,1,0,0,0,0,0,0,0,0,0,0,0,0,8,835,Clear,Daylight,-79.4113,43.7605
1322361,8910,Pedestrian,45 to 49,Major,Other,NULL,1,0,0,0,0,0,0,0,0,0,0,0,0,8,835,Clear,Daylight,-79.4113,43.7605
1322840,8178,Driver,35 to 39,None,"Automobile, Station Wagon",Turning Left,1,0,1,0,0,0,0,0,0,1,0,0,0,9,858,Clear,Daylight,-79.4699,43.6525
1322840,8179,Pedestrian,25 to 29,Major,Other,NULL,1,0,1,0,0,0,0,0,0,1,0,0,0,9,858,Clear,Daylight,-79.4699,43.6525
1327320,8081,Passenger,15 to 19,None,Other,NULL,0,0,1,0,0,0,0,1,1,1,0,0,0,21,2127,Clear,"Dark, artificial",-79.2736,43.7459
1327320,8082,Passenger,20 to 24,None,Other,NULL,0,0,1,0,0,0,0,1,1,1,0,0,0,21,2127,Clear,"Dark, artificial",-79.2736,43.7459
1327320,8083,Driver,20 to 24,Major,"Automobile, Station Wagon",Going Ahead,0,0,1,0,0,0,0,1,1,1,0,0,0,21,2127,Clear,"Dark, artificial",-79.2736,43.7459
1328386,9910,Driver,70 to 74,Major,"Automobile, Station Wagon",Going Ahead,0,0,1,0,0,0,0,0,0,0,0,0,1,11,1053,Clear,Daylight,-79.482,43.6655
1328386,9912,Driver,20 to 24,None,"Automobile, Station Wagon",Going Ahead,0,0,1,0,0,0,0,0,0,0,0,0,1,11,1053,Clear,Daylight,-79.482,43.6655
1329449,8011,Driver,30 to 34,None,"Automobile, Station Wagon",Going Ahead,0,0,1,0,0,0,0,0,0,0,0,0,0,21,2128,Clear,"Dark, artificial",-79.3046,43.7295
1329449,8014,Driver,20 to 24,Major,"Automobile, Station Wagon",Making U Turn,0,0,1,0,0,0,0,0,0,0,0,0,0,21,2128,Clear,"Dark, artificial",-79.3046,43.7295
1331528,8040,Driver,85 to 89,Major,"Automobile, Station Wagon",Turning Left,0,0,1,0,0,0,0,0,0,1,0,0,0,11,1140,Clear,Daylight,-79.4067,43.7441
1331528,8041,Driver,50 to 54,None,"Automobile, Station Wagon",Going Ahead,0,0,1,0,0,0,0,0,0,1,0,0,0,11,1140,Clear,Daylight,-79.4067,43.7441
1333336,9475,Pedestrian,20 to 24,Major,Other,NULL,1,0,0,0,0,1,0,0,0,0,0,0,0,14,1414,Clear,"Dark, artificial",-79.444,43.6777
1333336,9476,Driver,45 to 49,Minor,Municipal Transit Bus (TTC),Going Ahead,1,0,0,0,0,1,0,0,0,0,0,0,0,14,1414,Clear,"Dark, artificial",-79.444,43.6777
1335099,9510,Truck Driver,40 to 44,None,Truck - Open,Going Ahead,0,0,1,0,1,0,0,0,0,1,0,0,0,8,757,Clear,Daylight,-79.4882,43.764
1335099,9512,Driver,35 to 39,Major,"Automobile, Station Wagon",Going Ahead,0,0,1,0,1,0,0,0,0,1,0,0,0,8,757,Clear,Daylight,-79.4882,43.764
1336008,9832,Pedestrian,10 to 14,Major,Other,NULL,1,0,1,0,0,0,0,0,0,0,0,0,0,18,1830,Clear,"Dark, artificial",-79.4966,43.6122
1336008,9742,Driver,20 to 24,None,"Automobile, Station Wagon",Going Ahead,1,0,1,0,0,0,0,0,0,0,0,0,0,18,1830,Clear,"Dark, artificial",-79.4966,43.6122
1336042,9625,Pedestrian,65 to 69,Major,Other,NULL,1,0,1,0,0,0,0,0,0,1,0,0,0,10,1031,Clear,Daylight,-79.4258,43.7033
1336042,9531,Driver,35 to 39,None,"Automobile, Station Wagon",Turning Left,1,0,1,0,0,0,0,0,0,1,0,0,0,10,1031,Clear,Daylight,-79.4258,43.7033
1337044,9915,Driver,55 to 59,Minimal,"Automobile, Station Wagon",Going Ahead,0,0,1,0,0,0,0,0,0,1,0,0,0,2,210,Rain,"Dark, artificial",-79.492,43.7673
1337044,9916,Driver,25 to 29,Major,"Automobile, Station Wagon",Going Ahead,0,0,1,0,0,0,0,0,0,1,0,0,0,2,210,Rain,"Dark, artificial",-79.492,43.7673
1337714,9427,Pedestrian,40 to 44,Major,Other,NULL,1,0,1,0,0,0,0,1,0,0,0,0,0,2,221,Clear,"Dark, artificial",-79.4013,43.6407
1337714,9224,Passenger,45 to 49,None,Other,NULL,1,0,1,0,0,0,0,1,0,0,0,0,0,2,221,Clear,"Dark, artificial",-79.4013,43.6407
1337714,9326,Driver,35 to 39,None,"Automobile, Station Wagon",Going Ahead,1,0,1,0,0,0,0,1,0,0,0,0,0,2,221,Clear,"Dark, artificial",-79.4013,43.6407
1338584,9944,Passenger,50 to 54,Major,Other,NULL,0,0,1,0,0,0,0,1,1,1,0,0,0,15,1510,Rain,Daylight,-79.2335,43.776
1338584,9945,Passenger,50 to 54,Minor,Other,NULL,0,0,1,0,0,0,0,1,1,1,0,0,0,15,1510,Rain,Daylight,-79.2335,43.776
1338584,9947,Driver,45 to 49,None,"Automobile, Station Wagon",Going Ahead,0,0,1,0,0,0,0,1,1,1,0,0,0,15,1510,Rain,Daylight,-79.2335,43.776
1338584,9948,Driver,70 to 74,None,"Automobile, Station Wagon",Stopped,0,0,1,0,0,0,0,1,1,1,0,0,0,15,1510,Rain,Daylight,-79.2335,43.776
1338584,9950,Driver,35 to 39,Minor,"Automobile, Station Wagon",Stopped,0,0,1,0,0,0,0,1,1,1,0,0,0,15,1510,Rain,Daylight,-79.2335,43.776
1338584,9951,Driver,60 to 64,Minor,"Automobile, Station Wagon",Stopped,0,0,1,0,0,0,0,1,1,1,0,0,0,15,1510,Rain,Daylight,-79.2335,43.776
1339150,9991,Truck Driver,45 to 49,None,Truck - Open,Going Ahead,0,0,1,0,1,0,0,0,0,0,0,0,0,13,1335,"Fog, Mist, Smoke, Dust",Daylight,-79.5291,43.7738
1339150,9992,Driver,60 to 64,Major,"Automobile, Station Wagon",Going Ahead,0,0,1,0,1,0,0,0,0,0,0,0,0,13,1335,"Fog, Mist, Smoke, Dust",Daylight,-79.5291,43.7738
1339720,9998,Driver,65 to 69,None,Taxi,Reversing,1,0,1,0,0,0,0,0,0,0,0,0,0,14,1407,Clear,Daylight,-79.3025,43.6775
1339720,9999,Pedestrian,85 to 89,Major,Other,NULL,1,0,1,0,0,0,0,0,0,0,0,0,0,14,1407,Clear,Daylight,-79.3025,43.6775
1325976,8217,Pedestrian,15 to 19,Major,Other,NULL,1,0,1,0,0,0,0,0,0,0,0,0,0,15,1529,Clear,Daylight,-79.3701,43.8032
1326143,8058,Driver,40 to 44,None,"Automobile, Station Wagon",Going Ahead,1,0,1,0,0,0,0,0,0,0,0,0,0,17,1743,Clear,"Dark, artificial",-79.4018,43.7827
1326143,8059,Pedestrian,75 to 79,Major,Other,NULL,1,0,1,0,0,0,0,0,0,0,0,0,0,17,1743,Clear,"Dark, artificial",-79.4018,43.7827
1326729,8219,Driver,30 to 34,None,Municipal Transit Bus (TTC),Going Ahead,1,0,0,0,0,1,0,0,0,0,0,0,0,12,1249,Clear,Daylight,-79.4463,43.6772
1326729,8220,Pedestrian,50 to 54,Major,Other,NULL,1,0,0,0,0,1,0,0,0,0,0,0,0,12,1249,Clear,Daylight,-79.4463,43.6772
1326780,8561,Moped Driver,50 to 54,Major,Other,Going Ahead,0,1,1,0,0,0,0,0,0,1,0,0,0,21,2148,Rain,Dark,-79.3437,43.7758
1326780,8468,Driver,35 to 39,None,"Automobile, Station Wagon",Turning Left,0,1,1,0,0,0,0,0,0,1,0,0,0,21,2148,Rain,Dark,-79.3437,43.7758
1326911,8447,Driver,75 to 79,None,"Automobile, Station Wagon",Turning Left,0,1,1,0,0,0,0,0,0,1,0,0,0,21,2140,Clear,"Dark, artificial",-79.3894,43.6769
1326911,8455,Cyclist,20 to 24,Major,Bicycle,Going Ahead,0,1,1,0,0,0,0,0,0,1,0,0,0,21,2140,Clear,"Dark, artificial",-79.3894,43.6769
1327765,8099,Driver,65 to 69,None,"Automobile, Station Wagon",Slowing or Stopping,1,0,1,0,0,0,0,0,0,0,0,0,0,17,1720,Clear,"Dark, artificial",-79.2899,43.8096
1327765,8100,Pedestrian,40 to 44,Fatal,Other,NULL,1,0,1,0,0,0,0,0,0,0,0,0,0,17,1720,Clear,"Dark, artificial",-79.2899,43.8096
1328148,8883,Driver,80 to 84,None,"Automobile, Station Wagon",Turning Left,1,0,1,0,0,0,0,0,0,1,0,0,0,10,955,Clear,Daylight,-79.3671,43.713
1328148,8884,Pedestrian,40 to 44,Major,Other,NULL,1,0,1,0,0,0,0,0,0,1,0,0,0,10,955,Clear,Daylight,-79.3671,43.713
1331742,16149,Motorcycle Driver,25 to 29,Major,Motorcycle,Going Ahead,0,0,0,1,0,0,0,0,0,0,0,0,0,2,218,Clear,"Dark, artificial",-79.4907,43.6401
1332159,9433,Pedestrian,10 to 14,Major,Other,NULL,1,0,1,0,0,0,0,0,0,1,0,0,0,17,1723,Clear,Dark,-79.3033,43.6916
1332159,9382,Driver,unknown,None,"Automobile, Station Wagon",Going Ahead,1,0,1,0,0,0,0,0,0,1,0,0,0,17,1723,Clear,Dark,-79.3033,43.6916
1333463,8061,Driver,45 to 49,Major,"Automobile, Station Wagon",Making U Turn,0,0,1,0,0,0,0,1,0,1,0,0,0,22,2240,Clear,Dark,-79.3848,43.6706
1333463,8062,Passenger,25 to 29,Major,Other,NULL,0,0,1,0,0,0,0,1,0,1,0,0,0,22,2240,Clear,Dark,-79.3848,43.6706
1333463,8064,Driver,25 to 29,Major,"Automobile, Station Wagon",Going Ahead,0,0,1,0,0,0,0,1,0,1,0,0,0,22,2240,Clear,Dark,-79.3848,43.6706
1334350,8069,Driver,20 to 24,Major,"Automobile, Station Wagon",Going Ahead,0,0,1,0,0,0,0,0,0,0,0,0,0,3,335,Clear,"Dark, artificial",-79.3488,43.6566
1335535,8079,Driver,30 to 34,None,"Automobile, Station Wagon",Turning Left,1,0,1,0,0,0,0,0,0,1,0,0,0,13,1305,Clear,Daylight,-79.3914,43.7081
1335535,8080,Pedestrian,25 to 29,Major,Other,NULL,1,0,1,0,0,0,0,0,0,1,0,0,0,13,1305,Clear,Daylight,-79.3914,43.7081
1335553,9518,Driver,50 to 54,None,"Automobile, Station Wagon",Turning Left,1,0,1,0,0,0,0,1,0,0,0,0,0,14,1438,Clear,Daylight,-79.3906,43.6798
1335553,9519,Pedestrian,75 to 79,Fatal,NULL,NULL,1,0,1,0,0,0,0,1,0,0,0,0,0,14,1438,Clear,Daylight,-79.3906,43.6798
1335553,9520,Passenger,50 to 54,None,NULL,NULL,1,0,1,0,0,0,0,1,0,0,0,0,0,14,1438,Clear,Daylight,-79.3906,43.6798
1338579,9956,Driver,35 to 39,Major,"Automobile, Station Wagon",Going Ahead,0,0,1,0,0,0,0,1,0,1,1,0,0,16,1644,Rain,"Dark, artificial",-79.3758,43.6442
1338579,9957,Passenger,0 to 4,Minimal,Other,NULL,0,0,1,0,0,0,0,1,0,1,1,0,0,16,1644,Rain,"Dark, artificial",-79.3758,43.6442
1338579,9958,Driver,45 to 49,Minor,"Automobile, Station Wagon",Going Ahead,0,0,1,0,0,0,0,1,0,1,1,0,0,16,1644,Rain,"Dark, artificial",-79.3758,43.6442
1338579,9959,Driver,65 to 69,None,"Automobile, Station Wagon",Going Ahead,0,0,1,0,0,0,0,1,0,1,1,0,0,16,1644,Rain,"Dark, artificial",-79.3758,43.6442
1338611,9964,Driver,20 to 24,None,"Automobile, Station Wagon",Turning Left,1,0,1,0,0,0,0,0,0,1,0,0,0,19,1900,Freezing Rain,"Dark, artificial",-79.3248,43.674
1338611,9965,Pedestrian,25 to 29,Major,Other,NULL,1,0,1,0,0,0,0,0,0,1,0,0,0,19,1900,Freezing Rain,"Dark, artificial",-79.3248,43.674
1338879,9968,Motorcycle Driver,30 to 34,Major,Motorcycle,Going Ahead,0,0,1,1,0,0,0,0,0,1,0,0,0,7,704,Rain,Dark,-79.367,43.6515
1338879,9970,Driver,55 to 59,None,"Automobile, Station Wagon",Making U Turn,0,0,1,1,0,0,0,0,0,1,0,0,0,7,704,Rain,Dark,-79.367,43.6515
1338947,9759,Driver,70 to 74,None,"Automobile, Station Wagon",Going Ahead,1,0,1,0,0,0,0,0,0,0,0,0,0,19,1850,Clear,"Dark, artificial",-79.4125,43.6881
1338947,9760,Pedestrian,65 to 69,Major,Other,NULL,1,0,1,0,0,0,0,0,0,0,0,0,0,19,1850,Clear,"Dark, artificial",-79.4125,43.6881
1339179,9983,Driver,55 to 59,None,"Automobile, Station Wagon",Going Ahead,0,0,1,0,0,0,0,0,1,1,1,0,0,6,611,Clear,Dark,-79.3632,43.6527
1339179,9985,Driver,45 to 49,None,"Automobile, Station Wagon",Stopped,0,0,1,0,0,0,0,0,1,1,1,0,0,6,611,Clear,Dark,-79.3632,43.6527
1339179,9987,Driver,40 to 44,Major,"Automobile, Station Wagon",Going Ahead,0,0,1,0,0,0,0,0,1,1,1,0,0,6,611,Clear,Dark,-79.3632,43.6527
1339179,9989,Driver,40 to 44,None,"Automobile, Station Wagon",Stopped,0,0,1,0,0,0,0,0,1,1,1,0,0,6,611,Clear,Dark,-79.3632,43.6527
1339180,9762,Truck Driver,55 to 59,None,Truck-Tractor,Going Ahead,1,0,0,0,1,0,0,0,0,0,0,0,0,10,1045,Clear,Daylight,-79.4336,43.6497
1339180,9763,Other,unknown,None,NULL,NULL,1,0,0,0,1,0,0,0,0,0,0,0,0,10,1045,Clear,Daylight,-79.4336,43.6497
1339180,9764,Pedestrian,80 to 84,Fatal,NULL,NULL,1,0,0,0,1,0,0,0,0,0,0,0,0,10,1045,Clear,Daylight,-79.4336,43.6497
1339683,9995,Driver,45 to 49,None,"Automobile, Station Wagon",Turning Left,1,0,1,0,0,0,0,0,0,0,0,0,0,12,1204,Clear,Daylight,-79.3853,43.6597
1339683,9996,Pedestrian,30 to 34,Major,Other,NULL,1,0,1,0,0,0,0,0,0,0,0,0,0,12,1204,Clear,Daylight,-79.3853,43.6597
1343123,16156,Passenger,20 to 24,Minor,NULL,NULL,0,0,1,0,0,0,0,1,0,0,0,0,0,18,1802,Clear,Daylight,-79.1654,43.7729
1343123,16261,Driver,20 to 24,Minor,"Automobile, Station Wagon",Going Ahead,0,0,1,0,0,0,0,1,0,0,0,0,0,18,1802,Clear,Daylight,-79.1654,43.7729
1343123,16266,Driver,25 to 29,Minor,"Automobile, Station Wagon",Going Ahead,0,0,1,0,0,0,0,1,0,0,0,0,0,18,1802,Clear,Daylight,-79.1654,43.7729
1343123,16270,Passenger,20 to 24,Fatal,NULL,NULL,0,0,1,0,0,0,0,1,0,0,0,0,0,18,1802,Clear,Daylight,-79.1654,43.7729
1343241,9491,Driver,30 to 34,None,"Automobile, Station Wagon",Turning Right,1,0,1,0,0,0,0,0,0,0,0,0,0,13,1345,Clear,Daylight,-79.5062,43.6032
1343241,9492,Pedestrian,30 to 34,Major,Other,NULL,1,0,1,0,0,0,0,0,0,0,0,0,0,13,1345,Clear,Daylight,-79.5062,43.6032
1344095,9525,Driver,40 to 44,None,"Automobile, Station Wagon",Turning Left,1,0,1,0,0,0,0,0,0,1,0,0,0,9,855,Clear,Daylight,-79.4055,43.688
1344095,9526,Pedestrian,65 to 69,Major,Other,NULL,1,0,1,0,0,0,0,0,0,1,0,0,0,9,855,Clear,Daylight,-79.4055,43.688
1345231,9736,Truck Driver,60 to 64,None,Truck - Open,Stopped,0,0,1,0,1,0,0,0,1,1,0,0,0,9,920,Clear,Daylight,-79.6099,43.7446
1345231,9738,Driver,25 to 29,Major,"Automobile, Station Wagon",Going Ahead,0,0,1,0,1,0,0,0,1,1,0,0,0,9,920,Clear,Daylight,-79.6099,43.7446
1347268,9766,Driver,50 to 54,None,"Automobile, Station Wagon",Turning Right,1,0,1,0,0,0,0,0,0,1,0,0,0,14,1445,Clear,Daylight,-79.5104,43.6606
1347268,9767,Pedestrian,65 to 69,Major,Other,NULL,1,0,1,0,0,0,0,0,0,1,0,0,0,14,1445,Clear,Daylight,-79.5104,43.6606
1348204,9801,Driver,35 to 39,None,"Automobile, Station Wagon",Turning Left,1,0,1,0,0,0,0,0,0,1,0,0,0,8,755,Clear,Daylight,-79.2675,43.7312
1348204,9802,Pedestrian,25 to 29,Major,Other,NULL,1,0,1,0,0,0,0,0,0,1,0,0,0,8,755,Clear,Daylight,-79.2675,43.7312
1348740,9807,Driver,60 to 64,Major,"Automobile, Station Wagon",Going Ahead,0,0,1,0,0,0,0,0,0,0,0,0,0,21,2119,Rain,Dark,-79.4684,43.6723
1349207,9132,Truck Driver,25 to 29,None,Truck - Open,Reversing,0,0,1,0,1,0,0,0,0,0,0,0,0,8,800,Clear,Daylight,-79.5265,43.6355
1349207,9133,Driver,55 to 59,Major,"Automobile, Station Wagon",Going Ahead,0,0,1,0,1,0,0,0,0,0,0,0,0,8,800,Clear,Daylight,-79.5265,43.6355
1350729,9178,Driver,35 to 39,Major,"Automobile, Station Wagon",Going Ahead,0,0,1,0,0,0,0,0,1,1,0,0,0,18,1800,Clear,Daylight,-79.4393,43.7553
1350729,9177,Driver,40 to 44,None,"Automobile, Station Wagon",Changing Lanes,0,0,1,0,0,0,0,0,1,1,0,0,0,18,1800,Clear,Daylight,-79.4393,43.7553
2202286,16714,Cyclist,55 to 59,Fatal,NULL,Going Ahead,0,1,0,0,1,0,0,0,0,1,0,0,0,16,1643,Clear,Dusk,-79.4983,43.6161
2202286,16715,Truck Driver,45 to 49,None,Truck - Tank,Turning Right,0,1,0,0,1,0,0,0,0,1,0,0,0,16,1643,Clear,Dusk,-79.4983,43.6161
2228307,16717,Driver,45 to 49,Major,"Automobile, Station Wagon",Going Ahead,0,0,1,0,0,0,0,0,1,1,0,1,0,19,1922,Clear,"Dark, artificial",-79.446,43.6657
2228307,16718,Driver,45 to 49,Major,"Automobile, Station Wagon",Stopped,0,0,1,0,0,0,0,0,1,1,0,1,0,19,1922,Clear,"Dark, artificial",-79.446,43.6657
2228307,16719,Driver,unknown,None,"Automobile, Station Wagon",Parked,0,0,1,0,0,0,0,0,1,1,0,1,0,19,1922,Clear,"Dark, artificial",-79.446,43.6657
2263377,16731,Cyclist,60 to 64,Minimal,Bicycle,Going Ahead,0,1,1,0,0,0,0,0,0,0,0,0,0,11,1110,Rain,"Daylight, artificial",-79.4178,43.7776
2263377,16732,Driver,45 to 49,Major,"Automobile, Station Wagon",Turning Left,0,1,1,0,0,0,0,0,0,0,0,0,0,11,1110,Rain,"Daylight, artificial",-79.4178,43.7776
2266447,16735,Driver,20 to 24,None,"Automobile, Station Wagon",Turning Left,1,0,1,0,0,0,0,0,0,0,0,0,0,19,1901,Rain,"Dark, artificial",-79.3295,43.7892
2266447,16736,Pedestrian,30 to 34,Major,NULL,NULL,1,0,1,0,0,0,0,0,0,0,0,0,0,19,1901,Rain,"Dark, artificial",-79.3295,43.7892
2317800,16744,Driver,45 to 49,None,"Automobile, Station Wagon",Going Ahead,1,0,1,0,0,0,0,0,1,1,1,0,0,18,1803,Clear,"Dark, artificial",-79.2453,43.7555
2317800,16745,Pedestrian,30 to 34,Major,NULL,NULL,1,0,1,0,0,0,0,0,1,1,1,0,0,18,1803,Clear,"Dark, artificial",-79.2453,43.7555
2372537,16756,Truck Driver,50 to 54,None,Truck-Tractor,Turning Right,1,0,0,0,1,0,0,0,0,1,0,0,0,11,1141,Clear,Daylight,-79.2879,43.7467
2372537,16757,Pedestrian,40 to 44,Fatal,NULL,NULL,1,0,0,0,1,0,0,0,0,1,0,0,0,11,1141,Clear,Daylight,-79.2879,43.7467
2383203,16760,Driver,45 to 49,Major,"Automobile, Station Wagon",Turning Left,0,0,1,0,0,0,0,1,0,1,0,0,0,22,2238,Clear,Dark,-79.3358,43.7582
2383203,16761,Driver,20 to 24,None,"Automobile, Station Wagon",Going Ahead,0,0,1,0,0,0,0,1,0,1,0,0,0,22,2238,Clear,Dark,-79.3358,43.7582
2383203,16762,Passenger,20 to 24,None,NULL,NULL,0,0,1,0,0,0,0,1,0,1,0,0,0,22,2238,Clear,Dark,-79.3358,43.7582
130927832,10071,Driver,35 to 39,None,"Bus (Other) (Go Bus, Gray Coach)",Going Ahead,1,0,0,0,0,1,0,0,0,1,0,0,0,11,1141,Clear,Daylight,-79.402,43.663
130927832,10072,Pedestrian,60 to 64,Fatal,NULL,NULL,1,0,0,0,0,1,0,0,0,1,0,0,0,11,1141,Clear,Daylight,-79.402,43.663