ACCNUM,ObjectId,INVTYPE,INVAGE,INJURY,VEHTYPE,MANOEUVER,PEDESTRIAN,CYCLIST,AUTOMOBILE,MOTORCYCLE,TRUCK,TRSN_CITY_VEH,EMERG_VEH,PASSENGER,SPEEDING,AG_DRIV,REDLIGHT,ALCOHOL,DISABILITY,HOUR,TIME,VISIBILITY,LIGHT,collision_lat,collision_long
142723818,10598,Driver,25 to 29,None,Passenger Van,Going Ahead,1,0,1,0,0,0,0,0,0,0,0,0,0,1,125,Clear,"Dark, artificial",-79.3622,43.656
142723818,10599,Pedestrian,45 to 49,Minimal,NULL,NULL,1,0,1,0,0,0,0,0,0,0,0,0,0,1,125,Clear,"Dark, artificial",-79.3622,43.656
142723818,10600,Pedestrian,60 to 64,Fatal,NULL,NULL,1,0,1,0,0,0,0,0,0,0,0,0,0,1,125,Clear,"Dark, artificial",-79.3622,43.656
3000108221,10374,Driver,40 to 44,None,"Automobile, Station Wagon",Turning Right,1,0,1,0,0,0,0,1,0,1,0,0,0,0,20,Clear,"Dark, artificial",-79.486,43.6945
3000108221,10375,Passenger,35 to 39,None,NULL,NULL,1,0,1,0,0,0,0,1,0,1,0,0,0,0,20,Clear,"Dark, artificial",-79.486,43.6945
3000108221,10376,Pedestrian,10 to 14,Major,NULL,NULL,1,0,1,0,0,0,0,1,0,1,0,0,0,0,20,Clear,"Dark, artificial",-79.486,43.6945
3001005166,10111,Cyclist,20 to 24,Fatal,Bicycle,Going Ahead,0,1,1,0,0,0,0,0,1,1,1,0,0,9,937,Clear,Daylight,-79.4672,43.7518
3001021983,10355,Driver,25 to 29,Major,"Automobile, Station Wagon",Going Ahead,0,0,1,0,0,0,0,0,0,0,0,1,0,0,1,Clear,"Dark, artificial",-79.5749,43.6692
3001061187,10370,Pedestrian,10 to 14,Major,NULL,NULL,1,0,1,0,0,0,0,0,0,0,0,0,0,15,1545,Clear,Daylight,-79.4074,43.7824
3001064601,10371,Driver,45 to 49,Major,"Automobile, Station Wagon",Going Ahead,0,0,1,0,0,0,0,0,1,1,0,1,0,5,509,Clear,Dark,-79.3997,43.6743
3001877674,10518,Driver,50 to 54,Major,"Automobile, Station Wagon",Turning Left,1,0,1,0,0,0,0,0,0,1,0,0,0,8,837,Rain,"Daylight, artificial",-79.3413,43.757
3001877674,10519,Pedestrian,25 to 29,Minor,NULL,NULL,1,0,1,0,0,0,0,0,0,1,0,0,0,8,837,Rain,"Daylight, artificial",-79.3413,43.757
4001438202,10186,Driver,40 to 44,Major,"Automobile, Station Wagon",Turning Left,0,0,1,0,0,0,0,0,0,0,0,0,1,15,1540,Clear,Daylight,-79.5008,43.7703
4001500296,10206,Driver,20 to 24,Major,"Automobile, Station Wagon",Changing Lanes,0,0,1,0,0,1,0,0,0,1,0,0,0,21,2134,Clear,"Dark, artificial",-79.2328,43.7761
4001500296,10207,Driver,40 to 44,None,Municipal Transit Bus (TTC),Going Ahead,0,0,1,0,0,1,0,0,0,1,0,0,0,21,2134,Clear,"Dark, artificial",-79.2328,43.7761
4001567446,10238,Driver,unknown,None,"Automobile, Station Wagon",Going Ahead,1,0,1,0,0,0,0,0,0,0,0,0,0,20,2020,Rain,"Dark, artificial",-79.2678,43.7321
4001567446,10239,Pedestrian,50 to 54,Major,NULL,NULL,1,0,1,0,0,0,0,0,0,0,0,0,0,20,2020,Rain,"Dark, artificial",-79.2678,43.7321
4001576606,10240,Driver,55 to 59,None,Delivery Van,Turning Left,1,0,1,0,0,0,0,0,0,1,0,0,0,9,935,Clear,Daylight,-79.4143,43.6731
4001576606,10241,Pedestrian,60 to 64,Major,NULL,NULL,1,0,1,0,0,0,0,0,0,1,0,0,0,9,935,Clear,Daylight,-79.4143,43.6731
4001694942,10939,Driver,45 to 49,Major,"Automobile, Station Wagon",Going Ahead,1,0,1,0,0,0,0,0,0,0,0,0,0,18,1755,Clear,Daylight,-79.3694,43.6545
4001694942,10940,Pedestrian,20 to 24,Minimal,NULL,NULL,1,0,1,0,0,0,0,0,0,0,0,0,0,18,1755,Clear,Daylight,-79.3694,43.6545
4001729186,10954,Driver,60 to 64,None,"Automobile, Station Wagon",Going Ahead,1,0,1,0,0,0,0,0,0,0,0,0,0,6,615,Clear,Dark,-79.3558,43.6643
4001729186,10955,Pedestrian,35 to 39,Major,NULL,NULL,1,0,1,0,0,0,0,0,0,0,0,0,0,6,615,Clear,Dark,-79.3558,43.6643
4001839598,10979,Driver,15 to 19,None,"Automobile, Station Wagon",Turning Left,0,0,1,1,0,0,0,0,0,1,0,0,0,16,1555,Clear,Daylight,-79.514,43.6535
4001839598,10980,Motorcycle Driver,40 to 44,Major,Motorcycle,Going Ahead,0,0,1,1,0,0,0,0,0,1,0,0,0,16,1555,Clear,Daylight,-79.514,43.6535
4001840034,10984,Driver,70 to 74,None,"Automobile, Station Wagon",Turning Left,1,0,1,0,0,0,0,1,0,1,0,0,0,17,1730,Clear,Daylight,-79.5305,43.6467
4001840034,10985,Passenger,80 to 84,None,NULL,NULL,1,0,1,0,0,0,0,1,0,1,0,0,0,17,1730,Clear,Daylight,-79.5305,43.6467
4001840034,10986,Pedestrian,55 to 59,Major,NULL,NULL,1,0,1,0,0,0,0,1,0,1,0,0,0,17,1730,Clear,Daylight,-79.5305,43.6467
4001856099,10995,Driver,60 to 64,Major,"Automobile, Station Wagon",Turning Left,0,0,1,0,0,0,0,1,1,1,0,0,0,10,1005,Clear,Daylight,-79.453,43.7908
4001856099,10996,Driver,15 to 19,Minimal,"Automobile, Station Wagon",Going Ahead,0,0,1,0,0,0,0,1,1,1,0,0,0,10,1005,Clear,Daylight,-79.453,43.7908
4001856099,10997,Passenger,15 to 19,Minor,NULL,NULL,0,0,1,0,0,0,0,1,1,1,0,0,0,10,1005,Clear,Daylight,-79.453,43.7908
4001856099,10998,Passenger,15 to 19,Minor,NULL,NULL,0,0,1,0,0,0,0,1,1,1,0,0,0,10,1005,Clear,Daylight,-79.453,43.7908
4001856099,10999,Passenger,15 to 19,Minor,NULL,NULL,0,0,1,0,0,0,0,1,1,1,0,0,0,10,1005,Clear,Daylight,-79.453,43.7908
4001856099,11000,Passenger,15 to 19,Minor,NULL,NULL,0,0,1,0,0,0,0,1,1,1,0,0,0,10,1005,Clear,Daylight,-79.453,43.7908
4001931404,10772,Driver,30 to 34,None,"Automobile, Station Wagon",Turning Left,0,1,1,0,0,0,0,0,0,0,0,0,0,14,1433,Clear,Daylight,-79.1827,43.76
4001931404,10773,Cyclist,55 to 59,Major,Bicycle,Going Ahead,0,1,1,0,0,0,0,0,0,0,0,0,0,14,1433,Clear,Daylight,-79.1827,43.76
4001933544,10774,Driver,40 to 44,None,"Automobile, Station Wagon",Turning Left,1,0,1,0,0,0,0,1,0,1,0,0,0,22,2201,Clear,"Dark, artificial",-79.3097,43.7421
4001933544,10775,Passenger,15 to 19,None,NULL,NULL,1,0,1,0,0,0,0,1,0,1,0,0,0,22,2201,Clear,"Dark, artificial",-79.3097,43.7421
4001933544,10776,Pedestrian,55 to 59,Major,NULL,NULL,1,0,1,0,0,0,0,1,0,1,0,0,0,22,2201,Clear,"Dark, artificial",-79.3097,43.7421
4001953344,10783,Driver,40 to 44,Minimal,"Automobile, Station Wagon",Making U Turn,0,1,1,0,0,0,0,0,0,0,0,0,0,0,5,Clear,"Dark, artificial",-79.4298,43.6495
4001953344,10784,Cyclist,35 to 39,Major,Bicycle,Going Ahead,0,1,1,0,0,0,0,0,0,0,0,0,0,0,5,Clear,"Dark, artificial",-79.4298,43.6495
4002056901,10819,Driver,35 to 39,None,"Automobile, Station Wagon",Turning Left,1,0,1,0,0,0,0,0,0,1,0,0,0,10,1033,Clear,Daylight,-79.4576,43.7269
4002056901,10820,Pedestrian,30 to 34,Major,"Automobile, Station Wagon",NULL,1,0,1,0,0,0,0,0,0,1,0,0,0,10,1033,Clear,Daylight,-79.4576,43.7269
4002138456,10135,Motorcycle Driver,45 to 49,Major,Motorcycle,Going Ahead,0,0,1,1,0,0,0,0,0,1,0,0,0,20,2011,Clear,Dark,-79.1708,43.8083
4002138456,10143,Driver,15 to 19,None,"Automobile, Station Wagon",Turning Left,0,0,1,1,0,0,0,0,0,1,0,0,0,20,2011,Clear,Dark,-79.1708,43.8083
4002177658,10678,Driver,35 to 39,None,"Automobile, Station Wagon",Turning Left,1,0,1,0,0,0,0,0,0,1,0,0,0,15,1450,Clear,Daylight,-79.3781,43.6438
4002177658,10679,Pedestrian,25 to 29,Major,NULL,NULL,1,0,1,0,0,0,0,0,0,1,0,0,0,15,1450,Clear,Daylight,-79.3781,43.6438
4002187226,10680,Driver,20 to 24,None,"Automobile, Station Wagon",Going Ahead,0,0,1,1,0,0,0,0,0,1,0,1,0,22,2205,Clear,"Dark, artificial",-79.5169,43.5981
4002187226,10681,Motorcycle Driver,35 to 39,Major,Motorcycle,Stopped,0,0,1,1,0,0,0,0,0,1,0,1,0,22,2205,Clear,"Dark, artificial",-79.5169,43.5981
4002469048,10856,Driver,60 to 64,Major,"Automobile, Station Wagon",Going Ahead,0,0,1,0,0,0,0,0,0,0,0,0,0,12,1235,Clear,Daylight,-79.6104,43.7497
4002496866,10866,Driver,35 to 39,None,"Automobile, Station Wagon",Turning Left,0,1,1,0,0,0,0,1,0,1,0,0,0,17,1716,Clear,Daylight,-79.4135,43.7719
4002496866,10867,Moped Driver,40 to 44,Major,Moped,Going Ahead,0,1,1,0,0,0,0,1,0,1,0,0,0,17,1716,Clear,Daylight,-79.4135,43.7719
4002496866,10868,Passenger,5 to 9,None,NULL,NULL,0,1,1,0,0,0,0,1,0,1,0,0,0,17,1716,Clear,Daylight,-79.4135,43.7719
4002496866,10869,Passenger,5 to 9,None,NULL,NULL,0,1,1,0,0,0,0,1,0,1,0,0,0,17,1716,Clear,Daylight,-79.4135,43.7719
4002717713,10568,Passenger,25 to 29,None,NULL,NULL,0,0,1,0,0,1,0,1,0,1,1,0,0,1,51,Clear,"Dark, artificial",-79.5686,43.7462
4002717713,10563,Driver,45 to 49,Major,"Automobile, Station Wagon",Going Ahead,0,0,1,0,0,1,0,1,0,1,1,0,0,1,51,Clear,"Dark, artificial",-79.5686,43.7462
4002717713,10573,Passenger,30 to 34,None,NULL,NULL,0,0,1,0,0,1,0,1,0,1,1,0,0,1,51,Clear,"Dark, artificial",-79.5686,43.7462
4002717713,10574,Passenger,20 to 24,None,NULL,NULL,0,0,1,0,0,1,0,1,0,1,1,0,0,1,51,Clear,"Dark, artificial",-79.5686,43.7462
4002717713,10575,Passenger,25 to 29,None,NULL,NULL,0,0,1,0,0,1,0,1,0,1,1,0,0,1,51,Clear,"Dark, artificial",-79.5686,43.7462
4002717713,10576,Passenger,25 to 29,None,NULL,NULL,0,0,1,0,0,1,0,1,0,1,1,0,0,1,51,Clear,"Dark, artificial",-79.5686,43.7462
4002717713,10577,Passenger,20 to 24,None,NULL,NULL,0,0,1,0,0,1,0,1,0,1,1,0,0,1,51,Clear,"Dark, artificial",-79.5686,43.7462
4002717713,10578,Passenger,20 to 24,None,NULL,NULL,0,0,1,0,0,1,0,1,0,1,1,0,0,1,51,Clear,"Dark, artificial",-79.5686,43.7462
4002717713,10579,Passenger,25 to 29,None,NULL,NULL,0,0,1,0,0,1,0,1,0,1,1,0,0,1,51,Clear,"Dark, artificial",-79.5686,43.7462
1370737,9842,Driver,20 to 24,Minimal,"Automobile, Station Wagon",Going Ahead,0,0,1,1,0,0,0,0,0,1,0,1,0,0,17,Clear,"Dark, artificial",-79.4464,43.6667
1371162,9850,Driver,35 to 39,None,"Automobile, Station Wagon",Going Ahead,1,0,1,0,0,0,0,0,0,0,0,0,0,15,1525,Clear,Daylight,-79.5518,43.7084
1371162,9851,In-Line Skater,50 to 54,Major,Other,NULL,1,0,1,0,0,0,0,0,0,0,0,0,0,15,1525,Clear,Daylight,-79.5518,43.7084
1372377,9399,Driver,15 to 19,None,Pick Up Truck,Going Ahead,1,0,1,0,0,0,0,0,0,1,0,0,0,15,1533,Clear,Daylight,-79.6067,43.7307
1372377,9400,Pedestrian,55 to 59,Fatal,NULL,NULL,1,0,1,0,0,0,0,0,0,1,0,0,0,15,1533,Clear,Daylight,-79.6067,43.7307
1373856,10262,Truck Driver,60 to 64,None,"Truck - Closed (Blazer, etc)",Going Ahead,1,0,0,0,1,0,0,0,0,1,0,0,0,18,1805,Clear,Daylight,-79.24,43.7888
1373856,10261,Pedestrian,85 to 89,Fatal,NULL,NULL,1,0,0,0,1,0,0,0,0,1,0,0,0,18,1805,Clear,Daylight,-79.24,43.7888
1375460,9551,Motorcycle Driver,20 to 24,Major,Motorcycle,Going Ahead,0,0,0,1,0,0,0,0,0,1,0,1,0,0,25,Clear,Dark,-79.3238,43.7615
1376821,9586,Truck Driver,20 to 24,None,Truck - Open,Going Ahead,0,0,1,0,1,0,0,0,0,1,0,0,0,18,1830,Clear,Daylight,-79.6034,43.7191
1376821,9587,Driver,50 to 54,Major,"Automobile, Station Wagon",Turning Left,0,0,1,0,1,0,0,0,0,1,0,0,0,18,1830,Clear,Daylight,-79.6034,43.7191
1377196,9596,Driver,55 to 59,Minimal,"Automobile, Station Wagon",Turning Left,0,1,1,0,0,0,0,0,0,0,0,0,0,22,2240,Clear,"Dark, artificial",-79.4473,43.6886
1377196,9597,Cyclist,15 to 19,Major,Bicycle,Going Ahead,0,1,1,0,0,0,0,0,0,0,0,0,0,22,2240,Clear,"Dark, artificial",-79.4473,43.6886
1377364,10323,Motorcycle Driver,55 to 59,Fatal,Motorcycle,Going Ahead,0,0,1,1,0,0,0,0,1,1,0,0,0,19,1859,Clear,"Dark, artificial",-79.6198,43.7541
1377364,10324,Driver,40 to 44,None,"Automobile, Station Wagon",Turning Left,0,0,1,1,0,0,0,0,1,1,0,0,0,19,1859,Clear,"Dark, artificial",-79.6198,43.7541
1378332,10474,Truck Driver,40 to 44,None,Truck-Tractor,Turning Right,1,0,0,0,1,0,0,0,0,1,0,0,0,10,1006,Clear,Daylight,-79.3427,43.6676
1378332,10475,Other,unknown,None,NULL,NULL,1,0,0,0,1,0,0,0,0,1,0,0,0,10,1006,Clear,Daylight,-79.3427,43.6676
1378332,10476,Pedestrian,55 to 59,Fatal,NULL,NULL,1,0,0,0,1,0,0,0,0,1,0,0,0,10,1006,Clear,Daylight,-79.3427,43.6676
1378518,9613,Driver,25 to 29,Major,"Automobile, Station Wagon",Going Ahead,0,0,1,0,0,0,0,0,0,0,0,0,0,22,2217,Clear,"Dark, artificial",-79.4683,43.7752
1378518,9616,Driver,25 to 29,Major,"Automobile, Station Wagon",Going Ahead,0,0,1,0,0,0,0,0,0,0,0,0,0,22,2217,Clear,"Dark, artificial",-79.4683,43.7752
1378700,10482,Driver,30 to 34,None,"Automobile, Station Wagon",Going Ahead,1,0,1,0,0,0,0,0,0,0,0,0,0,17,1710,Clear,Daylight,-79.2996,43.7174
1378700,10483,Pedestrian,30 to 34,Major,Other,NULL,1,0,1,0,0,0,0,0,0,0,0,0,0,17,1710,Clear,Daylight,-79.2996,43.7174
1378850,16703,Driver,60 to 64,None,Pick Up Truck,Going Ahead,0,0,1,1,0,0,0,0,0,1,0,0,0,18,1752,Clear,Daylight,-79.2421,43.7226
1378850,16704,Motorcycle Driver,30 to 34,Major,Motorcycle,Going Ahead,0,0,1,1,0,0,0,0,0,1,0,0,0,18,1752,Clear,Daylight,-79.2421,43.7226
1379704,10509,Passenger,20 to 24,Minor,Other,NULL,0,0,1,0,0,0,0,1,1,1,0,0,0,2,245,Clear,"Dark, artificial",-79.4942,43.743
1379704,10510,Driver,20 to 24,Major,"Automobile, Station Wagon",Going Ahead,0,0,1,0,0,0,0,1,1,1,0,0,0,2,245,Clear,"Dark, artificial",-79.4942,43.743
1381694,10495,Passenger,65 to 69,Major,Other,NULL,0,0,1,0,0,1,0,1,0,0,0,0,0,11,1130,Clear,Daylight,-79.3045,43.7184
1381694,10497,Driver,50 to 54,None,Municipal Transit Bus (TTC),Slowing or Stopping,0,0,1,0,0,1,0,1,0,0,0,0,0,11,1130,Clear,Daylight,-79.3045,43.7184
1381694,10498,Driver,unknown,None,Taxi,Making U Turn,0,0,1,0,0,1,0,1,0,0,0,0,0,11,1130,Clear,Daylight,-79.3045,43.7184
1381801,10339,Passenger,unknown,Minor,Other,NULL,0,0,1,0,0,0,0,1,0,0,0,1,0,4,422,Clear,Dark,-79.3602,43.6832
1381801,10340,Driver,30 to 34,Major,"Automobile, Station Wagon",Merging,0,0,1,0,0,0,0,1,0,0,0,1,0,4,422,Clear,Dark,-79.3602,43.6832
1385120,10545,Driver,50 to 54,Minor,"Automobile, Station Wagon",Going Ahead,0,0,1,0,0,0,0,0,0,1,0,0,0,7,726,Clear,Daylight,-79.2902,43.7343
1385120,10546,Driver,35 to 39,None,"Automobile, Station Wagon",Changing Lanes,0,0,1,0,0,0,0,0,0,1,0,0,0,7,726,Clear,Daylight,-79.2902,43.7343
1385120,10547,Driver,45 to 49,Major,"Automobile, Station Wagon",Going Ahead,0,0,1,0,0,0,0,0,0,1,0,0,0,7,726,Clear,Daylight,-79.2902,43.7343
1385463,10268,Motorcycle Driver,25 to 29,Major,Motorcycle,Going Ahead,0,0,0,1,0,0,0,1,0,0,0,0,0,13,1250,Clear,Daylight,-79.4415,43.6366
1385463,10269,Motorcycle Passenger,25 to 29,Minor,NULL,NULL,0,0,0,1,0,0,0,1,0,0,0,0,0,13,1250,Clear,Daylight,-79.4415,43.6366
1385463,10270,Motorcycle Driver,30 to 34,Minor,Motorcycle,Going Ahead,0,0,0,1,0,0,0,1,0,0,0,0,0,13,1250,Clear,Daylight,-79.4415,43.6366
1385995,10490,Driver,20 to 24,Major,"Automobile, Station Wagon",Going Ahead,0,0,1,0,0,0,0,0,0,0,0,0,0,6,626,Rain,Daylight,-79.4118,43.6736
1385995,10492,Driver,35 to 39,Minor,"Automobile, Station Wagon",Making U Turn,0,0,1,0,0,0,0,0,0,0,0,0,0,6,626,Rain,Daylight,-79.4118,43.6736
1417758,16786,Driver,40 to 44,None,Municipal Transit Bus (TTC),Turning Right,1,0,0,0,0,1,0,0,0,0,0,0,0,10,953,Clear,Daylight,-79.4258,43.6624
1417758,16787,Pedestrian,70 to 74,Major,NULL,NULL,1,0,0,0,0,1,0,0,0,0,0,0,0,10,953,Clear,Daylight,-79.4258,43.6624
1554066,16830,Driver,60 to 64,None,"Automobile, Station Wagon",Turning Right,0,0,1,1,0,1,0,0,0,1,0,0,0,19,1925,Clear,Daylight,-79.2744,43.7479
1554066,16831,Motorcycle Driver,55 to 59,Major,Motorcycle,Going Ahead,0,0,1,1,0,1,0,0,0,1,0,0,0,19,1925,Clear,Daylight,-79.2744,43.7479
1554066,16832,Driver,35 to 39,None,Municipal Transit Bus (TTC),Going Ahead,0,0,1,1,0,1,0,0,0,1,0,0,0,19,1925,Clear,Daylight,-79.2744,43.7479
1558610,16833,Motorcycle Driver,30 to 34,Major,Motorcycle,Going Ahead,0,0,0,1,1,0,0,0,1,1,0,0,0,12,1244,Clear,Daylight,-79.3738,43.6553
1558610,16834,Truck Driver,60 to 64,None,"Truck - Closed (Blazer, etc)",Turning Left,0,0,0,1,1,0,0,0,1,1,0,0,0,12,1244,Clear,Daylight,-79.3738,43.6553
1566873,16835,Driver,40 to 44,Minor,"Automobile, Station Wagon",Turning Right,1,0,1,0,0,0,0,1,1,1,1,0,0,15,1535,Clear,Daylight,-79.4864,43.7447
1566873,16836,Driver,45 to 49,Minimal,Delivery Van,Going Ahead,1,0,1,0,0,0,0,1,1,1,1,0,0,15,1535,Clear,Daylight,-79.4864,43.7447
1566873,16837,Driver,50 to 54,Minor,Delivery Van,Going Ahead,1,0,1,0,0,0,0,1,1,1,1,0,0,15,1535,Clear,Daylight,-79.4864,43.7447
1566873,16840,Pedestrian,20 to 24,Minor,NULL,NULL,1,0,1,0,0,0,0,1,1,1,1,0,0,15,1535,Clear,Daylight,-79.4864,43.7447
1566873,16838,Passenger,45 to 49,Minimal,NULL,NULL,1,0,1,0,0,0,0,1,1,1,1,0,0,15,1535,Clear,Daylight,-79.4864,43.7447
1566873,16839,Passenger,20 to 24,Major,NULL,NULL,1,0,1,0,0,0,0,1,1,1,1,0,0,15,1535,Clear,Daylight,-79.4864,43.7447
1604895,16851,Motorcycle Driver,40 to 44,Major,Motorcycle,Going Ahead,0,0,1,1,0,0,0,0,1,1,0,0,0,21,2148,Clear,"Dark, artificial",-79.3414,43.6532
1604895,16852,Driver,30 to 34,None,"Automobile, Station Wagon",Stopped,0,0,1,1,0,0,0,0,1,1,0,0,0,21,2148,Clear,"Dark, artificial",-79.3414,43.6532
1690188,16416,Driver,60 to 64,None,"Automobile, Station Wagon",Going Ahead,0,0,1,1,0,0,0,0,0,0,0,0,0,0,1,Clear,"Dark, artificial",-79.2245,43.732
1690188,16417,Motorcycle Driver,50 to 54,Major,Motorcycle,Going Ahead,0,0,1,1,0,0,0,0,0,0,0,0,0,0,1,Clear,"Dark, artificial",-79.2245,43.732
1844601,16458,Driver,70 to 74,None,"Automobile, Station Wagon",Turning Left,1,0,1,0,0,0,0,0,0,1,0,0,0,16,1625,Clear,Daylight,-79.2729,43.7975
1844601,16459,Pedestrian,80 to 84,Major,NULL,NULL,1,0,1,0,0,0,0,0,0,1,0,0,0,16,1625,Clear,Daylight,-79.2729,43.7975
1934074,16486,Cyclist,15 to 19,Major,Bicycle,Going Ahead,0,1,0,1,0,0,0,0,0,0,0,0,0,20,2030,Clear,"Dusk, artificial",-79.2567,43.6975
1934074,16487,Motorcycle Driver,30 to 34,Minimal,Motorcycle,Going Ahead,0,1,0,1,0,0,0,0,0,0,0,0,0,20,2030,Clear,"Dusk, artificial",-79.2567,43.6975
1973407,16499,Driver,65 to 69,None,"Automobile, Station Wagon",Going Ahead,1,0,1,0,0,0,0,1,0,0,0,0,0,19,1909,Clear,"Dark, artificial",-79.5181,43.7589
1973407,16002,Passenger,0 to 4,None,NULL,NULL,1,0,1,0,0,0,0,1,0,0,0,0,0,19,1909,Clear,"Dark, artificial",-79.5181,43.7589
1973407,16005,Pedestrian,25 to 29,Major,NULL,NULL,1,0,1,0,0,0,0,1,0,0,0,0,0,19,1909,Clear,"Dark, artificial",-79.5181,43.7589
2045410,16263,Pedestrian,30 to 34,Major,Bicycle,Going Ahead,1,1,0,0,1,0,0,0,0,0,0,0,0,12,1241,Clear,Daylight,-79.4353,43.6598
2045410,16272,Pedestrian,20 to 24,None,"Truck - Closed (Blazer, etc)",Turning Right,1,1,0,0,1,0,0,0,0,0,0,0,0,12,1241,Clear,Daylight,-79.4353,43.6598
2072729,16388,Driver,unknown,None,"Automobile, Station Wagon",Turning Left,0,1,1,0,0,0,0,0,0,0,0,0,0,13,1300,Clear,Daylight,-79.4401,43.6589
2072729,16390,Cyclist,45 to 49,Major,Bicycle,Going Ahead,0,1,1,0,0,0,0,0,0,0,0,0,0,13,1300,Clear,Daylight,-79.4401,43.6589
2109352,16404,Pedestrian,30 to 34,Fatal,NULL,Unknown,1,0,1,0,0,0,0,0,0,0,0,0,0,19,1920,Clear,"Dark, artificial",-79.4435,43.715
2109352,16500,Driver,25 to 29,None,Delivery Van,Going Ahead,1,0,1,0,0,0,0,0,0,0,0,0,0,19,1920,Clear,"Dark, artificial",-79.4435,43.715
2112681,16503,Driver,70 to 74,None,"Automobile, Station Wagon",Turning Left,0,1,1,0,0,0,0,0,0,1,0,0,0,10,958,Clear,Daylight,-79.2264,43.7302
2112681,16505,Cyclist,50 to 54,Major,Bicycle,Going Ahead,0,1,1,0,0,0,0,0,0,1,0,0,0,10,958,Clear,Daylight,-79.2264,43.7302
2161753,16709,Driver,20 to 24,None,"Automobile, Station Wagon",Going Ahead,1,0,1,0,0,0,0,0,0,0,0,0,0,14,1446,Clear,Daylight,-79.3715,43.6677
2161753,16710,Pedestrian,90 to 94,Major,NULL,NULL,1,0,1,0,0,0,0,0,0,0,0,0,0,14,1446,Clear,Daylight,-79.3715,43.6677
2254416,16726,Driver,25 to 29,Major,"Automobile, Station Wagon",Going Ahead,0,0,1,0,0,0,0,0,1,1,0,0,0,20,2022,Clear,"Dark, artificial",-79.4961,43.6772
2254416,16727,Driver,unknown,None,Pick Up Truck,Parked,0,0,1,0,0,0,0,0,1,1,0,0,0,20,2022,Clear,"Dark, artificial",-79.4961,43.6772
2254416,16728,Driver,unknown,None,NULL,Going Ahead,0,0,1,0,0,0,0,0,1,1,0,0,0,20,2022,Clear,"Dark, artificial",-79.4961,43.6772
2374044,16758,Pedestrian,30 to 34,Fatal,NULL,NULL,1,0,1,0,0,0,0,0,0,1,0,0,0,16,1550,Clear,Daylight,-79.277,43.6902
2374044,16759,Driver,20 to 24,None,"Automobile, Station Wagon",Going Ahead,1,0,1,0,0,0,0,0,0,1,0,0,0,16,1550,Clear,Daylight,-79.277,43.6902
2390427,16763,Driver,15 to 19,Major,"Automobile, Station Wagon",Going Ahead,0,0,1,0,0,0,0,1,1,1,0,1,0,3,305,Rain,"Dark, artificial",-79.5263,43.6513
2390427,16764,Passenger,15 to 19,Major,NULL,NULL,0,0,1,0,0,0,0,1,1,1,0,1,0,3,305,Rain,"Dark, artificial",-79.5263,43.6513
2390427,16765,Passenger,15 to 19,Major,NULL,NULL,0,0,1,0,0,0,0,1,1,1,0,1,0,3,305,Rain,"Dark, artificial",-79.5263,43.6513
142510103,10870,Driver,50 to 54,None,Passenger Van,Turning Right,1,0,1,0,0,0,0,0,0,1,0,0,0,16,1615,Clear,Daylight,-79.3681,43.7047
1387422,10313,Motorcycle Driver,40 to 44,Major,Motorcycle,Going Ahead,0,0,1,1,0,0,0,0,0,1,0,0,0,14,1355,Clear,Daylight,-79.3388,43.7204
1387422,10314,Driver,80 to 84,None,"Automobile, Station Wagon",Turning Left,0,0,1,1,0,0,0,0,0,1,0,0,0,14,1355,Clear,Daylight,-79.3388,43.7204
1387956,10542,Driver,50 to 54,None,"Automobile, Station Wagon",Going Ahead,1,0,1,0,0,0,0,0,0,1,1,1,0,18,1800,Clear,Daylight,-79.2229,43.7603
1387956,10543,Pedestrian,50 to 54,Major,Other,NULL,1,0,1,0,0,0,0,0,0,1,1,1,0,18,1800,Clear,Daylight,-79.2229,43.7603
1387956,10544,Pedestrian,60 to 64,Major,Other,NULL,1,0,1,0,0,0,0,0,0,1,1,1,0,18,1800,Clear,Daylight,-79.2229,43.7603
1421797,16790,Driver,45 to 49,None,"Automobile, Station Wagon",Turning Left,0,0,1,1,0,0,0,0,0,1,0,0,0,20,1950,Clear,Daylight,-79.5234,43.6446
1421797,16791,Motorcycle Driver,25 to 29,Major,Motorcycle,Going Ahead,0,0,1,1,0,0,0,0,0,1,0,0,0,20,1950,Clear,Daylight,-79.5234,43.6446
1472371,16794,Driver,55 to 59,None,"Automobile, Station Wagon",Turning Left,0,0,1,1,0,0,0,0,0,1,0,0,0,7,700,Clear,Daylight,-79.5407,43.6026
1472371,16795,Motorcycle Driver,30 to 34,Major,Motorcycle,Going Ahead,0,0,1,1,0,0,0,0,0,1,0,0,0,7,700,Clear,Daylight,-79.5407,43.6026
1487545,16796,Driver,40 to 44,None,Municipal Transit Bus (TTC),Going Ahead,1,0,0,0,0,1,0,0,0,0,0,0,0,11,1106,Clear,Daylight,-79.3815,43.6579
1487545,16797,Pedestrian,30 to 34,Major,NULL,NULL,1,0,0,0,0,1,0,0,0,0,0,0,0,11,1106,Clear,Daylight,-79.3815,43.6579