ACCNUM,ObjectId,INVTYPE,INVAGE,INJURY,VEHTYPE,MANOEUVER,PEDESTRIAN,CYCLIST,AUTOMOBILE,MOTORCYCLE,TRUCK,TRSN_CITY_VEH,EMERG_VEH,PASSENGER,SPEEDING,AG_DRIV,REDLIGHT,ALCOHOL,DISABILITY,HOUR,TIME,VISIBILITY,LIGHT,collision_lat,collision_long
1522941,16820,Pedestrian,0 to 4,Fatal,NULL,NULL,1,0,1,0,0,0,0,0,0,0,0,0,0,11,1105,Clear,Daylight,-79.4652,43.7063
1522941,16821,Driver,45 to 49,None,"Automobile, Station Wagon",Going Ahead,1,0,1,0,0,0,0,0,0,0,0,0,0,11,1105,Clear,Daylight,-79.4652,43.7063
1522941,16822,Pedestrian,20 to 24,Minor,NULL,NULL,1,0,1,0,0,0,0,0,0,0,0,0,0,11,1105,Clear,Daylight,-79.4652,43.7063
1630486,16853,Driver,75 to 79,None,"Automobile, Station Wagon",Turning Left,0,0,1,1,0,0,0,0,0,1,0,0,0,14,1419,Clear,Daylight,-79.41,43.7582
1630486,16854,Motorcycle Driver,25 to 29,Major,Motorcycle,Going Ahead,0,0,1,1,0,0,0,0,0,1,0,0,0,14,1419,Clear,Daylight,-79.41,43.7582
1656894,16130,Driver,45 to 49,None,Municipal Transit Bus (TTC),Slowing or Stopping,0,0,0,0,0,1,0,1,0,0,0,0,0,9,937,Clear,Daylight,-79.4042,43.648
1656894,16137,Passenger,35 to 39,Major,NULL,NULL,0,0,0,0,0,1,0,1,0,0,0,0,0,9,937,Clear,Daylight,-79.4042,43.648
1670162,16146,Motorcycle Driver,30 to 34,Fatal,Motorcycle,Going Ahead,0,0,0,1,0,0,0,0,0,0,0,0,0,4,431,Clear,"Dark, artificial",-79.5222,43.6558
1717092,16418,Pedestrian,40 to 44,Major,Motorcycle,Going Ahead,1,0,0,1,0,0,0,0,1,1,0,0,0,22,2240,Clear,"Dark, artificial",-79.3831,43.671
1717092,16419,Pedestrian,35 to 39,Major,NULL,NULL,1,0,0,1,0,0,0,0,1,1,0,0,0,22,2240,Clear,"Dark, artificial",-79.3831,43.671
1772544,16433,Driver,unknown,None,"Automobile, Station Wagon",Going Ahead,1,0,1,0,0,0,0,0,0,0,0,0,0,18,1818,Clear,"Dusk, artificial",-79.3778,43.6621
1772544,16434,Pedestrian,60 to 64,Major,NULL,NULL,1,0,1,0,0,0,0,0,0,0,0,0,0,18,1818,Clear,"Dusk, artificial",-79.3778,43.6621
1810261,16452,Motorcycle Driver,30 to 34,Major,Motorcycle,Going Ahead,0,0,0,1,0,0,0,0,1,1,0,0,0,23,2314,Clear,Dark,-79.3306,43.7267
1832925,16456,Motorcycle Driver,35 to 39,Major,Motorcycle,Going Ahead,0,0,1,1,0,0,0,0,1,1,0,0,0,0,33,Clear,"Dark, artificial",-79.3254,43.7126
1832925,16457,Driver,40 to 44,None,"Automobile, Station Wagon",Going Ahead,0,0,1,1,0,0,0,0,1,1,0,0,0,0,33,Clear,"Dark, artificial",-79.3254,43.7126
2019769,16147,Driver,70 to 74,Minimal,Passenger Van,Going Ahead,1,0,1,0,0,0,0,0,0,0,0,0,1,16,1621,Clear,Daylight,-79.4215,43.6715
2019769,16142,Pedestrian,70 to 74,Fatal,NULL,NULL,1,0,1,0,0,0,0,0,0,0,0,0,1,16,1621,Clear,Daylight,-79.4215,43.6715
2053531,16275,Driver,55 to 59,Major,"Automobile, Station Wagon",Going Ahead,0,0,1,0,0,0,0,0,0,1,1,0,0,15,1525,Clear,Daylight,-79.384,43.6463
2053531,16277,Driver,70 to 74,None,"Automobile, Station Wagon",Going Ahead,0,0,1,0,0,0,0,0,0,1,1,0,0,15,1525,Clear,Daylight,-79.384,43.6463
2145844,16705,Motorcycle Driver,60 to 64,Major,Motorcycle,Going Ahead,0,0,0,1,0,0,0,0,0,0,0,0,0,7,747,Clear,Daylight,-79.3408,43.6538
2234722,16722,Driver,60 to 64,None,"Automobile, Station Wagon",Turning Left,1,0,1,0,0,0,0,0,0,0,0,0,0,19,1851,Rain,"Dark, artificial",-79.4414,43.703
2234722,16723,Pedestrian,70 to 74,Major,NULL,NULL,1,0,1,0,0,0,0,0,0,0,0,0,0,19,1851,Rain,"Dark, artificial",-79.4414,43.703
2253261,16724,Driver,50 to 54,Minimal,"Automobile, Station Wagon",Going Ahead,0,0,1,0,0,0,0,0,1,1,0,0,0,16,1638,Clear,Dusk,-79.2049,43.7825
2253261,16725,Driver,55 to 59,Fatal,"Automobile, Station Wagon",Going Ahead,0,0,1,0,0,0,0,0,1,1,0,0,0,16,1638,Clear,Dusk,-79.2049,43.7825
2298555,16740,Pedestrian,35 to 39,Fatal,NULL,NULL,1,0,0,0,1,0,0,0,0,0,0,0,0,17,1716,Clear,"Dusk, artificial",-79.2432,43.8095
2298555,16741,Truck Driver,45 to 49,None,"Truck - Closed (Blazer, etc)",Going Ahead,1,0,0,0,1,0,0,0,0,0,0,0,0,17,1716,Clear,"Dusk, artificial",-79.2432,43.8095
2431394,16770,Driver,55 to 59,Minor,"Automobile, Station Wagon",Going Ahead,0,0,1,0,0,0,0,1,1,1,0,0,0,15,1520,Clear,Daylight,-79.2773,43.749
2431394,16771,Driver,35 to 39,None,"Automobile, Station Wagon",Slowing or Stopping,0,0,1,0,0,0,0,1,1,1,0,0,0,15,1520,Clear,Daylight,-79.2773,43.749
2431394,16772,Passenger,35 to 39,Major,NULL,NULL,0,0,1,0,0,0,0,1,1,1,0,0,0,15,1520,Clear,Daylight,-79.2773,43.749
2431394,16773,Passenger,0 to 4,Minimal,NULL,NULL,0,0,1,0,0,0,0,1,1,1,0,0,0,15,1520,Clear,Daylight,-79.2773,43.749
13999959,10372,Driver,35 to 39,None,"Automobile, Station Wagon",Turning Left,0,0,1,0,0,0,0,0,0,0,0,0,0,16,1556,Other,Daylight,-79.5672,43.6344
13999959,10373,Driver,30 to 34,Fatal,"Automobile, Station Wagon",Going Ahead,0,0,1,0,0,0,0,0,0,0,0,0,0,16,1556,Other,Daylight,-79.5672,43.6344
141649049,10849,Driver,50 to 54,Fatal,"Automobile, Station Wagon",Pulling Onto Shoulder or towardCurb,0,0,1,0,0,0,0,0,0,0,0,0,0,7,735,Snow,Daylight,-79.5091,43.6572
142454660,10845,Passenger,85 to 89,Fatal,NULL,NULL,0,0,1,0,0,0,0,1,0,1,1,0,0,10,1024,Clear,Daylight,-79.3307,43.8041
142454660,10759,Driver,80 to 84,Minor,"Automobile, Station Wagon",Going Ahead,0,0,1,0,0,0,0,1,0,1,1,0,0,10,1024,Clear,Daylight,-79.3307,43.8041
142454660,10762,Driver,30 to 34,None,Delivery Van,Going Ahead,0,0,1,0,0,0,0,1,0,1,1,0,0,10,1024,Clear,Daylight,-79.3307,43.8041
142454660,10843,Passenger,90 to 94,Major,NULL,NULL,0,0,1,0,0,0,0,1,0,1,1,0,0,10,1024,Clear,Daylight,-79.3307,43.8041
142586405,10883,Driver,60 to 64,None,Intercity Bus,Turning Left,1,0,0,0,0,1,0,0,0,0,0,0,0,6,553,Rain,"Dawn, artificial",-79.6178,43.735
142586405,10884,Pedestrian,30 to 34,Fatal,NULL,NULL,1,0,0,0,0,1,0,0,0,0,0,0,0,6,553,Rain,"Dawn, artificial",-79.6178,43.735
143084786,11906,Driver,30 to 34,None,Municipal Transit Bus (TTC),Turning Left,1,0,0,0,0,1,0,0,0,0,0,0,0,10,1024,Clear,Daylight,-79.4432,43.7163
143084786,11907,Pedestrian,65 to 69,Fatal,NULL,NULL,1,0,0,0,0,1,0,0,0,0,0,0,0,10,1024,Clear,Daylight,-79.4432,43.7163
143335677,11312,Pedestrian,65 to 69,Fatal,NULL,NULL,1,0,1,0,0,0,0,0,0,1,0,0,0,12,1245,Clear,Daylight,-79.4529,43.6582
143335677,11313,Driver,55 to 59,None,Delivery Van,Turning Left,1,0,1,0,0,0,0,0,0,1,0,0,0,12,1245,Clear,Daylight,-79.4529,43.6582
143357519,11324,Driver,20 to 24,Fatal,"Automobile, Station Wagon",Going Ahead,0,0,1,0,0,0,0,0,1,1,0,1,0,4,350,Rain,"Dark, artificial",-79.3494,43.6975
143380193,11331,Driver,65 to 69,Minimal,"Automobile, Station Wagon",Going Ahead,0,0,1,0,0,0,0,1,0,0,0,0,0,14,1420,Clear,Daylight,-79.412,43.6555
143380193,11233,Passenger,90 to 94,Fatal,NULL,NULL,0,0,1,0,0,0,0,1,0,0,0,0,0,14,1420,Clear,Daylight,-79.412,43.6555
143380193,11431,Passenger,65 to 69,Minor,NULL,NULL,0,0,1,0,0,0,0,1,0,0,0,0,0,14,1420,Clear,Daylight,-79.412,43.6555
3000777885,10377,Driver,50 to 54,None,"Automobile, Station Wagon",Going Ahead,1,0,1,0,0,0,0,0,0,0,0,0,0,7,700,Clear,Daylight,-79.5232,43.6981
3000777885,10378,Pedestrian,10 to 14,Major,NULL,NULL,1,0,1,0,0,0,0,0,0,0,0,0,0,7,700,Clear,Daylight,-79.5232,43.6981
3000937530,10082,Pedestrian,25 to 29,Major,NULL,NULL,1,0,1,0,0,0,0,0,0,0,0,0,0,23,2304,Clear,"Dark, artificial",-79.4469,43.6379
3000996799,10101,Driver,20 to 24,Minimal,"Automobile, Station Wagon",Other,0,0,1,0,0,0,0,1,0,0,0,1,0,20,2035,Clear,"Dark, artificial",-79.4292,43.7167
3000996799,10102,Passenger,30 to 34,Major,NULL,NULL,0,0,1,0,0,0,0,1,0,0,0,1,0,20,2035,Clear,"Dark, artificial",-79.4292,43.7167
3001000463,10103,Driver,45 to 49,None,"Automobile, Station Wagon",Going Ahead,0,0,1,0,0,0,0,1,0,1,0,0,0,13,1327,Clear,Daylight,-79.3798,43.6699
3001000463,10104,Driver,65 to 69,None,"Automobile, Station Wagon",Going Ahead,0,0,1,0,0,0,0,1,0,1,0,0,0,13,1327,Clear,Daylight,-79.3798,43.6699
3001000463,10105,Driver,35 to 39,None,"Automobile, Station Wagon",Going Ahead,0,0,1,0,0,0,0,1,0,1,0,0,0,13,1327,Clear,Daylight,-79.3798,43.6699
3001000463,10106,Passenger,40 to 44,Major,NULL,NULL,0,0,1,0,0,0,0,1,0,1,0,0,0,13,1327,Clear,Daylight,-79.3798,43.6699
3001000463,10107,Passenger,60 to 64,Minor,NULL,NULL,0,0,1,0,0,0,0,1,0,1,0,0,0,13,1327,Clear,Daylight,-79.3798,43.6699
3001047627,10365,Driver,30 to 34,None,"Automobile, Station Wagon",Turning Left,1,0,1,0,0,0,0,0,0,1,0,0,0,11,1120,Clear,Daylight,-79.3758,43.6604
3001047627,10366,Pedestrian,30 to 34,Major,NULL,NULL,1,0,1,0,0,0,0,0,0,1,0,0,0,11,1120,Clear,Daylight,-79.3758,43.6604
3001054757,10367,Driver,80 to 84,Major,"Automobile, Station Wagon",Going Ahead,0,0,1,0,0,0,0,0,0,0,0,0,0,14,1423,Clear,Daylight,-79.5619,43.6351
3001090818,10388,Cyclist,25 to 29,Major,Bicycle,Going Ahead,0,1,1,0,0,0,0,0,0,0,0,0,0,14,1435,Clear,Daylight,-79.2796,43.6949
3001090818,10389,Driver,55 to 59,None,"Automobile, Station Wagon",Going Ahead,0,1,1,0,0,0,0,0,0,0,0,0,0,14,1435,Clear,Daylight,-79.2796,43.6949
3001107258,10399,Driver,unknown,None,"Automobile, Station Wagon",Other,1,0,1,0,0,0,0,0,0,1,0,0,0,3,304,Clear,"Dark, artificial",-79.5031,43.7621
3001107258,10400,Pedestrian,20 to 24,Major,"Automobile, Station Wagon",NULL,1,0,1,0,0,0,0,0,0,1,0,0,0,3,304,Clear,"Dark, artificial",-79.5031,43.7621
4000009508,10591,Cyclist,15 to 19,Major,Bicycle,Changing Lanes,0,1,1,0,0,0,0,0,0,0,0,0,0,22,2159,Clear,"Dark, artificial",-79.2899,43.6802
4000009508,10592,Driver,50 to 54,None,"Automobile, Station Wagon",Going Ahead,0,1,1,0,0,0,0,0,0,0,0,0,0,22,2159,Clear,"Dark, artificial",-79.2899,43.6802
4001361731,10037,Passenger,25 to 29,None,NULL,NULL,1,0,1,0,0,0,0,1,0,1,1,0,0,15,1528,Clear,Daylight,-79.4928,43.6694
4001361731,10446,Driver,20 to 24,None,"Automobile, Station Wagon",Turning Left,1,0,1,0,0,0,0,1,0,1,1,0,0,15,1528,Clear,Daylight,-79.4928,43.6694
4001361731,10447,Driver,65 to 69,None,"Automobile, Station Wagon",Going Ahead,1,0,1,0,0,0,0,1,0,1,1,0,0,15,1528,Clear,Daylight,-79.4928,43.6694
4001361731,10128,Pedestrian,45 to 49,Major,NULL,NULL,1,0,1,0,0,0,0,1,0,1,1,0,0,15,1528,Clear,Daylight,-79.4928,43.6694
4001361731,10115,Passenger,60 to 64,Minor,NULL,NULL,1,0,1,0,0,0,0,1,0,1,1,0,0,15,1528,Clear,Daylight,-79.4928,43.6694
4001503315,10208,Driver,25 to 29,None,"Automobile, Station Wagon",Reversing,1,0,1,0,0,0,0,0,0,0,0,0,0,11,1142,Clear,Daylight,-79.5799,43.7389
1384025,9410,Driver,55 to 59,None,"Automobile, Station Wagon",Turning Left,1,0,1,0,0,0,0,0,0,1,0,0,0,10,1005,Clear,Daylight,-79.248,43.7366
1384025,9411,Pedestrian,25 to 29,Major,Other,NULL,1,0,1,0,0,0,0,0,0,1,0,0,0,10,1005,Clear,Daylight,-79.248,43.7366
1384125,10245,Driver,70 to 74,None,"Automobile, Station Wagon",Going Ahead,0,1,1,0,0,0,0,0,0,0,0,0,0,12,1220,Clear,Daylight,-79.4134,43.6607
1384125,10252,Cyclist,60 to 64,Major,Bicycle,Changing Lanes,0,1,1,0,0,0,0,0,0,0,0,0,0,12,1220,Clear,Daylight,-79.4134,43.6607
1385611,10467,Driver,20 to 24,None,"Automobile, Station Wagon",Turning Left,0,0,1,0,0,0,0,1,0,0,0,0,0,9,857,Clear,Daylight,-79.438,43.634
1385611,10469,Passenger,55 to 59,Fatal,NULL,NULL,0,0,1,0,0,0,0,1,0,0,0,0,0,9,857,Clear,Daylight,-79.438,43.634
1385611,10470,Driver,35 to 39,None,"Automobile, Station Wagon",Going Ahead,0,0,1,0,0,0,0,1,0,0,0,0,0,9,857,Clear,Daylight,-79.438,43.634
1385686,10069,Driver,70 to 74,Major,"Automobile, Station Wagon",Unknown,0,0,1,0,0,0,0,0,0,0,0,0,0,9,926,Other,Daylight,-79.2803,43.8298
1385686,10070,Driver,30 to 34,None,"Automobile, Station Wagon",Unknown,0,0,1,0,0,0,0,0,0,0,0,0,0,9,926,Other,Daylight,-79.2803,43.8298
1385904,10026,Driver,55 to 59,Major,"Automobile, Station Wagon",Stopped,0,0,1,0,0,0,0,0,0,0,0,0,0,12,1200,Clear,Daylight,-79.1965,43.7948
1385904,10027,Driver,unknown,None,"Automobile, Station Wagon",Reversing,0,0,1,0,0,0,0,0,0,0,0,0,0,12,1200,Clear,Daylight,-79.1965,43.7948
1386590,10516,Driver,20 to 24,None,"Automobile, Station Wagon",Going Ahead,1,0,1,0,0,0,0,1,0,1,0,0,0,17,1658,Clear,Daylight,-79.3023,43.6926
1386590,10517,Pedestrian,40 to 44,Major,Other,NULL,1,0,1,0,0,0,0,1,0,1,0,0,0,17,1658,Clear,Daylight,-79.3023,43.6926
1386590,10514,Passenger,0 to 4,None,Other,NULL,1,0,1,0,0,0,0,1,0,1,0,0,0,17,1658,Clear,Daylight,-79.3023,43.6926
1386590,10515,Passenger,20 to 24,None,Other,NULL,1,0,1,0,0,0,0,1,0,1,0,0,0,17,1658,Clear,Daylight,-79.3023,43.6926
1386897,10292,Driver,20 to 24,None,"Automobile, Station Wagon",Going Ahead,0,1,1,0,0,0,0,0,0,1,0,0,0,19,1937,Rain,"Dark, artificial",-79.4327,43.6696
1386897,10293,Cyclist,30 to 34,Major,Bicycle,Stopped,0,1,1,0,0,0,0,0,0,1,0,0,0,19,1937,Rain,"Dark, artificial",-79.4327,43.6696
1387644,10338,Cyclist,40 to 44,Major,Bicycle,Going Ahead,0,1,1,0,0,0,0,0,0,1,0,0,0,18,1830,Clear,Daylight,-79.4202,43.6548
1387644,10337,Driver,25 to 29,None,"Automobile, Station Wagon",Turning Left,0,1,1,0,0,0,0,0,0,1,0,0,0,18,1830,Clear,Daylight,-79.4202,43.6548
1387683,10480,Driver,20 to 24,None,"Automobile, Station Wagon",Turning Left,0,1,1,0,0,0,0,0,0,1,0,0,0,7,748,Clear,Daylight,-79.3425,43.7336
1387683,10481,Cyclist,45 to 49,Major,Bicycle,Going Ahead,0,1,1,0,0,0,0,0,0,1,0,0,0,7,748,Clear,Daylight,-79.3425,43.7336
1387708,10477,Driver,35 to 39,None,"Automobile, Station Wagon",Going Ahead,0,1,1,0,0,0,0,0,1,1,0,0,0,8,752,Clear,Daylight,-79.3821,43.6481
1387708,10478,Driver,55 to 59,None,"Automobile, Station Wagon",Stopped,0,1,1,0,0,0,0,0,1,1,0,0,0,8,752,Clear,Daylight,-79.3821,43.6481
1387708,10479,Cyclist,30 to 34,Major,Bicycle,Overtaking,0,1,1,0,0,0,0,0,1,1,0,0,0,8,752,Clear,Daylight,-79.3821,43.6481
1387944,10512,Driver,45 to 49,None,Delivery Van,Turning Right,0,1,1,0,0,0,0,0,0,0,0,0,0,10,1018,Clear,Daylight,-79.4325,43.6744
1387944,10513,Cyclist,50 to 54,Major,Bicycle,Going Ahead,0,1,1,0,0,0,0,0,0,0,0,0,0,10,1018,Clear,Daylight,-79.4325,43.6744
1388126,10023,Other,unknown,None,Other,Parked,0,0,1,0,0,0,0,0,0,0,0,0,0,10,1032,Clear,Daylight,-79.3033,43.6878
1388126,10024,Driver,40 to 44,Major,"Automobile, Station Wagon",Turning Left,0,0,1,0,0,0,0,0,0,0,0,0,0,10,1032,Clear,Daylight,-79.3033,43.6878
1388126,10025,Driver,60 to 64,None,"Automobile, Station Wagon",Going Ahead,0,0,1,0,0,0,0,0,0,0,0,0,0,10,1032,Clear,Daylight,-79.3033,43.6878
1388412,10054,Passenger,25 to 29,Major,Other,NULL,0,0,1,0,0,0,0,1,1,1,0,0,0,9,920,Clear,Daylight,-79.347,43.7384
1388412,10055,Driver,20 to 24,Minor,"Automobile, Station Wagon",Going Ahead,0,0,1,0,0,0,0,1,1,1,0,0,0,9,920,Clear,Daylight,-79.347,43.7384
1388451,10063,Passenger,65 to 69,Major,Other,NULL,0,0,1,0,0,0,0,1,0,1,0,0,0,20,2009,Clear,"Dawn, artificial",-79.3966,43.6982
1388451,10064,Passenger,75 to 79,Major,Other,NULL,0,0,1,0,0,0,0,1,0,1,0,0,0,20,2009,Clear,"Dawn, artificial",-79.3966,43.6982
1388451,10065,Driver,30 to 34,None,"Automobile, Station Wagon",Going Ahead,0,0,1,0,0,0,0,1,0,1,0,0,0,20,2009,Clear,"Dawn, artificial",-79.3966,43.6982
1388451,10066,Driver,30 to 34,None,"Automobile, Station Wagon",Going Ahead,0,0,1,0,0,0,0,1,0,1,0,0,0,20,2009,Clear,"Dawn, artificial",-79.3966,43.6982
1388519,9395,Driver,35 to 39,Major,"Automobile, Station Wagon",Going Ahead,0,0,1,0,0,0,0,0,0,1,1,0,0,16,1615,Clear,Daylight,-79.5523,43.6314
1388519,9396,Driver,25 to 29,None,"Automobile, Station Wagon",Turning Left,0,0,1,0,0,0,0,0,0,1,1,0,0,16,1615,Clear,Daylight,-79.5523,43.6314
1393549,16780,Driver,25 to 29,None,"Automobile, Station Wagon",Going Ahead,1,0,1,0,0,0,0,0,1,1,0,0,0,21,2119,Clear,"Dark, artificial",-79.4551,43.7519
1393549,16781,Pedestrian,25 to 29,Fatal,NULL,NULL,1,0,1,0,0,0,0,0,1,1,0,0,0,21,2119,Clear,"Dark, artificial",-79.4551,43.7519
1402441,16782,Pedestrian,80 to 84,Fatal,NULL,NULL,1,0,1,0,0,0,0,0,0,0,0,0,0,7,700,Clear,Daylight,-79.4941,43.6149
1402441,16783,Driver,65 to 69,Minimal,"Automobile, Station Wagon",Going Ahead,1,0,1,0,0,0,0,0,0,0,0,0,0,7,700,Clear,Daylight,-79.4941,43.6149
1521326,16818,Pedestrian,60 to 64,Fatal,NULL,NULL,1,0,0,0,0,0,0,0,0,0,0,0,0,4,445,Clear,"Dawn, artificial",-79.3559,43.6489
1521326,16819,Driver,unknown,None,Other,Going Ahead,1,0,0,0,0,0,0,0,0,0,0,0,0,4,445,Clear,"Dawn, artificial",-79.3559,43.6489
1533233,16823,Driver,65 to 69,None,Pick Up Truck,Turning Right,0,0,1,1,0,0,0,0,0,1,0,0,0,18,1835,Clear,Daylight,-79.565,43.6837
1533233,16824,Motorcycle Driver,25 to 29,Major,Motorcycle,Going Ahead,0,0,1,1,0,0,0,0,0,1,0,0,0,18,1835,Clear,Daylight,-79.565,43.6837
1535541,16825,Motorcycle Driver,30 to 34,Major,Motorcycle,Unknown,0,0,0,1,0,0,0,1,0,0,0,0,0,1,145,Clear,"Dark, artificial",-79.3817,43.6591
1535541,16826,Motorcycle Passenger,30 to 34,Major,NULL,NULL,0,0,0,1,0,0,0,1,0,0,0,0,0,1,145,Clear,"Dark, artificial",-79.3817,43.6591
1600299,16848,Cyclist,50 to 54,Major,Bicycle,Going Ahead,0,1,1,0,0,0,0,0,0,0,0,0,0,10,1011,Clear,Daylight,-79.4992,43.6183
1600299,16847,Driver,30 to 34,None,"Automobile, Station Wagon",Stopped,0,1,1,0,0,0,0,0,0,0,0,0,0,10,1011,Clear,Daylight,-79.4992,43.6183
1603307,16849,Cyclist,30 to 34,Major,Bicycle,Going Ahead,0,1,1,0,0,0,0,0,0,0,0,0,0,17,1736,Clear,Daylight,-79.3732,43.6713
1603307,16850,Driver,25 to 29,None,"Automobile, Station Wagon",Turning Left,0,1,1,0,0,0,0,0,0,0,0,0,0,17,1736,Clear,Daylight,-79.3732,43.6713
1673785,16274,Driver,25 to 29,Minor,"Automobile, Station Wagon",Turning Left,0,0,1,1,0,0,0,0,1,1,0,0,0,15,1543,Clear,Daylight,-79.297,43.7788
1673785,16281,Motorcycle Driver,30 to 34,Fatal,Motorcycle,Going Ahead,0,0,1,1,0,0,0,0,1,1,0,0,0,15,1543,Clear,Daylight,-79.297,43.7788
1888884,16468,Driver,55 to 59,None,Passenger Van,Going Ahead,1,0,1,0,0,0,0,0,0,0,0,0,0,7,712,Clear,Daylight,-79.515,43.747
1888884,16469,Pedestrian,60 to 64,Major,NULL,NULL,1,0,1,0,0,0,0,0,0,0,0,0,0,7,712,Clear,Daylight,-79.515,43.747
1902177,16474,Driver,10 to 14,Major,"Automobile, Station Wagon",Going Ahead,0,0,1,0,0,0,0,1,1,1,0,0,0,3,300,Clear,Dark,-79.4399,43.651
1902177,16475,Passenger,10 to 14,Minor,NULL,NULL,0,0,1,0,0,0,0,1,1,1,0,0,0,3,300,Clear,Dark,-79.4399,43.651
1902177,16476,Passenger,10 to 14,None,NULL,NULL,0,0,1,0,0,0,0,1,1,1,0,0,0,3,300,Clear,Dark,-79.4399,43.651
1902177,16477,Passenger,15 to 19,None,NULL,NULL,0,0,1,0,0,0,0,1,1,1,0,0,0,3,300,Clear,Dark,-79.4399,43.651
1915138,16480,Other,unknown,None,"Automobile, Station Wagon",Parked,0,0,1,1,0,0,0,0,0,0,0,0,0,23,2330,Clear,"Dark, artificial",-79.4302,43.6527
1915138,16481,Motorcycle Driver,35 to 39,Fatal,Motorcycle,Going Ahead,0,0,1,1,0,0,0,0,0,0,0,0,0,23,2330,Clear,"Dark, artificial",-79.4302,43.6527
2125289,16605,Pedestrian,60 to 64,Major,NULL,NULL,1,0,1,0,0,0,0,0,0,1,0,0,0,9,913,Clear,Daylight,-79.5086,43.7209
2125289,16604,Driver,55 to 59,Minimal,Pick Up Truck,Turning Right,1,0,1,0,0,0,0,0,0,1,0,0,0,9,913,Clear,Daylight,-79.5086,43.7209
2154297,16706,Driver,90 to 94,Major,"Automobile, Station Wagon",Going Ahead,0,0,1,0,0,0,0,0,0,0,0,0,1,12,1245,Clear,Daylight,-79.3364,43.7234
2154297,16708,Driver,70 to 74,Minimal,"Automobile, Station Wagon",Stopped,0,0,1,0,0,0,0,0,0,0,0,0,1,12,1245,Clear,Daylight,-79.3364,43.7234
2449891,16774,Driver,40 to 44,None,"Automobile, Station Wagon",Going Ahead,1,0,1,0,0,0,0,0,0,0,0,0,0,17,1700,Rain,"Dark, artificial",-79.3703,43.6584
2449891,16775,Pedestrian,70 to 74,Major,NULL,NULL,1,0,1,0,0,0,0,0,0,0,0,0,0,17,1700,Rain,"Dark, artificial",-79.3703,43.6584
131031283,10363,Driver,30 to 34,None,Delivery Van,Turning Right,1,0,1,0,0,0,0,0,0,1,0,0,0,15,1521,Clear,"Dark, artificial",-79.4247,43.7969
131031283,10364,Pedestrian,40 to 44,Fatal,NULL,NULL,1,0,1,0,0,0,0,0,0,1,0,0,0,15,1521,Clear,"Dark, artificial",-79.4247,43.7969
142049204,10814,Driver,30 to 34,None,"Automobile, Station Wagon",Changing Lanes,1,0,1,0,0,0,0,1,0,0,0,0,0,2,233,Clear,"Dark, artificial",-79.4011,43.6522
142049204,10815,Driver,60 to 64,None,"Automobile, Station Wagon",Stopped,1,0,1,0,0,0,0,1,0,0,0,0,0,2,233,Clear,"Dark, artificial",-79.4011,43.6522
142049204,10816,Passenger,20 to 24,None,NULL,NULL,1,0,1,0,0,0,0,1,0,0,0,0,0,2,233,Clear,"Dark, artificial",-79.4011,43.6522
142049204,10813,Pedestrian,25 to 29,Fatal,NULL,NULL,1,0,1,0,0,0,0,1,0,0,0,0,0,2,233,Clear,"Dark, artificial",-79.4011,43.6522
142588079,10885,Passenger,60 to 64,Minimal,NULL,NULL,0,0,1,0,0,0,0,1,0,1,0,0,0,12,1200,Clear,Daylight,-79.4097,43.781
142588079,10886,Driver,65 to 69,Minimal,"Automobile, Station Wagon",Going Ahead,0,0,1,0,0,0,0,1,0,1,0,0,0,12,1200,Clear,Daylight,-79.4097,43.781
142588079,10887,Passenger,70 to 74,Minimal,NULL,NULL,0,0,1,0,0,0,0,1,0,1,0,0,0,12,1200,Clear,Daylight,-79.4097,43.781
142588079,10888,Driver,90 to 94,Fatal,"Automobile, Station Wagon",Turning Left,0,0,1,0,0,0,0,1,0,1,0,0,0,12,1200,Clear,Daylight,-79.4097,43.781
3000972719,10085,Pedestrian,15 to 19,Major,NULL,NULL,1,0,1,0,0,0,0,0,0,0,0,0,0,19,1945,Clear,"Dark, artificial",-79.5697,43.6516
3000972719,10084,Driver,45 to 49,None,"Automobile, Station Wagon",Going Ahead,1,0,1,0,0,0,0,0,0,0,0,0,0,19,1945,Clear,"Dark, artificial",-79.5697,43.6516
3001139681,10410,Pedestrian,35 to 39,Major,NULL,NULL,1,0,1,0,0,0,0,0,0,1,0,0,0,17,1705,Clear,"Dark, artificial",-79.3351,43.7145
3001139681,10411,Driver,45 to 49,None,Passenger Van,Turning Left,1,0,1,0,0,0,0,0,0,1,0,0,0,17,1705,Clear,"Dark, artificial",-79.3351,43.7145
1776002,16437,Driver,20 to 24,None,"Automobile, Station Wagon",Going Ahead,1,0,1,0,0,0,0,0,0,0,0,1,0,6,616,Clear,Daylight,-79.5827,43.7443
1776002,16438,Pedestrian,60 to 64,Fatal,NULL,NULL,1,0,1,0,0,0,0,0,0,0,0,1,0,6,616,Clear,Daylight,-79.5827,43.7443
1830669,16453,Driver,60 to 64,None,"Automobile, Station Wagon",Going Ahead,0,0,1,0,0,0,0,1,0,1,0,0,0,18,1754,Clear,Daylight,-79.2909,43.7098