ACCNUM,ObjectId,INVTYPE,INVAGE,INJURY,VEHTYPE,MANOEUVER,PEDESTRIAN,CYCLIST,AUTOMOBILE,MOTORCYCLE,TRUCK,TRSN_CITY_VEH,EMERG_VEH,PASSENGER,SPEEDING,AG_DRIV,REDLIGHT,ALCOHOL,DISABILITY,HOUR,TIME,VISIBILITY,LIGHT,collision_lat,collision_long
1830669,16454,Driver,70 to 74,Major,"Automobile, Station Wagon",Stopped,0,0,1,0,0,0,0,1,0,1,0,0,0,18,1754,Clear,Daylight,-79.2909,43.7098
1830669,16455,Passenger,65 to 69,None,NULL,NULL,0,0,1,0,0,0,0,1,0,1,0,0,0,18,1754,Clear,Daylight,-79.2909,43.7098
1886672,16463,Driver,20 to 24,None,"Automobile, Station Wagon",Turning Left,1,0,1,0,0,0,0,0,0,0,0,0,0,19,1906,Rain,"Dark, artificial",-79.4669,43.7688
1886672,16464,Pedestrian,80 to 84,Major,NULL,NULL,1,0,1,0,0,0,0,0,0,0,0,0,0,19,1906,Rain,"Dark, artificial",-79.4669,43.7688
1957732,16497,Driver,60 to 64,None,"Truck - Closed (Blazer, etc)",Reversing,1,0,0,0,1,0,0,0,0,0,0,0,0,12,1227,Rain,Daylight,-79.381,43.7703
1957732,16498,Pedestrian,80 to 84,Fatal,NULL,NULL,1,0,0,0,1,0,0,0,0,0,0,0,0,12,1227,Rain,Daylight,-79.381,43.7703
1994232,16124,Driver,50 to 54,Fatal,"Automobile, Station Wagon",Going Ahead,0,0,1,0,0,0,0,0,0,0,0,0,1,0,8,Clear,"Dark, artificial",-79.2898,43.7828
2026103,16262,Pedestrian,40 to 44,Major,NULL,NULL,1,0,1,0,0,0,0,0,0,0,0,0,0,16,1620,Clear,Daylight,-79.4457,43.7847
2026103,16154,Driver,80 to 84,Minor,"Automobile, Station Wagon",Going Ahead,1,0,1,0,0,0,0,0,0,0,0,0,0,16,1620,Clear,Daylight,-79.4457,43.7847
2115460,16512,Pedestrian,25 to 29,Major,NULL,NULL,1,0,1,0,0,0,0,0,0,1,0,0,0,17,1720,Clear,"Dark, artificial",-79.2171,43.7797
2115460,16509,Driver,60 to 64,None,"Automobile, Station Wagon",Turning Left,1,0,1,0,0,0,0,0,0,1,0,0,0,17,1720,Clear,"Dark, artificial",-79.2171,43.7797
2204531,16716,Motorcycle Driver,30 to 34,Major,Motorcycle,Changing Lanes,0,0,0,1,0,0,0,0,0,0,0,0,0,23,2345,Clear,"Dark, artificial",-79.3487,43.6532
2314333,16742,Driver,50 to 54,None,"Automobile, Station Wagon",Turning Left,1,0,1,0,0,0,0,0,0,1,0,0,0,9,856,Clear,Daylight,-79.3122,43.8224
2314333,16743,Pedestrian,55 to 59,Major,NULL,NULL,1,0,1,0,0,0,0,0,0,1,0,0,0,9,856,Clear,Daylight,-79.3122,43.8224
2400863,16766,Driver,unknown,None,"Automobile, Station Wagon",Turning Left,1,0,1,0,0,0,0,0,0,1,0,0,0,20,2035,Rain,Dark,-79.378,43.6691
2400863,16767,Pedestrian,0 to 4,Major,NULL,NULL,1,0,1,0,0,0,0,0,0,1,0,0,0,20,2035,Rain,Dark,-79.378,43.6691
2450003,16776,Driver,35 to 39,None,"Automobile, Station Wagon",Going Ahead,1,0,1,0,0,0,0,0,0,0,0,0,0,17,1721,Rain,"Dark, artificial",-79.2882,43.7832
2450003,16777,Pedestrian,55 to 59,Fatal,NULL,NULL,1,0,1,0,0,0,0,0,0,0,0,0,0,17,1721,Rain,"Dark, artificial",-79.2882,43.7832
131058335,10368,Driver,25 to 29,Fatal,"Automobile, Station Wagon",Going Ahead,0,0,1,0,0,0,0,0,1,1,0,0,0,6,558,Clear,"Dawn, artificial",-79.4477,43.6376
131092293,10390,Driver,25 to 29,None,"Automobile, Station Wagon",Going Ahead,1,0,1,0,0,0,0,0,0,0,0,0,0,18,1847,Clear,"Dark, artificial",-79.4157,43.7953
131092293,10391,Pedestrian,75 to 79,Fatal,NULL,NULL,1,0,1,0,0,0,0,0,0,0,0,0,0,18,1847,Clear,"Dark, artificial",-79.4157,43.7953
131219717,10426,Driver,65 to 69,None,"Automobile, Station Wagon",Turning Left,1,0,1,0,0,0,0,0,0,0,0,0,0,15,1500,Clear,Daylight,-79.3016,43.7223
131219717,10427,Pedestrian,70 to 74,Fatal,NULL,NULL,1,0,1,0,0,0,0,0,0,0,0,0,0,15,1500,Clear,Daylight,-79.3016,43.7223
141375171,10150,Driver,15 to 19,None,"Automobile, Station Wagon",Going Ahead,1,0,1,0,0,0,0,0,0,0,0,0,0,21,2145,Clear,"Dark, artificial",-79.4476,43.6962
141375171,10151,Pedestrian,35 to 39,Fatal,NULL,NULL,1,0,1,0,0,0,0,0,0,0,0,0,0,21,2145,Clear,"Dark, artificial",-79.4476,43.6962
142211983,10703,Pedestrian,85 to 89,Fatal,NULL,NULL,1,0,1,0,0,0,0,0,0,0,0,0,0,13,1250,Clear,Daylight,-79.3974,43.7632
142211983,10702,Driver,75 to 79,None,"Automobile, Station Wagon",Reversing,1,0,1,0,0,0,0,0,0,0,0,0,0,13,1250,Clear,Daylight,-79.3974,43.7632
3001013927,10139,Driver,40 to 44,None,"Automobile, Station Wagon",Slowing or Stopping,1,0,1,0,0,0,0,0,0,0,0,0,0,17,1650,Clear,"Dusk, artificial",-79.3767,43.6464
3001013927,10147,Pedestrian,65 to 69,Major,NULL,NULL,1,0,1,0,0,0,0,0,0,0,0,0,0,17,1650,Clear,"Dusk, artificial",-79.3767,43.6464
3001085931,10381,Driver,70 to 74,None,"Automobile, Station Wagon",Turning Left,1,0,1,0,0,0,0,0,1,1,0,0,0,18,1815,Clear,"Dark, artificial",-79.286,43.7109
3001085931,10382,Pedestrian,50 to 54,Major,NULL,NULL,1,0,1,0,0,0,0,0,1,1,0,0,0,18,1815,Clear,"Dark, artificial",-79.286,43.7109
3013962476,10083,Truck Driver,55 to 59,Major,Truck - Open,Going Ahead,0,0,0,0,1,0,0,0,0,1,0,0,0,8,750,Clear,Daylight,-79.4784,43.7279
4000047040,11595,Driver,75 to 79,None,"Automobile, Station Wagon",Turning Left,1,0,1,0,0,0,0,0,0,1,0,0,0,17,1700,Clear,"Dark, artificial",-79.3864,43.6981
4000047040,11596,Pedestrian,65 to 69,Major,NULL,NULL,1,0,1,0,0,0,0,0,0,1,0,0,0,17,1700,Clear,"Dark, artificial",-79.3864,43.6981
4001311712,10435,Driver,unknown,None,NULL,Unknown,1,0,0,0,0,0,0,0,0,0,0,0,0,15,1545,Clear,Daylight,-79.2383,43.7388
4001311712,10436,Pedestrian,40 to 44,Major,NULL,NULL,1,0,0,0,0,0,0,0,0,0,0,0,0,15,1545,Clear,Daylight,-79.2383,43.7388
4001342712,10442,Truck Driver,35 to 39,None,Truck - Open,Going Ahead,1,0,0,0,1,0,0,0,0,0,0,0,0,15,1518,Clear,Daylight,-79.5216,43.6724
4001342712,10443,Pedestrian,20 to 24,Major,NULL,NULL,1,0,0,0,1,0,0,0,0,0,0,0,0,15,1518,Clear,Daylight,-79.5216,43.6724
4001374034,10131,Driver,50 to 54,Minor,"Automobile, Station Wagon",Going Ahead,0,0,1,0,0,0,0,1,1,1,0,0,0,17,1702,Snow,"Dark, artificial",-79.2567,43.6975
4001374034,10141,Passenger,60 to 64,Major,NULL,NULL,0,0,1,0,0,0,0,1,1,1,0,0,0,17,1702,Snow,"Dark, artificial",-79.2567,43.6975
4001383742,10152,Truck Driver,35 to 39,Minor,Truck-Tractor,Going Ahead,0,0,1,0,1,0,0,1,0,1,0,0,0,10,1000,Clear,Daylight,-79.2238,43.7326
4001383742,10153,Driver,50 to 54,Major,Pick Up Truck,Stopped,0,0,1,0,1,0,0,1,0,1,0,0,0,10,1000,Clear,Daylight,-79.2238,43.7326
4001383742,10154,Driver,45 to 49,Minor,"Automobile, Station Wagon",Stopped,0,0,1,0,1,0,0,1,0,1,0,0,0,10,1000,Clear,Daylight,-79.2238,43.7326
4001383742,10155,Driver,55 to 59,Minor,"Automobile, Station Wagon",Stopped,0,0,1,0,1,0,0,1,0,1,0,0,0,10,1000,Clear,Daylight,-79.2238,43.7326
4001383742,10156,Driver,35 to 39,Minor,"Automobile, Station Wagon",Stopped,0,0,1,0,1,0,0,1,0,1,0,0,0,10,1000,Clear,Daylight,-79.2238,43.7326
4001383742,10157,Driver,50 to 54,Minor,"Automobile, Station Wagon",Stopped,0,0,1,0,1,0,0,1,0,1,0,0,0,10,1000,Clear,Daylight,-79.2238,43.7326
4001383742,10158,Driver,60 to 64,None,"Automobile, Station Wagon",Stopped,0,0,1,0,1,0,0,1,0,1,0,0,0,10,1000,Clear,Daylight,-79.2238,43.7326
4001383742,10159,Driver,45 to 49,None,"Automobile, Station Wagon",Stopped,0,0,1,0,1,0,0,1,0,1,0,0,0,10,1000,Clear,Daylight,-79.2238,43.7326
4001383742,10160,Truck Driver,40 to 44,None,"Truck - Closed (Blazer, etc)",Stopped,0,0,1,0,1,0,0,1,0,1,0,0,0,10,1000,Clear,Daylight,-79.2238,43.7326
4001383742,10161,Passenger,20 to 24,Minor,NULL,NULL,0,0,1,0,1,0,0,1,0,1,0,0,0,10,1000,Clear,Daylight,-79.2238,43.7326
4001383742,10162,Passenger,25 to 29,Minor,NULL,NULL,0,0,1,0,1,0,0,1,0,1,0,0,0,10,1000,Clear,Daylight,-79.2238,43.7326
4001392181,10165,Driver,35 to 39,None,"Automobile, Station Wagon",Going Ahead,1,0,1,0,0,0,0,0,0,0,0,0,0,18,1846,Clear,Dark,-79.1975,43.7589
4001392181,10166,Pedestrian,30 to 34,Major,NULL,NULL,1,0,1,0,0,0,0,0,0,0,0,0,0,18,1846,Clear,Dark,-79.1975,43.7589
4001426631,10174,Driver,65 to 69,None,Pick Up Truck,Going Ahead,0,0,1,0,0,0,0,1,0,1,0,0,0,17,1740,Clear,"Dark, artificial",-79.2648,43.7795
4001426631,10175,Driver,40 to 44,Minimal,Passenger Van,Going Ahead,0,0,1,0,0,0,0,1,0,1,0,0,0,17,1740,Clear,"Dark, artificial",-79.2648,43.7795
4001426631,10176,Passenger,60 to 64,Major,NULL,NULL,0,0,1,0,0,0,0,1,0,1,0,0,0,17,1740,Clear,"Dark, artificial",-79.2648,43.7795
4001426631,10177,Passenger,5 to 9,None,NULL,NULL,0,0,1,0,0,0,0,1,0,1,0,0,0,17,1740,Clear,"Dark, artificial",-79.2648,43.7795
4001426631,10178,Passenger,5 to 9,None,NULL,NULL,0,0,1,0,0,0,0,1,0,1,0,0,0,17,1740,Clear,"Dark, artificial",-79.2648,43.7795
4001436264,10182,Driver,60 to 64,Major,NULL,Slowing or Stopping,0,0,1,0,0,0,0,0,1,1,0,0,1,10,1027,Clear,Daylight,-79.6056,43.7396
4001436264,10183,Driver,20 to 24,None,"Automobile, Station Wagon",Slowing or Stopping,0,0,1,0,0,0,0,0,1,1,0,0,1,10,1027,Clear,Daylight,-79.6056,43.7396
4001436264,10184,Driver,20 to 24,None,"Automobile, Station Wagon",Slowing or Stopping,0,0,1,0,0,0,0,0,1,1,0,0,1,10,1027,Clear,Daylight,-79.6056,43.7396
4001436264,10185,Driver,70 to 74,Minor,"Automobile, Station Wagon",Going Ahead,0,0,1,0,0,0,0,0,1,1,0,0,1,10,1027,Clear,Daylight,-79.6056,43.7396
4001490210,10195,Driver,20 to 24,None,"Automobile, Station Wagon",Going Ahead,1,0,1,0,0,0,0,1,1,1,0,0,0,2,241,Clear,"Dark, artificial",-79.4219,43.6435
4001490210,10196,Driver,25 to 29,None,"Automobile, Station Wagon",Overtaking,1,0,1,0,0,0,0,1,1,1,0,0,0,2,241,Clear,"Dark, artificial",-79.4219,43.6435
4001490210,10197,Passenger,unknown,None,NULL,NULL,1,0,1,0,0,0,0,1,1,1,0,0,0,2,241,Clear,"Dark, artificial",-79.4219,43.6435
4001490210,10198,Passenger,unknown,Minimal,NULL,NULL,1,0,1,0,0,0,0,1,1,1,0,0,0,2,241,Clear,"Dark, artificial",-79.4219,43.6435
4001490210,10199,Pedestrian,30 to 34,Major,NULL,NULL,1,0,1,0,0,0,0,1,1,1,0,0,0,2,241,Clear,"Dark, artificial",-79.4219,43.6435
4001490210,10200,Other,unknown,None,"Automobile, Station Wagon",Parked,1,0,1,0,0,0,0,1,1,1,0,0,0,2,241,Clear,"Dark, artificial",-79.4219,43.6435
4001492410,10201,Driver,55 to 59,None,NULL,Going Ahead,1,0,1,0,0,0,0,1,0,0,0,0,0,13,1309,Clear,Daylight,-79.3429,43.668
4001492410,10202,Passenger,50 to 54,None,NULL,NULL,1,0,1,0,0,0,0,1,0,0,0,0,0,13,1309,Clear,Daylight,-79.3429,43.668
4001492410,10203,Pedestrian,60 to 64,Major,"Automobile, Station Wagon",Going Ahead,1,0,1,0,0,0,0,1,0,0,0,0,0,13,1309,Clear,Daylight,-79.3429,43.668
4001521629,10216,Driver,25 to 29,None,"Automobile, Station Wagon",Going Ahead,1,0,1,0,0,0,0,0,0,0,0,0,0,11,1054,Clear,Daylight,-79.3853,43.6676
4001521629,10217,Pedestrian,45 to 49,Major,NULL,NULL,1,0,1,0,0,0,0,0,0,0,0,0,0,11,1054,Clear,Daylight,-79.3853,43.6676
4001557370,10232,Driver,40 to 44,None,Pick Up Truck,Turning Left,1,0,1,0,0,0,0,0,0,1,0,0,0,10,956,Clear,Daylight,-79.4557,43.6703
4001557370,10233,Pedestrian,65 to 69,Major,NULL,NULL,1,0,1,0,0,0,0,0,0,1,0,0,0,10,956,Clear,Daylight,-79.4557,43.6703
4001701923,10946,Driver,15 to 19,None,"Automobile, Station Wagon",Turning Left,1,0,1,0,0,0,0,1,0,1,0,0,0,20,2041,Clear,"Dark, artificial",-79.2455,43.7399
4001701923,10947,Passenger,25 to 29,None,NULL,NULL,1,0,1,0,0,0,0,1,0,1,0,0,0,20,2041,Clear,"Dark, artificial",-79.2455,43.7399
4001701923,10948,Passenger,0 to 4,None,NULL,NULL,1,0,1,0,0,0,0,1,0,1,0,0,0,20,2041,Clear,"Dark, artificial",-79.2455,43.7399
4001701923,10949,Pedestrian,50 to 54,Major,NULL,NULL,1,0,1,0,0,0,0,1,0,1,0,0,0,20,2041,Clear,"Dark, artificial",-79.2455,43.7399
4001701923,10944,Driver,40 to 44,None,"Automobile, Station Wagon",Going Ahead,1,0,1,0,0,0,0,1,0,1,0,0,0,20,2041,Clear,"Dark, artificial",-79.2455,43.7399
4001701923,10945,Driver,30 to 34,None,"Automobile, Station Wagon",Stopped,1,0,1,0,0,0,0,1,0,1,0,0,0,20,2041,Clear,"Dark, artificial",-79.2455,43.7399
4001769884,10964,Driver,25 to 29,None,"Automobile, Station Wagon",Turning Left,1,0,1,0,0,0,0,0,0,0,0,0,0,10,955,Clear,Daylight,-79.3757,43.6474
1377363,10317,Driver,45 to 49,None,"Automobile, Station Wagon",Going Ahead,1,0,1,0,0,0,0,0,0,0,0,0,0,18,1830,Clear,Daylight,-79.3643,43.6455
1377363,10318,Pedestrian,20 to 24,Major,Other,NULL,1,0,1,0,0,0,0,0,0,0,0,0,0,18,1830,Clear,Daylight,-79.3643,43.6455
1378008,16521,Driver,25 to 29,None,"Automobile, Station Wagon",Stopped,1,0,1,1,0,0,0,0,0,1,0,0,0,16,1554,Clear,Daylight,-79.2579,43.6963
1378008,16405,Motorcycle Driver,45 to 49,Major,Motorcycle,Going Ahead,1,0,1,1,0,0,0,0,0,1,0,0,0,16,1554,Clear,Daylight,-79.2579,43.6963
1378008,16501,Driver,30 to 34,None,Pick Up Truck,Slowing or Stopping,1,0,1,1,0,0,0,0,0,1,0,0,0,16,1554,Clear,Daylight,-79.2579,43.6963
1378008,16504,Driver,60 to 64,None,"Automobile, Station Wagon",Slowing or Stopping,1,0,1,1,0,0,0,0,0,1,0,0,0,16,1554,Clear,Daylight,-79.2579,43.6963
1378008,16624,Pedestrian,45 to 49,None,NULL,NULL,1,0,1,1,0,0,0,0,0,1,0,0,0,16,1554,Clear,Daylight,-79.2579,43.6963
1379135,9609,Driver,60 to 64,None,"Automobile, Station Wagon",Turning Left,0,1,1,0,0,0,0,0,0,1,0,0,0,21,2124,Clear,Dark,-79.423,43.6755
1379135,9610,Cyclist,35 to 39,Major,Bicycle,Going Ahead,0,1,1,0,0,0,0,0,0,1,0,0,0,21,2124,Clear,Dark,-79.423,43.6755
1381541,10553,Driver,25 to 29,None,Pick Up Truck,Going Ahead,1,0,1,0,0,0,0,0,0,0,0,1,0,0,45,Clear,Dark,-79.2677,43.7317
1381541,10555,Pedestrian,20 to 24,Fatal,NULL,NULL,1,0,1,0,0,0,0,0,0,0,0,1,0,0,45,Clear,Dark,-79.2677,43.7317
1381650,9070,Driver,35 to 39,None,"Automobile, Station Wagon",Going Ahead,1,0,1,0,0,0,0,0,0,0,0,0,0,22,2213,Clear,"Dark, artificial",-79.5023,43.6975
1381650,9071,Pedestrian,20 to 24,Major,NULL,NULL,1,0,1,0,0,0,0,0,0,0,0,0,0,22,2213,Clear,"Dark, artificial",-79.5023,43.6975
1382722,9362,Motorcycle Driver,40 to 44,Major,Motorcycle,Going Ahead,0,0,0,1,0,0,0,0,0,0,0,0,0,19,1915,Clear,Dark,-79.1569,43.8145
1383447,9386,Driver,45 to 49,None,"Automobile, Station Wagon",Turning Right,0,1,1,0,0,0,0,0,0,1,0,0,0,17,1730,Clear,Daylight,-79.4064,43.7432
1383447,9387,Cyclist,30 to 34,Major,Bicycle,Going Ahead,0,1,1,0,0,0,0,0,0,1,0,0,0,17,1730,Clear,Daylight,-79.4064,43.7432
1383479,9383,Driver,25 to 29,None,"Automobile, Station Wagon",Turning Right,0,1,1,0,0,0,0,0,0,1,0,0,0,8,845,Clear,Daylight,-79.328,43.671
1383479,9384,Moped Driver,40 to 44,Major,Moped,Going Ahead,0,1,1,0,0,0,0,0,0,1,0,0,0,8,845,Clear,Daylight,-79.328,43.671
1385964,10013,Driver,50 to 54,Major,"Automobile, Station Wagon",Turning Left,1,0,1,0,0,0,0,0,0,1,0,0,0,20,2025,Rain,"Dark, artificial",-79.468,43.7303
1385964,10015,Pedestrian,20 to 24,Major,Other,NULL,1,0,1,0,0,0,0,0,0,1,0,0,0,20,2025,Rain,"Dark, artificial",-79.468,43.7303
1387491,10326,Passenger,55 to 59,Major,Other,NULL,0,0,0,0,0,0,0,1,0,0,0,0,0,20,2025,Clear,"Dark, artificial",-79.407,43.701
1387491,10328,Driver,50 to 54,Minor,NULL,Going Ahead,0,0,0,0,0,0,0,1,0,0,0,0,0,20,2025,Clear,"Dark, artificial",-79.407,43.701
1387866,10471,Motorcycle Driver,20 to 24,Major,Motorcycle,Going Ahead,0,0,1,1,0,0,0,0,0,1,0,0,0,16,1640,Clear,Daylight,-79.3672,43.713
1387866,10472,Driver,45 to 49,None,"Automobile, Station Wagon",Turning Left,0,0,1,1,0,0,0,0,0,1,0,0,0,16,1640,Clear,Daylight,-79.3672,43.713
1387900,10343,Passenger,55 to 59,Major,Other,NULL,0,0,1,0,0,0,0,1,0,1,0,0,0,13,1305,Clear,Daylight,-79.2798,43.7352
1387900,10344,Driver,40 to 44,Minor,"Automobile, Station Wagon",Turning Left,0,0,1,0,0,0,0,1,0,1,0,0,0,13,1305,Clear,Daylight,-79.2798,43.7352
1387900,10002,Passenger,70 to 74,Minor,Other,NULL,0,0,1,0,0,0,0,1,0,1,0,0,0,13,1305,Clear,Daylight,-79.2798,43.7352
1387900,10114,Driver,75 to 79,Minor,"Automobile, Station Wagon",Going Ahead,0,0,1,0,0,0,0,1,0,1,0,0,0,13,1305,Clear,Daylight,-79.2798,43.7352
1388459,10061,Driver,50 to 54,Major,"Automobile, Station Wagon",Going Ahead,0,0,1,0,0,0,0,0,0,0,0,0,0,14,1435,Clear,Daylight,-79.4672,43.6665
1388459,10062,Driver,50 to 54,Minor,"Automobile, Station Wagon",Turning Left,0,0,1,0,0,0,0,0,0,0,0,0,0,14,1435,Clear,Daylight,-79.4672,43.6665
1419288,16788,Cyclist,20 to 24,Major,Bicycle,Changing Lanes,0,1,1,0,0,0,0,0,0,0,0,0,0,13,1340,Clear,Daylight,-79.4,43.6579
1419288,16789,Driver,45 to 49,None,Pick Up Truck,Going Ahead,0,1,1,0,0,0,0,0,0,0,0,0,0,13,1340,Clear,Daylight,-79.4,43.6579
1488478,16798,Driver,35 to 39,None,"Automobile, Station Wagon",Going Ahead,0,0,1,0,0,0,0,1,1,1,0,0,0,13,1345,Clear,Daylight,-79.2361,43.7218
1488478,16799,Driver,60 to 64,None,"Automobile, Station Wagon",Stopped,0,0,1,0,0,0,0,1,1,1,0,0,0,13,1345,Clear,Daylight,-79.2361,43.7218
1488478,16800,Passenger,55 to 59,Major,NULL,NULL,0,0,1,0,0,0,0,1,1,1,0,0,0,13,1345,Clear,Daylight,-79.2361,43.7218
1675722,16287,Driver,20 to 24,None,"Automobile, Station Wagon",Going Ahead,1,0,1,0,1,0,0,0,0,0,0,0,0,20,2030,Clear,Daylight,-79.4216,43.7398
1675722,16403,Pedestrian,80 to 84,Major,NULL,NULL,1,0,1,0,1,0,0,0,0,0,0,0,0,20,2030,Clear,Daylight,-79.4216,43.7398
1675722,16394,Truck Driver,70 to 74,None,"Truck - Closed (Blazer, etc)",Stopped,1,0,1,0,1,0,0,0,0,0,0,0,0,20,2030,Clear,Daylight,-79.4216,43.7398
1675722,16386,Driver,unknown,None,"Automobile, Station Wagon",Going Ahead,1,0,1,0,1,0,0,0,0,0,0,0,0,20,2030,Clear,Daylight,-79.4216,43.7398
1675722,16389,Driver,30 to 34,None,"Automobile, Station Wagon",Going Ahead,1,0,1,0,1,0,0,0,0,0,0,0,0,20,2030,Clear,Daylight,-79.4216,43.7398
1676151,16408,Driver,25 to 29,Major,"Automobile, Station Wagon",Turning Left,0,0,1,1,0,0,0,0,1,1,0,0,0,21,2146,Clear,Dark,-79.3941,43.6687
1676151,16409,Motorcycle Driver,30 to 34,None,Motorcycle,Going Ahead,0,0,1,1,0,0,0,0,1,1,0,0,0,21,2146,Clear,Dark,-79.3941,43.6687
1676594,16410,Driver,20 to 24,None,"Automobile, Station Wagon",Going Ahead,1,0,1,0,0,0,0,0,0,0,0,0,0,23,2314,Clear,"Dark, artificial",-79.1868,43.7682
1676594,16411,Pedestrian,25 to 29,Major,NULL,NULL,1,0,1,0,0,0,0,0,0,0,0,0,0,23,2314,Clear,"Dark, artificial",-79.1868,43.7682
1740995,16422,Driver,60 to 64,None,"Automobile, Station Wagon",Going Ahead,1,0,1,0,0,0,0,0,0,0,0,0,0,12,1200,Clear,Daylight,-79.379,43.6551
1740995,16423,Pedestrian,35 to 39,Major,NULL,NULL,1,0,1,0,0,0,0,0,0,0,0,0,0,12,1200,Clear,Daylight,-79.379,43.6551
1759488,16426,Motorcycle Driver,25 to 29,Major,Motorcycle,Going Ahead,0,0,0,1,0,0,0,0,1,1,0,0,0,22,2230,Clear,"Dark, artificial",-79.3569,43.6839
1789627,16448,Truck Driver,60 to 64,None,"Truck - Closed (Blazer, etc)",Turning Left,1,0,0,0,1,0,0,0,0,1,0,0,0,6,615,Clear,Dark,-79.2912,43.746
1789627,16449,Pedestrian,55 to 59,Major,NULL,NULL,1,0,0,0,1,0,0,0,0,1,0,0,0,6,615,Clear,Dark,-79.2912,43.746
1927144,16482,Driver,35 to 39,None,Pick Up Truck,Turning Left,0,0,1,1,0,0,0,0,0,0,0,0,0,18,1759,Clear,Daylight,-79.5003,43.6892
1927144,16483,Motorcycle Driver,45 to 49,Major,Motorcycle,Going Ahead,0,0,1,1,0,0,0,0,0,0,0,0,0,18,1759,Clear,Daylight,-79.5003,43.6892
1931088,16484,Driver,45 to 49,None,Pick Up Truck,Turning Left,0,1,1,0,0,0,0,0,0,1,0,0,0,11,1120,Clear,Daylight,-79.3079,43.6739
1931088,16485,Cyclist,40 to 44,Major,Bicycle,Going Ahead,0,1,1,0,0,0,0,0,0,1,0,0,0,11,1120,Clear,Daylight,-79.3079,43.6739
1940250,16488,Driver,20 to 24,Major,"Automobile, Station Wagon",Going Ahead,0,0,1,0,0,0,0,0,0,0,0,0,0,23,2250,Rain,"Dark, artificial",-79.2703,43.8142
1940250,16489,Other,20 to 24,Major,NULL,NULL,0,0,1,0,0,0,0,0,0,0,0,0,0,23,2250,Rain,"Dark, artificial",-79.2703,43.8142
1940250,16490,Other,25 to 29,Major,NULL,NULL,0,0,1,0,0,0,0,0,0,0,0,0,0,23,2250,Rain,"Dark, artificial",-79.2703,43.8142
1940250,16491,Other,20 to 24,Major,NULL,NULL,0,0,1,0,0,0,0,0,0,0,0,0,0,23,2250,Rain,"Dark, artificial",-79.2703,43.8142
2063243,16285,Driver,35 to 39,Major,"Automobile, Station Wagon",Going Ahead,0,0,1,0,0,0,0,1,0,1,0,1,0,23,2331,Clear,Dark,-79.5146,43.6233
2063243,16385,Passenger,30 to 34,Major,NULL,NULL,0,0,1,0,0,0,0,1,0,1,0,1,0,23,2331,Clear,Dark,-79.5146,43.6233
2134679,16607,Driver,70 to 74,None,"Automobile, Station Wagon",Turning Left,1,0,1,0,0,0,0,0,0,0,0,0,0,14,1430,Clear,Daylight,-79.2888,43.8031
2134679,16608,Pedestrian,50 to 54,Major,NULL,NULL,1,0,1,0,0,0,0,0,0,0,0,0,0,14,1430,Clear,Daylight,-79.2888,43.8031
131086760,10383,Pedestrian,85 to 89,Fatal,NULL,NULL,1,0,1,0,0,0,0,0,0,1,0,0,0,21,2100,Clear,"Dark, artificial",-79.5707,43.6335
131086760,10384,Pedestrian,80 to 84,Minor,NULL,NULL,1,0,1,0,0,0,0,0,0,1,0,0,0,21,2100,Clear,"Dark, artificial",-79.5707,43.6335
131086760,10385,Driver,45 to 49,None,"Automobile, Station Wagon",Turning Left,1,0,1,0,0,0,0,0,0,1,0,0,0,21,2100,Clear,"Dark, artificial",-79.5707,43.6335
141945030,10779,Driver,50 to 54,None,"Automobile, Station Wagon",Going Ahead,1,0,1,0,0,0,0,0,0,0,0,0,0,18,1755,Clear,"Daylight, artificial",-79.3998,43.6525
141945030,10780,Pedestrian,25 to 29,Fatal,NULL,NULL,1,0,1,0,0,0,0,0,0,0,0,0,0,18,1755,Clear,"Daylight, artificial",-79.3998,43.6525
142120007,10838,Driver,60 to 64,Minor,"Automobile, Station Wagon",Going Ahead,0,0,1,0,0,0,0,0,0,0,0,0,0,6,610,Clear,Daylight,-79.5871,43.6992
142120007,10839,Driver,35 to 39,Minor,"Automobile, Station Wagon",Stopped,0,0,1,0,0,0,0,0,0,0,0,0,0,6,610,Clear,Daylight,-79.5871,43.6992
142120007,10840,Driver,30 to 34,Minor,"Automobile, Station Wagon",Stopped,0,0,1,0,0,0,0,0,0,0,0,0,0,6,610,Clear,Daylight,-79.5871,43.6992
142120007,10841,Driver,30 to 34,None,"Automobile, Station Wagon",Stopped,0,0,1,0,0,0,0,0,0,0,0,0,0,6,610,Clear,Daylight,-79.5871,43.6992
142120007,10842,Driver,50 to 54,None,"Automobile, Station Wagon",Stopped,0,0,1,0,0,0,0,0,0,0,0,0,0,6,610,Clear,Daylight,-79.5871,43.6992
142120007,10005,Driver,40 to 44,Fatal,"Automobile, Station Wagon",Stopped,0,0,1,0,0,0,0,0,0,0,0,0,0,6,610,Clear,Daylight,-79.5871,43.6992
142657110,10118,Pedestrian,65 to 69,Fatal,NULL,NULL,1,0,0,0,0,1,0,0,0,0,0,0,0,22,2214,Clear,"Dark, artificial",-79.4519,43.6759
142657110,10117,Pedestrian,65 to 69,Minor,NULL,NULL,1,0,0,0,0,1,0,0,0,0,0,0,0,22,2214,Clear,"Dark, artificial",-79.4519,43.6759