ACCNUM,ObjectId,INVTYPE,INVAGE,INJURY,VEHTYPE,MANOEUVER,PEDESTRIAN,CYCLIST,AUTOMOBILE,MOTORCYCLE,TRUCK,TRSN_CITY_VEH,EMERG_VEH,PASSENGER,SPEEDING,AG_DRIV,REDLIGHT,ALCOHOL,DISABILITY,HOUR,TIME,VISIBILITY,LIGHT,collision_lat,collision_long
142657110,10075,Driver,50 to 54,None,Street Car,Going Ahead,1,0,0,0,0,1,0,0,0,0,0,0,0,22,2214,Clear,"Dark, artificial",-79.4519,43.6759
142740894,10605,Pedestrian,75 to 79,Major,NULL,NULL,1,0,1,0,0,0,0,0,0,1,0,0,0,16,1639,Clear,Daylight,-79.302,43.7233
142740894,10606,Driver,55 to 59,None,Delivery Van,Turning Left,1,0,1,0,0,0,0,0,0,1,0,0,0,16,1639,Clear,Daylight,-79.302,43.7233
142740894,10607,Pedestrian,75 to 79,Fatal,NULL,NULL,1,0,1,0,0,0,0,0,0,1,0,0,0,16,1639,Clear,Daylight,-79.302,43.7233
143339762,11314,Pedestrian,60 to 64,Fatal,NULL,NULL,1,0,1,0,0,0,0,0,0,0,0,0,0,6,600,Clear,"Dawn, artificial",-79.5134,43.758
1351180,9112,Driver,65 to 69,Major,"Automobile, Station Wagon",Unknown,0,0,1,0,0,0,0,0,1,1,0,0,0,14,1419,Rain,Daylight,-79.4836,43.7335
1351180,9119,Driver,65 to 69,Minor,"Automobile, Station Wagon",Turning Right,0,0,1,0,0,0,0,0,1,1,0,0,0,14,1419,Rain,Daylight,-79.4836,43.7335
1353552,9685,Truck Driver,60 to 64,None,Truck - Open,Turning Left,1,0,0,0,1,0,0,0,0,1,0,0,0,24,2350,Rain,Dark,-79.3723,43.6515
1353552,9686,Pedestrian,35 to 39,Major,Other,NULL,1,0,0,0,1,0,0,0,0,1,0,0,0,24,2350,Rain,Dark,-79.3723,43.6515
1354069,9213,Driver,50 to 54,None,"Automobile, Station Wagon",Going Ahead,0,1,1,0,0,0,0,0,0,0,0,0,0,17,1722,Clear,Daylight,-79.3789,43.6679
1354069,9214,Driver,50 to 54,None,"Automobile, Station Wagon",Going Ahead,0,1,1,0,0,0,0,0,0,0,0,0,0,17,1722,Clear,Daylight,-79.3789,43.6679
1354069,9215,Cyclist,20 to 24,Major,Bicycle,Changing Lanes,0,1,1,0,0,0,0,0,0,0,0,0,0,17,1722,Clear,Daylight,-79.3789,43.6679
1355791,9231,Pedestrian,60 to 64,Fatal,NULL,NULL,1,0,0,0,0,1,0,0,0,0,0,0,0,1,139,Rain,"Dark, artificial",-79.3125,43.6672
1355791,9232,Driver,25 to 29,None,Street Car,Going Ahead,1,0,0,0,0,1,0,0,0,0,0,0,0,1,139,Rain,"Dark, artificial",-79.3125,43.6672
1359618,9600,Driver,30 to 34,None,"Automobile, Station Wagon",Going Ahead,1,0,1,0,0,0,0,0,0,0,0,0,0,23,2306,Rain,"Dark, artificial",-79.3975,43.6518
1359618,9720,Pedestrian,75 to 79,Fatal,NULL,NULL,1,0,1,0,0,0,0,0,0,0,0,0,0,23,2306,Rain,"Dark, artificial",-79.3975,43.6518
1359768,9729,Driver,65 to 69,None,"Automobile, Station Wagon",Going Ahead,0,0,1,0,0,0,0,1,0,0,0,0,1,19,1907,Clear,Dusk,-79.3788,43.6454
1359768,9817,Passenger,55 to 59,Minor,Other,NULL,0,0,1,0,0,0,0,1,0,0,0,0,1,19,1907,Clear,Dusk,-79.3788,43.6454
1359768,9816,Driver,55 to 59,Major,"Automobile, Station Wagon",Going Ahead,0,0,1,0,0,0,0,1,0,0,0,0,1,19,1907,Clear,Dusk,-79.3788,43.6454
1362376,9710,Driver,20 to 24,None,"Automobile, Station Wagon",Turning Left,0,0,1,1,0,0,0,0,0,1,0,0,0,14,1423,Clear,Daylight,-79.4095,43.7043
1362376,9711,Motorcycle Driver,20 to 24,Major,Motorcycle,Going Ahead,0,0,1,1,0,0,0,0,0,1,0,0,0,14,1423,Clear,Daylight,-79.4095,43.7043
1362811,9890,Driver,50 to 54,None,"Automobile, Station Wagon",Turning Right,0,1,1,0,0,0,0,0,0,0,0,0,0,13,1316,Clear,Daylight,-79.5737,43.6979
1362811,9891,Cyclist,55 to 59,Major,Bicycle,Going Ahead,0,1,1,0,0,0,0,0,0,0,0,0,0,13,1316,Clear,Daylight,-79.5737,43.6979
1363030,9539,Driver,40 to 44,None,"Automobile, Station Wagon",Going Ahead,1,0,1,0,0,0,0,0,0,1,0,0,0,10,1025,Clear,Daylight,-79.5549,43.6289
1363030,9540,Pedestrian,50 to 54,Major,Other,NULL,1,0,1,0,0,0,0,0,0,1,0,0,0,10,1025,Clear,Daylight,-79.5549,43.6289
1363580,9241,Driver,65 to 69,Major,"Automobile, Station Wagon",Going Ahead,0,0,1,0,0,0,0,0,0,0,0,0,1,13,1305,Clear,Daylight,-79.3618,43.7626
1363580,9242,Driver,25 to 29,None,"Automobile, Station Wagon",Going Ahead,0,0,1,0,0,0,0,0,0,0,0,0,1,13,1305,Clear,Daylight,-79.3618,43.7626
1366152,9593,Driver,35 to 39,None,"Automobile, Station Wagon",Turning Left,1,0,1,0,0,0,0,0,0,1,0,0,0,22,2225,Clear,"Dark, artificial",-79.1724,43.7821
1366152,9594,Pedestrian,40 to 44,Minor,NULL,NULL,1,0,1,0,0,0,0,0,0,1,0,0,0,22,2225,Clear,"Dark, artificial",-79.1724,43.7821
1366152,9595,Pedestrian,45 to 49,Fatal,NULL,NULL,1,0,1,0,0,0,0,0,0,1,0,0,0,22,2225,Clear,"Dark, artificial",-79.1724,43.7821
1367977,9024,Driver,40 to 44,None,"Automobile, Station Wagon",Turning Left,1,0,1,0,0,0,0,0,0,1,0,0,0,13,1346,Clear,Daylight,-79.603,43.7341
1367977,9022,Pedestrian,25 to 29,Fatal,Other,NULL,1,0,1,0,0,0,0,0,0,1,0,0,0,13,1346,Clear,Daylight,-79.603,43.7341
1369145,9054,Driver,20 to 24,None,"Automobile, Station Wagon",Going Ahead,0,1,1,0,0,0,0,0,0,1,1,0,0,18,1802,Clear,Daylight,-79.3928,43.6747
1369145,9055,Cyclist,25 to 29,Major,Bicycle,Going Ahead,0,1,1,0,0,0,0,0,0,1,1,0,0,18,1802,Clear,Daylight,-79.3928,43.6747
1369177,9067,Truck Driver,50 to 54,None,Truck-Tractor,Going Ahead,0,0,0,0,1,0,0,1,0,0,0,0,0,20,2048,Clear,Dusk,-79.439,43.6344
1369177,9068,Other,unknown,None,NULL,NULL,0,0,0,0,1,0,0,1,0,0,0,0,0,20,2048,Clear,Dusk,-79.439,43.6344
1369177,9069,Passenger,15 to 19,Fatal,NULL,NULL,0,0,0,0,1,0,0,1,0,0,0,0,0,20,2048,Clear,Dusk,-79.439,43.6344
1369849,9835,Truck Driver,35 to 39,None,Truck - Open,Going Ahead,0,1,0,0,1,0,0,0,0,0,0,0,0,8,751,Rain,Daylight,-79.3679,43.6522
1369849,9836,Cyclist,25 to 29,Major,Bicycle,Going Ahead,0,1,0,0,1,0,0,0,0,0,0,0,0,8,751,Rain,Daylight,-79.3679,43.6522
1372004,9388,Passenger,10 to 14,Minimal,Other,NULL,0,0,1,1,0,0,0,1,0,1,0,0,0,18,1838,Clear,Daylight,-79.4763,43.6831
1372004,9390,Driver,40 to 44,None,"Automobile, Station Wagon",Stopped,0,0,1,1,0,0,0,1,0,1,0,0,0,18,1838,Clear,Daylight,-79.4763,43.6831
1372004,9391,Motorcycle Driver,20 to 24,Major,Motorcycle,Turning Right,0,0,1,1,0,0,0,1,0,1,0,0,0,18,1838,Clear,Daylight,-79.4763,43.6831
1372589,9405,Driver,50 to 54,None,"Automobile, Station Wagon",Going Ahead,1,0,1,0,0,0,0,0,0,0,0,0,0,17,1710,Clear,Daylight,-79.4478,43.7355
1372589,9406,Pedestrian,40 to 44,Major,Other,NULL,1,0,1,0,0,0,0,0,0,0,0,0,0,17,1710,Clear,Daylight,-79.4478,43.7355
1373039,10003,Driver,10 to 14,None,"Automobile, Station Wagon",Reversing,1,0,1,0,0,0,0,0,0,0,0,0,0,19,1900,Clear,Daylight,-79.2525,43.711
1373039,9425,Pedestrian,60 to 64,Major,Other,NULL,1,0,1,0,0,0,0,0,0,0,0,0,0,19,1900,Clear,Daylight,-79.2525,43.711
1373040,9424,Truck Driver,65 to 69,Major,"Truck - Closed (Blazer, etc)",Stopped,0,0,1,1,1,0,0,0,1,1,0,0,0,15,1545,Clear,Daylight,-79.2444,43.7485
1373040,9422,Driver,75 to 79,Minimal,"Automobile, Station Wagon",Turning Right,0,0,1,1,1,0,0,0,1,1,0,0,0,15,1545,Clear,Daylight,-79.2444,43.7485
1373040,9423,Motorcycle Driver,45 to 49,Fatal,Motorcycle,Changing Lanes,0,0,1,1,1,0,0,0,1,1,0,0,0,15,1545,Clear,Daylight,-79.2444,43.7485
1373372,9902,Driver,70 to 74,Major,"Automobile, Station Wagon",Going Ahead,0,0,1,0,0,0,0,0,0,1,0,0,1,18,1820,Clear,Daylight,-79.4715,43.6821
1373775,9118,Driver,45 to 49,Major,"Automobile, Station Wagon",Pulling Onto Shoulder or towardCurb,0,0,1,0,0,0,0,1,0,0,0,0,0,18,1755,Clear,Daylight,-79.2308,43.8413
1373775,9429,Driver,40 to 44,Minimal,"Automobile, Station Wagon",Going Ahead,0,0,1,0,0,0,0,1,0,0,0,0,0,18,1755,Clear,Daylight,-79.2308,43.8413
1373775,9527,Other,unknown,None,Other,Parked,0,0,1,0,0,0,0,1,0,0,0,0,0,18,1755,Clear,Daylight,-79.2308,43.8413
1373775,9325,Passenger,10 to 14,Minimal,Other,NULL,0,0,1,0,0,0,0,1,0,0,0,0,0,18,1755,Clear,Daylight,-79.2308,43.8413
1373775,9223,Passenger,10 to 14,Minimal,Other,NULL,0,0,1,0,0,0,0,1,0,0,0,0,0,18,1755,Clear,Daylight,-79.2308,43.8413
1375311,10276,Driver,20 to 24,Major,"Automobile, Station Wagon",Going Ahead,0,0,1,0,0,0,0,0,1,1,0,0,0,0,0,Clear,Daylight,-79.5112,43.7594
1375311,10277,Other,70 to 74,None,"Automobile, Station Wagon",Parked,0,0,1,0,0,0,0,0,1,1,0,0,0,0,0,Clear,Daylight,-79.5112,43.7594
1380760,10506,Passenger,20 to 24,None,NULL,NULL,1,0,1,0,0,0,0,1,0,0,0,0,0,21,2115,Clear,Dark,-79.3036,43.8244
1380760,10507,Driver,20 to 24,None,"Automobile, Station Wagon",Going Ahead,1,0,1,0,0,0,0,1,0,0,0,0,0,21,2115,Clear,Dark,-79.3036,43.8244
1380760,10508,Pedestrian,80 to 84,Fatal,NULL,NULL,1,0,1,0,0,0,0,1,0,0,0,0,0,21,2115,Clear,Dark,-79.3036,43.8244
1380946,10549,Truck Driver,50 to 54,None,Truck - Dump,Going Ahead,0,1,0,0,1,0,0,0,0,0,0,0,0,7,710,Clear,Daylight,-79.3978,43.6525
1380946,10550,Cyclist,25 to 29,Fatal,Bicycle,Going Ahead,0,1,0,0,1,0,0,0,0,0,0,0,0,7,710,Clear,Daylight,-79.3978,43.6525
1380946,10551,Other,unknown,None,NULL,NULL,0,1,0,0,1,0,0,0,0,0,0,0,0,7,710,Clear,Daylight,-79.3978,43.6525
1381745,9076,Driver,20 to 24,None,"Automobile, Station Wagon",Turning Right,1,0,1,0,0,0,0,0,0,1,0,0,0,12,1210,Clear,Daylight,-79.5147,43.6235
1381745,9077,Pedestrian,85 to 89,Major,Other,NULL,1,0,1,0,0,0,0,0,0,1,0,0,0,12,1210,Clear,Daylight,-79.5147,43.6235
1382682,9352,Driver,65 to 69,None,"Automobile, Station Wagon",Going Ahead,1,0,1,0,0,0,0,0,0,0,0,0,0,18,1756,Clear,Daylight,-79.3229,43.6835
1382682,9353,Pedestrian,65 to 69,Major,Other,NULL,1,0,1,0,0,0,0,0,0,0,0,0,0,18,1756,Clear,Daylight,-79.3229,43.6835
1383954,10035,Other,unknown,None,NULL,NULL,1,0,0,0,0,1,0,0,0,0,0,0,0,0,45,Rain,"Dark, artificial",-79.443,43.6778
1383954,10036,Driver,45 to 49,None,Municipal Transit Bus (TTC),Going Ahead,1,0,0,0,0,1,0,0,0,0,0,0,0,0,45,Rain,"Dark, artificial",-79.443,43.6778
1383954,10038,Pedestrian,75 to 79,Major,NULL,NULL,1,0,0,0,0,1,0,0,0,0,0,0,0,0,45,Rain,"Dark, artificial",-79.443,43.6778
1385893,10006,Passenger,85 to 89,None,Other,NULL,1,0,1,0,0,0,0,1,0,1,0,0,0,20,2014,Clear,"Dark, artificial",-79.4261,43.7042
1385893,10007,Driver,80 to 84,None,"Automobile, Station Wagon",Turning Left,1,0,1,0,0,0,0,1,0,1,0,0,0,20,2014,Clear,"Dark, artificial",-79.4261,43.7042
1385893,10001,Pedestrian,50 to 54,Major,Other,NULL,1,0,1,0,0,0,0,1,0,1,0,0,0,20,2014,Clear,"Dark, artificial",-79.4261,43.7042
1386411,10499,Driver,20 to 24,None,"Automobile, Station Wagon",Turning Right,1,0,1,0,0,0,0,0,0,0,0,0,0,15,1452,Clear,Daylight,-79.2158,43.7618
1386411,10500,Pedestrian,70 to 74,Major,Other,NULL,1,0,1,0,0,0,0,0,0,0,0,0,0,15,1452,Clear,Daylight,-79.2158,43.7618
1386526,10273,Driver,55 to 59,Major,"Automobile, Station Wagon",Going Ahead,0,0,1,0,0,0,0,0,0,1,1,0,0,7,722,Clear,Daylight,-79.4263,43.7051
1386526,10274,Driver,50 to 54,None,"Automobile, Station Wagon",Stopped,0,0,1,0,0,0,0,0,0,1,1,0,0,7,722,Clear,Daylight,-79.4263,43.7051
1386526,10275,Driver,75 to 79,Minor,"Automobile, Station Wagon",Going Ahead,0,0,1,0,0,0,0,0,0,1,1,0,0,7,722,Clear,Daylight,-79.4263,43.7051
1340588,9778,Other,unknown,None,Other,Parked,0,0,1,0,0,0,0,0,0,0,0,0,0,21,2055,Clear,"Dark, artificial",-79.2944,43.8001
1340588,9779,Driver,70 to 74,Major,"Automobile, Station Wagon",Going Ahead,0,0,1,0,0,0,0,0,0,0,0,0,0,21,2055,Clear,"Dark, artificial",-79.2944,43.8001
1343587,9812,Driver,40 to 44,None,"Automobile, Station Wagon",Going Ahead,1,0,1,0,0,0,0,0,0,0,0,0,0,10,1039,Clear,Daylight,-79.3519,43.7813
1343587,9813,Pedestrian,80 to 84,Major,Other,NULL,1,0,1,0,0,0,0,0,0,0,0,0,0,10,1039,Clear,Daylight,-79.3519,43.7813
1345002,9725,Driver,55 to 59,Minimal,"Automobile, Station Wagon",Turning Right,1,0,1,0,0,0,0,0,0,1,0,0,0,20,2041,Clear,"Dark, artificial",-79.4863,43.7447
1345002,9726,Pedestrian,40 to 44,Major,Other,NULL,1,0,1,0,0,0,0,0,0,1,0,0,0,20,2041,Clear,"Dark, artificial",-79.4863,43.7447
1347299,9768,Driver,50 to 54,None,"Automobile, Station Wagon",Going Ahead,1,0,1,0,0,0,0,0,0,1,1,0,0,18,1830,Clear,"Dark, artificial",-79.448,43.6903
1347299,9769,Pedestrian,30 to 34,Major,Other,NULL,1,0,1,0,0,0,0,0,0,1,1,0,0,18,1830,Clear,"Dark, artificial",-79.448,43.6903
1350739,9174,Truck Driver,35 to 39,None,Truck-Tractor,Turning Right,0,1,0,0,1,0,0,0,0,0,0,0,0,13,1315,Clear,Daylight,-79.4039,43.6471
1350739,9175,Other,unknown,None,NULL,NULL,0,1,0,0,1,0,0,0,0,0,0,0,0,13,1315,Clear,Daylight,-79.4039,43.6471
1350739,9176,Cyclist,20 to 24,Major,Bicycle,Going Ahead,0,1,0,0,1,0,0,0,0,0,0,0,0,13,1315,Clear,Daylight,-79.4039,43.6471
1351718,9158,Driver,55 to 59,None,"Automobile, Station Wagon",Turning Left,1,0,1,0,0,0,0,0,0,1,0,0,0,21,2054,Rain,"Dark, artificial",-79.5707,43.6335
1351718,9159,Pedestrian,25 to 29,Major,Other,NULL,1,0,1,0,0,0,0,0,0,1,0,0,0,21,2054,Rain,"Dark, artificial",-79.5707,43.6335
1353658,9189,Driver,unknown,None,"Automobile, Station Wagon",Reversing,1,0,1,0,0,0,0,0,0,0,0,0,0,12,1232,Clear,Daylight,-79.3233,43.8192
1353658,9190,Pedestrian,70 to 74,Major,Other,NULL,1,0,1,0,0,0,0,0,0,0,0,0,0,12,1232,Clear,Daylight,-79.3233,43.8192
1354394,9206,Driver,unknown,None,"Automobile, Station Wagon",Going Ahead,0,1,1,0,0,0,0,0,0,1,0,0,0,23,2259,Clear,Dark,-79.4396,43.6589
1354394,9207,Cyclist,35 to 39,Major,Bicycle,Going Ahead,0,1,1,0,0,0,0,0,0,1,0,0,0,23,2259,Clear,Dark,-79.4396,43.6589
1355187,9704,Driver,35 to 39,None,Municipal Transit Bus (TTC),Going Ahead,0,1,0,0,0,1,0,0,0,0,0,0,0,21,2100,Clear,"Dark, artificial",-79.1895,43.7676
1355187,9705,Cyclist,10 to 14,Major,Bicycle,Going Ahead,0,1,0,0,0,1,0,0,0,0,0,0,0,21,2100,Clear,"Dark, artificial",-79.1895,43.7676
1357700,9675,Driver,20 to 24,None,"Automobile, Station Wagon",Going Ahead,1,0,1,0,0,0,0,0,0,0,0,0,0,13,1314,Clear,Daylight,-79.3732,43.6537
1357700,9676,Pedestrian,35 to 39,Major,Other,NULL,1,0,1,0,0,0,0,0,0,0,0,0,0,13,1314,Clear,Daylight,-79.3732,43.6537
1361069,9845,Driver,80 to 84,None,"Automobile, Station Wagon",Turning Left,1,0,1,0,0,0,0,0,0,1,0,0,0,19,1924,Clear,Daylight,-79.2323,43.7251
1361069,9846,Pedestrian,45 to 49,Major,Other,NULL,1,0,1,0,0,0,0,0,0,1,0,0,0,19,1924,Clear,Daylight,-79.2323,43.7251
1363450,9233,Driver,50 to 54,Minor,"Automobile, Station Wagon",Changing Lanes,0,0,1,0,0,0,0,1,0,0,0,0,0,13,1258,Rain,Daylight,-79.2748,43.6971
1363450,9234,Passenger,50 to 54,Minor,Other,NULL,0,0,1,0,0,0,0,1,0,0,0,0,0,13,1258,Rain,Daylight,-79.2748,43.6971
1363450,9235,Passenger,5 to 9,Minimal,Other,NULL,0,0,1,0,0,0,0,1,0,0,0,0,0,13,1258,Rain,Daylight,-79.2748,43.6971
1363450,9236,Passenger,5 to 9,Minor,Other,NULL,0,0,1,0,0,0,0,1,0,0,0,0,0,13,1258,Rain,Daylight,-79.2748,43.6971
1363450,9237,Passenger,5 to 9,Minor,Other,NULL,0,0,1,0,0,0,0,1,0,0,0,0,0,13,1258,Rain,Daylight,-79.2748,43.6971
1363450,9240,Driver,50 to 54,Minimal,"Automobile, Station Wagon",Going Ahead,0,0,1,0,0,0,0,1,0,0,0,0,0,13,1258,Rain,Daylight,-79.2748,43.6971
1363450,9238,Passenger,45 to 49,Major,Other,NULL,0,0,1,0,0,0,0,1,0,0,0,0,0,13,1258,Rain,Daylight,-79.2748,43.6971
1363450,9239,Passenger,10 to 14,Minor,Other,NULL,0,0,1,0,0,0,0,1,0,0,0,0,0,13,1258,Rain,Daylight,-79.2748,43.6971
1363452,9271,Driver,35 to 39,None,"Automobile, Station Wagon",Turning Right,0,1,1,0,0,0,0,0,0,0,0,0,0,10,1040,Clear,Daylight,-79.3869,43.6399
1363452,9272,Cyclist,50 to 54,Major,Bicycle,Going Ahead,0,1,1,0,0,0,0,0,0,0,0,0,0,10,1040,Clear,Daylight,-79.3869,43.6399
1364079,9569,Driver,55 to 59,None,"Automobile, Station Wagon",Going Ahead,1,0,1,0,0,0,0,0,0,0,0,0,0,22,2248,Clear,"Dark, artificial",-79.2453,43.7555
1364079,9570,Pedestrian,75 to 79,Fatal,NULL,NULL,1,0,1,0,0,0,0,0,0,0,0,0,0,22,2248,Clear,"Dark, artificial",-79.2453,43.7555
1365020,9274,Driver,20 to 24,None,Other,Going Ahead,0,0,1,0,0,0,0,1,1,1,0,0,0,15,1540,Clear,Daylight,-79.4289,43.67
1365020,9275,Passenger,45 to 49,Major,Other,NULL,0,0,1,0,0,0,0,1,1,1,0,0,0,15,1540,Clear,Daylight,-79.4289,43.67
1365020,9277,Driver,35 to 39,None,"Automobile, Station Wagon",Turning Left,0,0,1,0,0,0,0,1,1,1,0,0,0,15,1540,Clear,Daylight,-79.4289,43.67
1365622,9278,Driver,60 to 64,None,"Automobile, Station Wagon",Turning Right,1,0,1,0,0,0,0,0,0,1,0,0,0,18,1815,Clear,Daylight,-79.4808,43.7211
1365622,9279,Pedestrian,70 to 74,Major,Other,NULL,1,0,1,0,0,0,0,0,0,1,0,0,0,18,1815,Clear,Daylight,-79.4808,43.7211
1366092,9295,Motorcycle Driver,15 to 19,Major,Motorcycle,Going Ahead,0,0,1,1,0,0,0,0,0,0,0,0,0,22,2230,Clear,"Dark, artificial",-79.5381,43.5933
1366092,9296,Driver,55 to 59,None,"Automobile, Station Wagon",Turning Left,0,0,1,1,0,0,0,0,0,0,0,0,0,22,2230,Clear,"Dark, artificial",-79.5381,43.5933
1366215,9297,Driver,85 to 89,None,"Automobile, Station Wagon",Making U Turn,1,0,1,0,0,0,0,0,0,0,0,0,0,18,1800,Clear,Daylight,-79.3484,43.6782
1366215,9298,Pedestrian,75 to 79,Major,Other,NULL,1,0,1,0,0,0,0,0,0,0,0,0,0,18,1800,Clear,Daylight,-79.3484,43.6782
1366519,9309,Driver,45 to 49,None,"Automobile, Station Wagon",Going Ahead,1,0,1,0,0,0,0,0,0,0,0,0,0,9,900,Clear,Daylight,-79.285,43.6833
1366519,9310,Pedestrian,15 to 19,Major,Other,NULL,1,0,1,0,0,0,0,0,0,0,0,0,0,9,900,Clear,Daylight,-79.285,43.6833
1367728,9014,Driver,35 to 39,None,Municipal Transit Bus (TTC),Going Ahead,1,0,0,0,0,1,0,0,0,0,0,0,0,13,1326,Clear,Daylight,-79.3992,43.6558
1367728,9015,Pedestrian,65 to 69,Major,Other,NULL,1,0,0,0,0,1,0,0,0,0,0,0,0,13,1326,Clear,Daylight,-79.3992,43.6558
1368998,9822,Motorcycle Driver,20 to 24,Major,Motorcycle,Going Ahead,0,0,1,1,0,0,0,1,0,1,0,0,0,21,2122,Clear,"Dark, artificial",-79.482,43.7266
1368998,9823,Passenger,15 to 19,Minimal,Other,NULL,0,0,1,1,0,0,0,1,0,1,0,0,0,21,2122,Clear,"Dark, artificial",-79.482,43.7266
1368998,9824,Driver,20 to 24,None,"Automobile, Station Wagon",Turning Left,0,0,1,1,0,0,0,1,0,1,0,0,0,21,2122,Clear,"Dark, artificial",-79.482,43.7266
1369859,9837,Driver,70 to 74,None,"Automobile, Station Wagon",Turning Left,1,0,1,0,0,0,0,0,0,1,0,0,0,10,950,Rain,Daylight,-79.431,43.725
1369859,9838,Pedestrian,90 to 94,Major,Other,NULL,1,0,1,0,0,0,0,0,0,1,0,0,0,10,950,Rain,Daylight,-79.431,43.725
1369861,9073,Driver,unknown,None,"Automobile, Station Wagon",Turning Right,1,0,1,0,0,0,0,0,0,1,0,0,0,3,255,Clear,"Dark, artificial",-79.4911,43.6657
1369861,9074,Pedestrian,20 to 24,Major,Other,NULL,1,0,1,0,0,0,0,0,0,1,0,0,0,3,255,Clear,"Dark, artificial",-79.4911,43.6657
1369968,9103,Driver,55 to 59,None,"Automobile, Station Wagon",Going Ahead,1,0,1,0,0,0,0,0,0,0,0,0,0,21,2055,Clear,Dark,-79.4431,43.7742
1369968,9104,Pedestrian,75 to 79,Major,Other,NULL,1,0,1,0,0,0,0,0,0,0,0,0,0,21,2055,Clear,Dark,-79.4431,43.7742
1371165,9848,Driver,30 to 34,None,"Automobile, Station Wagon",Going Ahead,1,0,1,0,0,0,0,0,0,0,0,0,0,15,1516,Clear,Daylight,-79.2894,43.7857
1371165,9849,Pedestrian,55 to 59,Major,Other,NULL,1,0,1,0,0,0,0,0,0,0,0,0,0,15,1516,Clear,Daylight,-79.2894,43.7857
1371397,9862,Passenger,15 to 19,Major,Other,NULL,0,0,1,0,0,0,0,1,0,0,0,0,0,12,1230,Clear,Daylight,-79.2236,43.7957
1371397,9863,Driver,15 to 19,None,"Automobile, Station Wagon",Going Ahead,0,0,1,0,0,0,0,1,0,0,0,0,0,12,1230,Clear,Daylight,-79.2236,43.7957
1372001,9392,Driver,70 to 74,None,"Automobile, Station Wagon",Going Ahead,1,0,1,0,0,0,0,0,0,0,0,0,0,18,1840,Clear,Daylight,-79.4424,43.6394
1372001,9393,Pedestrian,70 to 74,Fatal,NULL,NULL,1,0,1,0,0,0,0,0,0,0,0,0,0,18,1840,Clear,Daylight,-79.4424,43.6394
1372876,9895,Driver,40 to 44,None,"Automobile, Station Wagon",Going Ahead,1,0,1,0,0,0,0,0,0,1,0,0,0,15,1535,Clear,Daylight,-79.3751,43.7983
1372876,9896,Pedestrian,10 to 14,Major,Other,NULL,1,0,1,0,0,0,0,0,0,1,0,0,0,15,1535,Clear,Daylight,-79.3751,43.7983
1374005,10263,Motorcycle Driver,35 to 39,Fatal,Motorcycle,Going Ahead,0,0,0,1,0,0,0,0,1,1,0,0,0,2,205,Clear,"Dark, artificial",-79.3601,43.6701
1376445,10305,Driver,70 to 74,Major,"Automobile, Station Wagon",Going Ahead,0,0,1,0,0,0,0,0,0,0,0,0,1,16,1621,Rain,Daylight,-79.5113,43.6183
1376445,10306,Driver,50 to 54,None,"Automobile, Station Wagon",Turning Right,0,0,1,0,0,0,0,0,0,0,0,0,1,16,1621,Rain,Daylight,-79.5113,43.6183
1377456,9598,Motorcycle Driver,20 to 24,Major,Motorcycle,Going Ahead,0,0,1,1,0,0,0,0,0,1,0,0,0,14,1355,Clear,Daylight,-79.3019,43.8121
1377456,9599,Driver,20 to 24,None,"Automobile, Station Wagon",Turning Left,0,0,1,1,0,0,0,0,0,1,0,0,0,14,1355,Clear,Daylight,-79.3019,43.8121
1379687,9622,Passenger,20 to 24,Major,Other,NULL,0,0,0,0,0,1,0,1,0,0,0,0,0,18,1830,Clear,Daylight,-79.2251,43.7417
1379687,9003,Driver,50 to 54,None,Municipal Transit Bus (TTC),Pulling Away from Shoulder or Curb,0,0,0,0,0,1,0,1,0,0,0,0,0,18,1830,Clear,Daylight,-79.2251,43.7417
1382461,9338,Driver,75 to 79,None,"Automobile, Station Wagon",Turning Left,1,0,1,0,0,0,0,0,0,1,0,0,0,11,1140,Clear,Daylight,-79.1828,43.7691
1382461,9339,Pedestrian,80 to 84,Major,Other,NULL,1,0,1,0,0,0,0,0,0,1,0,0,0,11,1140,Clear,Daylight,-79.1828,43.7691
4002717713,10580,Passenger,55 to 59,None,NULL,NULL,0,0,1,0,0,1,0,1,0,1,1,0,0,1,51,Clear,"Dark, artificial",-79.5686,43.7462
4002717713,10564,Driver,35 to 39,None,"Bus (Other) (Go Bus, Gray Coach)",Going Ahead,0,0,1,0,0,1,0,1,0,1,1,0,0,1,51,Clear,"Dark, artificial",-79.5686,43.7462
4002717713,10565,Passenger,25 to 29,Minimal,NULL,NULL,0,0,1,0,0,1,0,1,0,1,1,0,0,1,51,Clear,"Dark, artificial",-79.5686,43.7462
4002717713,10566,Passenger,20 to 24,None,NULL,NULL,0,0,1,0,0,1,0,1,0,1,1,0,0,1,51,Clear,"Dark, artificial",-79.5686,43.7462
4002717713,10567,Passenger,25 to 29,None,NULL,NULL,0,0,1,0,0,1,0,1,0,1,1,0,0,1,51,Clear,"Dark, artificial",-79.5686,43.7462
4002717713,10569,Passenger,20 to 24,None,NULL,NULL,0,0,1,0,0,1,0,1,0,1,1,0,0,1,51,Clear,"Dark, artificial",-79.5686,43.7462
4002717713,10570,Passenger,25 to 29,None,NULL,NULL,0,0,1,0,0,1,0,1,0,1,1,0,0,1,51,Clear,"Dark, artificial",-79.5686,43.7462