ACCNUM,ObjectId,INVTYPE,INVAGE,INJURY,VEHTYPE,MANOEUVER,PEDESTRIAN,CYCLIST,AUTOMOBILE,MOTORCYCLE,TRUCK,TRSN_CITY_VEH,EMERG_VEH,PASSENGER,SPEEDING,AG_DRIV,REDLIGHT,ALCOHOL,DISABILITY,HOUR,TIME,VISIBILITY,LIGHT,collision_lat,collision_long
4002717713,10571,Passenger,25 to 29,None,NULL,NULL,0,0,1,0,0,1,0,1,0,1,1,0,0,1,51,Clear,"Dark, artificial",-79.5686,43.7462
4002717713,10572,Passenger,20 to 24,None,NULL,NULL,0,0,1,0,0,1,0,1,0,1,1,0,0,1,51,Clear,"Dark, artificial",-79.5686,43.7462
4002721774,10581,Driver,40 to 44,None,Passenger Van,Turning Left,0,0,1,1,0,0,0,1,0,0,0,0,0,16,1645,Clear,Daylight,-79.4237,43.657
4002721774,10582,Motorcycle Driver,30 to 34,Major,Motorcycle,Going Ahead,0,0,1,1,0,0,0,1,0,0,0,0,0,16,1645,Clear,Daylight,-79.4237,43.657
4002721774,10583,Passenger,50 to 54,None,NULL,NULL,0,0,1,1,0,0,0,1,0,0,0,0,0,16,1645,Clear,Daylight,-79.4237,43.657
4002721774,10584,Passenger,45 to 49,Minimal,NULL,NULL,0,0,1,1,0,0,0,1,0,0,0,0,0,16,1645,Clear,Daylight,-79.4237,43.657
4002721774,10585,Passenger,5 to 9,Minimal,NULL,NULL,0,0,1,1,0,0,0,1,0,0,0,0,0,16,1645,Clear,Daylight,-79.4237,43.657
4002721774,10586,Passenger,35 to 39,Minimal,NULL,NULL,0,0,1,1,0,0,0,1,0,0,0,0,0,16,1645,Clear,Daylight,-79.4237,43.657
4002804562,10631,Driver,unknown,None,Passenger Van,Going Ahead,1,0,1,0,0,0,0,0,0,0,0,0,0,5,459,Clear,"Dark, artificial",-79.4765,43.6705
4002804562,10632,Pedestrian,30 to 34,Fatal,NULL,NULL,1,0,1,0,0,0,0,0,0,0,0,0,0,5,459,Clear,"Dark, artificial",-79.4765,43.6705
4002817424,10639,Driver,30 to 34,None,Municipal Transit Bus (TTC),Going Ahead,0,0,0,0,0,1,0,1,0,0,0,0,0,1,147,Clear,"Dark, artificial",-79.2198,43.7429
4002817424,10640,Passenger,30 to 34,Fatal,NULL,NULL,0,0,0,0,0,1,0,1,0,0,0,0,0,1,147,Clear,"Dark, artificial",-79.2198,43.7429
4002915951,11754,Driver,25 to 29,Major,"Automobile, Station Wagon",Overtaking,0,0,1,0,0,0,0,0,1,1,0,0,0,17,1655,Rain,Daylight,-79.6199,43.7236
4002915951,11757,Driver,30 to 34,Minor,"Automobile, Station Wagon",Going Ahead,0,0,1,0,0,0,0,0,1,1,0,0,0,17,1655,Rain,Daylight,-79.6199,43.7236
4002919707,11853,Truck Driver,50 to 54,Major,Truck (other),Going Ahead,0,0,0,0,1,0,0,0,1,1,0,0,0,9,932,Clear,Daylight,-79.3377,43.7002
4003072697,11898,Truck Driver,30 to 34,None,Truck - Open,Turning Left,1,0,0,0,1,0,0,0,0,1,0,0,0,12,1240,Clear,Daylight,-79.3471,43.7616
4003072697,11899,Pedestrian,50 to 54,Major,NULL,NULL,1,0,0,0,1,0,0,0,0,1,0,0,0,12,1240,Clear,Daylight,-79.3471,43.7616
4003192512,11264,Driver,45 to 49,None,"Automobile, Station Wagon",Turning Right,0,1,1,0,0,0,0,0,0,0,0,0,0,15,1515,Other,Daylight,-79.302,43.7233
4003192512,11265,Cyclist,70 to 74,Fatal,Bicycle,Going Ahead,0,1,1,0,0,0,0,0,0,0,0,0,0,15,1515,Other,Daylight,-79.302,43.7233
4003506049,11620,Driver,35 to 39,None,Street Car,Going Ahead,0,0,1,0,0,1,0,0,0,0,0,0,0,0,2,Clear,"Dark, artificial",-79.4439,43.6508
4003506049,11619,Driver,40 to 44,Major,"Automobile, Station Wagon",Going Ahead,0,0,1,0,0,1,0,0,0,0,0,0,0,0,2,Clear,"Dark, artificial",-79.4439,43.6508
4003521992,11628,Driver,55 to 59,None,"Automobile, Station Wagon",Overtaking,0,1,1,0,0,0,0,1,0,1,0,0,0,14,1410,Clear,Daylight,-79.4256,43.6619
4003521992,11629,Cyclist,25 to 29,Major,Bicycle,Going Ahead,0,1,1,0,0,0,0,1,0,1,0,0,0,14,1410,Clear,Daylight,-79.4256,43.6619
4003521992,11630,Passenger,55 to 59,None,NULL,NULL,0,1,1,0,0,0,0,1,0,1,0,0,0,14,1410,Clear,Daylight,-79.4256,43.6619
4003549384,11648,Driver,25 to 29,None,"Automobile, Station Wagon",Turning Left,0,0,1,0,0,0,0,1,0,0,0,0,0,22,2150,Clear,"Dark, artificial",-79.2751,43.8309
4003549384,11649,Driver,40 to 44,None,"Automobile, Station Wagon",Stopped,0,0,1,0,0,0,0,1,0,0,0,0,0,22,2150,Clear,"Dark, artificial",-79.2751,43.8309
4003549384,11650,Driver,50 to 54,None,"Automobile, Station Wagon",Stopped,0,0,1,0,0,0,0,1,0,0,0,0,0,22,2150,Clear,"Dark, artificial",-79.2751,43.8309
4003549384,11651,Passenger,30 to 34,None,NULL,NULL,0,0,1,0,0,0,0,1,0,0,0,0,0,22,2150,Clear,"Dark, artificial",-79.2751,43.8309
4003549384,11652,Passenger,40 to 44,Major,NULL,NULL,0,0,1,0,0,0,0,1,0,0,0,0,0,22,2150,Clear,"Dark, artificial",-79.2751,43.8309
4003549384,11653,Passenger,5 to 9,None,NULL,NULL,0,0,1,0,0,0,0,1,0,0,0,0,0,22,2150,Clear,"Dark, artificial",-79.2751,43.8309
4003564717,11441,Pedestrian,65 to 69,Major,NULL,NULL,1,0,1,0,0,0,0,0,0,1,0,0,0,0,22,Clear,"Dark, artificial",-79.1687,43.7845
4003564717,11128,Driver,40 to 44,None,"Automobile, Station Wagon",Turning Left,1,0,1,0,0,0,0,0,0,1,0,0,0,0,22,Clear,"Dark, artificial",-79.1687,43.7845
4008024139,10744,Driver,40 to 44,None,"Automobile, Station Wagon",Turning Right,0,1,1,0,0,0,0,0,0,1,0,0,0,16,1600,Clear,Daylight,-79.4872,43.7832
4008024139,10745,Cyclist,55 to 59,Major,Bicycle,Going Ahead,0,1,1,0,0,0,0,0,0,1,0,0,0,16,1600,Clear,Daylight,-79.4872,43.7832
5000009507,11568,Driver,40 to 44,None,"Automobile, Station Wagon",Turning Left,0,0,1,0,0,0,0,1,0,0,0,0,0,18,1830,Clear,"Dark, artificial",-79.388,43.7665
5000009507,11573,Driver,45 to 49,Major,"Automobile, Station Wagon",Going Ahead,0,0,1,0,0,0,0,1,0,0,0,0,0,18,1830,Clear,"Dark, artificial",-79.388,43.7665
5000009507,11665,Passenger,20 to 24,Minimal,NULL,NULL,0,0,1,0,0,0,0,1,0,0,0,0,0,18,1830,Clear,"Dark, artificial",-79.388,43.7665
5000009507,11661,Passenger,5 to 9,None,NULL,NULL,0,0,1,0,0,0,0,1,0,0,0,0,0,18,1830,Clear,"Dark, artificial",-79.388,43.7665
5000009507,11668,Passenger,20 to 24,Minimal,NULL,NULL,0,0,1,0,0,0,0,1,0,0,0,0,0,18,1830,Clear,"Dark, artificial",-79.388,43.7665
5000009507,11672,Passenger,40 to 44,None,NULL,NULL,0,0,1,0,0,0,0,1,0,0,0,0,0,18,1830,Clear,"Dark, artificial",-79.388,43.7665
5000047040,11597,Driver,75 to 79,None,"Automobile, Station Wagon",Turning Left,1,0,1,0,0,0,0,0,0,1,0,0,0,17,1700,Clear,"Dark, artificial",-79.3864,43.6981
5000047040,11598,Pedestrian,65 to 69,Major,NULL,NULL,1,0,1,0,0,0,0,0,0,1,0,0,0,17,1700,Clear,"Dark, artificial",-79.3864,43.6981
5000232686,11958,Driver,50 to 54,None,"Automobile, Station Wagon",Going Ahead,1,0,1,0,0,0,0,1,0,1,0,0,0,6,617,Clear,"Dark, artificial",-79.3398,43.679
5000232686,11959,Passenger,55 to 59,None,NULL,NULL,1,0,1,0,0,0,0,1,0,1,0,0,0,6,617,Clear,"Dark, artificial",-79.3398,43.679
5000232686,11960,Pedestrian,20 to 24,Major,NULL,NULL,1,0,1,0,0,0,0,1,0,1,0,0,0,6,617,Clear,"Dark, artificial",-79.3398,43.679
5000260881,11961,Driver,45 to 49,None,Municipal Transit Bus (TTC),Going Ahead,0,0,0,0,0,1,0,1,0,0,0,0,0,15,1516,Other,Daylight,-79.5006,43.6215
5000260881,11962,Passenger,75 to 79,Fatal,NULL,NULL,0,0,0,0,0,1,0,1,0,0,0,0,0,15,1516,Other,Daylight,-79.5006,43.6215
5000359442,11986,Truck Driver,20 to 24,Major,"Truck - Closed (Blazer, etc)",Going Ahead,1,0,0,0,1,0,0,0,0,0,0,0,0,11,1104,Clear,Daylight,-79.2334,43.7807
5000359442,11987,Pedestrian,15 to 19,None,NULL,NULL,1,0,0,0,1,0,0,0,0,0,0,0,0,11,1104,Clear,Daylight,-79.2334,43.7807
5000406927,11996,Pedestrian,85 to 89,Fatal,NULL,NULL,1,0,1,0,0,0,0,0,0,0,0,0,0,6,645,Clear,"Dawn, artificial",-79.3327,43.6892
5000406927,11997,Driver,75 to 79,None,"Automobile, Station Wagon",Going Ahead,1,0,1,0,0,0,0,0,0,0,0,0,0,6,645,Clear,"Dawn, artificial",-79.3327,43.6892
5000415624,11122,Motorcycle Driver,45 to 49,Major,Motorcycle,Slowing or Stopping,0,0,1,1,0,0,0,0,0,1,0,0,0,13,1331,Clear,Daylight,-79.3367,43.7617
5000415624,11123,Driver,60 to 64,None,"Automobile, Station Wagon",Going Ahead,0,0,1,1,0,0,0,0,0,1,0,0,0,13,1331,Clear,Daylight,-79.3367,43.7617
5000466893,11141,Pedestrian,85 to 89,Fatal,NULL,NULL,1,0,1,0,0,0,0,0,0,0,0,0,0,1,58,Clear,Dark,-79.3435,43.6925
5000466893,11142,Driver,25 to 29,None,"Automobile, Station Wagon",Reversing,1,0,1,0,0,0,0,0,0,0,0,0,0,1,58,Clear,Dark,-79.3435,43.6925
5000518760,11138,Driver,unknown,None,"Automobile, Station Wagon",Going Ahead,1,0,1,0,0,0,0,0,0,1,0,0,0,16,1645,Clear,Daylight,-79.4192,43.7946
5000518760,11139,Pedestrian,75 to 79,Minor,NULL,NULL,1,0,1,0,0,0,0,0,0,1,0,0,0,16,1645,Clear,Daylight,-79.4192,43.7946
5000518760,11140,Pedestrian,80 to 84,Fatal,NULL,NULL,1,0,1,0,0,0,0,0,0,1,0,0,0,16,1645,Clear,Daylight,-79.4192,43.7946
5000542079,11160,Driver,15 to 19,Minor,"Automobile, Station Wagon",Going Ahead,0,0,1,0,0,0,0,1,0,0,0,0,0,16,1615,Clear,Daylight,-79.5329,43.6663
5000542079,11161,Driver,35 to 39,Minimal,"Automobile, Station Wagon",Stopped,0,0,1,0,0,0,0,1,0,0,0,0,0,16,1615,Clear,Daylight,-79.5329,43.6663
5000542079,11162,Passenger,45 to 49,Major,NULL,NULL,0,0,1,0,0,0,0,1,0,0,0,0,0,16,1615,Clear,Daylight,-79.5329,43.6663
5000560313,11182,Driver,35 to 39,None,Street Car,Slowing or Stopping,1,0,0,0,0,1,0,0,0,0,0,0,0,20,2010,Rain,"Dark, artificial",-79.3527,43.6658
5000560313,11183,Pedestrian,60 to 64,Fatal,NULL,NULL,1,0,0,0,0,1,0,0,0,0,0,0,0,20,2010,Rain,"Dark, artificial",-79.3527,43.6658
5000591639,11198,Pedestrian,45 to 49,Major,NULL,NULL,1,0,1,0,0,0,0,0,0,0,0,0,0,12,1154,Clear,Daylight,-79.2967,43.6892
5000591639,11196,Driver,80 to 84,None,"Automobile, Station Wagon",Going Ahead,1,0,1,0,0,0,0,0,0,0,0,0,0,12,1154,Clear,Daylight,-79.2967,43.6892
5000591639,11197,Driver,45 to 49,None,"Automobile, Station Wagon",Parked,1,0,1,0,0,0,0,0,0,0,0,0,0,12,1154,Clear,Daylight,-79.2967,43.6892
5000613755,11202,Pedestrian,25 to 29,Major,NULL,NULL,1,0,1,0,0,0,0,0,0,0,0,0,0,1,115,Clear,"Dark, artificial",-79.4951,43.6259
5000666173,11219,Passenger,15 to 19,Major,NULL,NULL,0,0,1,0,0,0,0,1,1,1,0,0,0,14,1402,Clear,Daylight,-79.303,43.7942
5000666173,11221,Passenger,15 to 19,None,NULL,NULL,0,0,1,0,0,0,0,1,1,1,0,0,0,14,1402,Clear,Daylight,-79.303,43.7942
5000666173,11231,Passenger,15 to 19,None,NULL,NULL,0,0,1,0,0,0,0,1,1,1,0,0,0,14,1402,Clear,Daylight,-79.303,43.7942
5000666173,11114,Driver,20 to 24,Minimal,"Automobile, Station Wagon",Turning Left,0,0,1,0,0,0,0,1,1,1,0,0,0,14,1402,Clear,Daylight,-79.303,43.7942
5000760761,11780,Driver,25 to 29,None,"Automobile, Station Wagon",Going Ahead,1,0,1,0,0,0,0,0,0,0,0,0,0,16,1631,Clear,Daylight,-79.2246,43.7577
5000760761,11781,Pedestrian,15 to 19,Major,NULL,NULL,1,0,1,0,0,0,0,0,0,0,0,0,0,16,1631,Clear,Daylight,-79.2246,43.7577
5000760761,11782,Pedestrian,15 to 19,Major,NULL,NULL,1,0,1,0,0,0,0,0,0,0,0,0,0,16,1631,Clear,Daylight,-79.2246,43.7577
5000804946,11791,Driver,45 to 49,None,"Automobile, Station Wagon",Turning Left,0,1,1,0,0,0,0,1,0,0,0,0,0,15,1538,Clear,Daylight,-79.405,43.6867
5000804946,11792,Cyclist,20 to 24,Major,Bicycle,Going Ahead,0,1,1,0,0,0,0,1,0,0,0,0,0,15,1538,Clear,Daylight,-79.405,43.6867
142510103,10871,Pedestrian,5 to 9,Fatal,NULL,NULL,1,0,1,0,0,0,0,0,0,1,0,0,0,16,1615,Clear,Daylight,-79.3681,43.7047
142723300,10595,Driver,40 to 44,None,"Automobile, Station Wagon",Turning Left,1,0,1,0,0,0,0,1,0,1,0,0,0,23,2306,Clear,"Dark, artificial",-79.2969,43.7022
142723300,10596,Passenger,10 to 14,None,NULL,NULL,1,0,1,0,0,0,0,1,0,1,0,0,0,23,2306,Clear,"Dark, artificial",-79.2969,43.7022
142723300,10597,Pedestrian,60 to 64,Fatal,NULL,NULL,1,0,1,0,0,0,0,1,0,1,0,0,0,23,2306,Clear,"Dark, artificial",-79.2969,43.7022
142879736,11454,Truck Driver,30 to 34,None,Truck - Dump,Reversing,1,0,0,0,1,0,0,0,0,0,0,0,0,6,620,Clear,"Dark, artificial",-79.3798,43.6553
142879736,11460,Pedestrian,25 to 29,Fatal,NULL,NULL,1,0,0,0,1,0,0,0,0,0,0,0,0,6,620,Clear,"Dark, artificial",-79.3798,43.6553
142937129,11856,Driver,60 to 64,None,Street Car,Going Ahead,1,0,0,0,0,1,0,0,0,0,0,0,0,20,2001,Clear,"Dark, artificial",-79.3967,43.6875
142937129,11857,Pedestrian,75 to 79,Fatal,NULL,NULL,1,0,0,0,0,1,0,0,0,0,0,0,0,20,2001,Clear,"Dark, artificial",-79.3967,43.6875
142962876,11863,Driver,25 to 29,None,"Automobile, Station Wagon",Going Ahead,1,0,1,0,0,0,0,0,0,1,0,0,0,21,2059,Clear,"Dark, artificial",-79.4347,43.6374
142962876,11864,Pedestrian,35 to 39,Fatal,NULL,NULL,1,0,1,0,0,0,0,0,0,1,0,0,0,21,2059,Clear,"Dark, artificial",-79.4347,43.6374
143015764,11879,Driver,45 to 49,None,Street Car,Slowing or Stopping,1,0,0,0,0,1,0,0,0,0,0,0,0,16,1608,Clear,Daylight,-79.4685,43.6723
143015764,11880,Pedestrian,70 to 74,Fatal,NULL,NULL,1,0,0,0,0,1,0,0,0,0,0,0,0,16,1608,Clear,Daylight,-79.4685,43.6723
3000936141,10077,Driver,55 to 59,None,Passenger Van,Going Ahead,0,0,1,0,0,0,0,1,0,0,0,0,0,18,1813,Clear,"Dark, artificial",-79.4468,43.6385
3000936141,10078,Passenger,65 to 69,Major,NULL,NULL,0,0,1,0,0,0,0,1,0,0,0,0,0,18,1813,Clear,"Dark, artificial",-79.4468,43.6385
3000936395,10079,Driver,45 to 49,None,"Automobile, Station Wagon",Turning Left,1,0,1,0,0,0,0,0,0,1,0,0,0,19,1900,Clear,"Dark, artificial",-79.3871,43.6643
3000936395,10080,Pedestrian,25 to 29,Major,NULL,NULL,1,0,1,0,0,0,0,0,0,1,0,0,0,19,1900,Clear,"Dark, artificial",-79.3871,43.6643
3000986891,10096,Driver,60 to 64,None,"Automobile, Station Wagon",Going Ahead,1,0,1,0,0,0,0,0,0,0,0,0,0,4,412,Rain,"Dark, artificial",-79.447,43.6682
3000986891,10097,Pedestrian,25 to 29,Major,NULL,NULL,1,0,1,0,0,0,0,0,0,0,0,0,0,4,412,Rain,"Dark, artificial",-79.447,43.6682
3000989119,10098,Driver,60 to 64,Major,"Automobile, Station Wagon",Going Ahead,0,0,1,0,0,0,0,1,0,1,1,0,0,15,1506,Clear,Daylight,-79.1687,43.8042
3000989119,10099,Driver,25 to 29,None,Passenger Van,Going Ahead,0,0,1,0,0,0,0,1,0,1,1,0,0,15,1506,Clear,Daylight,-79.1687,43.8042
3000989119,10100,Passenger,0 to 4,None,NULL,NULL,0,0,1,0,0,0,0,1,0,1,1,0,0,15,1506,Clear,Daylight,-79.1687,43.8042
3001022701,10356,Driver,25 to 29,Major,"Automobile, Station Wagon",Turning Left,0,0,1,0,0,0,0,0,1,1,0,0,0,1,130,Clear,"Dark, artificial",-79.4711,43.7278
3001129731,10401,Driver,40 to 44,None,"Automobile, Station Wagon",Going Ahead,1,0,1,0,0,0,0,0,0,0,0,0,0,1,135,Clear,"Dark, artificial",-79.3855,43.6487
3001129731,10402,Pedestrian,unknown,Major,"Automobile, Station Wagon",NULL,1,0,1,0,0,0,0,0,0,0,0,0,0,1,135,Clear,"Dark, artificial",-79.3855,43.6487
3001188681,10423,Driver,55 to 59,None,"Automobile, Station Wagon",Going Ahead,1,0,1,0,0,0,0,0,0,0,0,0,0,19,1919,Rain,"Dark, artificial",-79.37,43.8089
3001188681,10424,Driver,30 to 34,None,"Automobile, Station Wagon",Going Ahead,1,0,1,0,0,0,0,0,0,0,0,0,0,19,1919,Rain,"Dark, artificial",-79.37,43.8089
3001188681,10425,Pedestrian,25 to 29,Major,NULL,NULL,1,0,1,0,0,0,0,0,0,0,0,0,0,19,1919,Rain,"Dark, artificial",-79.37,43.8089
4001484501,10192,Driver,55 to 59,Major,"Automobile, Station Wagon",Going Ahead,0,0,1,0,0,0,0,1,1,1,0,0,0,8,806,Clear,Daylight,-79.4891,43.614
4001484501,10193,Driver,20 to 24,None,Pick Up Truck,Going Ahead,0,0,1,0,0,0,0,1,1,1,0,0,0,8,806,Clear,Daylight,-79.4891,43.614
4001484501,10194,Passenger,20 to 24,None,NULL,NULL,0,0,1,0,0,0,0,1,1,1,0,0,0,8,806,Clear,Daylight,-79.4891,43.614
4001645257,10658,Driver,40 to 44,None,"Automobile, Station Wagon",Making U Turn,0,0,1,0,0,0,0,1,0,1,0,0,0,15,1528,Clear,Daylight,-79.476,43.6817
4001645257,10660,Driver,25 to 29,Minimal,"Automobile, Station Wagon",Going Ahead,0,0,1,0,0,0,0,1,0,1,0,0,0,15,1528,Clear,Daylight,-79.476,43.6817
4001645257,10663,Passenger,20 to 24,Major,NULL,NULL,0,0,1,0,0,0,0,1,0,1,0,0,0,15,1528,Clear,Daylight,-79.476,43.6817
4001700272,10943,Pedestrian,55 to 59,Major,NULL,NULL,1,0,1,0,0,0,0,1,0,1,0,0,0,15,1545,Clear,Daylight,-79.3808,43.6414
4001700272,10941,Driver,20 to 24,None,"Automobile, Station Wagon",Turning Right,1,0,1,0,0,0,0,1,0,1,0,0,0,15,1545,Clear,Daylight,-79.3808,43.6414
4001700272,10942,Passenger,20 to 24,None,NULL,NULL,1,0,1,0,0,0,0,1,0,1,0,0,0,15,1545,Clear,Daylight,-79.3808,43.6414
4001787637,10972,Pedestrian,15 to 19,Major,NULL,NULL,1,0,1,0,0,0,0,0,0,0,0,0,0,2,247,Clear,"Dark, artificial",-79.4038,43.6666
4001858374,10014,Driver,45 to 49,None,"Automobile, Station Wagon",Turning Left,0,0,1,1,0,0,0,0,1,1,1,0,0,16,1604,Clear,Daylight,-79.3598,43.7145
4001858374,10116,Motorcycle Driver,35 to 39,Major,Motorcycle,Going Ahead,0,0,1,1,0,0,0,0,1,1,1,0,0,16,1604,Clear,Daylight,-79.3598,43.7145
4001910374,10992,Driver,20 to 24,None,"Automobile, Station Wagon",Parked,0,1,1,0,0,0,0,1,0,0,0,0,0,20,1955,Other,Daylight,-79.402,43.663
4001910374,10993,Cyclist,20 to 24,Major,Bicycle,Going Ahead,0,1,1,0,0,0,0,1,0,0,0,0,0,20,1955,Other,Daylight,-79.402,43.663
4001910374,10994,Passenger,50 to 54,None,NULL,NULL,0,1,1,0,0,0,0,1,0,0,0,0,0,20,1955,Other,Daylight,-79.402,43.663
4001938263,10777,Driver,25 to 29,None,"Automobile, Station Wagon",Reversing,1,0,1,0,0,0,0,0,0,0,0,0,0,17,1700,Clear,Daylight,-79.3719,43.6485
4001938263,10778,Pedestrian,40 to 44,Major,NULL,NULL,1,0,1,0,0,0,0,0,0,0,0,0,0,17,1700,Clear,Daylight,-79.3719,43.6485
4001997279,10795,Driver,20 to 24,Minor,"Automobile, Station Wagon",Going Ahead,0,0,1,0,0,0,0,1,1,1,0,1,0,22,2244,Clear,"Dark, artificial",-79.5374,43.7314
4001997279,10796,Driver,30 to 34,Minor,"Automobile, Station Wagon",Going Ahead,0,0,1,0,0,0,0,1,1,1,0,1,0,22,2244,Clear,"Dark, artificial",-79.5374,43.7314
4001997279,10797,Passenger,30 to 34,Major,NULL,NULL,0,0,1,0,0,0,0,1,1,1,0,1,0,22,2244,Clear,"Dark, artificial",-79.5374,43.7314
4001997279,10798,Passenger,30 to 34,Minor,NULL,NULL,0,0,1,0,0,0,0,1,1,1,0,1,0,22,2244,Clear,"Dark, artificial",-79.5374,43.7314
4001997279,10799,Passenger,25 to 29,Minor,NULL,NULL,0,0,1,0,0,0,0,1,1,1,0,1,0,22,2244,Clear,"Dark, artificial",-79.5374,43.7314
4001997279,10800,Passenger,55 to 59,Minor,NULL,NULL,0,0,1,0,0,0,0,1,1,1,0,1,0,22,2244,Clear,"Dark, artificial",-79.5374,43.7314
4002199465,10691,Driver,30 to 34,None,"Automobile, Station Wagon",Going Ahead,0,0,1,0,0,0,0,1,0,1,0,0,0,17,1747,Clear,Daylight,-79.2453,43.7554
4002199465,10692,Driver,65 to 69,None,"Automobile, Station Wagon",Stopped,0,0,1,0,0,0,0,1,0,1,0,0,0,17,1747,Clear,Daylight,-79.2453,43.7554
4002199465,10693,Driver,50 to 54,None,"Automobile, Station Wagon",Stopped,0,0,1,0,0,0,0,1,0,1,0,0,0,17,1747,Clear,Daylight,-79.2453,43.7554
4002199465,10694,Passenger,70 to 74,Major,NULL,NULL,0,0,1,0,0,0,0,1,0,1,0,0,0,17,1747,Clear,Daylight,-79.2453,43.7554
4002278513,10728,Driver,60 to 64,None,"Automobile, Station Wagon",Turning Left,0,0,1,1,0,0,0,0,0,1,0,0,0,21,2138,Clear,Dark,-79.2682,43.6894
4002278513,10729,Motorcycle Driver,40 to 44,Major,Motorcycle,Going Ahead,0,0,1,1,0,0,0,0,0,1,0,0,0,21,2138,Clear,Dark,-79.2682,43.6894
4002286061,10734,Driver,25 to 29,None,"Automobile, Station Wagon",Going Ahead,0,0,1,0,0,0,0,1,1,1,1,0,0,23,2308,Clear,Dark,-79.3607,43.8111
4002286061,10735,Driver,20 to 24,Minimal,"Automobile, Station Wagon",Turning Left,0,0,1,0,0,0,0,1,1,1,1,0,0,23,2308,Clear,Dark,-79.3607,43.8111
4002286061,10736,Passenger,35 to 39,Minimal,NULL,NULL,0,0,1,0,0,0,0,1,1,1,1,0,0,23,2308,Clear,Dark,-79.3607,43.8111
4002286061,10737,Passenger,55 to 59,Major,NULL,NULL,0,0,1,0,0,0,0,1,1,1,1,0,0,23,2308,Clear,Dark,-79.3607,43.8111
4002286061,10738,Passenger,20 to 24,Minimal,NULL,NULL,0,0,1,0,0,0,0,1,1,1,1,0,0,23,2308,Clear,Dark,-79.3607,43.8111
4002366263,10746,Passenger,25 to 29,None,NULL,NULL,0,1,1,0,0,0,0,1,0,1,0,0,0,19,1930,Clear,Daylight,-79.4247,43.6494
4002366263,10747,Driver,20 to 24,None,"Automobile, Station Wagon",Turning Left,0,1,1,0,0,0,0,1,0,1,0,0,0,19,1930,Clear,Daylight,-79.4247,43.6494
4002366263,10748,Cyclist,25 to 29,Major,Bicycle,Going Ahead,0,1,1,0,0,0,0,1,0,1,0,0,0,19,1930,Clear,Daylight,-79.4247,43.6494
4002581656,10881,Driver,20 to 24,None,"Automobile, Station Wagon",Turning Left,0,0,1,1,0,0,0,0,0,0,0,0,0,11,1120,Clear,Daylight,-79.2012,43.747
4002581656,10882,Motorcycle Driver,25 to 29,Major,Motorcycle,Going Ahead,0,0,1,1,0,0,0,0,0,0,0,0,0,11,1120,Clear,Daylight,-79.2012,43.747
4002809837,10633,Driver,25 to 29,None,"Automobile, Station Wagon",Turning Right,1,0,1,1,0,0,0,0,0,0,0,0,0,22,2240,Clear,"Dark, artificial",-79.4833,43.6685
4002809837,10634,Motorcycle Driver,20 to 24,Major,Motorcycle,Going Ahead,1,0,1,1,0,0,0,0,0,0,0,0,0,22,2240,Clear,"Dark, artificial",-79.4833,43.6685
4002809837,10635,Pedestrian,25 to 29,Minimal,NULL,NULL,1,0,1,1,0,0,0,0,0,0,0,0,0,22,2240,Clear,"Dark, artificial",-79.4833,43.6685
4002809837,10636,Pedestrian,25 to 29,Major,NULL,NULL,1,0,1,1,0,0,0,0,0,0,0,0,0,22,2240,Clear,"Dark, artificial",-79.4833,43.6685
4002857204,10647,Driver,20 to 24,Minor,"Automobile, Station Wagon",Going Ahead,0,0,1,0,0,0,0,1,1,1,0,0,0,17,1744,Clear,Daylight,-79.5516,43.6481
4002857204,10648,Driver,45 to 49,Major,"Automobile, Station Wagon",Turning Left,0,0,1,0,0,0,0,1,1,1,0,0,0,17,1744,Clear,Daylight,-79.5516,43.6481
4002857204,10649,Passenger,45 to 49,Major,NULL,NULL,0,0,1,0,0,0,0,1,1,1,0,0,0,17,1744,Clear,Daylight,-79.5516,43.6481
4002857204,10650,Passenger,10 to 14,Minor,NULL,NULL,0,0,1,0,0,0,0,1,1,1,0,0,0,17,1744,Clear,Daylight,-79.5516,43.6481
4002874669,11446,Pedestrian,80 to 84,Major,NULL,NULL,1,0,1,0,0,0,0,0,0,1,0,0,0,11,1115,Clear,Daylight,-79.4676,43.6632
4002874669,11438,Driver,55 to 59,None,Delivery Van,Turning Left,1,0,1,0,0,0,0,0,0,1,0,0,0,11,1115,Clear,Daylight,-79.4676,43.6632
4002973211,11866,Driver,75 to 79,Major,"Automobile, Station Wagon",Going Ahead,0,0,1,0,0,0,0,0,1,1,0,0,0,12,1151,Clear,Daylight,-79.57,43.6518
4003346402,11319,Driver,45 to 49,Minor,"Automobile, Station Wagon",Going Ahead,0,0,1,0,0,0,0,1,0,0,0,0,0,5,520,Clear,"Dawn, artificial",-79.4949,43.7236
4003346402,11320,Passenger,20 to 24,Minimal,NULL,NULL,0,0,1,0,0,0,0,1,0,0,0,0,0,5,520,Clear,"Dawn, artificial",-79.4949,43.7236