ACCNUM,ObjectId,INVTYPE,INVAGE,INJURY,VEHTYPE,MANOEUVER,PEDESTRIAN,CYCLIST,AUTOMOBILE,MOTORCYCLE,TRUCK,TRSN_CITY_VEH,EMERG_VEH,PASSENGER,SPEEDING,AG_DRIV,REDLIGHT,ALCOHOL,DISABILITY,HOUR,TIME,VISIBILITY,LIGHT,collision_lat,collision_long
4003346402,11321,Passenger,0 to 4,Minimal,NULL,NULL,0,0,1,0,0,0,0,1,0,0,0,0,0,5,520,Clear,"Dawn, artificial",-79.4949,43.7236
4003346402,11318,Driver,20 to 24,Major,"Automobile, Station Wagon",Going Ahead,0,0,1,0,0,0,0,1,0,0,0,0,0,5,520,Clear,"Dawn, artificial",-79.4949,43.7236
4003389037,11440,Driver,unknown,None,Passenger Van,Going Ahead,1,0,1,0,0,0,0,0,0,0,0,0,0,22,2245,Clear,"Dark, artificial",-79.391,43.6751
4001503315,10209,Pedestrian,80 to 84,Major,NULL,NULL,1,0,1,0,0,0,0,0,0,0,0,0,0,11,1142,Clear,Daylight,-79.5799,43.7389
4001533324,10218,Driver,20 to 24,Minor,"Automobile, Station Wagon",Going Ahead,0,0,1,0,0,0,0,1,0,0,0,0,0,6,643,Clear,Dawn,-79.2992,43.7166
4001533324,10219,Driver,40 to 44,Major,"Automobile, Station Wagon",Going Ahead,0,0,1,0,0,0,0,1,0,0,0,0,0,6,643,Clear,Dawn,-79.2992,43.7166
4001533324,10220,Passenger,15 to 19,Minimal,NULL,NULL,0,0,1,0,0,0,0,1,0,0,0,0,0,6,643,Clear,Dawn,-79.2992,43.7166
4001533324,10221,Passenger,15 to 19,Minimal,NULL,NULL,0,0,1,0,0,0,0,1,0,0,0,0,0,6,643,Clear,Dawn,-79.2992,43.7166
4001626103,10452,Driver,75 to 79,Major,"Automobile, Station Wagon",Turning Left,0,0,1,0,0,0,0,0,0,0,0,0,0,12,1208,Clear,Daylight,-79.47,43.7872
4001626103,10459,Driver,35 to 39,Minimal,"Automobile, Station Wagon",Going Ahead,0,0,1,0,0,0,0,0,0,0,0,0,0,12,1208,Clear,Daylight,-79.47,43.7872
4001647653,10844,Passenger,20 to 24,Minimal,NULL,NULL,0,0,1,0,0,0,0,1,1,1,0,0,0,23,2309,Clear,"Dark, artificial",-79.2464,43.7589
4001647653,10847,Passenger,20 to 24,Major,NULL,NULL,0,0,1,0,0,0,0,1,1,1,0,0,0,23,2309,Clear,"Dark, artificial",-79.2464,43.7589
4001647653,10763,Driver,35 to 39,None,"Automobile, Station Wagon",Going Ahead,0,0,1,0,0,0,0,1,1,1,0,0,0,23,2309,Clear,"Dark, artificial",-79.2464,43.7589
4001727505,10952,Driver,30 to 34,None,"Automobile, Station Wagon",Going Ahead,1,0,1,0,0,0,0,0,0,0,0,0,0,6,615,Clear,Dark,-79.3559,43.6645
4001727505,10953,Pedestrian,35 to 39,Major,NULL,NULL,1,0,1,0,0,0,0,0,0,0,0,0,0,6,615,Clear,Dark,-79.3559,43.6645
4001888181,10654,Driver,unknown,None,"Automobile, Station Wagon",Going Ahead,0,1,1,0,0,0,0,0,0,1,0,0,0,10,1030,Clear,Daylight,-79.6091,43.7204
4001888181,10657,Cyclist,55 to 59,Major,Bicycle,Going Ahead,0,1,1,0,0,0,0,0,0,1,0,0,0,10,1030,Clear,Daylight,-79.6091,43.7204
4002140437,10346,Passenger,40 to 44,Major,NULL,NULL,0,0,1,0,0,0,0,1,1,1,0,0,0,3,319,Clear,"Dark, artificial",-79.2375,43.7691
4002140437,10246,Driver,30 to 34,Minor,"Automobile, Station Wagon",Going Ahead,0,0,1,0,0,0,0,1,1,1,0,0,0,3,319,Clear,"Dark, artificial",-79.2375,43.7691
4002168339,10674,Driver,65 to 69,Major,"Automobile, Station Wagon",Going Ahead,0,1,1,0,0,0,0,0,0,1,0,0,0,8,837,Clear,Daylight,-79.3827,43.6426
4002168339,10675,Cyclist,50 to 54,Major,Bicycle,Going Ahead,0,1,1,0,0,0,0,0,0,1,0,0,0,8,837,Clear,Daylight,-79.3827,43.6426
4002194958,10689,Driver,35 to 39,Major,"Automobile, Station Wagon",Turning Left,0,0,1,0,0,0,0,0,0,0,0,0,0,0,40,Clear,"Dark, artificial",-79.3169,43.8213
4002194958,10690,Driver,25 to 29,Minimal,"Automobile, Station Wagon",Going Ahead,0,0,1,0,0,0,0,0,0,0,0,0,0,0,40,Clear,"Dark, artificial",-79.3169,43.8213
4002231179,10707,Motorcycle Driver,20 to 24,Major,Motorcycle,Going Ahead,0,0,0,1,0,0,0,0,1,1,0,0,0,6,555,Clear,Daylight,-79.4967,43.6237
4002274575,10723,Driver,50 to 54,None,Delivery Van,Going Ahead,0,0,1,0,0,0,0,1,0,1,1,0,0,11,1119,Clear,Daylight,-79.3874,43.7645
4002274575,10724,Driver,50 to 54,Major,"Automobile, Station Wagon",Turning Left,0,0,1,0,0,0,0,1,0,1,1,0,0,11,1119,Clear,Daylight,-79.3874,43.7645
4002274575,10725,Passenger,85 to 89,Major,NULL,NULL,0,0,1,0,0,0,0,1,0,1,1,0,0,11,1119,Clear,Daylight,-79.3874,43.7645
4002285719,10730,Driver,65 to 69,None,"Automobile, Station Wagon",Going Ahead,1,0,1,0,0,0,0,0,0,0,0,0,0,22,2158,Clear,"Dark, artificial",-79.4764,43.6812
4002285719,10731,Pedestrian,55 to 59,Major,NULL,NULL,1,0,1,0,0,0,0,0,0,0,0,0,0,22,2158,Clear,"Dark, artificial",-79.4764,43.6812
4002352031,10754,Truck Driver,60 to 64,None,Truck - Open,Going Ahead,0,1,0,0,1,0,0,0,0,1,0,0,0,17,1720,Clear,Daylight,-79.3847,43.6476
4002352031,10755,Cyclist,15 to 19,Major,NULL,Going Ahead,0,1,0,0,1,0,0,0,0,1,0,0,0,17,1720,Clear,Daylight,-79.3847,43.6476
4002396674,10466,Driver,60 to 64,None,"Automobile, Station Wagon",Turning Left,1,0,1,0,0,0,0,0,0,0,0,0,0,21,2125,Clear,"Dusk, artificial",-79.4013,43.7679
4002396674,10652,Pedestrian,50 to 54,Major,NULL,NULL,1,0,1,0,0,0,0,0,0,0,0,0,0,21,2125,Clear,"Dusk, artificial",-79.4013,43.7679
4002396674,10655,Pedestrian,25 to 29,Major,NULL,NULL,1,0,1,0,0,0,0,0,0,0,0,0,0,21,2125,Clear,"Dusk, artificial",-79.4013,43.7679
4002396674,10560,Other,unknown,None,NULL,NULL,1,0,1,0,0,0,0,0,0,0,0,0,0,21,2125,Clear,"Dusk, artificial",-79.4013,43.7679
4002612585,10895,Driver,20 to 24,Major,"Automobile, Station Wagon",Unknown,0,0,1,0,0,0,0,0,0,0,0,0,0,3,253,Clear,"Dark, artificial",-79.5098,43.6209
4002656548,10923,Driver,25 to 29,Minimal,"Automobile, Station Wagon",Changing Lanes,0,0,1,0,0,0,0,1,0,0,0,0,0,20,2022,Clear,Dark,-79.3661,43.6464
4002656548,10924,Driver,45 to 49,Minimal,"Automobile, Station Wagon",Going Ahead,0,0,1,0,0,0,0,1,0,0,0,0,0,20,2022,Clear,Dark,-79.3661,43.6464
4002656548,10925,Passenger,60 to 64,Minimal,NULL,NULL,0,0,1,0,0,0,0,1,0,0,0,0,0,20,2022,Clear,Dark,-79.3661,43.6464
4002656548,10926,Passenger,30 to 34,None,NULL,NULL,0,0,1,0,0,0,0,1,0,0,0,0,0,20,2022,Clear,Dark,-79.3661,43.6464
4002656548,10927,Passenger,55 to 59,Major,NULL,NULL,0,0,1,0,0,0,0,1,0,0,0,0,0,20,2022,Clear,Dark,-79.3661,43.6464
4002722723,10587,Driver,40 to 44,None,"Automobile, Station Wagon",Turning Left,0,0,1,1,0,0,0,1,0,1,0,0,0,21,2100,Clear,Daylight,-79.3979,43.705
4002722723,10588,Motorcycle Driver,40 to 44,Major,Motorcycle,Going Ahead,0,0,1,1,0,0,0,1,0,1,0,0,0,21,2100,Clear,Daylight,-79.3979,43.705
4002722723,10589,Passenger,unknown,None,NULL,NULL,0,0,1,1,0,0,0,1,0,1,0,0,0,21,2100,Clear,Daylight,-79.3979,43.705
4002722723,10590,Passenger,20 to 24,None,NULL,NULL,0,0,1,1,0,0,0,1,0,1,0,0,0,21,2100,Clear,Daylight,-79.3979,43.705
4002843049,10643,Driver,45 to 49,None,"Automobile, Station Wagon",Turning Left,0,0,1,0,0,0,0,0,0,0,0,0,0,17,1729,Clear,Daylight,-79.3185,43.7763
4002843049,10644,Driver,40 to 44,Major,"Automobile, Station Wagon",Going Ahead,0,0,1,0,0,0,0,0,0,0,0,0,0,17,1729,Clear,Daylight,-79.3185,43.7763
4002867975,11433,Driver,60 to 64,Major,"Automobile, Station Wagon",Unknown,0,0,1,0,0,0,0,0,0,0,0,0,0,11,1145,Clear,Daylight,-79.4656,43.6797
4002881159,11473,Motorcycle Driver,20 to 24,Major,Motorcycle,Going Ahead,0,0,0,1,0,0,0,0,0,1,0,0,0,10,1030,Clear,Daylight,-79.2613,43.7164
4002881159,11467,Driver - Not Hit,unknown,None,NULL,NULL,0,0,0,1,0,0,0,0,0,1,0,0,0,10,1030,Clear,Daylight,-79.2613,43.7164
4002973094,11865,Driver,65 to 69,Major,"Automobile, Station Wagon",Going Ahead,0,0,1,0,0,0,0,0,1,1,0,0,1,11,1130,Clear,Daylight,-79.3574,43.7351
4003007939,11874,Driver,35 to 39,None,"Automobile, Station Wagon",Going Ahead,0,1,1,0,0,0,0,1,0,1,0,0,0,13,1325,Clear,Daylight,-79.4202,43.6548
4003007939,11875,Cyclist,25 to 29,Major,Bicycle,Going Ahead,0,1,1,0,0,0,0,1,0,1,0,0,0,13,1325,Clear,Daylight,-79.4202,43.6548
4003007939,11876,Passenger,20 to 24,Minimal,NULL,NULL,0,1,1,0,0,0,0,1,0,1,0,0,0,13,1325,Clear,Daylight,-79.4202,43.6548
4003074555,11902,Truck Driver,40 to 44,None,Truck - Dump,Going Ahead,1,0,0,0,1,0,0,0,0,0,0,0,0,17,1745,Clear,Dusk,-79.4365,43.637
4003074555,11903,Pedestrian,80 to 84,Fatal,NULL,NULL,1,0,0,0,1,0,0,0,0,0,0,0,0,17,1745,Clear,Dusk,-79.4365,43.637
4003152521,11240,Motorcycle Driver,15 to 19,Major,Motorcycle,Going Ahead,0,0,1,1,0,0,0,0,1,1,0,0,0,11,1145,Clear,Daylight,-79.3303,43.7284
4003152521,11241,Driver,55 to 59,None,"Automobile, Station Wagon",Stopped,0,0,1,1,0,0,0,0,1,1,0,0,0,11,1145,Clear,Daylight,-79.3303,43.7284
4003174449,11258,Driver,35 to 39,None,"Automobile, Station Wagon",Changing Lanes,0,0,1,1,0,0,0,0,0,0,0,0,0,17,1736,Clear,Daylight,-79.3957,43.6472
4003174449,11259,Motorcycle Driver,30 to 34,Major,Motorcycle,Going Ahead,0,0,1,1,0,0,0,0,0,0,0,0,0,17,1736,Clear,Daylight,-79.3957,43.6472
4003249661,11280,Driver,60 to 64,None,"Automobile, Station Wagon",Turning Right,1,0,1,0,0,0,0,0,0,0,0,0,0,11,1130,Clear,Daylight,-79.4749,43.6845
4003249661,11281,Pedestrian,90 to 94,Major,NULL,NULL,1,0,1,0,0,0,0,0,0,0,0,0,0,11,1130,Clear,Daylight,-79.4749,43.6845
4003298111,11306,Driver,60 to 64,None,"Automobile, Station Wagon",Turning Left,1,0,1,0,0,0,0,0,0,1,0,0,0,6,645,Clear,"Dawn, artificial",-79.4295,43.7183
4003298111,11307,Pedestrian,50 to 54,Major,NULL,NULL,1,0,1,0,0,0,0,0,0,1,0,0,0,6,645,Clear,"Dawn, artificial",-79.4295,43.7183
4003346463,11322,Truck Driver,25 to 29,None,Truck-Tractor,Turning Right,0,0,0,0,1,0,0,1,0,1,0,0,0,5,545,Clear,"Dark, artificial",-79.4628,43.7486
4003346463,11323,Passenger,30 to 34,Major,NULL,NULL,0,0,0,0,1,0,0,1,0,1,0,0,0,5,545,Clear,"Dark, artificial",-79.4628,43.7486
4003410596,11580,Passenger,20 to 24,None,NULL,NULL,1,0,0,0,0,0,0,1,0,0,0,0,0,13,1335,Clear,Daylight,-79.2803,43.7284
4003410596,11581,Pedestrian,45 to 49,Major,NULL,NULL,1,0,0,0,0,0,0,1,0,0,0,0,0,13,1335,Clear,Daylight,-79.2803,43.7284
4003410596,11579,Driver,55 to 59,None,School Bus,Turning Left,1,0,0,0,0,0,0,1,0,0,0,0,0,13,1335,Clear,Daylight,-79.2803,43.7284
4003498144,11612,Driver,50 to 54,None,"Automobile, Station Wagon",Turning Left,1,0,1,0,0,0,0,0,0,1,0,0,0,18,1800,Rain,"Dark, artificial",-79.3783,43.6662
4003498144,11613,Pedestrian,40 to 44,Major,NULL,NULL,1,0,1,0,0,0,0,0,0,1,0,0,0,18,1800,Rain,"Dark, artificial",-79.3783,43.6662
4008009492,10465,Driver,60 to 64,Major,"Automobile, Station Wagon",Turning Left,0,0,1,0,0,0,0,0,0,0,0,0,0,13,1320,Clear,Daylight,-79.2993,43.7835
4008009492,10653,Driver,70 to 74,Major,"Automobile, Station Wagon",Going Ahead,0,0,1,0,0,0,0,0,0,0,0,0,0,13,1320,Clear,Daylight,-79.2993,43.7835
4008009492,10559,Driver,70 to 74,Major,"Automobile, Station Wagon",Turning Left,0,0,1,0,0,0,0,0,0,0,0,0,0,13,1320,Clear,Daylight,-79.2993,43.7835
5000275153,11965,Driver,35 to 39,None,"Automobile, Station Wagon",Going Ahead,1,0,1,0,0,0,0,0,0,1,1,0,0,6,644,Clear,Dawn,-79.3019,43.8121
5000275153,11966,Pedestrian,65 to 69,Fatal,NULL,NULL,1,0,1,0,0,0,0,0,0,1,1,0,0,6,644,Clear,Dawn,-79.3019,43.8121
5000374925,11990,Driver,35 to 39,None,"Automobile, Station Wagon",Turning Left,1,0,1,0,0,0,0,1,0,0,0,0,0,19,1855,Snow,"Dark, artificial",-79.3503,43.7935
5000374925,11991,Driver,45 to 49,Minimal,"Automobile, Station Wagon",Going Ahead,1,0,1,0,0,0,0,1,0,0,0,0,0,19,1855,Snow,"Dark, artificial",-79.3503,43.7935
5000374925,11992,Passenger,20 to 24,Minimal,NULL,NULL,1,0,1,0,0,0,0,1,0,0,0,0,0,19,1855,Snow,"Dark, artificial",-79.3503,43.7935
5000374925,11993,Pedestrian,25 to 29,Major,NULL,NULL,1,0,1,0,0,0,0,1,0,0,0,0,0,19,1855,Snow,"Dark, artificial",-79.3503,43.7935
5000456484,11136,Driver,65 to 69,None,"Automobile, Station Wagon",Going Ahead,1,0,1,0,0,0,0,0,0,0,0,0,0,11,1050,Clear,Daylight,-79.4791,43.7082
5000456484,11137,Pedestrian,75 to 79,Major,NULL,NULL,1,0,1,0,0,0,0,0,0,0,0,0,0,11,1050,Clear,Daylight,-79.4791,43.7082
5000471839,11143,Driver,25 to 29,None,Street Car,Going Ahead,1,0,0,0,0,1,0,0,0,1,0,0,0,20,2010,Clear,"Dark, artificial",-79.4288,43.681
5000471839,11144,Pedestrian,80 to 84,Fatal,NULL,NULL,1,0,0,0,0,1,0,0,0,1,0,0,0,20,2010,Clear,"Dark, artificial",-79.4288,43.681
5000678140,11470,Pedestrian,90 to 94,Major,NULL,NULL,1,0,1,0,0,0,0,0,0,1,0,0,0,13,1256,Clear,Daylight,-79.358,43.6753
4001769884,10965,Pedestrian,30 to 34,Major,NULL,NULL,1,0,1,0,0,0,0,0,0,0,0,0,0,10,955,Clear,Daylight,-79.3757,43.6474
4001876057,10138,Driver,40 to 44,Major,"Automobile, Station Wagon",Turning Left,0,0,1,0,0,0,0,1,0,0,0,0,0,10,1030,Clear,Daylight,-79.4895,43.6869
4001876057,10145,Passenger,20 to 24,Major,NULL,NULL,0,0,1,0,0,0,0,1,0,0,0,0,0,10,1030,Clear,Daylight,-79.4895,43.6869
4001876057,10126,Driver,75 to 79,Minimal,"Automobile, Station Wagon",Going Ahead,0,0,1,0,0,0,0,1,0,0,0,0,0,10,1030,Clear,Daylight,-79.4895,43.6869
4001879766,10247,Motorcycle Driver,35 to 39,Major,Motorcycle,Going Ahead,0,0,1,1,0,0,0,0,1,1,0,0,0,20,2030,Clear,"Dark, artificial",-79.3316,43.6796
4001879766,10351,Driver,25 to 29,None,Passenger Van,Turning Left,0,0,1,1,0,0,0,0,1,1,0,0,0,20,2030,Clear,"Dark, artificial",-79.3316,43.6796
4001879766,10450,Driver,20 to 24,None,"Automobile, Station Wagon",Parked,0,0,1,1,0,0,0,0,1,1,0,0,0,20,2030,Clear,"Dark, artificial",-79.3316,43.6796
4001900462,10668,Driver,50 to 54,Major,"Automobile, Station Wagon",Turning Left,0,0,1,0,0,0,0,0,0,1,1,0,0,7,718,Clear,Daylight,-79.453,43.7908
4001900462,10672,Driver,40 to 44,Minimal,"Automobile, Station Wagon",Going Ahead,0,0,1,0,0,0,0,0,0,1,1,0,0,7,718,Clear,Daylight,-79.453,43.7908
4001988525,10789,Driver,20 to 24,None,"Automobile, Station Wagon",Turning Left,0,0,1,0,0,0,0,0,0,1,0,0,0,16,1555,Clear,Daylight,-79.5751,43.632
4001988525,10790,Driver,50 to 54,Major,"Automobile, Station Wagon",Going Ahead,0,0,1,0,0,0,0,0,0,1,0,0,0,16,1555,Clear,Daylight,-79.5751,43.632
4001994857,10793,Driver,60 to 64,None,Municipal Transit Bus (TTC),Pulling Away from Shoulder or Curb,0,0,0,0,0,1,0,1,0,0,0,0,0,15,1520,Clear,Daylight,-79.3101,43.759
4001994857,10794,Passenger,80 to 84,Major,NULL,NULL,0,0,0,0,0,1,0,1,0,0,0,0,0,15,1520,Clear,Daylight,-79.3101,43.759
4002164733,10662,Driver,35 to 39,Minimal,Pick Up Truck,Turning Left,0,0,1,0,0,0,0,0,0,1,0,0,0,17,1729,Clear,Daylight,-79.1702,43.8554
4002164733,10665,Driver,40 to 44,Major,"Automobile, Station Wagon",Going Ahead,0,0,1,0,0,0,0,0,0,1,0,0,0,17,1729,Clear,Daylight,-79.1702,43.8554
4002237751,10708,Driver,25 to 29,None,Pick Up Truck,Slowing or Stopping,0,0,1,0,0,0,0,1,0,1,0,0,0,1,110,Clear,"Dark, artificial",-79.4225,43.6937
4002237751,10709,Driver,50 to 54,None,"Automobile, Station Wagon",Stopped,0,0,1,0,0,0,0,1,0,1,0,0,0,1,110,Clear,"Dark, artificial",-79.4225,43.6937
4002237751,10710,Driver,35 to 39,Minimal,Delivery Van,Stopped,0,0,1,0,0,0,0,1,0,1,0,0,0,1,110,Clear,"Dark, artificial",-79.4225,43.6937
4002237751,10711,Passenger,45 to 49,Major,NULL,NULL,0,0,1,0,0,0,0,1,0,1,0,0,0,1,110,Clear,"Dark, artificial",-79.4225,43.6937
4002279383,10726,Driver,15 to 19,None,"Automobile, Station Wagon",Turning Left,0,0,1,0,0,0,0,1,0,0,0,0,0,20,2014,Clear,"Dusk, artificial",-79.591,43.7317
4002279383,10727,Passenger,15 to 19,Major,NULL,NULL,0,0,1,0,0,0,0,1,0,0,0,0,0,20,2014,Clear,"Dusk, artificial",-79.591,43.7317
4002360451,10119,Pedestrian,65 to 69,Major,NULL,NULL,1,0,1,0,0,0,0,0,0,1,0,0,0,20,2024,Rain,"Dark, artificial",-79.4157,43.767
4002360451,10076,Driver,20 to 24,None,"Automobile, Station Wagon",Going Ahead,1,0,1,0,0,0,0,0,0,1,0,0,0,20,2024,Rain,"Dark, artificial",-79.4157,43.767
4002395351,10251,Driver,20 to 24,Major,"Automobile, Station Wagon",Going Ahead,0,0,1,0,0,0,0,1,0,0,0,0,0,17,1748,Clear,Daylight,-79.2181,43.8014
4002395351,10349,Passenger,15 to 19,Major,NULL,NULL,0,0,1,0,0,0,0,1,0,0,0,0,0,17,1748,Clear,Daylight,-79.2181,43.8014
4002395351,10449,Passenger,15 to 19,Major,NULL,NULL,0,0,1,0,0,0,0,1,0,0,0,0,0,17,1748,Clear,Daylight,-79.2181,43.8014
4002395351,10461,Passenger,15 to 19,Major,NULL,NULL,0,0,1,0,0,0,0,1,0,0,0,0,0,17,1748,Clear,Daylight,-79.2181,43.8014
4002395351,10455,Passenger,20 to 24,Major,NULL,NULL,0,0,1,0,0,0,0,1,0,0,0,0,0,17,1748,Clear,Daylight,-79.2181,43.8014
4002412292,10659,Driver,65 to 69,Major,"Automobile, Station Wagon",Turning Right,0,0,1,0,0,0,0,0,1,1,0,0,0,7,650,Clear,Daylight,-79.3202,43.6752
4002458189,10851,Passenger,75 to 79,Minimal,NULL,NULL,0,0,1,0,0,0,0,1,0,1,1,0,0,20,2028,Clear,Daylight,-79.3343,43.7099
4002458189,10853,Passenger,75 to 79,Major,NULL,NULL,0,0,1,0,0,0,0,1,0,1,1,0,0,20,2028,Clear,Daylight,-79.3343,43.7099
4002458189,10846,Driver,45 to 49,None,"Automobile, Station Wagon",Going Ahead,0,0,1,0,0,0,0,1,0,1,1,0,0,20,2028,Clear,Daylight,-79.3343,43.7099
4002458189,10848,Driver,80 to 84,Minimal,"Automobile, Station Wagon",Going Ahead,0,0,1,0,0,0,0,1,0,1,1,0,0,20,2028,Clear,Daylight,-79.3343,43.7099
4002525835,10872,Cyclist,25 to 29,Major,Bicycle,Going Ahead,0,1,1,0,0,0,0,1,0,1,0,0,0,22,2240,Clear,Dark,-79.3735,43.6608
4002525835,10873,Driver,25 to 29,None,"Automobile, Station Wagon",Going Ahead,0,1,1,0,0,0,0,1,0,1,0,0,0,22,2240,Clear,Dark,-79.3735,43.6608
4002525835,10874,Passenger,25 to 29,None,NULL,NULL,0,1,1,0,0,0,0,1,0,1,0,0,0,22,2240,Clear,Dark,-79.3735,43.6608
4002664969,10124,Driver,65 to 69,None,"Automobile, Station Wagon",Going Ahead,1,0,1,0,0,0,0,0,0,0,0,0,0,2,214,Clear,"Dark, artificial",-79.233,43.7581
4002664969,10137,Pedestrian,15 to 19,Major,NULL,NULL,1,0,1,0,0,0,0,0,0,0,0,0,0,2,214,Clear,"Dark, artificial",-79.233,43.7581
4002688656,10146,Driver,40 to 44,None,"Automobile, Station Wagon",Turning Left,0,0,1,1,0,0,0,1,0,1,0,0,0,16,1614,Clear,Daylight,-79.3084,43.6753
4002688656,10250,Motorcycle Driver,35 to 39,Major,Motorcycle,Going Ahead,0,0,1,1,0,0,0,1,0,1,0,0,0,16,1614,Clear,Daylight,-79.3084,43.6753
4002688656,10347,Passenger,10 to 14,None,NULL,NULL,0,0,1,1,0,0,0,1,0,1,0,0,0,16,1614,Clear,Daylight,-79.3084,43.6753
4002723007,10593,Cyclist,15 to 19,Major,Bicycle,Changing Lanes,0,1,1,0,0,0,0,0,0,0,0,0,0,22,2159,Clear,"Dark, artificial",-79.2899,43.6802
4002723007,10594,Driver,50 to 54,None,"Automobile, Station Wagon",Going Ahead,0,1,1,0,0,0,0,0,0,0,0,0,0,22,2159,Clear,"Dark, artificial",-79.2899,43.6802
4002735786,10603,Driver,25 to 29,None,Delivery Van,Turning Right,0,1,1,0,0,0,0,0,0,0,0,0,0,21,2120,Clear,"Dark, artificial",-79.4296,43.6528
4002735786,10604,Cyclist,40 to 44,Major,Bicycle,Going Ahead,0,1,1,0,0,0,0,0,0,0,0,0,0,21,2120,Clear,"Dark, artificial",-79.4296,43.6528
4002797820,10619,Driver,50 to 54,None,"Automobile, Station Wagon",Turning Left,0,0,1,1,0,0,0,0,0,0,0,0,0,6,610,Clear,Dawn,-79.3079,43.6739
4002797820,10620,Motorcycle Driver,60 to 64,Major,Motorcycle,Going Ahead,0,0,1,1,0,0,0,0,0,0,0,0,0,6,610,Clear,Dawn,-79.3079,43.6739
4002857314,11004,Driver,35 to 39,None,Delivery Van,Turning Left,1,0,1,0,0,0,0,0,0,1,0,0,0,18,1758,Clear,Daylight,-79.3208,43.6839
4002857314,11117,Pedestrian,60 to 64,Major,NULL,NULL,1,0,1,0,0,0,0,0,0,1,0,0,0,18,1758,Clear,Daylight,-79.3208,43.6839
4002986275,11869,Driver,55 to 59,None,Police Vehicle,Turning Left,1,0,0,0,0,0,1,0,0,1,0,0,0,9,918,Clear,Daylight,-79.3938,43.7105
4002986275,11870,Pedestrian,25 to 29,Major,NULL,NULL,1,0,0,0,0,0,1,0,0,1,0,0,0,9,918,Clear,Daylight,-79.3938,43.7105
4003154882,11242,Truck Driver,65 to 69,None,Truck - Open,Turning Left,1,0,1,0,1,0,0,0,0,1,1,0,0,18,1803,Clear,Dusk,-79.2462,43.7732
4003154882,11243,Driver,25 to 29,None,"Automobile, Station Wagon",Going Ahead,1,0,1,0,1,0,0,0,0,1,1,0,0,18,1803,Clear,Dusk,-79.2462,43.7732
4003154882,11244,Pedestrian,25 to 29,Major,NULL,NULL,1,0,1,0,1,0,0,0,0,1,1,0,0,18,1803,Clear,Dusk,-79.2462,43.7732
4003207779,11266,Motorcycle Driver,25 to 29,Major,Motorcycle,Going Ahead,0,0,0,1,0,0,0,0,0,1,0,0,0,21,2111,Clear,"Dark, artificial",-79.525,43.6213
4003207779,11267,Driver,unknown,None,NULL,Turning Right,0,0,0,1,0,0,0,0,0,1,0,0,0,21,2111,Clear,"Dark, artificial",-79.525,43.6213
4003213460,11269,Passenger,30 to 34,None,NULL,NULL,0,1,1,0,0,0,0,1,0,0,0,0,0,18,1845,Rain,"Dark, artificial",-79.5956,43.7172
4003213460,11268,Driver,25 to 29,None,"Automobile, Station Wagon",Going Ahead,0,1,1,0,0,0,0,1,0,0,0,0,0,18,1845,Rain,"Dark, artificial",-79.5956,43.7172
4003213460,11270,Passenger,10 to 14,None,NULL,NULL,0,1,1,0,0,0,0,1,0,0,0,0,0,18,1845,Rain,"Dark, artificial",-79.5956,43.7172
4003213460,11271,Passenger,10 to 14,None,NULL,NULL,0,1,1,0,0,0,0,1,0,0,0,0,0,18,1845,Rain,"Dark, artificial",-79.5956,43.7172
4003213460,11272,Passenger,5 to 9,None,NULL,NULL,0,1,1,0,0,0,0,1,0,0,0,0,0,18,1845,Rain,"Dark, artificial",-79.5956,43.7172
4003213460,11273,Cyclist,75 to 79,Major,Bicycle,Unknown,0,1,1,0,0,0,0,1,0,0,0,0,0,18,1845,Rain,"Dark, artificial",-79.5956,43.7172
4003267619,11290,Driver,20 to 24,Major,"Automobile, Station Wagon",Going Ahead,0,0,1,0,0,1,0,1,0,1,1,0,0,6,559,Clear,"Dark, artificial",-79.5746,43.7281
4003267619,11291,Driver,45 to 49,Minor,Municipal Transit Bus (TTC),Going Ahead,0,0,1,0,0,1,0,1,0,1,1,0,0,6,559,Clear,"Dark, artificial",-79.5746,43.7281
4003267619,11292,Passenger,20 to 24,Major,NULL,NULL,0,0,1,0,0,1,0,1,0,1,1,0,0,6,559,Clear,"Dark, artificial",-79.5746,43.7281
4003267619,11293,Passenger,20 to 24,Fatal,NULL,NULL,0,0,1,0,0,1,0,1,0,1,1,0,0,6,559,Clear,"Dark, artificial",-79.5746,43.7281
4003267619,11294,Passenger,35 to 39,Minor,NULL,NULL,0,0,1,0,0,1,0,1,0,1,1,0,0,6,559,Clear,"Dark, artificial",-79.5746,43.7281
4003267619,11296,Passenger,50 to 54,Minor,NULL,NULL,0,0,1,0,0,1,0,1,0,1,1,0,0,6,559,Clear,"Dark, artificial",-79.5746,43.7281
4003267619,11297,Passenger,25 to 29,Minor,NULL,NULL,0,0,1,0,0,1,0,1,0,1,1,0,0,6,559,Clear,"Dark, artificial",-79.5746,43.7281
4003267619,11298,Passenger,25 to 29,Minor,NULL,NULL,0,0,1,0,0,1,0,1,0,1,1,0,0,6,559,Clear,"Dark, artificial",-79.5746,43.7281