ACCNUM,ObjectId,INVTYPE,INVAGE,INJURY,VEHTYPE,MANOEUVER,PEDESTRIAN,CYCLIST,AUTOMOBILE,MOTORCYCLE,TRUCK,TRSN_CITY_VEH,EMERG_VEH,PASSENGER,SPEEDING,AG_DRIV,REDLIGHT,ALCOHOL,DISABILITY,HOUR,TIME,VISIBILITY,LIGHT,collision_lat,collision_long
4003267619,11299,Passenger,50 to 54,Minor,NULL,NULL,0,0,1,0,0,1,0,1,0,1,1,0,0,6,559,Clear,"Dark, artificial",-79.5746,43.7281
4003267619,11295,Passenger,20 to 24,Minor,NULL,NULL,0,0,1,0,0,1,0,1,0,1,1,0,0,6,559,Clear,"Dark, artificial",-79.5746,43.7281
4003325282,11310,Driver,unknown,None,"Automobile, Station Wagon",Going Ahead,0,1,1,0,0,0,0,0,0,1,0,0,0,18,1804,Clear,"Dark, artificial",-79.4268,43.7921
4003325282,11311,Cyclist,55 to 59,Major,NULL,Going Ahead,0,1,1,0,0,0,0,0,0,1,0,0,0,18,1804,Clear,"Dark, artificial",-79.4268,43.7921
4003382352,11439,Driver,55 to 59,Major,"Automobile, Station Wagon",Going Ahead,0,0,1,0,0,0,0,0,0,0,0,1,0,21,2125,Clear,"Dark, artificial",-79.4827,43.7482
4003411081,11582,Truck Driver,25 to 29,Major,Truck - Dump,Turning Right,0,0,0,0,1,0,0,0,0,0,0,0,0,15,1450,Rain,Daylight,-79.5824,43.6897
4003411081,11583,Truck Driver,40 to 44,None,Truck - Dump,Going Ahead,0,0,0,0,1,0,0,0,0,0,0,0,0,15,1450,Rain,Daylight,-79.5824,43.6897
4003437550,11586,Driver,55 to 59,Major,"Automobile, Station Wagon",Going Ahead,0,0,1,0,0,0,0,1,0,0,0,0,1,19,1906,Clear,"Dark, artificial",-79.2736,43.799
4003437550,11587,Passenger,50 to 54,Minor,"Automobile, Station Wagon",NULL,0,0,1,0,0,0,0,1,0,0,0,0,1,19,1906,Clear,"Dark, artificial",-79.2736,43.799
4003487975,11610,Driver,65 to 69,None,"Automobile, Station Wagon",Going Ahead,1,0,1,0,0,0,0,0,0,1,0,0,0,7,725,Clear,"Dark, artificial",-79.537,43.6376
4003487975,11611,Pedestrian,80 to 84,Major,NULL,NULL,1,0,1,0,0,0,0,0,0,1,0,0,0,7,725,Clear,"Dark, artificial",-79.537,43.6376
4003538412,11640,Driver,80 to 84,Major,Passenger Van,Going Ahead,0,0,1,0,0,0,0,1,0,0,0,0,1,14,1447,Rain,Daylight,-79.4293,43.7766
4003538412,11641,Passenger,60 to 64,Minor,NULL,NULL,0,0,1,0,0,0,0,1,0,0,0,0,1,14,1447,Rain,Daylight,-79.4293,43.7766
5000006695,11465,Driver,60 to 64,Major,"Automobile, Station Wagon",Making U Turn,0,0,1,0,1,0,0,0,0,0,0,0,0,9,949,Clear,Daylight,-79.4751,43.6708
3001161677,10412,Driver,80 to 84,Major,"Automobile, Station Wagon",Turning Left,0,0,1,0,0,0,0,1,0,1,0,0,0,12,1237,Clear,Daylight,-79.4651,43.7609
3001161677,10413,Driver,15 to 19,Minor,"Automobile, Station Wagon",Going Ahead,0,0,1,0,0,0,0,1,0,1,0,0,0,12,1237,Clear,Daylight,-79.4651,43.7609
3001161677,10414,Passenger,15 to 19,Minor,NULL,NULL,0,0,1,0,0,0,0,1,0,1,0,0,0,12,1237,Clear,Daylight,-79.4651,43.7609
3001161677,10415,Passenger,20 to 24,Minor,NULL,NULL,0,0,1,0,0,0,0,1,0,1,0,0,0,12,1237,Clear,Daylight,-79.4651,43.7609
3001182127,10418,Driver,80 to 84,None,"Automobile, Station Wagon",Unknown,1,0,1,0,0,0,0,0,0,0,0,0,0,17,1728,Clear,"Dark, artificial",-79.5266,43.6266
3001182127,10419,Driver,50 to 54,Minimal,Construction Equipment,Unknown,1,0,1,0,0,0,0,0,0,0,0,0,0,17,1728,Clear,"Dark, artificial",-79.5266,43.6266
3001182127,10420,Pedestrian,60 to 64,Major,Construction Equipment,NULL,1,0,1,0,0,0,0,0,0,0,0,0,0,17,1728,Clear,"Dark, artificial",-79.5266,43.6266
3001238664,10430,Driver,75 to 79,None,"Automobile, Station Wagon",Turning Left,0,0,1,0,0,0,0,1,0,1,0,0,0,9,942,Clear,Daylight,-79.2838,43.7651
3001238664,10431,Driver,60 to 64,Minor,"Automobile, Station Wagon",Going Ahead,0,0,1,0,0,0,0,1,0,1,0,0,0,9,942,Clear,Daylight,-79.2838,43.7651
3001238664,10432,Passenger,30 to 34,Major,NULL,NULL,0,0,1,0,0,0,0,1,0,1,0,0,0,9,942,Clear,Daylight,-79.2838,43.7651
3013932599,10073,Driver,35 to 39,None,"Automobile, Station Wagon",Turning Left,1,0,1,0,0,0,0,0,0,1,0,0,0,7,725,Clear,Daylight,-79.1663,43.7728
3013932599,10074,Pedestrian,25 to 29,Fatal,NULL,NULL,1,0,1,0,0,0,0,0,0,1,0,0,0,7,725,Clear,Daylight,-79.1663,43.7728
4001551952,10228,Driver,20 to 24,None,"Automobile, Station Wagon",Going Ahead,1,0,1,0,0,0,0,1,0,1,0,0,0,12,1237,Clear,Daylight,-79.1868,43.7706
4001551952,10229,Driver,25 to 29,None,"Automobile, Station Wagon",Turning Left,1,0,1,0,0,0,0,1,0,1,0,0,0,12,1237,Clear,Daylight,-79.1868,43.7706
4001551952,10230,Passenger,20 to 24,None,NULL,NULL,1,0,1,0,0,0,0,1,0,1,0,0,0,12,1237,Clear,Daylight,-79.1868,43.7706
4001551952,10231,Pedestrian,55 to 59,Major,NULL,NULL,1,0,1,0,0,0,0,1,0,1,0,0,0,12,1237,Clear,Daylight,-79.1868,43.7706
4001558896,10234,Driver,80 to 84,Major,"Automobile, Station Wagon",Turning Left,0,0,1,0,0,0,0,0,0,1,0,0,0,14,1410,Rain,Daylight,-79.2936,43.7034
4001558896,10235,Driver,60 to 64,Minor,"Automobile, Station Wagon",Going Ahead,0,0,1,0,0,0,0,0,0,1,0,0,0,14,1410,Rain,Daylight,-79.2936,43.7034
4001652316,10850,Driver,25 to 29,None,Pick Up Truck,Going Ahead,1,0,1,0,0,0,0,0,0,1,1,0,0,17,1730,Clear,Daylight,-79.479,43.6504
4001652316,10852,Pedestrian,60 to 64,Major,NULL,NULL,1,0,1,0,0,0,0,0,0,1,1,0,0,17,1730,Clear,Daylight,-79.479,43.6504
4001659738,10934,Pedestrian,30 to 34,Major,NULL,NULL,1,0,0,0,0,0,0,0,0,1,0,0,0,21,2053,Clear,"Dark, artificial",-79.3698,43.6455
4001659738,10935,Driver,unknown,None,NULL,Going Ahead,1,0,0,0,0,0,0,0,0,1,0,0,0,21,2053,Clear,"Dark, artificial",-79.3698,43.6455
4001784791,10967,Driver,25 to 29,None,"Automobile, Station Wagon",Going Ahead,1,0,1,0,0,0,0,0,0,0,0,0,0,16,1644,Clear,Daylight,-79.4028,43.6474
4001784791,10968,Pedestrian,40 to 44,Major,NULL,NULL,1,0,1,0,0,0,0,0,0,0,0,0,0,16,1644,Clear,Daylight,-79.4028,43.6474
4001787575,10969,Driver,25 to 29,Major,Delivery Van,Going Ahead,0,0,1,0,0,0,0,1,0,0,0,1,0,2,236,Clear,"Dark, artificial",-79.2283,43.7916
4001787575,10970,Passenger,15 to 19,Major,NULL,NULL,0,0,1,0,0,0,0,1,0,0,0,1,0,2,236,Clear,"Dark, artificial",-79.2283,43.7916
4001912926,10771,Driver,40 to 44,Major,"Automobile, Station Wagon",Going Ahead,0,0,1,0,0,0,0,0,1,1,0,1,0,2,232,Clear,"Dark, artificial",-79.2973,43.6965
4001968230,10785,Driver,30 to 34,None,Municipal Transit Bus (TTC),Going Ahead,1,0,0,0,0,1,0,0,0,0,0,0,0,11,1053,Clear,Daylight,-79.5134,43.758
4001968230,10786,Pedestrian,10 to 14,Major,NULL,NULL,1,0,0,0,0,1,0,0,0,0,0,0,0,11,1053,Clear,Daylight,-79.5134,43.758
4002144979,10353,Driver,35 to 39,None,"Automobile, Station Wagon",Reversing,0,0,1,1,0,0,0,0,1,1,0,0,0,20,1954,Clear,Daylight,-79.2444,43.7492
4002144979,10451,Motorcycle Driver,20 to 24,Major,Motorcycle,Going Ahead,0,0,1,1,0,0,0,0,1,1,0,0,0,20,1954,Clear,Daylight,-79.2444,43.7492
4002199854,10698,Driver,15 to 19,None,"Automobile, Station Wagon",Turning Left,1,0,1,0,0,0,0,0,0,0,0,0,0,19,1913,Clear,Daylight,-79.256,43.7349
4002199854,10699,Pedestrian,85 to 89,Major,NULL,NULL,1,0,1,0,0,0,0,0,0,0,0,0,0,19,1913,Clear,Daylight,-79.256,43.7349
4002204042,10700,Truck Driver,65 to 69,None,Truck - Open,Turning Right,1,0,0,0,1,0,0,0,0,1,0,0,0,12,1204,Clear,Daylight,-79.3328,43.6626
4002204042,10701,Pedestrian,70 to 74,Major,NULL,NULL,1,0,0,0,1,0,0,0,0,1,0,0,0,12,1204,Clear,Daylight,-79.3328,43.6626
4002306340,10740,Motorcycle Driver,25 to 29,Major,Motorcycle,Other,0,0,0,1,0,0,0,0,0,0,0,0,0,3,311,Clear,"Dark, artificial",-79.3976,43.6449
4002306340,10741,Motorcycle Driver,30 to 34,Major,Motorcycle,Going Ahead,0,0,0,1,0,0,0,0,0,0,0,0,0,3,311,Clear,"Dark, artificial",-79.3976,43.6449
4002482864,10861,Driver,50 to 54,None,"Automobile, Station Wagon",Going Ahead,1,0,1,0,0,0,0,0,0,1,1,0,0,14,1409,Clear,Daylight,-79.2983,43.7543
4002482864,10862,Pedestrian,25 to 29,Major,NULL,NULL,1,0,1,0,0,0,0,0,0,1,1,0,0,14,1409,Clear,Daylight,-79.2983,43.7543
4002543282,10877,Driver,20 to 24,None,"Automobile, Station Wagon",Turning Left,0,0,1,0,0,0,0,0,0,0,0,0,0,17,1745,Clear,Daylight,-79.4443,43.6812
4002543282,10878,Driver,35 to 39,Major,"Automobile, Station Wagon",Going Ahead,0,0,1,0,0,0,0,0,0,0,0,0,0,17,1745,Clear,Daylight,-79.4443,43.6812
4002596710,10891,Driver,50 to 54,None,"Automobile, Station Wagon",Going Ahead,0,1,1,0,0,0,0,0,0,1,0,0,0,16,1630,Clear,Daylight,-79.3513,43.6624
4002596710,10892,Cyclist,40 to 44,Major,Bicycle,Going Ahead,0,1,1,0,0,0,0,0,0,1,0,0,0,16,1630,Clear,Daylight,-79.3513,43.6624
4002616805,10896,Driver,15 to 19,None,"Automobile, Station Wagon",Going Ahead,0,1,1,0,0,0,0,0,1,1,0,0,0,17,1722,Clear,Daylight,-79.2176,43.7981
4002616805,10897,Cyclist,15 to 19,Fatal,Bicycle,Going Ahead,0,1,1,0,0,0,0,0,1,1,0,0,0,17,1722,Clear,Daylight,-79.2176,43.7981
4002616805,10898,Driver,50 to 54,None,"Automobile, Station Wagon",Going Ahead,0,1,1,0,0,0,0,0,1,1,0,0,0,17,1722,Clear,Daylight,-79.2176,43.7981
4002625418,10903,Driver,35 to 39,None,"Automobile, Station Wagon",Going Ahead,1,0,1,1,0,0,0,0,0,1,0,0,0,23,2319,Clear,"Dark, artificial",-79.4829,43.7463
4002625418,10904,Motorcycle Driver,15 to 19,Minor,Motorcycle,Going Ahead,1,0,1,1,0,0,0,0,0,1,0,0,0,23,2319,Clear,"Dark, artificial",-79.4829,43.7463
4002625418,10905,Pedestrian,15 to 19,Major,NULL,NULL,1,0,1,1,0,0,0,0,0,1,0,0,0,23,2319,Clear,"Dark, artificial",-79.4829,43.7463
4002628533,10906,Driver,75 to 79,Major,"Automobile, Station Wagon",Turning Left,0,0,1,0,0,0,0,1,0,1,0,0,0,13,1330,Clear,Daylight,-79.5843,43.6391
4002628533,10907,Driver,30 to 34,None,"Automobile, Station Wagon",Going Ahead,0,0,1,0,0,0,0,1,0,1,0,0,0,13,1330,Clear,Daylight,-79.5843,43.6391
4002628533,10909,Passenger,10 to 14,None,NULL,NULL,0,0,1,0,0,0,0,1,0,1,0,0,0,13,1330,Clear,Daylight,-79.5843,43.6391
4002628533,10908,Passenger,35 to 39,Major,NULL,NULL,0,0,1,0,0,0,0,1,0,1,0,0,0,13,1330,Clear,Daylight,-79.5843,43.6391
4002786358,10614,Driver,50 to 54,None,Municipal Transit Bus (TTC),Slowing or Stopping,0,0,0,0,0,1,0,1,0,0,0,0,0,12,1205,Clear,Daylight,-79.4384,43.7554
4002786358,10615,Passenger,60 to 64,Major,NULL,NULL,0,0,0,0,0,1,0,1,0,0,0,0,0,12,1205,Clear,Daylight,-79.4384,43.7554
4002803822,10625,Driver,20 to 24,None,"Automobile, Station Wagon",Going Ahead,1,0,1,0,0,0,0,1,0,0,0,0,0,1,108,Clear,"Dark, artificial",-79.4181,43.6827
4002803822,10626,Passenger,60 to 64,None,NULL,NULL,1,0,1,0,0,0,0,1,0,0,0,0,0,1,108,Clear,"Dark, artificial",-79.4181,43.6827
4002803822,10627,Passenger,60 to 64,None,NULL,NULL,1,0,1,0,0,0,0,1,0,0,0,0,0,1,108,Clear,"Dark, artificial",-79.4181,43.6827
4002803822,10628,Pedestrian,15 to 19,Major,NULL,NULL,1,0,1,0,0,0,0,1,0,0,0,0,0,1,108,Clear,"Dark, artificial",-79.4181,43.6827
4002803863,10629,Cyclist,25 to 29,Major,NULL,Going Ahead,0,1,0,0,0,1,0,0,0,0,0,0,0,1,115,Clear,"Dark, artificial",-79.4278,43.6422
4002803863,10630,Driver,35 to 39,None,Street Car,Going Ahead,0,1,0,0,0,1,0,0,0,0,0,0,0,1,115,Clear,"Dark, artificial",-79.4278,43.6422
4002884654,11572,Pedestrian,45 to 49,Major,NULL,NULL,1,0,1,0,0,0,0,0,0,1,0,0,0,20,2012,Rain,"Dark, artificial",-79.2947,43.7453
4002884654,11567,Driver,55 to 59,None,"Automobile, Station Wagon",Turning Left,1,0,1,0,0,0,0,0,0,1,0,0,0,20,2012,Rain,"Dark, artificial",-79.2947,43.7453
4002929082,11854,Driver,50 to 54,None,Pick Up Truck,Going Ahead,1,0,1,0,0,0,0,0,0,0,0,0,0,16,1620,Clear,Daylight,-79.358,43.7919
4002929082,11855,Pedestrian,45 to 49,Major,NULL,NULL,1,0,1,0,0,0,0,0,0,0,0,0,0,16,1620,Clear,Daylight,-79.358,43.7919
4002979452,11867,Driver,15 to 19,None,"Automobile, Station Wagon",Turning Left,1,0,1,0,0,0,0,0,0,1,0,0,0,9,940,Clear,Daylight,-79.3709,43.6482
4002979452,11868,Pedestrian,20 to 24,Major,NULL,NULL,1,0,1,0,0,0,0,0,0,1,0,0,0,9,940,Clear,Daylight,-79.3709,43.6482
4003015546,11877,Motorcycle Driver,35 to 39,Minor,Motorcycle,Going Ahead,1,0,0,1,0,0,0,0,0,0,0,0,0,15,1538,Clear,Daylight,-79.3756,43.6568
4003015546,11878,Pedestrian,45 to 49,Major,NULL,NULL,1,0,0,1,0,0,0,0,0,0,0,0,0,15,1538,Clear,Daylight,-79.3756,43.6568
4003025669,11882,Driver,30 to 34,None,"Automobile, Station Wagon",Going Ahead,0,0,1,0,0,0,0,1,0,1,0,0,0,7,740,Clear,Daylight,-79.4919,43.6967
4003025669,11883,Driver,30 to 34,None,"Automobile, Station Wagon",Going Ahead,0,0,1,0,0,0,0,1,0,1,0,0,0,7,740,Clear,Daylight,-79.4919,43.6967
4003025669,11884,Driver,55 to 59,Major,"Automobile, Station Wagon",Overtaking,0,0,1,0,0,0,0,1,0,1,0,0,0,7,740,Clear,Daylight,-79.4919,43.6967
4003025669,11885,Passenger,55 to 59,None,NULL,NULL,0,0,1,0,0,0,0,1,0,1,0,0,0,7,740,Clear,Daylight,-79.4919,43.6967
4003025669,11886,Passenger,15 to 19,None,NULL,NULL,0,0,1,0,0,0,0,1,0,1,0,0,0,7,740,Clear,Daylight,-79.4919,43.6967
4003025669,11887,Passenger,10 to 14,None,NULL,NULL,0,0,1,0,0,0,0,1,0,1,0,0,0,7,740,Clear,Daylight,-79.4919,43.6967
4003025669,11888,Passenger,35 to 39,None,NULL,NULL,0,0,1,0,0,0,0,1,0,1,0,0,0,7,740,Clear,Daylight,-79.4919,43.6967
4003042543,11889,Driver,55 to 59,None,"Automobile, Station Wagon",Turning Left,0,0,1,1,0,0,0,1,0,1,0,0,0,17,1730,Clear,Daylight,-79.3088,43.7536
4003042543,11890,Motorcycle Driver,25 to 29,Major,Motorcycle,Going Ahead,0,0,1,1,0,0,0,1,0,1,0,0,0,17,1730,Clear,Daylight,-79.3088,43.7536
4003042543,11891,Passenger,60 to 64,None,NULL,NULL,0,0,1,1,0,0,0,1,0,1,0,0,0,17,1730,Clear,Daylight,-79.3088,43.7536
4003042543,11892,Passenger,80 to 84,None,NULL,NULL,0,0,1,1,0,0,0,1,0,1,0,0,0,17,1730,Clear,Daylight,-79.3088,43.7536
4003042543,11893,Passenger,80 to 84,None,NULL,NULL,0,0,1,1,0,0,0,1,0,1,0,0,0,17,1730,Clear,Daylight,-79.3088,43.7536
4003042543,11894,Passenger,50 to 54,None,NULL,NULL,0,0,1,1,0,0,0,1,0,1,0,0,0,17,1730,Clear,Daylight,-79.3088,43.7536
143339762,11315,Driver,40 to 44,None,"Automobile, Station Wagon",Going Ahead,1,0,1,0,0,0,0,0,0,0,0,0,0,6,600,Clear,"Dawn, artificial",-79.5134,43.758
143440580,11593,Driver,60 to 64,None,"Automobile, Station Wagon",Going Ahead,0,0,1,0,0,0,0,0,0,0,0,0,0,9,944,Clear,Daylight,-79.272,43.7421
143440580,11594,Truck Driver,50 to 54,None,Tow Truck,Going Ahead,0,0,1,0,0,0,0,0,0,0,0,0,0,9,944,Clear,Daylight,-79.272,43.7421
143440580,11592,Driver,80 to 84,Fatal,"Automobile, Station Wagon",Going Ahead,0,0,1,0,0,0,0,0,0,0,0,0,0,9,944,Clear,Daylight,-79.272,43.7421
143471771,11603,Passenger,50 to 54,Fatal,NULL,NULL,0,0,1,0,0,0,0,1,0,1,1,0,0,13,1320,Clear,Daylight,-79.3377,43.7758
143471771,11604,Driver,20 to 24,Minimal,"Automobile, Station Wagon",Going Ahead,0,0,1,0,0,0,0,1,0,1,1,0,0,13,1320,Clear,Daylight,-79.3377,43.7758
143471771,11605,Driver,40 to 44,Minor,"Automobile, Station Wagon",Turning Left,0,0,1,0,0,0,0,1,0,1,1,0,0,13,1320,Clear,Daylight,-79.3377,43.7758
178057130,14179,Driver,30 to 34,Major,"Automobile, Station Wagon",Going Ahead,0,0,1,0,0,0,0,0,0,0,0,0,0,11,1110,Clear,Daylight,-79.3813,43.7301
188016123,14848,Driver,unknown,None,"Automobile, Station Wagon",Changing Lanes,1,0,1,0,0,0,0,0,0,0,0,0,0,17,1700,Clear,Daylight,-79.3824,43.7392
188016123,14850,Pedestrian,25 to 29,Major,NULL,NULL,1,0,1,0,0,0,0,0,0,0,0,0,0,17,1700,Clear,Daylight,-79.3824,43.7392
3000935041,10068,Pedestrian,55 to 59,Major,NULL,NULL,1,0,1,0,0,0,0,0,0,0,0,0,0,9,900,Clear,Daylight,-79.3897,43.6582
3000935041,10067,Driver,50 to 54,None,"Automobile, Station Wagon",Making U Turn,1,0,1,0,0,0,0,0,0,0,0,0,0,9,900,Clear,Daylight,-79.3897,43.6582
3000983486,10093,Driver,75 to 79,Major,"Automobile, Station Wagon",Turning Left,0,0,1,0,0,0,0,1,1,1,0,0,0,15,1516,Clear,Daylight,-79.2827,43.7161
3000983486,10094,Driver,40 to 44,None,Pick Up Truck,Going Ahead,0,0,1,0,0,0,0,1,1,1,0,0,0,15,1516,Clear,Daylight,-79.2827,43.7161
3000983486,10095,Passenger,60 to 64,None,NULL,NULL,0,0,1,0,0,0,0,1,1,1,0,0,0,15,1516,Clear,Daylight,-79.2827,43.7161
3001029733,10357,Driver,40 to 44,None,"Automobile, Station Wagon",Changing Lanes,0,0,1,0,0,0,0,1,1,1,0,0,0,10,1018,Clear,Daylight,-79.2447,43.7374
3001029733,10358,Driver,45 to 49,Minor,"Automobile, Station Wagon",Going Ahead,0,0,1,0,0,0,0,1,1,1,0,0,0,10,1018,Clear,Daylight,-79.2447,43.7374
3001029733,10359,Passenger,30 to 34,None,NULL,NULL,0,0,1,0,0,0,0,1,1,1,0,0,0,10,1018,Clear,Daylight,-79.2447,43.7374
3001029733,10361,Passenger,35 to 39,Minor,NULL,NULL,0,0,1,0,0,0,0,1,1,1,0,0,0,10,1018,Clear,Daylight,-79.2447,43.7374
3001029733,10362,Passenger,35 to 39,Minor,"Automobile, Station Wagon",NULL,0,0,1,0,0,0,0,1,1,1,0,0,0,10,1018,Clear,Daylight,-79.2447,43.7374
3001029733,10360,Passenger,30 to 34,Fatal,NULL,NULL,0,0,1,0,0,0,0,1,1,1,0,0,0,10,1018,Clear,Daylight,-79.2447,43.7374
3001089776,10386,Driver,65 to 69,None,"Automobile, Station Wagon",Going Ahead,1,0,1,0,0,0,0,0,0,0,0,0,0,11,1143,Clear,Daylight,-79.4131,43.67
3001089776,10387,Pedestrian,70 to 74,Major,"Automobile, Station Wagon",NULL,1,0,1,0,0,0,0,0,0,0,0,0,0,11,1143,Clear,Daylight,-79.4131,43.67
4000008445,10742,Driver,70 to 74,None,"Automobile, Station Wagon",Going Ahead,0,1,1,0,0,0,0,0,0,1,0,0,0,11,1050,Clear,Daylight,-79.1395,43.7789
4000008445,10743,Cyclist,15 to 19,Major,Bicycle,Going Ahead,0,1,1,0,0,0,0,0,0,1,0,0,0,11,1050,Clear,Daylight,-79.1395,43.7789
4001595656,10004,Pedestrian,30 to 34,Major,"Automobile, Station Wagon",NULL,1,0,1,0,0,0,0,0,1,1,0,0,0,13,1327,Clear,Daylight,-79.3029,43.6693
4001595656,10244,Driver,25 to 29,Minimal,"Automobile, Station Wagon",Going Ahead,1,0,1,0,0,0,0,0,1,1,0,0,0,13,1327,Clear,Daylight,-79.3029,43.6693
4001616287,10350,Driver,60 to 64,Major,"Automobile, Station Wagon",Other,0,0,1,0,0,0,0,0,1,1,0,1,0,18,1845,Clear,"Dark, artificial",-79.5023,43.6234
4001617003,10448,Pedestrian,55 to 59,Major,NULL,NULL,1,0,0,0,0,0,0,0,0,0,0,0,0,20,2049,Clear,"Dark, artificial",-79.402,43.7242
4001678969,10938,Driver,45 to 49,Major,"Automobile, Station Wagon",Going Ahead,0,0,1,0,0,0,0,0,1,1,0,0,0,3,335,Clear,Dark,-79.634,43.7512
4001774208,10966,Driver,70 to 74,Major,"Automobile, Station Wagon",Going Ahead,0,0,1,0,0,0,0,0,0,0,0,0,1,23,2303,Clear,"Dark, artificial",-79.3674,43.7711
4001819203,10975,Driver,25 to 29,None,Pick Up Truck,Going Ahead,1,0,1,0,0,0,0,0,0,0,0,0,0,9,930,Clear,Daylight,-79.5055,43.7213
4001819203,10976,Pedestrian,65 to 69,Major,NULL,NULL,1,0,1,0,0,0,0,0,0,0,0,0,0,9,930,Clear,Daylight,-79.5055,43.7213
4001889890,10661,Driver,20 to 24,Major,"Automobile, Station Wagon",Going Ahead,0,0,1,0,0,0,0,0,1,1,0,0,0,14,1440,Clear,Daylight,-79.397,43.7914
4001911454,10768,Driver,35 to 39,Major,"Automobile, Station Wagon",Overtaking,0,0,1,0,0,0,0,1,1,1,0,0,0,20,2030,Clear,"Dark, artificial",-79.4734,43.6354
4001911454,10769,Driver,60 to 64,None,"Automobile, Station Wagon",Going Ahead,0,0,1,0,0,0,0,1,1,1,0,0,0,20,2030,Clear,"Dark, artificial",-79.4734,43.6354
4001911454,10770,Passenger,40 to 44,None,NULL,NULL,0,0,1,0,0,0,0,1,1,1,0,0,0,20,2030,Clear,"Dark, artificial",-79.4734,43.6354
4001952133,10781,Driver,65 to 69,None,"Automobile, Station Wagon",Parked,0,1,1,0,0,0,0,0,0,0,0,0,0,20,1956,Clear,"Dusk, artificial",-79.4658,43.6654
4001952133,10782,Cyclist,35 to 39,Major,Bicycle,Going Ahead,0,1,1,0,0,0,0,0,0,0,0,0,0,20,1956,Clear,"Dusk, artificial",-79.4658,43.6654
4001989403,10791,Driver,35 to 39,None,Municipal Transit Bus (TTC),Pulling Away from Shoulder or Curb,0,0,0,0,0,1,0,1,0,0,0,0,0,18,1822,Rain,Daylight,-79.4292,43.7959
4001989403,10792,Passenger,85 to 89,Major,NULL,NULL,0,0,0,0,0,1,0,1,0,0,0,0,0,18,1822,Rain,Daylight,-79.4292,43.7959
4002017268,10803,Passenger,unknown,None,NULL,NULL,0,1,1,0,0,0,0,1,0,1,0,0,0,6,644,Clear,Daylight,-79.3118,43.6834
4002017268,10801,Driver,25 to 29,None,"Automobile, Station Wagon",Turning Left,0,1,1,0,0,0,0,1,0,1,0,0,0,6,644,Clear,Daylight,-79.3118,43.6834
4002017268,10802,Passenger,25 to 29,None,NULL,NULL,0,1,1,0,0,0,0,1,0,1,0,0,0,6,644,Clear,Daylight,-79.3118,43.6834
4002017268,10804,Passenger,unknown,None,NULL,NULL,0,1,1,0,0,0,0,1,0,1,0,0,0,6,644,Clear,Daylight,-79.3118,43.6834
4002017268,10805,Cyclist,55 to 59,Major,Bicycle,Going Ahead,0,1,1,0,0,0,0,1,0,1,0,0,0,6,644,Clear,Daylight,-79.3118,43.6834
4002018320,10806,Cyclist,50 to 54,Major,Bicycle,Going Ahead,0,1,1,0,0,0,0,1,0,1,0,0,0,10,1009,Clear,Daylight,-79.3079,43.6739
4002018320,10807,Driver,45 to 49,None,"Automobile, Station Wagon",Turning Left,0,1,1,0,0,0,0,1,0,1,0,0,0,10,1009,Clear,Daylight,-79.3079,43.6739
4002018320,10808,Passenger,20 to 24,None,NULL,NULL,0,1,1,0,0,0,0,1,0,1,0,0,0,10,1009,Clear,Daylight,-79.3079,43.6739
4002043758,10811,Driver,75 to 79,Major,"Automobile, Station Wagon",Going Ahead,0,0,1,0,0,0,0,0,0,1,1,0,1,10,954,Clear,Daylight,-79.248,43.7366
4002043758,10812,Driver,60 to 64,Minor,"Automobile, Station Wagon",Going Ahead,0,0,1,0,0,0,0,0,0,1,1,0,1,10,954,Clear,Daylight,-79.248,43.7366
4002067851,10827,Pedestrian,40 to 44,Major,NULL,NULL,1,0,0,0,0,0,0,0,0,0,0,0,0,23,2330,Rain,Dark,-79.2069,43.7927
4002082136,10834,Passenger,40 to 44,None,NULL,NULL,0,0,1,0,0,0,0,1,0,1,0,0,0,7,737,Clear,Daylight,-79.4606,43.7701
4002082136,10830,Driver,60 to 64,None,"Automobile, Station Wagon",Turning Left,0,0,1,0,0,0,0,1,0,1,0,0,0,7,737,Clear,Daylight,-79.4606,43.7701
4002082136,10831,Driver,20 to 24,Minimal,"Automobile, Station Wagon",Stopped,0,0,1,0,0,0,0,1,0,1,0,0,0,7,737,Clear,Daylight,-79.4606,43.7701
4002082136,10832,Driver,60 to 64,None,"Automobile, Station Wagon",Stopped,0,0,1,0,0,0,0,1,0,1,0,0,0,7,737,Clear,Daylight,-79.4606,43.7701
4002082136,10833,Passenger,20 to 24,Major,NULL,NULL,0,0,1,0,0,0,0,1,0,1,0,0,0,7,737,Clear,Daylight,-79.4606,43.7701
4002131801,10110,Driver,25 to 29,None,"Automobile, Station Wagon",Going Ahead,0,0,1,0,0,0,0,1,0,1,1,1,0,20,2020,Clear,"Dark, artificial",-79.3642,43.7694