ACCNUM,ObjectId,INVTYPE,INVAGE,INJURY,VEHTYPE,MANOEUVER,PEDESTRIAN,CYCLIST,AUTOMOBILE,MOTORCYCLE,TRUCK,TRSN_CITY_VEH,EMERG_VEH,PASSENGER,SPEEDING,AG_DRIV,REDLIGHT,ALCOHOL,DISABILITY,HOUR,TIME,VISIBILITY,LIGHT,collision_lat,collision_long
4002131801,10125,Driver,60 to 64,Major,"Automobile, Station Wagon",Turning Left,0,0,1,0,0,0,0,1,0,1,1,1,0,20,2020,Clear,"Dark, artificial",-79.3642,43.7694
4002131801,10133,Passenger,60 to 64,Minor,NULL,NULL,0,0,1,0,0,0,0,1,0,1,1,1,0,20,2020,Clear,"Dark, artificial",-79.3642,43.7694
4002166140,10667,Driver,50 to 54,None,"Automobile, Station Wagon",Going Ahead,1,0,1,0,0,0,0,0,0,0,0,0,0,21,2125,Clear,"Dark, artificial",-79.2053,43.7833
4002166140,10670,Pedestrian,40 to 44,Major,NULL,NULL,1,0,1,0,0,0,0,0,0,0,0,0,0,21,2125,Clear,"Dark, artificial",-79.2053,43.7833
4002174888,10676,Driver,45 to 49,Major,Delivery Van,Slowing or Stopping,0,0,1,0,1,0,0,0,1,1,0,0,0,8,814,Clear,Daylight,-79.5201,43.6188
4002174888,10677,Truck Driver,65 to 69,None,Truck-Tractor,Stopped,0,0,1,0,1,0,0,0,1,1,0,0,0,8,814,Clear,Daylight,-79.5201,43.6188
4002194232,10682,Driver,45 to 49,None,"Automobile, Station Wagon",Changing Lanes,0,0,1,0,0,0,0,1,0,0,0,0,0,22,2217,Clear,"Dark, artificial",-79.3909,43.6388
4002194232,10683,Driver,15 to 19,Major,"Automobile, Station Wagon",Going Ahead,0,0,1,0,0,0,0,1,0,0,0,0,0,22,2217,Clear,"Dark, artificial",-79.3909,43.6388
4002194232,10684,Passenger,15 to 19,None,NULL,NULL,0,0,1,0,0,0,0,1,0,0,0,0,0,22,2217,Clear,"Dark, artificial",-79.3909,43.6388
4002194232,10685,Passenger,45 to 49,None,NULL,NULL,0,0,1,0,0,0,0,1,0,0,0,0,0,22,2217,Clear,"Dark, artificial",-79.3909,43.6388
4002194232,10686,Passenger,45 to 49,None,NULL,NULL,0,0,1,0,0,0,0,1,0,0,0,0,0,22,2217,Clear,"Dark, artificial",-79.3909,43.6388
4002194232,10687,Passenger,45 to 49,None,NULL,NULL,0,0,1,0,0,0,0,1,0,0,0,0,0,22,2217,Clear,"Dark, artificial",-79.3909,43.6388
4002194232,10688,Passenger,15 to 19,None,NULL,NULL,0,0,1,0,0,0,0,1,0,0,0,0,0,22,2217,Clear,"Dark, artificial",-79.3909,43.6388
4002199584,10695,Driver,60 to 64,None,"Automobile, Station Wagon",Going Ahead,0,1,1,0,0,0,0,0,0,0,0,0,0,18,1822,Clear,Daylight,-79.4694,43.6654
4002199584,10697,Cyclist,45 to 49,Major,Bicycle,Going Ahead,0,1,1,0,0,0,0,0,0,0,0,0,0,18,1822,Clear,Daylight,-79.4694,43.6654
4002253625,10712,Driver,35 to 39,None,"Automobile, Station Wagon",Going Ahead,0,0,1,0,0,0,0,1,0,1,0,0,0,13,1252,Clear,Daylight,-79.5347,43.592
4002253625,10713,Driver,35 to 39,Major,Pick Up Truck,Going Ahead,0,0,1,0,0,0,0,1,0,1,0,0,0,13,1252,Clear,Daylight,-79.5347,43.592
4002253625,10714,Passenger,5 to 9,None,NULL,NULL,0,0,1,0,0,0,0,1,0,1,0,0,0,13,1252,Clear,Daylight,-79.5347,43.592
4002253625,10715,Passenger,0 to 4,None,NULL,NULL,0,0,1,0,0,0,0,1,0,1,0,0,0,13,1252,Clear,Daylight,-79.5347,43.592
4002291464,10732,Driver,75 to 79,None,"Automobile, Station Wagon",Going Ahead,0,1,1,0,0,0,0,0,0,1,0,0,0,19,1930,Clear,Daylight,-79.5628,43.7506
4002291464,10733,Cyclist,5 to 9,Major,Bicycle,Going Ahead,0,1,1,0,0,0,0,0,0,1,0,0,0,19,1930,Clear,Daylight,-79.5628,43.7506
4002339341,10751,Driver,50 to 54,None,"Automobile, Station Wagon",Turning Left,0,0,1,0,0,0,0,1,0,1,0,0,0,18,1836,Clear,Daylight,-79.5252,43.6792
4002339341,10752,Driver,65 to 69,Major,"Automobile, Station Wagon",Going Ahead,0,0,1,0,0,0,0,1,0,1,0,0,0,18,1836,Clear,Daylight,-79.5252,43.6792
4002339341,10753,Passenger,65 to 69,Minor,NULL,NULL,0,0,1,0,0,0,0,1,0,1,0,0,0,18,1836,Clear,Daylight,-79.5252,43.6792
4002384040,10140,Driver,30 to 34,None,Passenger Van,Going Ahead,0,0,1,0,0,0,0,1,0,0,0,1,0,2,227,Clear,"Dark, artificial",-79.5312,43.6166
4002384040,10149,Passenger,25 to 29,Minor,NULL,NULL,0,0,1,0,0,0,0,1,0,0,0,1,0,2,227,Clear,"Dark, artificial",-79.5312,43.6166
4002384040,10130,Driver,25 to 29,Major,"Automobile, Station Wagon",Going Ahead,0,0,1,0,0,0,0,1,0,0,0,1,0,2,227,Clear,"Dark, artificial",-79.5312,43.6166
1382904,9371,Driver,40 to 44,None,"Automobile, Station Wagon",Turning Right,1,0,1,0,0,0,0,0,0,1,0,0,0,13,1335,Clear,Daylight,-79.3971,43.6373
1382904,9372,Pedestrian,0 to 4,Major,Other,NULL,1,0,1,0,0,0,0,0,0,1,0,0,0,13,1335,Clear,Daylight,-79.3971,43.6373
1382904,9373,Pedestrian,35 to 39,Major,Other,NULL,1,0,1,0,0,0,0,0,0,1,0,0,0,13,1335,Clear,Daylight,-79.3971,43.6373
1383674,9397,Driver,55 to 59,Minor,"Automobile, Station Wagon",Making U Turn,0,0,1,0,0,0,0,0,0,0,0,0,0,8,808,Rain,Daylight,-79.2573,43.7596
1383674,9398,Driver,55 to 59,Major,"Automobile, Station Wagon",Going Ahead,0,0,1,0,0,0,0,0,0,0,0,0,0,8,808,Rain,Daylight,-79.2573,43.7596
1383697,9407,Driver,25 to 29,None,"Automobile, Station Wagon",Going Ahead,1,0,1,0,0,0,0,0,0,0,0,0,0,20,2015,Clear,"Dark, artificial",-79.2515,43.7542
1383697,9408,Pedestrian,70 to 74,Major,Other,NULL,1,0,1,0,0,0,0,0,0,0,0,0,0,20,2015,Clear,"Dark, artificial",-79.2515,43.7542
1384474,10041,Pedestrian,Over 95,Fatal,NULL,NULL,1,0,1,0,0,0,0,0,0,1,0,0,0,10,1022,Clear,Daylight,-79.4277,43.7005
1384474,10040,Driver,55 to 59,None,Delivery Van,Going Ahead,1,0,1,0,0,0,0,0,0,1,0,0,0,10,1022,Clear,Daylight,-79.4277,43.7005
1384542,10028,Driver,25 to 29,Minimal,"Automobile, Station Wagon",Turning Left,0,1,1,0,0,0,0,0,0,1,0,0,0,19,1902,Clear,Dusk,-79.4456,43.672
1384542,10029,Cyclist,30 to 34,Major,Bicycle,Going Ahead,0,1,1,0,0,0,0,0,0,1,0,0,0,19,1902,Clear,Dusk,-79.4456,43.672
1385276,10059,Driver,60 to 64,None,"Automobile, Station Wagon",Reversing,1,0,1,0,0,0,0,0,0,0,0,0,0,16,1625,Clear,Daylight,-79.325,43.7058
1385276,10060,Pedestrian,85 to 89,Fatal,Other,NULL,1,0,1,0,0,0,0,0,0,0,0,0,0,16,1625,Clear,Daylight,-79.325,43.7058
1385469,10266,Driver,45 to 49,None,"Automobile, Station Wagon",Turning Right,0,1,1,0,0,0,0,0,0,1,0,0,0,10,1047,Clear,Daylight,-79.3407,43.6535
1385469,10267,Cyclist,65 to 69,Major,Bicycle,Going Ahead,0,1,1,0,0,0,0,0,0,1,0,0,0,10,1047,Clear,Daylight,-79.3407,43.6535
1386112,10493,Driver,55 to 59,None,"Automobile, Station Wagon",Going Ahead,1,0,1,0,0,0,0,0,0,0,0,0,0,9,855,Clear,Daylight,-79.3881,43.6578
1386112,10494,Pedestrian,15 to 19,Major,Other,NULL,1,0,1,0,0,0,0,0,0,0,0,0,0,9,855,Clear,Daylight,-79.3881,43.6578
1386246,9904,Driver,40 to 44,None,"Automobile, Station Wagon",Going Ahead,0,1,1,0,0,0,0,0,0,1,0,0,0,10,1015,Clear,Daylight,-79.4429,43.6359
1386246,9905,Cyclist,25 to 29,Major,Bicycle,Going Ahead,0,1,1,0,0,0,0,0,0,1,0,0,0,10,1015,Clear,Daylight,-79.4429,43.6359
1386339,10271,Motorcycle Driver,25 to 29,Major,Motorcycle,Changing Lanes,0,0,0,1,0,0,0,0,0,0,0,0,0,0,16,Clear,Dark,-79.1713,43.8551
1386339,10272,Motorcycle Driver,20 to 24,Minor,Motorcycle,Going Ahead,0,0,0,1,0,0,0,0,0,0,0,0,0,0,16,Clear,Dark,-79.1713,43.8551
1386873,10524,Driver,50 to 54,None,"Automobile, Station Wagon",Turning Left,1,0,1,0,0,0,0,0,0,1,0,0,0,9,927,Clear,Daylight,-79.3208,43.6839
1386873,10525,Pedestrian,60 to 64,Major,Other,NULL,1,0,1,0,0,0,0,0,0,1,0,0,0,9,927,Clear,Daylight,-79.3208,43.6839
1388488,10045,Cyclist,30 to 34,Major,Bicycle,Going Ahead,0,1,1,0,0,0,0,0,0,0,0,0,0,5,500,Rain,Dark,-79.3996,43.6364
1388488,10046,Driver,20 to 24,None,"Automobile, Station Wagon",Going Ahead,0,1,1,0,0,0,0,0,0,0,0,0,0,5,500,Rain,Dark,-79.3996,43.6364
1388613,10051,Driver,60 to 64,None,"Automobile, Station Wagon",Turning Left,1,0,1,0,0,0,0,0,0,1,0,0,0,9,902,Clear,Daylight,-79.2627,43.8088
1388613,10052,Pedestrian,0 to 4,Minimal,Other,NULL,1,0,1,0,0,0,0,0,0,1,0,0,0,9,902,Clear,Daylight,-79.2627,43.8088
1388613,10053,Pedestrian,5 to 9,Major,Other,NULL,1,0,1,0,0,0,0,0,0,1,0,0,0,9,902,Clear,Daylight,-79.2627,43.8088
1411275,16785,Pedestrian,60 to 64,Major,NULL,NULL,1,0,1,0,0,0,0,0,0,1,0,0,0,8,845,Clear,Daylight,-79.2948,43.8207
1411275,16784,Driver,55 to 59,None,"Automobile, Station Wagon",Turning Right,1,0,1,0,0,0,0,0,0,1,0,0,0,8,845,Clear,Daylight,-79.2948,43.8207
1468565,16792,Driver,35 to 39,None,"Automobile, Station Wagon",Going Ahead,1,0,1,0,0,0,0,0,0,0,0,0,0,16,1557,Clear,Daylight,-79.2322,43.7853
1468565,16793,Pedestrian,50 to 54,Major,NULL,NULL,1,0,1,0,0,0,0,0,0,0,0,0,0,16,1557,Clear,Daylight,-79.2322,43.7853
1491395,16801,Motorcycle Driver,40 to 44,Major,Motorcycle,Going Ahead,0,0,0,1,0,0,0,0,1,1,0,0,0,22,2239,Clear,Dark,-79.3056,43.744
1494344,16806,Cyclist,15 to 19,Major,Bicycle,Making U Turn,0,1,1,0,0,0,0,0,0,0,0,0,0,11,1117,Clear,Daylight,-79.4394,43.6894
1494344,16807,Driver,65 to 69,None,"Automobile, Station Wagon",Going Ahead,0,1,1,0,0,0,0,0,0,0,0,0,0,11,1117,Clear,Daylight,-79.4394,43.6894
1584883,16845,Driver,unknown,None,NULL,Going Ahead,0,1,0,0,0,0,0,0,0,0,0,0,0,4,421,Clear,"Dark, artificial",-79.2613,43.7165
1584883,16846,Cyclist,40 to 44,Major,Bicycle,Going Ahead,0,1,0,0,0,0,0,0,0,0,0,0,0,4,421,Clear,"Dark, artificial",-79.2613,43.7165
1636966,16855,Driver,unknown,None,"Automobile, Station Wagon",Going Ahead,0,1,1,0,0,0,0,0,0,1,0,0,0,13,1340,Clear,Daylight,-79.2389,43.7147
1636966,16856,Cyclist,25 to 29,Major,Bicycle,Going Ahead,0,1,1,0,0,0,0,0,0,1,0,0,0,13,1340,Clear,Daylight,-79.2389,43.7147
1685668,16414,Motorcycle Driver,50 to 54,Major,Motorcycle,Going Ahead,0,0,1,1,0,0,0,0,0,0,0,0,0,11,1100,Clear,Daylight,-79.4492,43.6847
1685668,16415,Driver,25 to 29,None,"Automobile, Station Wagon",Going Ahead,0,0,1,1,0,0,0,0,0,0,0,0,0,11,1100,Clear,Daylight,-79.4492,43.6847
1725469,16420,Driver,25 to 29,None,"Automobile, Station Wagon",Going Ahead,1,0,1,0,0,0,0,0,0,1,1,0,0,3,256,Clear,"Dark, artificial",-79.3659,43.6594
1725469,16421,Pedestrian,50 to 54,Major,NULL,NULL,1,0,1,0,0,0,0,0,0,1,1,0,0,3,256,Clear,"Dark, artificial",-79.3659,43.6594
1766011,16429,Driver,55 to 59,None,"Automobile, Station Wagon",Going Ahead,1,0,1,0,0,0,0,0,0,0,0,0,0,20,2000,Clear,"Dark, artificial",-79.3522,43.6583
1766011,16430,Pedestrian,35 to 39,Major,NULL,NULL,1,0,1,0,0,0,0,0,0,0,0,0,0,20,2000,Clear,"Dark, artificial",-79.3522,43.6583
1887920,16465,Driver,25 to 29,None,"Automobile, Station Wagon",Going Ahead,1,0,1,0,0,0,0,0,0,0,0,0,0,0,1,Clear,"Dark, artificial",-79.4191,43.6372
1887920,16466,Pedestrian,25 to 29,Major,NULL,NULL,1,0,1,0,0,0,0,0,0,0,0,0,0,0,1,Clear,"Dark, artificial",-79.4191,43.6372
1887920,16467,Other,40 to 44,None,NULL,NULL,1,0,1,0,0,0,0,0,0,0,0,0,0,0,1,Clear,"Dark, artificial",-79.4191,43.6372
1995407,16128,Driver,55 to 59,Major,"Automobile, Station Wagon",Going Ahead,0,0,1,0,1,0,0,0,0,0,0,0,0,7,744,Rain,"Dark, artificial",-79.1738,43.7711
1995407,16132,Truck Driver,50 to 54,None,"Truck - Closed (Blazer, etc)",Turning Left,0,0,1,0,1,0,0,0,0,0,0,0,0,7,744,Rain,"Dark, artificial",-79.1738,43.7711
2234262,16720,Driver,unknown,None,"Automobile, Station Wagon",Turning Left,1,0,1,0,0,0,0,0,0,1,0,0,0,17,1735,Rain,"Dark, artificial",-79.2822,43.7694
2234262,16721,Pedestrian,60 to 64,Major,NULL,NULL,1,0,1,0,0,0,0,0,0,1,0,0,0,17,1735,Rain,"Dark, artificial",-79.2822,43.7694
2260605,16729,Driver,30 to 34,None,"Automobile, Station Wagon",Turning Left,1,0,1,0,0,0,0,0,0,1,0,0,0,22,2200,Clear,"Dark, artificial",-79.4292,43.796
2260605,16730,Pedestrian,60 to 64,Major,NULL,NULL,1,0,1,0,0,0,0,0,0,1,0,0,0,22,2200,Clear,"Dark, artificial",-79.4292,43.796
2266275,16733,Driver,45 to 49,None,Passenger Van,Turning Left,1,0,1,0,0,0,0,0,0,1,0,0,0,18,1829,Rain,"Dark, artificial",-79.3078,43.7787
2266275,16734,Pedestrian,25 to 29,Major,NULL,NULL,1,0,1,0,0,0,0,0,0,1,0,0,0,18,1829,Rain,"Dark, artificial",-79.3078,43.7787
2279200,16737,Cyclist,20 to 24,Fatal,Bicycle,Going Ahead,0,1,1,0,0,0,0,0,0,1,0,0,0,18,1829,Clear,Daylight,-79.4333,43.6546
2279200,16738,Driver,35 to 39,None,Delivery Van,Going Ahead,0,1,1,0,0,0,0,0,0,1,0,0,0,18,1829,Clear,Daylight,-79.4333,43.6546
2279200,16739,Driver,30 to 34,None,"Automobile, Station Wagon",Going Ahead,0,1,1,0,0,0,0,0,0,1,0,0,0,18,1829,Clear,Daylight,-79.4333,43.6546
2340093,16749,Driver,35 to 39,Major,"Automobile, Station Wagon",Going Ahead,0,0,1,0,0,0,0,0,0,1,0,0,0,3,325,Clear,"Dark, artificial",-79.4117,43.7124
141413547,10167,Driver,50 to 54,Minimal,"Automobile, Station Wagon",Stopped,0,0,1,0,0,0,0,1,0,0,0,0,0,13,1310,Snow,Daylight,-79.3312,43.775
141413547,10170,Driver,70 to 74,Fatal,Passenger Van,Going Ahead,0,0,1,0,0,0,0,1,0,0,0,0,0,13,1310,Snow,Daylight,-79.3312,43.775
141413547,10168,Passenger,50 to 54,Minimal,NULL,NULL,0,0,1,0,0,0,0,1,0,0,0,0,0,13,1310,Snow,Daylight,-79.3312,43.775
141413547,10169,Passenger,15 to 19,Minimal,NULL,NULL,0,0,1,0,0,0,0,1,0,0,0,0,0,13,1310,Snow,Daylight,-79.3312,43.775
141513588,10212,Driver,55 to 59,None,"Automobile, Station Wagon",Going Ahead,1,0,1,0,0,0,0,0,0,0,0,0,0,1,127,Clear,"Dark, artificial",-79.267,43.7087
141513588,10213,Pedestrian,50 to 54,Fatal,NULL,NULL,1,0,1,0,0,0,0,0,0,0,0,0,0,1,127,Clear,"Dark, artificial",-79.267,43.7087
141603063,10123,Driver,55 to 59,None,NULL,Stopped,0,0,1,0,0,0,0,1,0,1,0,0,0,16,1646,Clear,Daylight,-79.3508,43.7549
141603063,10113,Passenger,10 to 14,Minimal,NULL,NULL,0,0,1,0,0,0,0,1,0,1,0,0,0,16,1646,Clear,Daylight,-79.3508,43.7549
141603063,10121,Driver,30 to 34,None,"Automobile, Station Wagon",Turning Left,0,0,1,0,0,0,0,1,0,1,0,0,0,16,1646,Clear,Daylight,-79.3508,43.7549
141603063,10136,Driver,80 to 84,Fatal,"Automobile, Station Wagon",Going Ahead,0,0,1,0,0,0,0,1,0,1,0,0,0,16,1646,Clear,Daylight,-79.3508,43.7549
142300273,10739,Motorcycle Driver,45 to 49,Fatal,Motorcycle,Going Ahead,0,0,0,1,0,0,0,0,0,0,0,0,0,8,827,Rain,Daylight,-79.3578,43.6751
142471584,10857,Driver,50 to 54,None,"Automobile, Station Wagon",Reversing,1,0,1,0,0,0,0,0,0,0,0,0,0,19,1909,Clear,Daylight,-79.4526,43.6568
142471584,10858,Pedestrian,65 to 69,Fatal,NULL,NULL,1,0,1,0,0,0,0,0,0,0,0,0,0,19,1909,Clear,Daylight,-79.4526,43.6568
142655086,10918,Driver,25 to 29,Minor,NULL,Going Ahead,1,0,1,0,0,0,0,1,0,1,1,0,0,16,1618,Clear,Daylight,-79.4166,43.7843
142655086,10919,Passenger,20 to 24,Major,NULL,NULL,1,0,1,0,0,0,0,1,0,1,1,0,0,16,1618,Clear,Daylight,-79.4166,43.7843
142655086,10920,Driver,20 to 24,None,"Automobile, Station Wagon",Turning Left,1,0,1,0,0,0,0,1,0,1,1,0,0,16,1618,Clear,Daylight,-79.4166,43.7843
142655086,10921,Passenger,20 to 24,None,NULL,NULL,1,0,1,0,0,0,0,1,0,1,1,0,0,16,1618,Clear,Daylight,-79.4166,43.7843
142655086,10922,Pedestrian,40 to 44,Fatal,NULL,NULL,1,0,1,0,0,0,0,1,0,1,1,0,0,16,1618,Clear,Daylight,-79.4166,43.7843
143022510,11881,Motorcycle Driver,20 to 24,Fatal,Motorcycle,Going Ahead,0,0,0,1,0,0,0,0,1,1,0,0,0,16,1620,Clear,Daylight,-79.5551,43.7259
143250160,11282,Pedestrian,40 to 44,Fatal,NULL,NULL,1,0,1,0,0,0,0,0,0,0,0,0,0,13,1254,Clear,Daylight,-79.2587,43.736
143250160,11283,Driver,30 to 34,Minor,Passenger Van,Going Ahead,1,0,1,0,0,0,0,0,0,0,0,0,0,13,1254,Clear,Daylight,-79.2587,43.736
143507481,11621,Pedestrian,75 to 79,Fatal,NULL,NULL,1,0,1,0,0,0,0,1,0,0,0,0,0,8,843,Clear,Daylight,-79.4466,43.7885
143507481,11622,Driver,25 to 29,None,"Automobile, Station Wagon",Going Ahead,1,0,1,0,0,0,0,1,0,0,0,0,0,8,843,Clear,Daylight,-79.4466,43.7885
1386644,10282,Driver,40 to 44,None,Municipal Transit Bus (TTC),Going Ahead,1,0,0,0,0,1,0,0,0,0,0,0,0,16,1649,Clear,Daylight,-79.399,43.6554
1386644,10283,Pedestrian,35 to 39,Minor,Other,NULL,1,0,0,0,0,1,0,0,0,0,0,0,0,16,1649,Clear,Daylight,-79.399,43.6554
1386644,10284,Pedestrian,40 to 44,Major,Other,NULL,1,0,0,0,0,1,0,0,0,0,0,0,0,16,1649,Clear,Daylight,-79.399,43.6554
1387447,10296,Driver,75 to 79,Minor,"Automobile, Station Wagon",Going Ahead,0,0,1,0,0,0,0,1,0,0,0,0,0,15,1527,Clear,Daylight,-79.2481,43.7111
1387447,10297,Passenger,60 to 64,Major,Other,NULL,0,0,1,0,0,0,0,1,0,0,0,0,0,15,1527,Clear,Daylight,-79.2481,43.7111
1387447,10298,Driver,85 to 89,Minor,"Automobile, Station Wagon",Turning Left,0,0,1,0,0,0,0,1,0,0,0,0,0,15,1527,Clear,Daylight,-79.2481,43.7111
1387447,10299,Driver,65 to 69,None,"Automobile, Station Wagon",Stopped,0,0,1,0,0,0,0,1,0,0,0,0,0,15,1527,Clear,Daylight,-79.2481,43.7111
1492582,16802,Driver,25 to 29,None,"Automobile, Station Wagon",Turning Left,1,0,1,0,0,0,0,1,0,1,0,0,0,6,551,Clear,"Dark, artificial",-79.243,43.8129
1492582,16803,Passenger,20 to 24,None,NULL,NULL,1,0,1,0,0,0,0,1,0,1,0,0,0,6,551,Clear,"Dark, artificial",-79.243,43.8129
1492582,16804,Passenger,25 to 29,None,NULL,NULL,1,0,1,0,0,0,0,1,0,1,0,0,0,6,551,Clear,"Dark, artificial",-79.243,43.8129
1492582,16805,Pedestrian,50 to 54,Major,NULL,NULL,1,0,1,0,0,0,0,1,0,1,0,0,0,6,551,Clear,"Dark, artificial",-79.243,43.8129
1501323,16808,Pedestrian,0 to 4,Fatal,NULL,NULL,1,0,1,0,0,0,0,0,0,0,0,0,0,11,1109,Clear,Daylight,-79.5599,43.6477
1501323,16809,Pedestrian,35 to 39,Minor,NULL,NULL,1,0,1,0,0,0,0,0,0,0,0,0,0,11,1109,Clear,Daylight,-79.5599,43.6477
1501323,16810,Driver,80 to 84,None,"Automobile, Station Wagon",Turning Left,1,0,1,0,0,0,0,0,0,0,0,0,0,11,1109,Clear,Daylight,-79.5599,43.6477
1501323,16811,Pedestrian,5 to 9,Minor,NULL,NULL,1,0,1,0,0,0,0,0,0,0,0,0,0,11,1109,Clear,Daylight,-79.5599,43.6477
1548237,16827,Motorcycle Driver,35 to 39,Major,Motorcycle,Going Ahead,0,0,0,1,0,0,0,0,0,0,0,0,0,23,2335,Clear,Dark,-79.2356,43.8165
1655498,16125,Driver,40 to 44,Major,"Automobile, Station Wagon",Going Ahead,0,0,1,0,0,0,0,0,0,0,0,0,0,2,230,Rain,"Dark, artificial",-79.3634,43.6885
1684477,16412,Driver,unknown,None,"Automobile, Station Wagon",Going Ahead,1,0,1,0,0,0,0,0,0,0,0,0,0,4,433,Clear,"Dark, artificial",-79.5426,43.7533
1684477,16413,Pedestrian,25 to 29,Major,NULL,NULL,1,0,1,0,0,0,0,0,0,0,0,0,0,4,433,Clear,"Dark, artificial",-79.5426,43.7533
1743037,16424,Driver,unknown,None,Passenger Van,Turning Right,1,0,1,0,0,0,0,0,0,1,0,0,0,17,1722,Clear,Daylight,-79.3284,43.6592
1743037,16425,Pedestrian,0 to 4,Major,NULL,NULL,1,0,1,0,0,0,0,0,0,1,0,0,0,17,1722,Clear,Daylight,-79.3284,43.6592
1764344,16427,Driver,25 to 29,None,Pick Up Truck,Turning Left,1,0,1,0,0,0,0,0,0,1,0,0,0,15,1544,Clear,Daylight,-79.5756,43.7019
1764344,16428,Pedestrian,50 to 54,Major,NULL,NULL,1,0,1,0,0,0,0,0,0,1,0,0,0,15,1544,Clear,Daylight,-79.5756,43.7019
1766819,16431,Motorcycle Driver,30 to 34,Fatal,Motorcycle,Going Ahead,0,0,1,1,0,0,0,0,0,0,0,0,0,22,2240,Clear,"Dark, artificial",-79.3035,43.769
1766819,16432,Driver,20 to 24,None,"Automobile, Station Wagon",Turning Left,0,0,1,1,0,0,0,0,0,0,0,0,0,22,2240,Clear,"Dark, artificial",-79.3035,43.769
1784235,16441,Driver,35 to 39,None,"Automobile, Station Wagon",Going Ahead,1,0,1,0,0,0,0,1,0,0,0,0,0,11,1101,Clear,Daylight,-79.4669,43.7688
1784235,16442,Passenger,45 to 49,None,NULL,NULL,1,0,1,0,0,0,0,1,0,0,0,0,0,11,1101,Clear,Daylight,-79.4669,43.7688
1784235,16443,Pedestrian,45 to 49,Major,NULL,NULL,1,0,1,0,0,0,0,1,0,0,0,0,0,11,1101,Clear,Daylight,-79.4669,43.7688
1787576,16446,Driver,40 to 44,None,"Automobile, Station Wagon",Turning Left,1,0,1,0,0,0,0,0,0,0,0,0,0,21,2058,Clear,"Dark, artificial",-79.2029,43.8192
1787576,16447,Pedestrian,20 to 24,Major,NULL,NULL,1,0,1,0,0,0,0,0,0,0,0,0,0,21,2058,Clear,"Dark, artificial",-79.2029,43.8192
1799525,16450,Driver,75 to 79,None,"Automobile, Station Wagon",Turning Left,0,0,1,1,0,0,0,0,0,1,0,0,0,14,1350,Clear,Daylight,-79.5244,43.7174
1799525,16451,Motorcycle Driver,40 to 44,Major,Motorcycle,Going Ahead,0,0,1,1,0,0,0,0,0,1,0,0,0,14,1350,Clear,Daylight,-79.5244,43.7174
1884326,16460,Driver,30 to 34,None,"Automobile, Station Wagon",Turning Right,0,0,1,0,0,0,0,1,0,1,0,0,0,12,1152,Rain,Daylight,-79.3627,43.654
1884326,16461,Driver,35 to 39,Major,"Automobile, Station Wagon",Going Ahead,0,0,1,0,0,0,0,1,0,1,0,0,0,12,1152,Rain,Daylight,-79.3627,43.654
1884326,16462,Passenger,30 to 34,None,NULL,NULL,0,0,1,0,0,0,0,1,0,1,0,0,0,12,1152,Rain,Daylight,-79.3627,43.654
1912366,16478,Driver,unknown,None,"Automobile, Station Wagon",Turning Right,1,0,1,0,0,0,0,0,0,0,0,0,0,14,1410,Rain,Daylight,-79.4032,43.6451
1912366,16479,Pedestrian,70 to 74,Major,NULL,NULL,1,0,1,0,0,0,0,0,0,0,0,0,0,14,1410,Rain,Daylight,-79.4032,43.6451
1945158,16494,Driver,50 to 54,None,Delivery Van,Going Ahead,0,0,1,0,0,0,0,0,0,0,0,0,0,16,1622,Clear,Daylight,-79.4825,43.6647
1945158,16495,Driver,50 to 54,Major,"Automobile, Station Wagon",Stopped,0,0,1,0,0,0,0,0,0,0,0,0,0,16,1622,Clear,Daylight,-79.4825,43.6647
1945158,16496,Driver,40 to 44,None,"Automobile, Station Wagon",Stopped,0,0,1,0,0,0,0,0,0,0,0,0,0,16,1622,Clear,Daylight,-79.4825,43.6647
2092644,16393,Pedestrian,65 to 69,Fatal,NULL,NULL,1,0,0,0,1,0,0,0,0,1,0,0,0,12,1241,Clear,Daylight,-79.3573,43.6512
2092644,16399,Truck Driver,60 to 64,None,Truck (other),Turning Right,1,0,0,0,1,0,0,0,0,1,0,0,0,12,1241,Clear,Daylight,-79.3573,43.6512
2139980,16610,Truck Driver,25 to 29,Minimal,Truck - Open,Going Ahead,1,0,0,0,1,0,0,0,0,1,0,0,0,10,1017,Clear,Daylight,-79.5177,43.7189
2139980,16702,Pedestrian,65 to 69,Major,NULL,NULL,1,0,0,0,1,0,0,0,0,1,0,0,0,10,1017,Clear,Daylight,-79.5177,43.7189
2201920,16711,Driver,40 to 44,None,"Automobile, Station Wagon",Turning Left,1,0,1,0,0,0,0,0,0,0,0,0,0,16,1550,Clear,Daylight,-79.4528,43.6839
2201920,16712,Pedestrian,10 to 14,Major,NULL,NULL,1,0,1,0,0,0,0,0,0,0,0,0,0,16,1550,Clear,Daylight,-79.4528,43.6839
2201920,16713,Pedestrian,5 to 9,Minor,NULL,NULL,1,0,1,0,0,0,0,0,0,0,0,0,0,16,1550,Clear,Daylight,-79.4528,43.6839
2318123,16746,Driver,unknown,None,"Automobile, Station Wagon",Going Ahead,0,0,1,0,0,0,0,1,1,1,0,0,0,19,1856,Clear,Dark,-79.5254,43.6471
2318123,16747,Passenger,25 to 29,Major,NULL,NULL,0,0,1,0,0,0,0,1,1,1,0,0,0,19,1856,Clear,Dark,-79.5254,43.6471