ACCNUM,ObjectId,INVTYPE,INVAGE,INJURY,VEHTYPE,MANOEUVER,PEDESTRIAN,CYCLIST,AUTOMOBILE,MOTORCYCLE,TRUCK,TRSN_CITY_VEH,EMERG_VEH,PASSENGER,SPEEDING,AG_DRIV,REDLIGHT,ALCOHOL,DISABILITY,HOUR,TIME,VISIBILITY,LIGHT,collision_lat,collision_long
2332478,16748,Driver,25 to 29,Fatal,"Automobile, Station Wagon",Going Ahead,0,0,1,0,0,0,0,0,0,0,0,0,0,23,2344,Clear,"Dark, artificial",-79.6005,43.7547
2343661,16750,Driver,40 to 44,None,Pick Up Truck,Turning Left,1,0,1,0,0,0,0,1,0,1,0,0,0,18,1811,Clear,"Dusk, artificial",-79.5724,43.6433
2343661,16751,Pedestrian,65 to 69,Major,NULL,NULL,1,0,1,0,0,0,0,1,0,1,0,0,0,18,1811,Clear,"Dusk, artificial",-79.5724,43.6433
2343661,16752,Passenger,80 to 84,None,NULL,NULL,1,0,1,0,0,0,0,1,0,1,0,0,0,18,1811,Clear,"Dusk, artificial",-79.5724,43.6433
2343661,16753,Passenger,70 to 74,None,NULL,NULL,1,0,1,0,0,0,0,1,0,1,0,0,0,18,1811,Clear,"Dusk, artificial",-79.5724,43.6433
2343661,16754,Passenger,5 to 9,None,NULL,NULL,1,0,1,0,0,0,0,1,0,1,0,0,0,18,1811,Clear,"Dusk, artificial",-79.5724,43.6433
2343661,16755,Passenger,35 to 39,None,NULL,NULL,1,0,1,0,0,0,0,1,0,1,0,0,0,18,1811,Clear,"Dusk, artificial",-79.5724,43.6433
2419967,16768,Driver,50 to 54,Major,"Automobile, Station Wagon",Going Ahead,0,0,1,0,0,0,0,1,0,1,0,0,0,3,318,Snow,"Dark, artificial",-79.5797,43.6418
2419967,16769,Passenger,65 to 69,Minor,NULL,NULL,0,0,1,0,0,0,0,1,0,1,0,0,0,3,318,Snow,"Dark, artificial",-79.5797,43.6418
131098349,10392,Driver,45 to 49,None,"Automobile, Station Wagon",Going Ahead,1,0,1,0,0,0,0,0,0,0,0,0,0,17,1741,Clear,"Dark, artificial",-79.4115,43.6511
131098349,10393,Pedestrian,90 to 94,Fatal,NULL,NULL,1,0,1,0,0,0,0,0,0,0,0,0,0,17,1741,Clear,"Dark, artificial",-79.4115,43.6511
141518658,10214,Driver,40 to 44,None,Pick Up Truck,Going Ahead,1,0,1,0,0,0,0,0,1,1,0,0,0,20,2017,Clear,"Dark, artificial",-79.2851,43.7111
141518658,10215,Pedestrian,15 to 19,Fatal,NULL,NULL,1,0,1,0,0,0,0,0,1,1,0,0,0,20,2017,Clear,"Dark, artificial",-79.2851,43.7111
142041479,10809,Driver,25 to 29,None,"Automobile, Station Wagon",Turning Left,0,0,1,1,0,0,0,0,1,1,0,0,0,21,2108,Clear,"Dusk, artificial",-79.5835,43.6604
142041479,10810,Motorcycle Driver,20 to 24,Fatal,Motorcycle,Going Ahead,0,0,1,1,0,0,0,0,1,1,0,0,0,21,2108,Clear,"Dusk, artificial",-79.5835,43.6604
143117140,11920,Driver,50 to 54,None,"Automobile, Station Wagon",Going Ahead,1,0,1,0,0,0,0,0,0,0,0,0,0,19,1927,Rain,"Dark, artificial",-79.3031,43.7258
143117140,11921,Pedestrian,55 to 59,Fatal,NULL,NULL,1,0,1,0,0,0,0,0,0,0,0,0,0,19,1927,Rain,"Dark, artificial",-79.3031,43.7258
143234908,11279,Driver,25 to 29,Fatal,"Automobile, Station Wagon",Going Ahead,0,0,1,0,0,0,0,0,1,1,0,0,0,8,807,Clear,Daylight,-79.2119,43.7779
143362651,11325,Driver,25 to 29,Fatal,"Automobile, Station Wagon",Going Ahead,0,0,1,0,0,0,0,0,0,1,1,1,0,18,1800,Clear,"Dark, artificial",-79.2171,43.7797
143362651,11326,Driver,20 to 24,None,"Automobile, Station Wagon",Going Ahead,0,0,1,0,0,0,0,0,0,1,1,1,0,18,1800,Clear,"Dark, artificial",-79.2171,43.7797
143474139,11606,Pedestrian,40 to 44,Fatal,NULL,NULL,1,0,1,0,0,0,0,0,0,0,0,0,0,18,1840,Clear,"Dusk, artificial",-79.328,43.6941
143474139,11607,Driver,75 to 79,None,"Automobile, Station Wagon",Turning Left,1,0,1,0,0,0,0,0,0,0,0,0,0,18,1840,Clear,"Dusk, artificial",-79.328,43.6941
3001002195,10108,Driver,60 to 64,None,NULL,Turning Left,1,0,0,0,0,0,0,0,0,1,0,0,0,18,1820,Clear,"Dark, artificial",-79.3005,43.7197
3001002195,10109,Pedestrian,25 to 29,Major,NULL,NULL,1,0,0,0,0,0,0,0,0,1,0,0,0,18,1820,Clear,"Dark, artificial",-79.3005,43.7197
3001131937,10403,Driver,15 to 19,Major,"Automobile, Station Wagon",Changing Lanes,0,0,1,0,0,0,0,1,1,1,0,0,0,12,1153,Clear,Daylight,-79.2573,43.6997
3001131937,10404,Passenger,15 to 19,None,NULL,NULL,0,0,1,0,0,0,0,1,1,1,0,0,0,12,1153,Clear,Daylight,-79.2573,43.6997
3001131937,10405,Passenger,15 to 19,Major,NULL,NULL,0,0,1,0,0,0,0,1,1,1,0,0,0,12,1153,Clear,Daylight,-79.2573,43.6997
3001131937,10406,Passenger,15 to 19,Major,NULL,NULL,0,0,1,0,0,0,0,1,1,1,0,0,0,12,1153,Clear,Daylight,-79.2573,43.6997
3001182464,10421,Driver,20 to 24,None,"Automobile, Station Wagon",Going Ahead,1,0,1,0,0,0,0,0,0,0,0,0,0,18,1837,Clear,"Dark, artificial",-79.4836,43.6239
3001182464,10422,Pedestrian,40 to 44,Major,NULL,NULL,1,0,1,0,0,0,0,0,0,0,0,0,0,18,1837,Clear,"Dark, artificial",-79.4836,43.6239
3001220302,10428,Driver,75 to 79,None,"Automobile, Station Wagon",Going Ahead,1,0,1,0,0,0,0,0,0,0,0,0,0,16,1645,Clear,Daylight,-79.4357,43.6363
3001220302,10429,Pedestrian,65 to 69,Major,NULL,NULL,1,0,1,0,0,0,0,0,0,0,0,0,0,16,1645,Clear,Daylight,-79.4357,43.6363
3001256436,10433,Driver,45 to 49,None,"Automobile, Station Wagon",Turning Left,1,0,1,0,0,0,0,0,0,1,0,0,0,13,1303,Clear,Daylight,-79.487,43.6556
3001256436,10434,Pedestrian,35 to 39,Major,NULL,NULL,1,0,1,0,0,0,0,0,0,1,0,0,0,13,1303,Clear,Daylight,-79.487,43.6556
4001339945,10441,Driver,30 to 34,Major,"Automobile, Station Wagon",Going Ahead,0,0,1,0,0,0,0,0,1,1,0,0,0,7,710,Clear,"Dawn, artificial",-79.5,43.6155
4001384194,10163,Truck Driver,45 to 49,None,Truck - Dump,Turning Left,1,0,0,0,1,0,0,0,0,1,0,0,0,12,1222,Clear,Daylight,-79.4714,43.7678
5000804946,11793,Passenger,0 to 4,None,NULL,NULL,0,1,1,0,0,0,0,1,0,0,0,0,0,15,1538,Clear,Daylight,-79.405,43.6867
5000851624,11818,Driver,25 to 29,None,"Automobile, Station Wagon",Turning Left,1,0,1,0,0,0,0,0,0,1,0,0,0,8,822,Clear,Daylight,-79.3408,43.7276
5000851624,11819,Driver,45 to 49,Minor,"Automobile, Station Wagon",Going Ahead,1,0,1,0,0,0,0,0,0,1,0,0,0,8,822,Clear,Daylight,-79.3408,43.7276
5000851624,11820,Pedestrian,45 to 49,Fatal,NULL,NULL,1,0,1,0,0,0,0,0,0,1,0,0,0,8,822,Clear,Daylight,-79.3408,43.7276
5000851624,11821,Pedestrian,15 to 19,Minor,NULL,NULL,1,0,1,0,0,0,0,0,0,1,0,0,0,8,822,Clear,Daylight,-79.3408,43.7276
5000858647,11826,Driver,50 to 54,None,"Automobile, Station Wagon",Turning Right,0,1,1,0,0,0,0,0,0,1,0,0,0,10,1030,Clear,Daylight,-79.4811,43.6229
5000858647,11827,Cyclist,45 to 49,Major,Bicycle,Going Ahead,0,1,1,0,0,0,0,0,0,1,0,0,0,10,1030,Clear,Daylight,-79.4811,43.6229
5000898741,11841,Truck Driver,60 to 64,None,Truck - Dump,Changing Lanes,0,0,1,0,1,0,0,0,0,1,0,0,0,16,1621,Clear,Daylight,-79.3314,43.6578
5000898741,11842,Driver,40 to 44,Major,"Automobile, Station Wagon",Going Ahead,0,0,1,0,1,0,0,0,0,1,0,0,0,16,1621,Clear,Daylight,-79.3314,43.6578
5000907993,11119,Pedestrian,50 to 54,Major,NULL,NULL,1,0,1,0,0,0,0,0,0,0,0,0,0,2,241,Rain,"Dark, artificial",-79.4109,43.7615
5000907993,11055,Driver,35 to 39,None,"Automobile, Station Wagon",Going Ahead,1,0,1,0,0,0,0,0,0,0,0,0,0,2,241,Rain,"Dark, artificial",-79.4109,43.7615
5000912141,11222,Pedestrian,35 to 39,Fatal,NULL,NULL,1,0,1,0,0,0,0,0,1,1,0,0,0,21,2104,Rain,Dusk,-79.4304,43.6609
5000912141,11230,Driver,unknown,None,"Automobile, Station Wagon",Going Ahead,1,0,1,0,0,0,0,0,1,1,0,0,0,21,2104,Rain,Dusk,-79.4304,43.6609
5000955442,11673,Driver,45 to 49,None,Municipal Transit Bus (TTC),Going Ahead,0,1,0,0,0,1,0,0,0,0,0,0,0,18,1830,Clear,Daylight,-79.4021,43.725
5000955442,11670,Cyclist,50 to 54,Major,Bicycle,Going Ahead,0,1,0,0,0,1,0,0,0,0,0,0,0,18,1830,Clear,Daylight,-79.4021,43.725
5000989979,11697,Driver,20 to 24,Fatal,"Automobile, Station Wagon",Going Ahead,0,0,1,0,0,0,0,0,1,1,0,0,0,3,300,Rain,Dark,-79.5024,43.6226
5001074217,11723,Truck Driver,30 to 34,None,Truck - Dump,Going Ahead,1,0,0,0,1,0,0,0,0,0,0,0,0,4,405,Clear,"Dark, artificial",-79.4002,43.6583
5001074217,11724,Pedestrian,60 to 64,Major,NULL,NULL,1,0,0,0,1,0,0,0,0,0,0,0,0,4,405,Clear,"Dark, artificial",-79.4002,43.6583
5001126666,11751,Driver,80 to 84,None,"Automobile, Station Wagon",Going Ahead,1,0,1,0,0,0,0,0,0,0,0,0,0,13,1340,Clear,Daylight,-79.3412,43.7951
5001126666,11752,Pedestrian,70 to 74,Minor,NULL,NULL,1,0,1,0,0,0,0,0,0,0,0,0,0,13,1340,Clear,Daylight,-79.3412,43.7951
5001126666,11002,Pedestrian,70 to 74,Major,NULL,NULL,1,0,1,0,0,0,0,0,0,0,0,0,0,13,1340,Clear,Daylight,-79.3412,43.7951
5001169933,11015,Driver,35 to 39,None,"Automobile, Station Wagon",Changing Lanes,0,0,1,0,0,1,0,1,1,1,0,1,0,23,2325,Clear,Dark,-79.587,43.7536
5001169933,11016,Driver,50 to 54,None,Municipal Transit Bus (TTC),Slowing or Stopping,0,0,1,0,0,1,0,1,1,1,0,1,0,23,2325,Clear,Dark,-79.587,43.7536
5001169933,11017,Passenger,50 to 54,Major,NULL,NULL,0,0,1,0,0,1,0,1,1,1,0,1,0,23,2325,Clear,Dark,-79.587,43.7536
5001212779,11034,Truck Driver,60 to 64,None,Truck - Tank,Turning Right,0,1,0,0,1,0,0,0,0,0,0,0,0,8,827,Clear,Daylight,-79.4071,43.6748
5001212779,11035,Cyclist,25 to 29,Major,Bicycle,Stopped,0,1,0,0,1,0,0,0,0,0,0,0,0,8,827,Clear,Daylight,-79.4071,43.6748
5001281908,11073,Driver,70 to 74,Major,"Automobile, Station Wagon",Making U Turn,0,0,1,0,0,0,0,0,0,0,0,0,1,11,1115,Clear,Daylight,-79.3235,43.7894
5001281908,11074,Driver,30 to 34,None,"Automobile, Station Wagon",Going Ahead,0,0,1,0,0,0,0,0,0,0,0,0,1,11,1115,Clear,Daylight,-79.3235,43.7894
5001362618,11093,Driver,55 to 59,None,"Automobile, Station Wagon",Turning Right,1,0,1,0,0,0,0,0,0,1,0,0,0,7,700,Clear,Daylight,-79.3059,43.7989
5001362618,11094,Pedestrian,70 to 74,Major,NULL,NULL,1,0,1,0,0,0,0,0,0,1,0,0,0,7,700,Clear,Daylight,-79.3059,43.7989
5001378649,11104,Driver,40 to 44,None,"Automobile, Station Wagon",Turning Left,1,0,1,0,0,0,0,0,0,0,0,0,0,18,1840,Clear,Daylight,-79.2916,43.729
5001378649,11105,Pedestrian,70 to 74,Major,NULL,NULL,1,0,1,0,0,0,0,0,0,0,0,0,0,18,1840,Clear,Daylight,-79.2916,43.729
5001405584,11343,Driver,20 to 24,Major,"Automobile, Station Wagon",Going Ahead,0,0,1,0,0,0,0,1,0,1,1,1,0,0,42,Clear,"Dark, artificial",-79.2352,43.7577
5001405584,11344,Driver,50 to 54,Minor,"Automobile, Station Wagon",Going Ahead,0,0,1,0,0,0,0,1,0,1,1,1,0,0,42,Clear,"Dark, artificial",-79.2352,43.7577
5001405584,11345,Driver,45 to 49,Minimal,"Automobile, Station Wagon",Going Ahead,0,0,1,0,0,0,0,1,0,1,1,1,0,0,42,Clear,"Dark, artificial",-79.2352,43.7577
5001405584,11346,Passenger,25 to 29,Fatal,NULL,NULL,0,0,1,0,0,0,0,1,0,1,1,1,0,0,42,Clear,"Dark, artificial",-79.2352,43.7577
5001405584,11347,Passenger,20 to 24,Minimal,NULL,NULL,0,0,1,0,0,0,0,1,0,1,1,1,0,0,42,Clear,"Dark, artificial",-79.2352,43.7577
5001407837,11348,Driver,85 to 89,Fatal,"Automobile, Station Wagon",Going Ahead,0,0,1,0,0,0,0,0,0,1,1,0,0,12,1210,Clear,Daylight,-79.3812,43.7329
5001407837,11349,Driver,20 to 24,None,"Automobile, Station Wagon",Turning Left,0,0,1,0,0,0,0,0,0,1,1,0,0,12,1210,Clear,Daylight,-79.3812,43.7329
5001446152,11358,Driver,20 to 24,None,"Automobile, Station Wagon",Turning Left,0,0,1,1,0,0,0,0,0,1,0,0,0,15,1516,Clear,Daylight,-79.2656,43.7268
5001446152,11359,Motorcycle Driver,30 to 34,Major,Motorcycle,Going Ahead,0,0,1,1,0,0,0,0,0,1,0,0,0,15,1516,Clear,Daylight,-79.2656,43.7268
5001484830,11368,Driver,15 to 19,Minor,"Automobile, Station Wagon",Going Ahead,0,0,1,0,0,0,0,1,1,1,0,0,0,22,2200,Clear,Daylight,-79.5907,43.7413
5001484830,11369,Driver,40 to 44,Minor,"Automobile, Station Wagon",Going Ahead,0,0,1,0,0,0,0,1,1,1,0,0,0,22,2200,Clear,Daylight,-79.5907,43.7413
5001484830,11370,Passenger,15 to 19,Major,NULL,NULL,0,0,1,0,0,0,0,1,1,1,0,0,0,22,2200,Clear,Daylight,-79.5907,43.7413
5001518617,11376,Truck Driver,25 to 29,None,Truck - Open,Going Ahead,1,0,0,0,1,0,0,0,0,0,0,0,0,7,736,Clear,Daylight,-79.4817,43.6231
5001518617,11375,Pedestrian,70 to 74,Fatal,NULL,NULL,1,0,0,0,1,0,0,0,0,0,0,0,0,7,736,Clear,Daylight,-79.4817,43.6231
5001530826,11377,Driver,20 to 24,None,"Automobile, Station Wagon",Going Ahead,0,0,1,0,0,0,0,1,1,1,0,0,0,1,120,Clear,"Dark, artificial",-79.2131,43.8145
5001530826,11378,Passenger,20 to 24,Minor,NULL,NULL,0,0,1,0,0,0,0,1,1,1,0,0,0,1,120,Clear,"Dark, artificial",-79.2131,43.8145
5001530826,11379,Passenger,15 to 19,Major,NULL,NULL,0,0,1,0,0,0,0,1,1,1,0,0,0,1,120,Clear,"Dark, artificial",-79.2131,43.8145
5001611464,11405,Driver,unknown,None,"Automobile, Station Wagon",Changing Lanes,1,0,1,0,0,0,0,0,0,0,0,0,0,22,2210,Clear,"Dark, artificial",-79.2275,43.8162
5001611464,11406,Pedestrian,40 to 44,Major,NULL,NULL,1,0,1,0,0,0,0,0,0,0,0,0,0,22,2210,Clear,"Dark, artificial",-79.2275,43.8162
5001612624,11407,Motorcycle Driver,35 to 39,Fatal,Motorcycle,Going Ahead,0,0,0,1,0,1,0,0,0,0,0,0,0,6,610,Clear,Dark,-79.3262,43.6641
5001612624,11408,Driver,30 to 34,None,Street Car,Going Ahead,0,0,0,1,0,1,0,0,0,0,0,0,0,6,610,Clear,Dark,-79.3262,43.6641
5001682517,11488,Driver,25 to 29,None,"Automobile, Station Wagon",Turning Right,0,0,1,0,0,0,0,1,0,1,0,0,0,13,1325,Other,Daylight,-79.3565,43.6573
5001682517,11489,Driver,65 to 69,Major,"Automobile, Station Wagon",Going Ahead,0,0,1,0,0,0,0,1,0,1,0,0,0,13,1325,Other,Daylight,-79.3565,43.6573
5001682517,11490,Passenger,55 to 59,Major,NULL,NULL,0,0,1,0,0,0,0,1,0,1,0,0,0,13,1325,Other,Daylight,-79.3565,43.6573
5001722553,11508,Driver,50 to 54,Fatal,"Automobile, Station Wagon",Going Ahead,0,0,1,0,0,1,0,0,0,0,0,0,0,6,621,Clear,"Dawn, artificial",-79.2008,43.8051
5001722553,11509,Driver,30 to 34,Minimal,Municipal Transit Bus (TTC),Stopped,0,0,1,0,0,1,0,0,0,0,0,0,0,6,621,Clear,"Dawn, artificial",-79.2008,43.8051
5001760771,11552,Driver,35 to 39,None,"Automobile, Station Wagon",Turning Left,0,0,1,1,0,0,0,1,0,1,0,0,0,18,1830,Clear,"Dark, artificial",-79.5631,43.6744
5001760771,11553,Motorcycle Driver,45 to 49,Major,Motorcycle,Going Ahead,0,0,1,1,0,0,0,1,0,1,0,0,0,18,1830,Clear,"Dark, artificial",-79.5631,43.6744
5001760771,11554,Passenger,45 to 49,None,NULL,NULL,0,0,1,1,0,0,0,1,0,1,0,0,0,18,1830,Clear,"Dark, artificial",-79.5631,43.6744
5001760771,11555,Passenger,5 to 9,None,NULL,NULL,0,0,1,1,0,0,0,1,0,1,0,0,0,18,1830,Clear,"Dark, artificial",-79.5631,43.6744
5001760771,11556,Passenger,0 to 4,None,NULL,NULL,0,0,1,1,0,0,0,1,0,1,0,0,0,18,1830,Clear,"Dark, artificial",-79.5631,43.6744
5001760771,11557,Passenger,5 to 9,None,NULL,NULL,0,0,1,1,0,0,0,1,0,1,0,0,0,18,1830,Clear,"Dark, artificial",-79.5631,43.6744
5001792532,12224,Driver,20 to 24,Major,"Automobile, Station Wagon",Going Ahead,0,0,1,0,0,0,0,0,1,1,0,0,0,1,145,Clear,"Dark, artificial",-79.5375,43.5935
5001836357,12486,Pedestrian,45 to 49,Major,NULL,NULL,1,0,1,0,0,0,0,0,0,0,0,0,0,15,1536,Clear,Daylight,-79.3073,43.7426
5001836357,12482,Driver,40 to 44,None,"Automobile, Station Wagon",Going Ahead,1,0,1,0,0,0,0,0,0,0,0,0,0,15,1536,Clear,Daylight,-79.3073,43.7426
5001836357,12483,Pedestrian,10 to 14,Major,NULL,NULL,1,0,1,0,0,0,0,0,0,0,0,0,0,15,1536,Clear,Daylight,-79.3073,43.7426
5001836357,12484,Pedestrian,5 to 9,Minimal,NULL,NULL,1,0,1,0,0,0,0,0,0,0,0,0,0,15,1536,Clear,Daylight,-79.3073,43.7426
5001836357,12485,Pedestrian,15 to 19,Minimal,NULL,NULL,1,0,1,0,0,0,0,0,0,0,0,0,0,15,1536,Clear,Daylight,-79.3073,43.7426
5001875429,12524,Driver,40 to 44,None,"Automobile, Station Wagon",Going Ahead,1,0,1,0,0,0,0,1,0,0,0,0,0,2,155,Rain,"Dark, artificial",-79.3491,43.659
5001875429,12525,Passenger,20 to 24,None,NULL,NULL,1,0,1,0,0,0,0,1,0,0,0,0,0,2,155,Rain,"Dark, artificial",-79.3491,43.659
5001875429,12526,Passenger,unknown,None,NULL,NULL,1,0,1,0,0,0,0,1,0,0,0,0,0,2,155,Rain,"Dark, artificial",-79.3491,43.659
5001875429,12527,Pedestrian,35 to 39,Major,NULL,NULL,1,0,1,0,0,0,0,1,0,0,0,0,0,2,155,Rain,"Dark, artificial",-79.3491,43.659
5001918358,12114,Passenger,30 to 34,Minimal,NULL,NULL,0,0,1,0,0,0,0,1,0,0,0,0,0,3,340,Clear,"Dark, artificial",-79.3112,43.7862
5001918358,12109,Driver,30 to 34,Major,"Automobile, Station Wagon",Going Ahead,0,0,1,0,0,0,0,1,0,0,0,0,0,3,340,Clear,"Dark, artificial",-79.3112,43.7862
5002012379,12585,Driver,25 to 29,Minor,"Automobile, Station Wagon",Going Ahead,0,0,1,0,0,0,0,1,1,1,0,0,0,21,2119,Snow,Dark,-79.3074,43.801
5002012379,12586,Driver,40 to 44,Minor,"Automobile, Station Wagon",Going Ahead,0,0,1,0,0,0,0,1,1,1,0,0,0,21,2119,Snow,Dark,-79.3074,43.801
5002012379,12587,Driver,45 to 49,Minor,"Automobile, Station Wagon",Going Ahead,0,0,1,0,0,0,0,1,1,1,0,0,0,21,2119,Snow,Dark,-79.3074,43.801
5002012379,12588,Passenger,25 to 29,Minor,NULL,NULL,0,0,1,0,0,0,0,1,1,1,0,0,0,21,2119,Snow,Dark,-79.3074,43.801
5002012379,12589,Passenger,0 to 4,Major,NULL,NULL,0,0,1,0,0,0,0,1,1,1,0,0,0,21,2119,Snow,Dark,-79.3074,43.801
5002027343,12592,Driver,90 to 94,Major,"Automobile, Station Wagon",Turning Left,1,0,1,0,0,0,0,0,0,1,0,0,0,9,934,Clear,Daylight,-79.4109,43.704
4003389037,11447,Pedestrian,65 to 69,Major,NULL,NULL,1,0,1,0,0,0,0,0,0,0,0,0,0,22,2245,Clear,"Dark, artificial",-79.391,43.6751
4003389037,11453,Pedestrian,65 to 69,Minimal,NULL,NULL,1,0,1,0,0,0,0,0,0,0,0,0,0,22,2245,Clear,"Dark, artificial",-79.391,43.6751
4003393065,11461,Driver,60 to 64,None,"Automobile, Station Wagon",Going Ahead,1,0,1,0,0,0,0,0,0,0,0,0,0,13,1306,Clear,Daylight,-79.3497,43.698
4003393065,11463,Pedestrian,50 to 54,Major,NULL,NULL,1,0,1,0,0,0,0,0,0,0,0,0,0,13,1306,Clear,Daylight,-79.3497,43.698
4003498374,11614,Driver,50 to 54,None,"Automobile, Station Wagon",Going Ahead,1,0,1,0,0,0,0,0,0,0,0,0,0,19,1850,Rain,"Dark, artificial",-79.443,43.6778
4003498374,11615,Pedestrian,60 to 64,Major,NULL,NULL,1,0,1,0,0,0,0,0,0,0,0,0,0,19,1850,Rain,"Dark, artificial",-79.443,43.6778
4008007694,10222,Driver,40 to 44,None,"Automobile, Station Wagon",Overtaking,0,0,1,0,0,0,0,0,0,1,0,0,0,12,1245,Clear,Daylight,-79.2925,43.7951
4008007694,10223,Driver,20 to 24,Major,"Automobile, Station Wagon",Turning Left,0,0,1,0,0,0,0,0,0,1,0,0,0,12,1245,Clear,Daylight,-79.2925,43.7951
4008010046,10757,Driver,35 to 39,Major,"Automobile, Station Wagon",Slowing or Stopping,0,0,1,0,0,0,0,0,0,0,0,0,0,18,1800,Clear,"Dusk, artificial",-79.3193,43.7958
4008010046,10760,Driver,30 to 34,Major,"Automobile, Station Wagon",Going Ahead,0,0,1,0,0,0,0,0,0,0,0,0,0,18,1800,Clear,"Dusk, artificial",-79.3193,43.7958
4008010046,10666,Driver,30 to 34,Major,"Automobile, Station Wagon",Stopped,0,0,1,0,0,0,0,0,0,0,0,0,0,18,1800,Clear,"Dusk, artificial",-79.3193,43.7958
4008010046,10671,Driver,50 to 54,Major,"Automobile, Station Wagon",Stopped,0,0,1,0,0,0,0,0,0,0,0,0,0,18,1800,Clear,"Dusk, artificial",-79.3193,43.7958
5000415270,11107,Driver,65 to 69,None,"Automobile, Station Wagon",Going Ahead,0,0,1,0,0,0,0,0,0,1,0,0,0,12,1240,Clear,Daylight,-79.3916,43.7828
5000415270,11112,Driver,75 to 79,None,"Automobile, Station Wagon",Slowing or Stopping,0,0,1,0,0,0,0,0,0,1,0,0,0,12,1240,Clear,Daylight,-79.3916,43.7828
5000415270,11120,Driver,35 to 39,None,Pick Up Truck,Slowing or Stopping,0,0,1,0,0,0,0,0,0,1,0,0,0,12,1240,Clear,Daylight,-79.3916,43.7828
5000415270,11121,Driver,20 to 24,Major,"Automobile, Station Wagon",Slowing or Stopping,0,0,1,0,0,0,0,0,0,1,0,0,0,12,1240,Clear,Daylight,-79.3916,43.7828
5000516992,11156,Driver,30 to 34,None,"Automobile, Station Wagon",Turning Left,1,0,1,0,0,0,0,0,0,1,0,0,0,12,1240,Clear,Daylight,-79.4548,43.7486
5000516992,11157,Pedestrian,75 to 79,Fatal,NULL,NULL,1,0,1,0,0,0,0,0,0,1,0,0,0,12,1240,Clear,Daylight,-79.4548,43.7486
5000663068,11108,Driver,45 to 49,Major,"Automobile, Station Wagon",Going Ahead,0,0,1,0,0,0,0,0,0,1,0,0,0,1,100,Rain,Dark,-79.3103,43.6714
5000706229,11758,Driver,55 to 59,None,Passenger Van,Turning Left,1,0,1,0,0,0,0,0,0,1,0,0,0,0,40,Clear,"Dark, artificial",-79.5708,43.6915
5000706229,11761,Pedestrian,25 to 29,Major,NULL,NULL,1,0,1,0,0,0,0,0,0,1,0,0,0,0,40,Clear,"Dark, artificial",-79.5708,43.6915
5000756568,11778,Motorcycle Passenger,20 to 24,Major,NULL,NULL,0,0,0,1,0,0,0,1,1,1,0,0,0,1,115,Clear,"Dark, artificial",-79.3644,43.6711
5000756568,11779,Motorcycle Driver,25 to 29,Major,Motorcycle,Going Ahead,0,0,0,1,0,0,0,1,1,1,0,0,0,1,115,Clear,"Dark, artificial",-79.3644,43.6711
5000777885,10379,Driver,50 to 54,None,Pick Up Truck,Going Ahead,1,0,1,0,0,0,0,0,0,0,0,0,0,7,700,Clear,Daylight,-79.5232,43.6981
5000777885,10380,Pedestrian,10 to 14,Major,NULL,NULL,1,0,1,0,0,0,0,0,0,0,0,0,0,7,700,Clear,Daylight,-79.5232,43.6981
5000780857,11785,Cyclist,60 to 64,Major,Bicycle,Changing Lanes,0,1,0,0,1,0,0,0,0,0,0,0,0,18,1830,Clear,Daylight,-79.3801,43.6616
5000780857,11786,Truck Driver,45 to 49,None,"Truck - Closed (Blazer, etc)",Going Ahead,0,1,0,0,1,0,0,0,0,0,0,0,0,18,1830,Clear,Daylight,-79.3801,43.6616
5000859369,11815,Cyclist,35 to 39,Major,Bicycle,Overtaking,0,1,1,0,0,0,0,1,0,0,0,0,0,23,2255,Clear,"Dark, artificial",-79.3769,43.6468
5000859369,11816,Driver,60 to 64,None,Pick Up Truck,Going Ahead,0,1,1,0,0,0,0,1,0,0,0,0,0,23,2255,Clear,"Dark, artificial",-79.3769,43.6468
5000859369,11817,Passenger,20 to 24,None,NULL,NULL,0,1,1,0,0,0,0,1,0,0,0,0,0,23,2255,Clear,"Dark, artificial",-79.3769,43.6468
5000897486,11839,Driver,20 to 24,None,"Automobile, Station Wagon",Going Ahead,0,0,1,0,0,0,0,0,0,1,0,0,0,12,1230,Clear,Daylight,-79.5234,43.6216
5000897486,11840,Driver,85 to 89,Major,Other,Going Ahead,0,0,1,0,0,0,0,0,0,1,0,0,0,12,1230,Clear,Daylight,-79.5234,43.6216
5001088565,11730,Driver,20 to 24,Major,"Automobile, Station Wagon",Changing Lanes,0,0,1,0,0,0,0,1,1,1,0,0,0,15,1539,Rain,Daylight,-79.444,43.6364
5001088565,11731,Passenger,20 to 24,Minor,NULL,NULL,0,0,1,0,0,0,0,1,1,1,0,0,0,15,1539,Rain,Daylight,-79.444,43.6364
5001088565,11732,Passenger,20 to 24,Minor,NULL,NULL,0,0,1,0,0,0,0,1,1,1,0,0,0,15,1539,Rain,Daylight,-79.444,43.6364