ACCNUM,ObjectId,INVTYPE,INVAGE,INJURY,VEHTYPE,MANOEUVER,PEDESTRIAN,CYCLIST,AUTOMOBILE,MOTORCYCLE,TRUCK,TRSN_CITY_VEH,EMERG_VEH,PASSENGER,SPEEDING,AG_DRIV,REDLIGHT,ALCOHOL,DISABILITY,HOUR,TIME,VISIBILITY,LIGHT,collision_lat,collision_long
5001176666,11019,Passenger,20 to 24,Major,NULL,NULL,0,0,0,0,1,0,0,1,0,0,0,0,0,24,2354,Clear,"Dark, artificial",-79.4197,43.6304
5001176666,11018,Truck Driver,20 to 24,None,Truck (other),Turning Left,0,0,0,0,1,0,0,1,0,0,0,0,0,24,2354,Clear,"Dark, artificial",-79.4197,43.6304
5001196464,11020,Driver,45 to 49,None,"Automobile, Station Wagon",Turning Left,1,0,1,0,0,0,0,0,0,1,0,0,0,21,2137,Other,"Dark, artificial",-79.3944,43.7257
5001196464,11021,Pedestrian,70 to 74,Fatal,NULL,NULL,1,0,1,0,0,0,0,0,0,1,0,0,0,21,2137,Other,"Dark, artificial",-79.3944,43.7257
5001240894,11047,Driver,45 to 49,None,Pick Up Truck,Turning Left,0,0,1,1,0,0,0,0,0,0,0,0,0,10,954,Clear,Daylight,-79.1852,43.7686
5001240894,11048,Motorcycle Driver,65 to 69,Major,Motorcycle,Going Ahead,0,0,1,1,0,0,0,0,0,0,0,0,0,10,954,Clear,Daylight,-79.1852,43.7686
5001258434,11057,Driver,45 to 49,None,"Automobile, Station Wagon",Turning Left,0,0,1,1,0,0,0,1,1,1,0,0,0,20,2011,Clear,Daylight,-79.3129,43.785
5001258434,11058,Motorcycle Driver,20 to 24,Major,Motorcycle,Going Ahead,0,0,1,1,0,0,0,1,1,1,0,0,0,20,2011,Clear,Daylight,-79.3129,43.785
5001258434,11059,Passenger,10 to 14,None,NULL,NULL,0,0,1,1,0,0,0,1,1,1,0,0,0,20,2011,Clear,Daylight,-79.3129,43.785
5001353530,11083,Driver,unknown,None,"Automobile, Station Wagon",Going Ahead,1,0,1,0,0,0,0,0,0,0,0,0,0,17,1715,Clear,Daylight,-79.4827,43.7482
5001353530,11084,Pedestrian,15 to 19,Major,NULL,NULL,1,0,1,0,0,0,0,0,0,0,0,0,0,17,1715,Clear,Daylight,-79.4827,43.7482
5001369619,11097,Driver,70 to 74,None,"Automobile, Station Wagon",Going Ahead,0,0,1,0,0,0,0,1,0,1,1,0,0,11,1130,Clear,Daylight,-79.5428,43.6886
5001369619,11098,Driver,40 to 44,Minor,"Automobile, Station Wagon",Going Ahead,0,0,1,0,0,0,0,1,0,1,1,0,0,11,1130,Clear,Daylight,-79.5428,43.6886
5001369619,11099,Passenger,0 to 4,Minor,NULL,NULL,0,0,1,0,0,0,0,1,0,1,1,0,0,11,1130,Clear,Daylight,-79.5428,43.6886
5001369619,11100,Passenger,80 to 84,Major,NULL,NULL,0,0,1,0,0,0,0,1,0,1,1,0,0,11,1130,Clear,Daylight,-79.5428,43.6886
5001375207,11101,Truck Driver,65 to 69,None,Truck - Open,Turning Right,0,1,0,0,1,0,0,0,0,0,0,0,0,9,920,Clear,Daylight,-79.4637,43.6636
5001375207,11102,Cyclist,55 to 59,Major,Bicycle,Going Ahead,0,1,0,0,1,0,0,0,0,0,0,0,0,9,920,Clear,Daylight,-79.4637,43.6636
5001652684,11232,Driver,55 to 59,None,"Automobile, Station Wagon",Going Ahead,0,1,1,0,0,0,0,0,0,1,0,0,0,15,1520,Clear,Daylight,-79.383,43.6465
5001652684,11334,Cyclist,35 to 39,Major,Bicycle,Going Ahead,0,1,1,0,0,0,0,0,0,1,0,0,0,15,1520,Clear,Daylight,-79.383,43.6465
5001785499,12108,Passenger,45 to 49,Major,NULL,NULL,0,0,1,0,0,0,0,1,0,0,0,0,0,20,2009,Clear,"Dark, artificial",-79.3886,43.7693
5001785499,12118,Passenger,20 to 24,Major,NULL,NULL,0,0,1,0,0,0,0,1,0,0,0,0,0,20,2009,Clear,"Dark, artificial",-79.3886,43.7693
5001785499,11562,Driver,50 to 54,Major,"Automobile, Station Wagon",Going Ahead,0,0,1,0,0,0,0,1,0,0,0,0,0,20,2009,Clear,"Dark, artificial",-79.3886,43.7693
5001785499,11563,Driver,60 to 64,Major,"Automobile, Station Wagon",Going Ahead,0,0,1,0,0,0,0,1,0,0,0,0,0,20,2009,Clear,"Dark, artificial",-79.3886,43.7693
5001821227,12461,Cyclist,30 to 34,Major,Bicycle,Turning Left,0,1,1,0,0,0,0,0,0,0,0,0,0,21,2130,Clear,"Dark, artificial",-79.402,43.6421
5001821227,12462,Driver,20 to 24,None,"Automobile, Station Wagon",Turning Left,0,1,1,0,0,0,0,0,0,0,0,0,0,21,2130,Clear,"Dark, artificial",-79.402,43.6421
5001826215,12465,Driver,65 to 69,None,"Automobile, Station Wagon",Going Ahead,1,0,1,0,0,0,0,1,0,0,0,0,0,18,1841,Clear,"Dark, artificial",-79.4919,43.6656
5001826215,12466,Pedestrian,50 to 54,Major,NULL,NULL,1,0,1,0,0,0,0,1,0,0,0,0,0,18,1841,Clear,"Dark, artificial",-79.4919,43.6656
5001826215,12467,Passenger,55 to 59,None,NULL,NULL,1,0,1,0,0,0,0,1,0,0,0,0,0,18,1841,Clear,"Dark, artificial",-79.4919,43.6656
5001826215,12468,Passenger,25 to 29,None,NULL,NULL,1,0,1,0,0,0,0,1,0,0,0,0,0,18,1841,Clear,"Dark, artificial",-79.4919,43.6656
5001934875,12558,Driver,45 to 49,None,"Automobile, Station Wagon",Making U Turn,0,1,1,0,0,0,0,0,0,0,0,0,0,10,950,Clear,Daylight,-79.2848,43.8047
5001934875,12563,Cyclist,55 to 59,Major,Bicycle,Going Ahead,0,1,1,0,0,0,0,0,0,0,0,0,0,10,950,Clear,Daylight,-79.2848,43.8047
5002000710,12583,Driver,unknown,None,NULL,Unknown,1,0,0,0,0,0,0,0,0,0,0,0,0,21,2110,Rain,"Dark, artificial",-79.4771,43.6896
5002000710,12584,Pedestrian,30 to 34,Major,NULL,NULL,1,0,0,0,0,0,0,0,0,0,0,0,0,21,2110,Rain,"Dark, artificial",-79.4771,43.6896
5002013764,12590,Driver,25 to 29,None,"Automobile, Station Wagon",Going Ahead,1,0,1,0,0,0,0,0,1,1,1,0,0,6,603,Snow,Dark,-79.2637,43.8014
5002013764,12591,Pedestrian,25 to 29,Fatal,NULL,NULL,1,0,1,0,0,0,0,0,1,1,1,0,0,6,603,Snow,Dark,-79.2637,43.8014
5002054157,12605,Driver,25 to 29,None,Pick Up Truck,Turning Left,1,0,1,0,0,0,0,0,0,1,0,0,0,17,1715,Clear,"Dark, artificial",-79.4314,43.7266
5002054157,12606,Pedestrian,65 to 69,Fatal,NULL,NULL,1,0,1,0,0,0,0,0,0,1,0,0,0,17,1715,Clear,"Dark, artificial",-79.4314,43.7266
5002061502,12609,Truck Driver,55 to 59,None,Truck-Tractor,Turning Left,1,0,0,0,1,0,0,0,0,1,0,0,0,21,2107,Rain,Dark,-79.5561,43.6142
5002061502,12610,Pedestrian,15 to 19,Major,NULL,NULL,1,0,0,0,1,0,0,0,0,1,0,0,0,21,2107,Rain,Dark,-79.5561,43.6142
5002098323,12622,Driver,unknown,None,"Automobile, Station Wagon",Changing Lanes,0,0,1,0,0,1,0,1,0,0,0,0,0,19,1905,Clear,"Dark, artificial",-79.5217,43.7754
5002098323,12623,Driver,35 to 39,None,Intercity Bus,Going Ahead,0,0,1,0,0,1,0,1,0,0,0,0,0,19,1905,Clear,"Dark, artificial",-79.5217,43.7754
5002098323,12624,Passenger,65 to 69,Major,NULL,NULL,0,0,1,0,0,1,0,1,0,0,0,0,0,19,1905,Clear,"Dark, artificial",-79.5217,43.7754
5002176400,12650,Driver,50 to 54,None,"Automobile, Station Wagon",Going Ahead,1,0,1,0,0,0,0,1,0,0,0,0,0,22,2220,Clear,"Dark, artificial",-79.4,43.7149
5002176400,12651,Passenger,60 to 64,None,NULL,NULL,1,0,1,0,0,0,0,1,0,0,0,0,0,22,2220,Clear,"Dark, artificial",-79.4,43.7149
5002176400,12016,Pedestrian,65 to 69,Major,NULL,NULL,1,0,1,0,0,0,0,1,0,0,0,0,0,22,2220,Clear,"Dark, artificial",-79.4,43.7149
5000678140,11464,Driver,60 to 64,None,"Automobile, Station Wagon",Turning Left,1,0,1,0,0,0,0,0,0,1,0,0,0,13,1256,Clear,Daylight,-79.358,43.6753
5000716436,11762,Driver,40 to 44,Minimal,"Automobile, Station Wagon",Going Ahead,0,0,1,0,0,0,0,1,0,0,0,0,0,16,1637,Clear,Daylight,-79.2661,43.8071
5000716436,11766,Driver,55 to 59,Minor,"Automobile, Station Wagon",Going Ahead,0,0,1,0,0,0,0,1,0,0,0,0,0,16,1637,Clear,Daylight,-79.2661,43.8071
5000716436,11769,Passenger,55 to 59,Major,NULL,NULL,0,0,1,0,0,0,0,1,0,0,0,0,0,16,1637,Clear,Daylight,-79.2661,43.8071
5000756531,11776,Motorcycle Passenger,20 to 24,Major,NULL,NULL,0,0,0,1,0,0,0,1,1,1,0,0,0,1,100,Clear,"Dark, artificial",-79.3658,43.6716
5000756531,11777,Motorcycle Driver,25 to 29,Fatal,Motorcycle,Going Ahead,0,0,0,1,0,0,0,1,1,1,0,0,0,1,100,Clear,"Dark, artificial",-79.3658,43.6716
5000832268,11806,Cyclist,75 to 79,Fatal,Bicycle,Turning Left,0,1,1,0,0,0,0,0,0,0,0,0,0,8,823,Clear,"Daylight, artificial",-79.3823,43.6794
5000832268,11807,Driver,40 to 44,Minimal,"Automobile, Station Wagon",Going Ahead,0,1,1,0,0,0,0,0,0,0,0,0,0,8,823,Clear,"Daylight, artificial",-79.3823,43.6794
5000841080,11810,Driver,35 to 39,None,"Automobile, Station Wagon",Turning Left,1,0,1,0,0,0,0,1,0,1,0,0,0,15,1453,Clear,Daylight,-79.4692,43.6628
5000841080,11811,Passenger,50 to 54,None,NULL,NULL,1,0,1,0,0,0,0,1,0,1,0,0,0,15,1453,Clear,Daylight,-79.4692,43.6628
5000841080,11812,Pedestrian,30 to 34,Major,NULL,NULL,1,0,1,0,0,0,0,1,0,1,0,0,0,15,1453,Clear,Daylight,-79.4692,43.6628
5000847589,11813,Driver,45 to 49,None,"Automobile, Station Wagon",Turning Left,1,0,1,0,0,0,0,0,0,1,0,0,0,15,1514,Clear,Daylight,-79.2763,43.7877
5000847589,11814,Pedestrian,15 to 19,Major,NULL,NULL,1,0,1,0,0,0,0,0,0,1,0,0,0,15,1514,Clear,Daylight,-79.2763,43.7877
5000891503,11836,Cyclist,45 to 49,Major,Bicycle,Going Ahead,0,1,1,0,0,0,0,0,0,0,0,0,0,14,1420,Clear,Daylight,-79.4016,43.6412
5000891503,11837,Driver,50 to 54,None,"Automobile, Station Wagon",Going Ahead,0,1,1,0,0,0,0,0,0,0,0,0,0,14,1420,Clear,Daylight,-79.4016,43.6412
5000897044,11838,Driver,40 to 44,Major,"Automobile, Station Wagon",Reversing,0,0,1,0,0,0,0,0,0,0,0,0,0,11,1109,Clear,Daylight,-79.3437,43.7892
5000922282,11335,Driver,80 to 84,Minor,"Automobile, Station Wagon",Going Ahead,1,0,1,0,0,0,0,0,0,0,0,0,0,12,1233,Clear,Daylight,-79.2454,43.7555
5000922282,11436,Driver,80 to 84,None,"Automobile, Station Wagon",Going Ahead,1,0,1,0,0,0,0,0,0,0,0,0,0,12,1233,Clear,Daylight,-79.2454,43.7555
5000922282,11432,Pedestrian,70 to 74,Fatal,NULL,NULL,1,0,1,0,0,0,0,0,0,0,0,0,0,12,1233,Clear,Daylight,-79.2454,43.7555
5000931328,11472,Pedestrian,25 to 29,Major,NULL,NULL,1,0,1,0,0,0,0,0,0,1,0,0,0,20,2001,Clear,"Dawn, artificial",-79.248,43.7366
5000931328,11466,Driver,55 to 59,None,"Automobile, Station Wagon",Turning Left,1,0,1,0,0,0,0,0,0,1,0,0,0,20,2001,Clear,"Dawn, artificial",-79.248,43.7366
5000932642,11565,Driver,35 to 39,Major,"Automobile, Station Wagon",Going Ahead,0,0,1,0,1,0,0,0,0,0,0,0,0,2,242,Clear,"Dark, artificial",-79.2253,43.7598
5000932642,11571,Truck Driver,30 to 34,None,Truck-Tractor,Stopped,0,0,1,0,1,0,0,0,0,0,0,0,0,2,242,Clear,"Dark, artificial",-79.2253,43.7598
5000955489,11674,Driver,20 to 24,Major,Pick Up Truck,Going Ahead,0,0,1,0,0,0,0,0,0,0,0,0,0,19,1850,Clear,Daylight,-79.4174,43.7875
5000976277,11685,Driver,20 to 24,None,"Automobile, Station Wagon",Going Ahead,0,1,1,0,0,0,0,0,1,1,0,1,0,0,24,Clear,"Dark, artificial",-79.5079,43.7592
5000976277,11686,Cyclist,40 to 44,Fatal,Bicycle,Going Ahead,0,1,1,0,0,0,0,0,1,1,0,1,0,0,24,Clear,"Dark, artificial",-79.5079,43.7592
5000979465,11687,Driver,55 to 59,None,"Automobile, Station Wagon",Going Ahead,1,0,1,0,0,0,0,0,0,0,0,0,0,13,1322,Clear,Daylight,-79.4128,43.7692
5000979465,11688,Driver,60 to 64,Minor,"Automobile, Station Wagon",Turning Left,1,0,1,0,0,0,0,0,0,0,0,0,0,13,1322,Clear,Daylight,-79.4128,43.7692
5000979465,11689,Pedestrian,65 to 69,Fatal,NULL,NULL,1,0,1,0,0,0,0,0,0,0,0,0,0,13,1322,Clear,Daylight,-79.4128,43.7692
5000979465,11690,Pedestrian,55 to 59,Major,NULL,NULL,1,0,1,0,0,0,0,0,0,0,0,0,0,13,1322,Clear,Daylight,-79.4128,43.7692
5000979465,11691,Pedestrian,65 to 69,Major,NULL,NULL,1,0,1,0,0,0,0,0,0,0,0,0,0,13,1322,Clear,Daylight,-79.4128,43.7692
5000979465,11692,Pedestrian,55 to 59,Minor,NULL,NULL,1,0,1,0,0,0,0,0,0,0,0,0,0,13,1322,Clear,Daylight,-79.4128,43.7692
5000984230,11695,Driver,25 to 29,Major,"Automobile, Station Wagon",Turning Left,0,0,1,0,0,0,0,0,0,1,0,0,0,8,756,Clear,Daylight,-79.5137,43.7198
5000984230,11696,Driver,45 to 49,Minor,"Automobile, Station Wagon",Going Ahead,0,0,1,0,0,0,0,0,0,1,0,0,0,8,756,Clear,Daylight,-79.5137,43.7198
5001013446,11713,Motorcycle Driver,35 to 39,Major,Motorcycle,Going Ahead,0,0,0,1,0,0,0,0,0,0,0,0,0,20,2049,Clear,Dusk,-79.3623,43.6828
5001098276,11736,Driver,60 to 64,None,"Automobile, Station Wagon",Going Ahead,1,0,1,0,0,0,0,0,0,0,0,0,0,4,410,Clear,"Dark, artificial",-79.3175,43.763
5001098276,11737,Pedestrian,70 to 74,Major,NULL,NULL,1,0,1,0,0,0,0,0,0,0,0,0,0,4,410,Clear,"Dark, artificial",-79.3175,43.763
5001105926,11738,Driver,40 to 44,None,"Automobile, Station Wagon",Turning Left,0,0,1,0,0,0,0,1,0,1,0,0,0,9,949,Clear,Daylight,-79.2338,43.7817
5001105926,11739,Driver,35 to 39,Minimal,"Automobile, Station Wagon",Going Ahead,0,0,1,0,0,0,0,1,0,1,0,0,0,9,949,Clear,Daylight,-79.2338,43.7817
5001105926,11740,Passenger,5 to 9,Major,NULL,NULL,0,0,1,0,0,0,0,1,0,1,0,0,0,9,949,Clear,Daylight,-79.2338,43.7817
5001207270,11028,Driver,25 to 29,None,"Automobile, Station Wagon",Going Ahead,1,0,1,0,0,0,0,1,0,0,0,0,0,13,1253,Clear,Daylight,-79.3007,43.6947
5001207270,11029,Pedestrian,15 to 19,Major,NULL,NULL,1,0,1,0,0,0,0,1,0,0,0,0,0,13,1253,Clear,Daylight,-79.3007,43.6947
5001207270,11030,Passenger,5 to 9,None,NULL,NULL,1,0,1,0,0,0,0,1,0,0,0,0,0,13,1253,Clear,Daylight,-79.3007,43.6947
5001207270,11031,Passenger,0 to 4,None,NULL,NULL,1,0,1,0,0,0,0,1,0,0,0,0,0,13,1253,Clear,Daylight,-79.3007,43.6947
5001207270,11032,Passenger,5 to 9,None,NULL,NULL,1,0,1,0,0,0,0,1,0,0,0,0,0,13,1253,Clear,Daylight,-79.3007,43.6947
5001207270,11033,Passenger,0 to 4,None,NULL,NULL,1,0,1,0,0,0,0,1,0,0,0,0,0,13,1253,Clear,Daylight,-79.3007,43.6947
5001213317,11036,Driver,75 to 79,Major,"Automobile, Station Wagon",Turning Left,0,0,1,0,0,0,0,0,1,1,0,0,0,10,1001,Clear,Daylight,-79.3886,43.7693
5001213317,11037,Driver,25 to 29,None,Pick Up Truck,Going Ahead,0,0,1,0,0,0,0,0,1,1,0,0,0,10,1001,Clear,Daylight,-79.3886,43.7693
5001220959,11041,Driver,75 to 79,Minor,"Automobile, Station Wagon",Turning Left,0,0,1,0,0,0,0,1,0,1,0,0,0,12,1211,Clear,Daylight,-79.4062,43.801
5001220959,11042,Driver,75 to 79,Major,"Automobile, Station Wagon",Going Ahead,0,0,1,0,0,0,0,1,0,1,0,0,0,12,1211,Clear,Daylight,-79.4062,43.801
5001220959,11043,Driver,40 to 44,Minor,"Automobile, Station Wagon",Stopped,0,0,1,0,0,0,0,1,0,1,0,0,0,12,1211,Clear,Daylight,-79.4062,43.801
5001220959,11044,Passenger,10 to 14,None,NULL,NULL,0,0,1,0,0,0,0,1,0,1,0,0,0,12,1211,Clear,Daylight,-79.4062,43.801
5001353806,11085,Cyclist,55 to 59,Major,Bicycle,Overtaking,0,1,1,0,0,0,0,0,0,0,0,0,0,18,1811,Clear,Daylight,-79.3325,43.7788
5001353806,11086,Driver,20 to 24,None,"Automobile, Station Wagon",Turning Left,0,1,1,0,0,0,0,0,0,0,0,0,0,18,1811,Clear,Daylight,-79.3325,43.7788
5001366372,11095,Driver,70 to 74,None,"Automobile, Station Wagon",Going Ahead,1,0,1,0,0,0,0,0,0,0,0,0,0,21,2110,Clear,"Dark, artificial",-79.171,43.8088
5001366372,11096,Pedestrian,35 to 39,Fatal,NULL,NULL,1,0,1,0,0,0,0,0,0,0,0,0,0,21,2110,Clear,"Dark, artificial",-79.171,43.8088
5001383996,11106,Cyclist,15 to 19,Major,Bicycle,Going Ahead,0,1,1,0,0,0,0,0,0,0,0,0,0,15,1524,Clear,Daylight,-79.5318,43.7156
5001383996,11005,Driver,50 to 54,None,"Automobile, Station Wagon",Going Ahead,0,1,1,0,0,0,0,0,0,0,0,0,0,15,1524,Clear,Daylight,-79.5318,43.7156
5001450991,11362,Driver,60 to 64,Minimal,"Automobile, Station Wagon",Turning Left,0,1,1,0,0,0,0,1,0,0,0,0,0,11,1147,Clear,Daylight,-79.5549,43.6289
5001450991,11363,Driver,45 to 49,Minimal,Passenger Van,Going Ahead,0,1,1,0,0,0,0,1,0,0,0,0,0,11,1147,Clear,Daylight,-79.5549,43.6289
5001450991,11364,Cyclist,55 to 59,Major,Bicycle,Stopped,0,1,1,0,0,0,0,1,0,0,0,0,0,11,1147,Clear,Daylight,-79.5549,43.6289
5001450991,11365,Passenger,40 to 44,Major,NULL,NULL,0,1,1,0,0,0,0,1,0,0,0,0,0,11,1147,Clear,Daylight,-79.5549,43.6289
5001538313,11382,Motorcycle Driver,55 to 59,Fatal,Motorcycle,Going Ahead,0,0,0,1,0,0,0,0,0,0,0,0,0,10,1034,Clear,Daylight,-79.4351,43.6333
5001578731,11396,Passenger,20 to 24,None,NULL,NULL,1,0,1,0,0,0,0,1,0,1,0,0,0,19,1930,Rain,"Dawn, artificial",-79.3043,43.7795
5001578731,11397,Pedestrian,15 to 19,Major,NULL,NULL,1,0,1,0,0,0,0,1,0,1,0,0,0,19,1930,Rain,"Dawn, artificial",-79.3043,43.7795
5001578731,11394,Driver,20 to 24,None,"Automobile, Station Wagon",Turning Left,1,0,1,0,0,0,0,1,0,1,0,0,0,19,1930,Rain,"Dawn, artificial",-79.3043,43.7795
5001578731,11395,Passenger,25 to 29,None,NULL,NULL,1,0,1,0,0,0,0,1,0,1,0,0,0,19,1930,Rain,"Dawn, artificial",-79.3043,43.7795
5001628551,11409,Driver,65 to 69,Major,"Automobile, Station Wagon",Turning Left,0,0,1,0,0,0,0,1,0,0,0,0,0,20,2000,Clear,"Dark, artificial",-79.271,43.7679
5001628551,11410,Driver,15 to 19,Minor,"Automobile, Station Wagon",Going Ahead,0,0,1,0,0,0,0,1,0,0,0,0,0,20,2000,Clear,"Dark, artificial",-79.271,43.7679
5001628551,11411,Driver,20 to 24,None,"Automobile, Station Wagon",Going Ahead,0,0,1,0,0,0,0,1,0,0,0,0,0,20,2000,Clear,"Dark, artificial",-79.271,43.7679
5001628551,11414,Passenger,80 to 84,Fatal,NULL,NULL,0,0,1,0,0,0,0,1,0,0,0,0,0,20,2000,Clear,"Dark, artificial",-79.271,43.7679
5001628551,11419,Passenger,10 to 14,None,NULL,NULL,0,0,1,0,0,0,0,1,0,0,0,0,0,20,2000,Clear,"Dark, artificial",-79.271,43.7679
5001628551,11415,Passenger,60 to 64,Major,NULL,NULL,0,0,1,0,0,0,0,1,0,0,0,0,0,20,2000,Clear,"Dark, artificial",-79.271,43.7679
5001628551,11416,Passenger,15 to 19,Minor,NULL,NULL,0,0,1,0,0,0,0,1,0,0,0,0,0,20,2000,Clear,"Dark, artificial",-79.271,43.7679
5001628551,11412,Driver,20 to 24,Minimal,"Automobile, Station Wagon",Stopped,0,0,1,0,0,0,0,1,0,0,0,0,0,20,2000,Clear,"Dark, artificial",-79.271,43.7679
5001628551,11413,Driver,25 to 29,None,"Automobile, Station Wagon",Stopped,0,0,1,0,0,0,0,1,0,0,0,0,0,20,2000,Clear,"Dark, artificial",-79.271,43.7679
5001628551,11417,Passenger,35 to 39,None,NULL,NULL,0,0,1,0,0,0,0,1,0,0,0,0,0,20,2000,Clear,"Dark, artificial",-79.271,43.7679
5001628551,11418,Passenger,10 to 14,None,NULL,NULL,0,0,1,0,0,0,0,1,0,0,0,0,0,20,2000,Clear,"Dark, artificial",-79.271,43.7679
5001661734,11475,Driver,30 to 34,Fatal,"Automobile, Station Wagon",Going Ahead,0,0,1,0,0,0,0,0,1,1,1,1,0,0,1,Clear,"Dark, artificial",-79.5616,43.6458
5001661734,11476,Driver,20 to 24,Major,"Automobile, Station Wagon",Turning Left,0,0,1,0,0,0,0,0,1,1,1,1,0,0,1,Clear,"Dark, artificial",-79.5616,43.6458
5001670080,11482,Driver,40 to 44,None,"Automobile, Station Wagon",Turning Right,0,1,1,0,0,0,0,0,0,1,0,0,0,12,1220,Clear,Daylight,-79.3758,43.6664
5001670080,11483,Cyclist,25 to 29,Major,Bicycle,Going Ahead,0,1,1,0,0,0,0,0,0,1,0,0,0,12,1220,Clear,Daylight,-79.3758,43.6664
5001705355,11502,Driver,35 to 39,Major,"Automobile, Station Wagon",Going Ahead,0,0,1,0,0,0,0,1,1,1,0,0,0,4,351,Clear,Dark,-79.5407,43.6506
5001705355,11503,Passenger,40 to 44,Fatal,NULL,NULL,0,0,1,0,0,0,0,1,1,1,0,0,0,4,351,Clear,Dark,-79.5407,43.6506
5000006695,11471,Truck Driver,30 to 34,None,"Truck - Closed (Blazer, etc)",Going Ahead,0,0,1,0,1,0,0,0,0,0,0,0,0,9,949,Clear,Daylight,-79.4751,43.6708
5000051256,11847,Cyclist,35 to 39,Major,Bicycle,Turning Left,0,1,0,0,0,1,0,0,0,0,0,0,0,21,2148,Clear,"Dark, artificial",-79.3986,43.6543
5000051256,11849,Driver,35 to 39,None,Street Car,Going Ahead,0,1,0,0,0,1,0,0,0,0,0,0,0,21,2148,Clear,"Dark, artificial",-79.3986,43.6543
5000058130,11922,Cyclist,25 to 29,Major,Bicycle,Other,0,1,1,0,0,0,0,0,0,0,0,0,0,3,338,Clear,"Dark, artificial",-79.2709,43.6877
5000058130,11923,Driver,40 to 44,None,"Automobile, Station Wagon",Going Ahead,0,1,1,0,0,0,0,0,0,0,0,0,0,3,338,Clear,"Dark, artificial",-79.2709,43.6877
5000221204,11956,Driver,45 to 49,None,Municipal Transit Bus (TTC),Going Ahead,0,0,0,0,0,1,0,1,0,0,0,0,0,0,7,Clear,"Dark, artificial",-79.4908,43.7626
5000221204,11957,Passenger,60 to 64,Major,NULL,NULL,0,0,0,0,0,1,0,1,0,0,0,0,0,0,7,Clear,"Dark, artificial",-79.4908,43.7626
5000375108,11994,Driver,40 to 44,None,"Automobile, Station Wagon",Turning Right,1,0,1,0,0,0,0,0,0,1,0,0,0,19,1935,Clear,"Dark, artificial",-79.57,43.7604
5000375108,11995,Pedestrian,80 to 84,Fatal,NULL,NULL,1,0,1,0,0,0,0,0,0,1,0,0,0,19,1935,Clear,"Dark, artificial",-79.57,43.7604
5000423922,11126,Driver,20 to 24,None,"Automobile, Station Wagon",Turning Left,1,0,1,0,0,0,0,0,0,1,0,0,0,19,1930,Clear,"Dark, artificial",-79.2531,43.7355
5000423922,11127,Pedestrian,60 to 64,Major,NULL,NULL,1,0,1,0,0,0,0,0,0,1,0,0,0,19,1930,Clear,"Dark, artificial",-79.2531,43.7355
5000560374,11184,Driver,70 to 74,None,"Automobile, Station Wagon",Going Ahead,1,0,1,0,0,0,0,1,0,0,0,0,0,20,2028,Snow,"Dark, artificial",-79.4968,43.6789
5000560374,11185,Pedestrian,30 to 34,Major,NULL,NULL,1,0,1,0,0,0,0,1,0,0,0,0,0,20,2028,Snow,"Dark, artificial",-79.4968,43.6789
5000560374,11186,Passenger,70 to 74,Minor,NULL,NULL,1,0,1,0,0,0,0,1,0,0,0,0,0,20,2028,Snow,"Dark, artificial",-79.4968,43.6789
5000563919,11187,Driver,unknown,None,NULL,Changing Lanes,0,0,1,0,0,0,0,0,0,0,0,0,0,14,1433,Clear,Daylight,-79.3265,43.7116
5000563919,11188,Driver,20 to 24,Major,"Automobile, Station Wagon",Going Ahead,0,0,1,0,0,0,0,0,0,0,0,0,0,14,1433,Clear,Daylight,-79.3265,43.7116
5000693331,11753,Passenger,20 to 24,Minimal,NULL,NULL,0,0,1,0,0,0,0,1,0,0,0,0,0,0,0,Clear,Dark,-79.2664,43.808
5000693331,11756,Passenger,15 to 19,Major,NULL,NULL,0,0,1,0,0,0,0,1,0,0,0,0,0,0,0,Clear,Dark,-79.2664,43.808
5000693331,11669,Driver,25 to 29,Minimal,"Automobile, Station Wagon",Going Ahead,0,0,1,0,0,0,0,1,0,0,0,0,0,0,0,Clear,Dark,-79.2664,43.808
5000693331,11663,Driver,15 to 19,Minimal,"Automobile, Station Wagon",Turning Left,0,0,1,0,0,0,0,1,0,0,0,0,0,0,0,Clear,Dark,-79.2664,43.808
5000746528,11770,Driver,40 to 44,None,"Automobile, Station Wagon",Turning Left,0,0,1,0,0,0,0,1,0,1,0,0,0,13,1341,Clear,Daylight,-79.2382,43.8265
5000746528,11771,Driver,70 to 74,Minimal,"Automobile, Station Wagon",Going Ahead,0,0,1,0,0,0,0,1,0,1,0,0,0,13,1341,Clear,Daylight,-79.2382,43.8265
5000746528,11772,Passenger,15 to 19,None,NULL,NULL,0,0,1,0,0,0,0,1,0,1,0,0,0,13,1341,Clear,Daylight,-79.2382,43.8265
5000746528,11773,Passenger,65 to 69,Major,NULL,NULL,0,0,1,0,0,0,0,1,0,1,0,0,0,13,1341,Clear,Daylight,-79.2382,43.8265
5000814405,11803,Driver,65 to 69,None,"Automobile, Station Wagon",Going Ahead,1,0,1,0,0,0,0,1,0,0,0,0,0,3,325,Clear,"Dark, artificial",-79.4578,43.6551