ACCNUM,ObjectId,INVTYPE,INVAGE,INJURY,VEHTYPE,MANOEUVER,PEDESTRIAN,CYCLIST,AUTOMOBILE,MOTORCYCLE,TRUCK,TRSN_CITY_VEH,EMERG_VEH,PASSENGER,SPEEDING,AG_DRIV,REDLIGHT,ALCOHOL,DISABILITY,HOUR,TIME,VISIBILITY,LIGHT,collision_lat,collision_long
5000814405,11804,Pedestrian,40 to 44,Fatal,NULL,NULL,1,0,1,0,0,0,0,1,0,0,0,0,0,3,325,Clear,"Dark, artificial",-79.4578,43.6551
5000814405,11805,Passenger,30 to 34,None,NULL,NULL,1,0,1,0,0,0,0,1,0,0,0,0,0,3,325,Clear,"Dark, artificial",-79.4578,43.6551
5000852729,11822,Driver,35 to 39,None,"Automobile, Station Wagon",Going Ahead,0,0,1,0,0,0,0,1,0,1,0,0,1,11,1115,Clear,Daylight,-79.3482,43.6781
5000852729,11823,Driver,45 to 49,Major,Pick Up Truck,Slowing or Stopping,0,0,1,0,0,0,0,1,0,1,0,0,1,11,1115,Clear,Daylight,-79.3482,43.6781
5000852729,11824,Passenger,0 to 4,None,NULL,NULL,0,0,1,0,0,0,0,1,0,1,0,0,1,11,1115,Clear,Daylight,-79.3482,43.6781
5000852729,11825,Passenger,0 to 4,None,NULL,NULL,0,0,1,0,0,0,0,1,0,1,0,0,1,11,1115,Clear,Daylight,-79.3482,43.6781
5000901118,11843,Cyclist,50 to 54,Major,Bicycle,Going Ahead,0,1,1,0,0,0,0,0,0,0,0,0,0,0,2,Clear,"Dark, artificial",-79.4526,43.6572
5000901118,11844,Driver,40 to 44,None,"Automobile, Station Wagon",Going Ahead,0,1,1,0,0,0,0,0,0,0,0,0,0,0,2,Clear,"Dark, artificial",-79.4526,43.6572
5000924528,11443,Driver,75 to 79,None,"Automobile, Station Wagon",Turning Left,1,0,1,0,0,0,0,0,0,1,0,0,0,19,1854,Clear,Daylight,-79.5014,43.7436
5000924528,11444,Pedestrian,75 to 79,Major,NULL,NULL,1,0,1,0,0,0,0,0,0,1,0,0,0,19,1854,Clear,Daylight,-79.5014,43.7436
5000938109,11666,Pedestrian,45 to 49,Major,NULL,NULL,1,0,1,0,0,0,0,0,0,0,0,0,0,21,2135,Clear,"Dark, artificial",-79.5133,43.6594
5000938109,11662,Driver,75 to 79,None,"Automobile, Station Wagon",Going Ahead,1,0,1,0,0,0,0,0,0,0,0,0,0,21,2135,Clear,"Dark, artificial",-79.5133,43.6594
5000963180,11678,Driver,40 to 44,Major,"Automobile, Station Wagon",Turning Left,0,0,1,0,0,0,0,1,1,1,0,1,0,0,25,Clear,"Dark, artificial",-79.3876,43.6724
5000963180,11679,Driver,30 to 34,None,"Automobile, Station Wagon",Going Ahead,0,0,1,0,0,0,0,1,1,1,0,1,0,0,25,Clear,"Dark, artificial",-79.3876,43.6724
5000963180,11680,Passenger,40 to 44,Major,NULL,NULL,0,0,1,0,0,0,0,1,1,1,0,1,0,0,25,Clear,"Dark, artificial",-79.3876,43.6724
5000963180,11681,Passenger,30 to 34,None,NULL,NULL,0,0,1,0,0,0,0,1,1,1,0,1,0,0,25,Clear,"Dark, artificial",-79.3876,43.6724
5001034900,11718,Cyclist,40 to 44,Major,Bicycle,Going Ahead,0,1,1,0,0,0,0,0,0,0,0,0,0,2,155,Clear,"Dark, artificial",-79.3743,43.6629
5001034900,11719,Driver,40 to 44,None,"Automobile, Station Wagon",Going Ahead,0,1,1,0,0,0,0,0,0,0,0,0,0,2,155,Clear,"Dark, artificial",-79.3743,43.6629
5001109964,11744,Driver,40 to 44,Major,"Automobile, Station Wagon",Going Ahead,0,0,1,0,1,0,0,1,0,1,0,1,0,23,2330,Clear,"Dark, artificial",-79.5372,43.7169
5001109964,11745,Truck Driver,50 to 54,None,"Truck - Closed (Blazer, etc)",Stopped,0,0,1,0,1,0,0,1,0,1,0,1,0,23,2330,Clear,"Dark, artificial",-79.5372,43.7169
5001109964,11746,Passenger,40 to 44,Minor,NULL,NULL,0,0,1,0,1,0,0,1,0,1,0,1,0,23,2330,Clear,"Dark, artificial",-79.5372,43.7169
5001109964,11747,Passenger,45 to 49,Major,NULL,NULL,0,0,1,0,1,0,0,1,0,1,0,1,0,23,2330,Clear,"Dark, artificial",-79.5372,43.7169
5001110080,11748,Driver,35 to 39,None,"Automobile, Station Wagon",Going Ahead,1,0,1,0,0,0,0,1,0,0,0,0,0,24,2355,Clear,"Dark, artificial",-79.4087,43.6344
5001110080,11749,Passenger,30 to 34,None,NULL,NULL,1,0,1,0,0,0,0,1,0,0,0,0,0,24,2355,Clear,"Dark, artificial",-79.4087,43.6344
5001110080,11750,Pedestrian,30 to 34,Major,NULL,NULL,1,0,1,0,0,0,0,1,0,0,0,0,0,24,2355,Clear,"Dark, artificial",-79.4087,43.6344
5001197879,11022,Driver,35 to 39,None,"Automobile, Station Wagon",Going Ahead,1,0,1,0,0,0,0,0,1,1,0,0,0,4,429,Clear,Dark,-79.4408,43.6977
5001197879,11023,Pedestrian,30 to 34,Major,NULL,NULL,1,0,1,0,0,0,0,0,1,1,0,0,0,4,429,Clear,Dark,-79.4408,43.6977
5001261641,11060,Driver,20 to 24,None,"Automobile, Station Wagon",Going Ahead,0,1,1,0,0,0,0,0,0,1,0,0,0,10,1040,Clear,Daylight,-79.3986,43.6543
5001261641,11061,Cyclist,65 to 69,Major,Bicycle,Going Ahead,0,1,1,0,0,0,0,0,0,1,0,0,0,10,1040,Clear,Daylight,-79.3986,43.6543
5001312732,11075,Driver,45 to 49,None,"Automobile, Station Wagon",Reversing,1,0,1,0,0,0,0,0,0,0,0,0,0,21,2130,Clear,"Dark, artificial",-79.3263,43.7567
5001312732,11076,Pedestrian,70 to 74,Major,NULL,NULL,1,0,1,0,0,0,0,0,0,0,0,0,0,21,2130,Clear,"Dark, artificial",-79.3263,43.7567
5001377095,11103,Motorcycle Driver,20 to 24,Major,Motorcycle,Going Ahead,0,0,0,1,0,0,0,0,0,0,0,0,0,14,1420,Clear,Daylight,-79.284,43.8182
5001401225,11229,Driver,60 to 64,Major,"Automobile, Station Wagon",Going Ahead,0,0,1,0,0,0,0,1,0,0,0,0,1,10,1047,Clear,Daylight,-79.4676,43.6818
5001401225,11330,Driver,30 to 34,None,"Automobile, Station Wagon",Stopped,0,0,1,0,0,0,0,1,0,0,0,0,1,10,1047,Clear,Daylight,-79.4676,43.6818
5001401225,11336,Passenger,60 to 64,None,NULL,NULL,0,0,1,0,0,0,0,1,0,0,0,0,1,10,1047,Clear,Daylight,-79.4676,43.6818
5001401225,11337,Passenger,30 to 34,None,NULL,NULL,0,0,1,0,0,0,0,1,0,0,0,0,1,10,1047,Clear,Daylight,-79.4676,43.6818
5001404450,11338,Driver,70 to 74,None,"Automobile, Station Wagon",Turning Left,0,1,1,0,0,0,0,0,0,0,0,0,0,21,2100,Clear,"Dark, artificial",-79.4497,43.6944
5001404450,11339,Cyclist,50 to 54,Major,Bicycle,Going Ahead,0,1,1,0,0,0,0,0,0,0,0,0,0,21,2100,Clear,"Dark, artificial",-79.4497,43.6944
5001432053,11350,Truck Driver,25 to 29,None,Truck-Tractor,Turning Left,0,0,1,0,1,0,0,0,0,1,0,0,0,9,947,Clear,Daylight,-79.6346,43.7512
5001432053,11351,Driver,25 to 29,Major,"Automobile, Station Wagon",Going Ahead,0,0,1,0,1,0,0,0,0,1,0,0,0,9,947,Clear,Daylight,-79.6346,43.7512
5001507362,11373,Driver,60 to 64,Major,"Automobile, Station Wagon",Going Ahead,0,0,1,0,1,0,0,0,0,1,1,0,0,14,1400,Clear,Daylight,-79.3607,43.8111
5001507362,11374,Truck Driver,65 to 69,None,Truck - Dump,Going Ahead,0,0,1,0,1,0,0,0,0,1,1,0,0,14,1400,Clear,Daylight,-79.3607,43.8111
5001534311,11380,Driver,85 to 89,Major,"Automobile, Station Wagon",Going Ahead,0,0,1,0,0,0,0,1,0,0,0,0,0,17,1652,Clear,Daylight,-79.4486,43.7611
5001534311,11381,Passenger,90 to 94,Fatal,NULL,NULL,0,0,1,0,0,0,0,1,0,0,0,0,0,17,1652,Clear,Daylight,-79.4486,43.7611
5001604572,11403,Cyclist,50 to 54,Major,Bicycle,Changing Lanes,0,1,1,0,0,0,0,0,0,0,0,0,0,22,2200,Clear,"Dark, artificial",-79.516,43.6011
5001604572,11404,Driver,50 to 54,None,"Automobile, Station Wagon",Going Ahead,0,1,1,0,0,0,0,0,0,0,0,0,0,22,2200,Clear,"Dark, artificial",-79.516,43.6011
5001648538,11430,Driver,40 to 44,Major,"Automobile, Station Wagon",Going Ahead,0,0,1,0,0,0,0,0,1,1,0,0,0,23,2300,Clear,"Dark, artificial",-79.2047,43.7973
5001660901,11469,Driver,50 to 54,Major,"Automobile, Station Wagon",Going Ahead,0,0,1,0,0,0,0,0,0,0,0,1,0,21,2058,Clear,"Dark, artificial",-79.3936,43.7169
5001665605,11477,Driver,50 to 54,Minimal,"Automobile, Station Wagon",Turning Left,0,0,1,1,0,0,0,1,0,1,0,0,0,17,1718,Clear,Daylight,-79.2855,43.6918
5001665605,11478,Motorcycle Driver,30 to 34,Major,Motorcycle,Changing Lanes,0,0,1,1,0,0,0,1,0,1,0,0,0,17,1718,Clear,Daylight,-79.2855,43.6918
5001665605,11479,Passenger,50 to 54,Minor,NULL,NULL,0,0,1,1,0,0,0,1,0,1,0,0,0,17,1718,Clear,Daylight,-79.2855,43.6918
5001713235,11506,Driver,30 to 34,None,"Automobile, Station Wagon",Going Ahead,0,1,1,0,0,0,0,0,1,1,0,0,0,15,1453,Clear,"Dark, artificial",-79.4089,43.6562
5001713235,11507,Cyclist,50 to 54,Major,Bicycle,Going Ahead,0,1,1,0,0,0,0,0,1,1,0,0,0,15,1453,Clear,"Dark, artificial",-79.4089,43.6562
5001756961,11536,Driver,40 to 44,Minor,Passenger Van,Going Ahead,0,0,1,0,0,0,0,1,0,0,0,0,1,22,2217,Clear,"Dark, artificial",-79.3799,43.654
5001756961,11537,Driver,25 to 29,None,Pick Up Truck,Stopped,0,0,1,0,0,0,0,1,0,0,0,0,1,22,2217,Clear,"Dark, artificial",-79.3799,43.654
5001756961,11538,Driver,60 to 64,None,"Automobile, Station Wagon",Going Ahead,0,0,1,0,0,0,0,1,0,0,0,0,1,22,2217,Clear,"Dark, artificial",-79.3799,43.654
5001756961,11539,Passenger,35 to 39,Minor,NULL,NULL,0,0,1,0,0,0,0,1,0,0,0,0,1,22,2217,Clear,"Dark, artificial",-79.3799,43.654
4002443760,10664,Motorcycle Driver,35 to 39,Major,Motorcycle,Going Ahead,0,0,0,1,0,0,0,0,0,1,0,0,0,18,1819,Clear,Daylight,-79.3625,43.681
4002467400,10854,Driver,35 to 39,Minor,"Automobile, Station Wagon",Going Ahead,0,0,1,0,0,0,0,0,0,1,0,0,0,8,759,Clear,Daylight,-79.3498,43.726
4002467400,10855,Driver,25 to 29,Major,"Automobile, Station Wagon",Slowing or Stopping,0,0,1,0,0,0,0,0,0,1,0,0,0,8,759,Clear,Daylight,-79.3498,43.726
4002478309,10859,Driver,50 to 54,None,"Automobile, Station Wagon",Going Ahead,0,1,1,0,0,0,0,0,0,0,0,0,0,19,1918,Clear,Daylight,-79.2956,43.7081
4002478309,10860,Cyclist,60 to 64,Major,Bicycle,Turning Left,0,1,1,0,0,0,0,0,0,0,0,0,0,19,1918,Clear,Daylight,-79.2956,43.7081
4002642659,10910,Driver,35 to 39,None,Passenger Van,Turning Left,1,0,1,0,0,0,0,1,0,1,0,0,0,19,1932,Clear,Daylight,-79.2156,43.8077
4002642659,10911,Passenger,10 to 14,None,NULL,NULL,1,0,1,0,0,0,0,1,0,1,0,0,0,19,1932,Clear,Daylight,-79.2156,43.8077
4002642659,10912,Pedestrian,25 to 29,Major,NULL,NULL,1,0,1,0,0,0,0,1,0,1,0,0,0,19,1932,Clear,Daylight,-79.2156,43.8077
4002711350,10561,Driver,35 to 39,None,"Automobile, Station Wagon",Turning Left,0,0,1,1,0,0,0,0,0,1,0,0,0,23,2320,Clear,"Dark, artificial",-79.4464,43.6667
4002711350,10562,Motorcycle Driver,35 to 39,Major,Motorcycle,Going Ahead,0,0,1,1,0,0,0,0,0,1,0,0,0,23,2320,Clear,"Dark, artificial",-79.4464,43.6667
4002735710,10601,Driver,40 to 44,None,"Automobile, Station Wagon",Turning Left,1,0,1,0,0,0,0,0,0,1,0,0,0,21,2105,Clear,"Dark, artificial",-79.29,43.8097
4002735710,10602,Pedestrian,40 to 44,Major,NULL,NULL,1,0,1,0,0,0,0,0,0,1,0,0,0,21,2105,Clear,"Dark, artificial",-79.29,43.8097
4002750756,10608,Cyclist,25 to 29,Major,Bicycle,Going Ahead,0,1,1,0,0,0,0,0,0,1,0,0,0,1,122,Clear,Dark,-79.3706,43.6719
4002750756,10609,Driver,40 to 44,None,"Automobile, Station Wagon",Turning Left,0,1,1,0,0,0,0,0,0,1,0,0,0,1,122,Clear,Dark,-79.3706,43.6719
4002799906,10623,Driver,70 to 74,None,"Automobile, Station Wagon",Turning Left,0,0,1,0,0,0,0,0,0,1,0,0,0,13,1322,Clear,Daylight,-79.3935,43.7922
4002799906,10624,Driver,20 to 24,Major,"Automobile, Station Wagon",Going Ahead,0,0,1,0,0,0,0,0,0,1,0,0,0,13,1322,Clear,Daylight,-79.3935,43.7922
4002811941,10637,Driver,55 to 59,None,"Automobile, Station Wagon",Turning Left,1,0,1,0,0,0,0,0,0,1,0,0,0,9,855,Clear,Daylight,-79.3498,43.6588
4002811941,10638,Pedestrian,65 to 69,Major,NULL,NULL,1,0,1,0,0,0,0,0,0,1,0,0,0,9,855,Clear,Daylight,-79.3498,43.6588
4002835706,10641,Driver,45 to 49,None,Pick Up Truck,Going Ahead,1,0,1,0,0,0,0,0,0,0,0,0,0,17,1736,Clear,Daylight,-79.4988,43.6844
4002835706,10642,Pedestrian,50 to 54,Major,NULL,NULL,1,0,1,0,0,0,0,0,0,0,0,0,0,17,1736,Clear,Daylight,-79.4988,43.6844
4002949644,11858,Motorcycle Driver,35 to 39,Major,Motorcycle,Going Ahead,0,0,0,1,0,0,0,0,0,1,0,0,0,20,2003,Clear,"Dark, artificial",-79.5811,43.6809
4003078638,11904,Pedestrian,35 to 39,Major,NULL,NULL,1,0,1,0,0,0,0,0,0,0,0,0,0,11,1138,Clear,Daylight,-79.4469,43.6379
4003078638,11905,Driver,35 to 39,None,"Automobile, Station Wagon",Going Ahead,1,0,1,0,0,0,0,0,0,0,0,0,0,11,1138,Clear,Daylight,-79.4469,43.6379
4003112757,11918,Driver,65 to 69,None,"Automobile, Station Wagon",Turning Left,1,0,1,0,0,0,0,0,0,1,0,0,0,6,644,Clear,"Dark, artificial",-79.2798,43.7352
4003112757,11919,Pedestrian,55 to 59,Major,NULL,NULL,1,0,1,0,0,0,0,0,0,1,0,0,0,6,644,Clear,"Dark, artificial",-79.2798,43.7352
4003158007,11245,Truck Driver,30 to 34,None,Truck-Tractor,Going Ahead,0,0,0,0,1,0,0,1,0,0,0,0,0,12,1229,Clear,Daylight,-79.5208,43.7709
4003158007,11246,Passenger,40 to 44,Major,NULL,NULL,0,0,0,0,1,0,0,1,0,0,0,0,0,12,1229,Clear,Daylight,-79.5208,43.7709
4003167923,11247,Driver,65 to 69,None,"Automobile, Station Wagon",Going Ahead,1,0,1,0,0,0,0,0,0,0,0,0,0,17,1727,Clear,Dusk,-79.4925,43.6717
4003167923,11248,Pedestrian,80 to 84,Major,NULL,NULL,1,0,1,0,0,0,0,0,0,0,0,0,0,17,1727,Clear,Dusk,-79.4925,43.6717
4003253640,11284,Driver,40 to 44,None,Street Car,Going Ahead,1,0,0,0,0,1,0,0,0,0,0,0,0,23,2300,Rain,"Dark, artificial",-79.3974,43.6513
4003253640,11285,Pedestrian,40 to 44,Major,NULL,NULL,1,0,0,0,0,1,0,0,0,0,0,0,0,23,2300,Rain,"Dark, artificial",-79.3974,43.6513
4003269360,11300,Motorcycle Driver,25 to 29,Major,Motorcycle,Going Ahead,0,0,1,1,0,0,0,0,0,1,0,0,0,14,1356,Clear,Daylight,-79.3012,43.7348
4003269360,11301,Driver,80 to 84,None,"Automobile, Station Wagon",Going Ahead,0,0,1,1,0,0,0,0,0,1,0,0,0,14,1356,Clear,Daylight,-79.3012,43.7348
4003270015,11302,Driver,60 to 64,Major,"Automobile, Station Wagon",Going Ahead,0,0,1,0,0,0,0,0,0,0,0,0,1,16,1555,Clear,Daylight,-79.418,43.7282
4003398142,11566,Passenger,65 to 69,Major,NULL,NULL,0,0,1,0,0,0,0,1,0,0,0,0,0,13,1345,Clear,Daylight,-79.5128,43.6861
4003398142,11468,Driver,80 to 84,Major,"Automobile, Station Wagon",Going Ahead,0,0,1,0,0,0,0,1,0,0,0,0,0,13,1345,Clear,Daylight,-79.5128,43.6861
4003398142,11474,Driver,75 to 79,Major,"Automobile, Station Wagon",Going Ahead,0,0,1,0,0,0,0,1,0,0,0,0,0,13,1345,Clear,Daylight,-79.5128,43.6861
4003399384,11570,Driver,30 to 34,None,Pick Up Truck,Reversing,0,1,1,0,0,0,0,0,0,0,0,0,0,17,1702,Rain,"Dark, artificial",-79.4492,43.7471
4003399384,11574,Cyclist,35 to 39,Major,Bicycle,Going Ahead,0,1,1,0,0,0,0,0,0,0,0,0,0,17,1702,Rain,"Dark, artificial",-79.4492,43.7471
4003465091,11599,Driver,30 to 34,Major,"Automobile, Station Wagon",Going Ahead,0,0,1,0,0,0,0,0,0,0,0,0,0,11,1100,Snow,Daylight,-79.3518,43.774
4003465091,11600,Driver,unknown,None,"Automobile, Station Wagon",Going Ahead,0,0,1,0,0,0,0,0,0,0,0,0,0,11,1100,Snow,Daylight,-79.3518,43.774
4003518072,11626,Driver,45 to 49,None,"Automobile, Station Wagon",Going Ahead,1,0,1,0,0,0,0,0,0,0,0,0,0,22,2228,Clear,Dark,-79.5827,43.7431
4003518072,11627,Pedestrian,25 to 29,Major,NULL,NULL,1,0,1,0,0,0,0,0,0,0,0,0,0,22,2228,Clear,Dark,-79.5827,43.7431
4003541767,11644,Driver,55 to 59,None,"Automobile, Station Wagon",Turning Left,1,0,1,0,0,0,0,0,0,1,0,0,0,6,635,"Fog, Mist, Smoke, Dust","Dark, artificial",-79.3122,43.7973
4003541767,11645,Pedestrian,55 to 59,Major,NULL,NULL,1,0,1,0,0,0,0,0,0,1,0,0,0,6,635,"Fog, Mist, Smoke, Dust","Dark, artificial",-79.3122,43.7973
5000133972,11932,Driver,55 to 59,None,"Automobile, Station Wagon",Going Ahead,0,0,1,0,0,0,0,1,0,1,0,0,0,14,1415,Clear,Daylight,-79.3206,43.6913
5000133972,11933,Driver,35 to 39,None,"Automobile, Station Wagon",Going Ahead,0,0,1,0,0,0,0,1,0,1,0,0,0,14,1415,Clear,Daylight,-79.3206,43.6913
5000133972,11934,Passenger,85 to 89,Minor,NULL,NULL,0,0,1,0,0,0,0,1,0,1,0,0,0,14,1415,Clear,Daylight,-79.3206,43.6913
5000133972,11935,Passenger,25 to 29,Major,NULL,NULL,0,0,1,0,0,0,0,1,0,1,0,0,0,14,1415,Clear,Daylight,-79.3206,43.6913
5000204308,11938,Driver,unknown,None,"Automobile, Station Wagon",Going Ahead,1,0,1,0,0,0,0,0,0,0,0,0,0,4,400,Clear,Dark,-79.5156,43.7009
5000204308,11939,Pedestrian,50 to 54,Major,NULL,NULL,1,0,1,0,0,0,0,0,0,0,0,0,0,4,400,Clear,Dark,-79.5156,43.7009
5000207057,11951,Driver,30 to 34,Major,Delivery Van,Other,0,0,1,0,0,0,0,0,0,0,0,0,1,18,1838,Snow,"Dark, artificial",-79.4114,43.6525
5000220860,11954,Driver,20 to 24,Major,"Automobile, Station Wagon",Turning Left,0,0,1,0,0,1,0,0,1,1,1,0,0,22,2231,Clear,"Dark, artificial",-79.4542,43.7418
5000220860,11955,Driver,35 to 39,None,Municipal Transit Bus (TTC),Going Ahead,0,0,1,0,0,1,0,0,1,1,1,0,0,22,2231,Clear,"Dark, artificial",-79.4542,43.7418
5000286208,11973,Driver,30 to 34,None,"Automobile, Station Wagon",Going Ahead,1,0,1,0,0,0,0,0,1,1,0,0,0,1,104,Clear,"Dark, artificial",-79.3707,43.6577
5000286208,11974,Pedestrian,55 to 59,Fatal,NULL,NULL,1,0,1,0,0,0,0,0,1,1,0,0,0,1,104,Clear,"Dark, artificial",-79.3707,43.6577
5000374256,11988,Pedestrian,60 to 64,Fatal,NULL,NULL,1,0,0,0,1,0,0,0,0,1,0,0,0,16,1639,Clear,Daylight,-79.243,43.8129
5000374256,11989,Truck Driver,35 to 39,None,Truck-Tractor,Turning Right,1,0,0,0,1,0,0,0,0,1,0,0,0,16,1639,Clear,Daylight,-79.243,43.8129
5000407299,11998,Driver,30 to 34,None,"Automobile, Station Wagon",Going Ahead,1,0,1,0,0,0,0,1,0,0,0,0,0,8,820,Clear,Daylight,-79.3012,43.7634
5000407299,11999,Passenger,30 to 34,None,NULL,NULL,1,0,1,0,0,0,0,1,0,0,0,0,0,8,820,Clear,Daylight,-79.3012,43.7634
5000407299,12000,Pedestrian,45 to 49,Major,NULL,NULL,1,0,1,0,0,0,0,1,0,0,0,0,0,8,820,Clear,Daylight,-79.3012,43.7634
5000439931,11129,Driver,50 to 54,None,"Automobile, Station Wagon",Turning Left,0,0,1,0,0,0,0,0,0,1,0,0,0,14,1445,Clear,Daylight,-79.46,43.6546
5000439931,11130,Driver,50 to 54,Major,"Automobile, Station Wagon",Going Ahead,0,0,1,0,0,0,0,0,0,1,0,0,0,14,1445,Clear,Daylight,-79.46,43.6546
5000439931,11131,Driver,45 to 49,None,"Automobile, Station Wagon",Turning Right,0,0,1,0,0,0,0,0,0,1,0,0,0,14,1445,Clear,Daylight,-79.46,43.6546
5000486236,11147,Cyclist,15 to 19,Major,Bicycle,Turning Left,0,1,1,0,0,0,0,0,0,0,0,0,0,11,1100,Clear,Daylight,-79.3755,43.6657
5000486236,11148,Driver,60 to 64,None,"Automobile, Station Wagon",Going Ahead,0,1,1,0,0,0,0,0,0,0,0,0,0,11,1100,Clear,Daylight,-79.3755,43.6657
5000528249,11159,Driver,65 to 69,Major,Delivery Van,Going Ahead,0,0,1,0,0,0,0,0,0,0,0,0,0,12,1235,Clear,Daylight,-79.569,43.7432
5000543987,11163,Motorcycle Driver,unknown,Fatal,Motorcycle,Going Ahead,0,0,0,1,0,0,0,0,1,1,0,0,0,23,2308,Clear,"Dark, artificial",-79.4121,43.6374
5000549380,11164,Driver,20 to 24,None,"Automobile, Station Wagon",Going Ahead,1,0,1,0,0,0,0,1,0,1,1,0,0,20,1951,Rain,"Dark, artificial",-79.3478,43.7771
5000549380,11165,Passenger,20 to 24,None,NULL,NULL,1,0,1,0,0,0,0,1,0,1,1,0,0,20,1951,Rain,"Dark, artificial",-79.3478,43.7771
5000549380,11166,Pedestrian,50 to 54,Major,NULL,NULL,1,0,1,0,0,0,0,1,0,1,1,0,0,20,1951,Rain,"Dark, artificial",-79.3478,43.7771
5000552062,11167,Driver,65 to 69,None,"Automobile, Station Wagon",Going Ahead,0,0,1,0,0,0,0,1,0,1,0,0,0,10,950,Clear,Daylight,-79.3145,43.7559
5000552062,11168,Driver,50 to 54,Minimal,"Automobile, Station Wagon",Slowing or Stopping,0,0,1,0,0,0,0,1,0,1,0,0,0,10,950,Clear,Daylight,-79.3145,43.7559
5000552062,11169,Driver,45 to 49,None,"Automobile, Station Wagon",Stopped,0,0,1,0,0,0,0,1,0,1,0,0,0,10,950,Clear,Daylight,-79.3145,43.7559
5000552062,11170,Driver,35 to 39,None,"Automobile, Station Wagon",Stopped,0,0,1,0,0,0,0,1,0,1,0,0,0,10,950,Clear,Daylight,-79.3145,43.7559
5000552062,11171,Passenger,65 to 69,Major,NULL,NULL,0,0,1,0,0,0,0,1,0,1,0,0,0,10,950,Clear,Daylight,-79.3145,43.7559
5000552062,11172,Passenger,40 to 44,None,NULL,NULL,0,0,1,0,0,0,0,1,0,1,0,0,0,10,950,Clear,Daylight,-79.3145,43.7559
5000552062,11174,Passenger,70 to 74,None,NULL,NULL,0,0,1,0,0,0,0,1,0,1,0,0,0,10,950,Clear,Daylight,-79.3145,43.7559
5000552062,11175,Passenger,10 to 14,None,NULL,NULL,0,0,1,0,0,0,0,1,0,1,0,0,0,10,950,Clear,Daylight,-79.3145,43.7559
5000552062,11176,Passenger,15 to 19,None,NULL,NULL,0,0,1,0,0,0,0,1,0,1,0,0,0,10,950,Clear,Daylight,-79.3145,43.7559
5000552062,11177,Passenger,35 to 39,None,NULL,NULL,0,0,1,0,0,0,0,1,0,1,0,0,0,10,950,Clear,Daylight,-79.3145,43.7559
4003056806,11895,Driver,45 to 49,None,"Automobile, Station Wagon",Going Ahead,1,0,1,0,0,0,0,0,0,0,0,0,0,0,9,Rain,"Dark, artificial",-79.3865,43.6507
4003056806,11896,Pedestrian,25 to 29,Major,NULL,NULL,1,0,1,0,0,0,0,0,0,0,0,0,0,0,9,Rain,"Dark, artificial",-79.3865,43.6507
4003092212,11908,Driver,45 to 49,None,Fire Vehicle,Stopped,0,0,1,0,0,0,1,1,0,1,1,0,0,16,1640,Clear,Daylight,-79.5552,43.657
4003092212,11909,Driver,90 to 94,Minimal,"Automobile, Station Wagon",Going Ahead,0,0,1,0,0,0,1,1,0,1,1,0,0,16,1640,Clear,Daylight,-79.5552,43.657
4003092212,11910,Passenger,45 to 49,None,NULL,NULL,0,0,1,0,0,0,1,1,0,1,1,0,0,16,1640,Clear,Daylight,-79.5552,43.657
4003092212,11911,Passenger,30 to 34,None,NULL,NULL,0,0,1,0,0,0,1,1,0,1,1,0,0,16,1640,Clear,Daylight,-79.5552,43.657
4003092212,11912,Passenger,35 to 39,None,NULL,NULL,0,0,1,0,0,0,1,1,0,1,1,0,0,16,1640,Clear,Daylight,-79.5552,43.657
4003092212,11913,Passenger,85 to 89,Major,NULL,NULL,0,0,1,0,0,0,1,1,0,1,1,0,0,16,1640,Clear,Daylight,-79.5552,43.657
4003142204,11001,Driver,20 to 24,None,"Automobile, Station Wagon",Turning Left,0,1,1,0,0,0,0,0,0,1,0,0,0,18,1803,Rain,Dusk,-79.3817,43.6518
4003142204,11111,Cyclist,25 to 29,Major,Bicycle,Going Ahead,0,1,1,0,0,0,0,0,0,1,0,0,0,18,1803,Rain,Dusk,-79.3817,43.6518
4003148755,11235,Driver,35 to 39,None,"Automobile, Station Wagon",Going Ahead,1,0,1,0,0,0,0,0,0,0,0,0,0,19,1909,Rain,"Dark, artificial",-79.4636,43.6538
4003148755,11236,Pedestrian,35 to 39,Major,NULL,NULL,1,0,1,0,0,0,0,0,0,0,0,0,0,19,1909,Rain,"Dark, artificial",-79.4636,43.6538
4003224177,11276,Driver,75 to 79,None,Passenger Van,Turning Left,1,0,1,0,0,0,0,0,0,1,0,0,0,12,1205,Clear,Daylight,-79.4138,43.7034
4003224177,11277,Pedestrian,25 to 29,Major,NULL,NULL,1,0,1,0,0,0,0,0,0,1,0,0,0,12,1205,Clear,Daylight,-79.4138,43.7034
4003224177,11278,Pedestrian,30 to 34,Major,NULL,NULL,1,0,1,0,0,0,0,0,0,1,0,0,0,12,1205,Clear,Daylight,-79.4138,43.7034