ACCNUM,ObjectId,INVTYPE,INVAGE,INJURY,VEHTYPE,MANOEUVER,PEDESTRIAN,CYCLIST,AUTOMOBILE,MOTORCYCLE,TRUCK,TRSN_CITY_VEH,EMERG_VEH,PASSENGER,SPEEDING,AG_DRIV,REDLIGHT,ALCOHOL,DISABILITY,HOUR,TIME,VISIBILITY,LIGHT,collision_lat,collision_long
4003235849,11274,Driver,65 to 69,None,"Automobile, Station Wagon",Turning Right,1,0,1,0,0,0,0,0,0,1,0,0,0,10,1015,Clear,"Dark, artificial",-79.4489,43.7174
4003235849,11275,Pedestrian,60 to 64,Major,NULL,NULL,1,0,1,0,0,0,0,0,0,1,0,0,0,10,1015,Clear,"Dark, artificial",-79.4489,43.7174
4003323321,11308,Driver,55 to 59,None,Municipal Transit Bus (TTC),Going Ahead,0,0,0,0,0,1,0,1,0,0,0,0,0,12,1211,Clear,Daylight,-79.3972,43.8029
4003323321,11309,Passenger,55 to 59,Major,Municipal Transit Bus (TTC),NULL,0,0,0,0,0,1,0,1,0,0,0,0,0,12,1211,Clear,Daylight,-79.3972,43.8029
4003369105,11327,Driver,70 to 74,Major,"Automobile, Station Wagon",Turning Left,1,0,1,0,0,0,0,0,0,1,0,0,0,19,1859,Clear,"Dark, artificial",-79.299,43.7443
4003369105,11328,Pedestrian,25 to 29,None,NULL,NULL,1,0,1,0,0,0,0,0,0,1,0,0,0,19,1859,Clear,"Dark, artificial",-79.299,43.7443
4003374622,11329,Cyclist,15 to 19,Major,Bicycle,Changing Lanes,0,1,1,0,0,0,0,0,0,0,0,0,0,16,1625,Clear,Dusk,-79.2241,43.7814
4003374622,11110,Driver,55 to 59,None,"Automobile, Station Wagon",Going Ahead,0,1,1,0,0,0,0,0,0,0,0,0,0,16,1625,Clear,Dusk,-79.2241,43.7814
4003405816,11577,Driver,25 to 29,Major,"Automobile, Station Wagon",Going Ahead,0,0,1,0,0,0,0,0,0,1,1,0,0,18,1811,Clear,"Dark, artificial",-79.3731,43.7118
4003405816,11578,Driver,30 to 34,None,"Automobile, Station Wagon",Going Ahead,0,0,1,0,0,0,0,0,0,1,1,0,0,18,1811,Clear,"Dark, artificial",-79.3731,43.7118
4003439452,11588,Driver,30 to 34,Minor,"Automobile, Station Wagon",Going Ahead,0,0,1,0,1,0,0,1,1,1,0,1,0,2,215,Clear,"Dark, artificial",-79.2975,43.7256
4003439452,11589,Truck Driver,45 to 49,None,Truck-Tractor,Turning Left,0,0,1,0,1,0,0,1,1,1,0,1,0,2,215,Clear,"Dark, artificial",-79.2975,43.7256
4003439452,11591,Passenger,25 to 29,Major,NULL,NULL,0,0,1,0,1,0,0,1,1,1,0,1,0,2,215,Clear,"Dark, artificial",-79.2975,43.7256
4003439452,11590,Passenger,20 to 24,Major,NULL,NULL,0,0,1,0,1,0,0,1,1,1,0,1,0,2,215,Clear,"Dark, artificial",-79.2975,43.7256
4003523985,11631,Driver,25 to 29,Minimal,"Automobile, Station Wagon",Going Ahead,1,0,1,0,0,0,0,1,0,0,0,0,0,23,2308,Clear,"Dark, artificial",-79.2571,43.7588
4003523985,11632,Passenger,20 to 24,None,NULL,NULL,1,0,1,0,0,0,0,1,0,0,0,0,0,23,2308,Clear,"Dark, artificial",-79.2571,43.7588
4003523985,11633,Passenger,20 to 24,None,NULL,NULL,1,0,1,0,0,0,0,1,0,0,0,0,0,23,2308,Clear,"Dark, artificial",-79.2571,43.7588
4003523985,11634,Pedestrian,20 to 24,Major,NULL,NULL,1,0,1,0,0,0,0,1,0,0,0,0,0,23,2308,Clear,"Dark, artificial",-79.2571,43.7588
4003527031,11637,Driver,45 to 49,Minimal,"Automobile, Station Wagon",Making U Turn,1,0,1,0,0,0,0,1,0,0,0,0,0,14,1437,Clear,Daylight,-79.4232,43.6624
4003527031,11638,Pedestrian,50 to 54,Major,NULL,NULL,1,0,1,0,0,0,0,1,0,0,0,0,0,14,1437,Clear,Daylight,-79.4232,43.6624
4003527031,11639,Passenger,15 to 19,None,NULL,NULL,1,0,1,0,0,0,0,1,0,0,0,0,0,14,1437,Clear,Daylight,-79.4232,43.6624
4003544666,11646,Driver,unknown,None,NULL,Going Ahead,1,0,0,0,0,0,0,0,0,1,0,0,0,18,1800,Rain,"Dark, artificial",-79.2724,43.8229
4003544666,11647,Pedestrian,65 to 69,Major,NULL,NULL,1,0,0,0,0,0,0,0,0,1,0,0,0,18,1800,Rain,"Dark, artificial",-79.2724,43.8229
5000020238,11755,Driver,70 to 74,None,"Automobile, Station Wagon",Going Ahead,1,0,1,0,0,0,0,0,0,1,0,0,0,19,1904,Snow,"Dark, artificial",-79.4082,43.6576
5000020238,11759,Pedestrian,25 to 29,Major,NULL,NULL,1,0,1,0,0,0,0,0,0,1,0,0,0,19,1904,Snow,"Dark, artificial",-79.4082,43.6576
5000131237,11927,Driver,20 to 24,None,"Automobile, Station Wagon",Turning Left,0,0,1,0,0,0,0,1,0,1,1,0,0,4,352,Clear,"Dark, artificial",-79.478,43.7086
5000131237,11928,Driver,35 to 39,Minimal,"Automobile, Station Wagon",Going Ahead,0,0,1,0,0,0,0,1,0,1,1,0,0,4,352,Clear,"Dark, artificial",-79.478,43.7086
5000131237,11929,Passenger,55 to 59,Major,NULL,NULL,0,0,1,0,0,0,0,1,0,1,1,0,0,4,352,Clear,"Dark, artificial",-79.478,43.7086
5000131237,11930,Passenger,65 to 69,Minimal,NULL,NULL,0,0,1,0,0,0,0,1,0,1,1,0,0,4,352,Clear,"Dark, artificial",-79.478,43.7086
5000131237,11931,Passenger,65 to 69,Minimal,NULL,NULL,0,0,1,0,0,0,0,1,0,1,1,0,0,4,352,Clear,"Dark, artificial",-79.478,43.7086
5000212905,11952,Driver,40 to 44,None,"Automobile, Station Wagon",Going Ahead,1,0,1,0,0,0,0,0,0,1,0,0,0,17,1701,Clear,"Daylight, artificial",-79.2574,43.7204
5000212905,11953,Pedestrian,85 to 89,Fatal,NULL,NULL,1,0,1,0,0,0,0,0,0,1,0,0,0,17,1701,Clear,"Daylight, artificial",-79.2574,43.7204
5000276965,11967,Driver,50 to 54,None,"Automobile, Station Wagon",Going Ahead,1,0,1,0,0,0,0,1,0,0,0,0,0,14,1410,Clear,Daylight,-79.475,43.6901
5000276965,11968,Passenger,50 to 54,None,NULL,NULL,1,0,1,0,0,0,0,1,0,0,0,0,0,14,1410,Clear,Daylight,-79.475,43.6901
5000276965,11969,Passenger,25 to 29,None,NULL,NULL,1,0,1,0,0,0,0,1,0,0,0,0,0,14,1410,Clear,Daylight,-79.475,43.6901
5000276965,11970,Passenger,20 to 24,None,NULL,NULL,1,0,1,0,0,0,0,1,0,0,0,0,0,14,1410,Clear,Daylight,-79.475,43.6901
5000276965,11971,Passenger,25 to 29,None,NULL,NULL,1,0,1,0,0,0,0,1,0,0,0,0,0,14,1410,Clear,Daylight,-79.475,43.6901
5000276965,11972,Pedestrian,40 to 44,Major,NULL,NULL,1,0,1,0,0,0,0,1,0,0,0,0,0,14,1410,Clear,Daylight,-79.475,43.6901
5000324381,11980,Driver,30 to 34,None,"Automobile, Station Wagon",Reversing,1,0,1,0,0,0,0,0,0,0,0,0,0,13,1327,Clear,Daylight,-79.3737,43.6672
5000324381,11981,Pedestrian,70 to 74,Major,NULL,NULL,1,0,1,0,0,0,0,0,0,0,0,0,0,13,1327,Clear,Daylight,-79.3737,43.6672
5000325366,11982,Driver,70 to 74,Major,"Automobile, Station Wagon",Going Ahead,0,0,1,0,0,0,0,1,0,0,0,0,0,16,1602,Clear,Daylight,-79.2625,43.8078
5000325366,11983,Driver,50 to 54,None,"Automobile, Station Wagon",Going Ahead,0,0,1,0,0,0,0,1,0,0,0,0,0,16,1602,Clear,Daylight,-79.2625,43.8078
5000325366,11984,Passenger,5 to 9,None,NULL,NULL,0,0,1,0,0,0,0,1,0,0,0,0,0,16,1602,Clear,Daylight,-79.2625,43.8078
5000325366,11985,Passenger,10 to 14,None,NULL,NULL,0,0,1,0,0,0,0,1,0,0,0,0,0,16,1602,Clear,Daylight,-79.2625,43.8078
5000513349,11149,Driver,55 to 59,None,Municipal Transit Bus (TTC),Slowing or Stopping,0,0,0,0,0,1,0,1,0,0,0,0,0,20,1950,Clear,"Dark, artificial",-79.2975,43.7256
5000513349,11150,Passenger,50 to 54,Major,NULL,NULL,0,0,0,0,0,1,0,1,0,0,0,0,0,20,1950,Clear,"Dark, artificial",-79.2975,43.7256
5000526787,11158,Driver,35 to 39,Major,"Automobile, Station Wagon",Going Ahead,0,0,1,0,0,0,0,0,0,0,0,0,0,8,815,Clear,Daylight,-79.3207,43.8056
5000670962,11452,Driver,85 to 89,None,"Automobile, Station Wagon",Going Ahead,1,0,1,0,0,0,0,0,0,0,0,0,0,10,1018,Clear,Daylight,-79.2959,43.7087
5000670962,11458,Pedestrian,70 to 74,Major,NULL,NULL,1,0,1,0,0,0,0,0,0,0,0,0,0,10,1018,Clear,Daylight,-79.2959,43.7087
5000789698,11787,Driver,55 to 59,Major,"Automobile, Station Wagon",Turning Left,0,0,1,0,0,0,0,0,1,1,0,0,0,7,735,Clear,Daylight,-79.575,43.7157
5000789698,11788,Driver,20 to 24,Minimal,"Automobile, Station Wagon",Going Ahead,0,0,1,0,0,0,0,0,1,1,0,0,0,7,735,Clear,Daylight,-79.575,43.7157
5000814166,11798,Driver,20 to 24,None,"Automobile, Station Wagon",Going Ahead,1,0,1,0,0,0,0,1,0,0,0,0,0,2,211,Clear,"Dark, artificial",-79.3479,43.6592
5000814166,11800,Passenger,20 to 24,None,NULL,NULL,1,0,1,0,0,0,0,1,0,0,0,0,0,2,211,Clear,"Dark, artificial",-79.3479,43.6592
5000814166,11799,Pedestrian,35 to 39,Major,NULL,NULL,1,0,1,0,0,0,0,1,0,0,0,0,0,2,211,Clear,"Dark, artificial",-79.3479,43.6592
5000814166,11801,Passenger,20 to 24,None,NULL,NULL,1,0,1,0,0,0,0,1,0,0,0,0,0,2,211,Clear,"Dark, artificial",-79.3479,43.6592
5000814166,11802,Passenger,20 to 24,None,NULL,NULL,1,0,1,0,0,0,0,1,0,0,0,0,0,2,211,Clear,"Dark, artificial",-79.3479,43.6592
5000838309,11808,Driver,40 to 44,Minor,"Automobile, Station Wagon",Going Ahead,0,0,1,0,0,0,0,1,0,0,0,0,0,6,600,Clear,Daylight,-79.5216,43.7754
5000838309,11809,Passenger,35 to 39,Major,NULL,NULL,0,0,1,0,0,0,0,1,0,0,0,0,0,6,600,Clear,Daylight,-79.5216,43.7754
5000935132,11659,Driver,45 to 49,Major,"Automobile, Station Wagon",Changing Lanes,0,0,1,0,0,0,0,0,1,1,0,0,0,13,1255,Clear,Daylight,-79.339,43.651
5000961885,11676,Driver,40 to 44,None,NULL,Going Ahead,0,1,0,0,0,0,0,0,0,1,0,0,0,19,1915,Other,Daylight,-79.4436,43.6606
5000961885,11677,Moped Driver,50 to 54,Major,Moped,Going Ahead,0,1,0,0,0,0,0,0,0,1,0,0,0,19,1915,Other,Daylight,-79.4436,43.6606
5000995174,11701,Cyclist,25 to 29,Fatal,Bicycle,Turning Left,0,1,1,0,0,0,0,0,0,0,0,0,0,23,2320,Clear,"Dark, artificial",-79.3965,43.6747
5000995174,11702,Driver,15 to 19,None,"Automobile, Station Wagon",Going Ahead,0,1,1,0,0,0,0,0,0,0,0,0,0,23,2320,Clear,"Dark, artificial",-79.3965,43.6747
5001021761,11708,Driver,unknown,None,"Automobile, Station Wagon",Turning Left,1,0,1,0,0,0,0,0,0,1,0,0,0,9,900,Clear,Daylight,-79.4196,43.7341
5001021761,11709,Pedestrian,35 to 39,Major,NULL,NULL,1,0,1,0,0,0,0,0,0,1,0,0,0,9,900,Clear,Daylight,-79.4196,43.7341
5001095656,11733,Driver,55 to 59,Minimal,"Automobile, Station Wagon",Making U Turn,0,0,1,1,0,0,0,1,0,0,0,0,0,17,1745,Clear,Daylight,-79.2669,43.7743
5001095656,11734,Motorcycle Driver,50 to 54,Major,Motorcycle,Going Ahead,0,0,1,1,0,0,0,1,0,0,0,0,0,17,1745,Clear,Daylight,-79.2669,43.7743
5001095656,11735,Passenger,60 to 64,None,NULL,NULL,0,0,1,1,0,0,0,1,0,0,0,0,0,17,1745,Clear,Daylight,-79.2669,43.7743
5001203164,11024,Driver,60 to 64,None,"Automobile, Station Wagon",Turning Left,0,0,1,1,0,0,0,1,0,0,0,0,0,20,2030,Clear,Daylight,-79.2811,43.6928
4001384194,10164,Pedestrian,55 to 59,Major,NULL,NULL,1,0,0,0,1,0,0,0,0,1,0,0,0,12,1222,Clear,Daylight,-79.4714,43.7678
4001414099,10171,Driver,55 to 59,None,"Automobile, Station Wagon",Going Ahead,0,0,1,0,0,0,0,1,0,1,0,0,0,15,1510,Snow,Daylight,-79.3522,43.6622
4001414099,10172,Driver,40 to 44,None,"Automobile, Station Wagon",Going Ahead,0,0,1,0,0,0,0,1,0,1,0,0,0,15,1510,Snow,Daylight,-79.3522,43.6622
4001414099,10173,Passenger,unknown,Major,NULL,NULL,0,0,1,0,0,0,0,1,0,1,0,0,0,15,1510,Snow,Daylight,-79.3522,43.6622
4001460471,10187,Driver,25 to 29,None,"Automobile, Station Wagon",Going Ahead,0,1,1,0,0,0,0,0,0,0,0,0,0,10,1043,Clear,Daylight,-79.4674,43.6815
4001460471,10188,Cyclist,50 to 54,Major,Bicycle,Other,0,1,1,0,0,0,0,0,0,0,0,0,0,10,1043,Clear,Daylight,-79.4674,43.6815
4001540834,10224,Driver,70 to 74,None,"Automobile, Station Wagon",Turning Left,1,0,1,0,0,0,0,1,0,1,0,0,0,13,1321,Clear,Daylight,-79.3774,43.642
4001540834,10225,Driver,15 to 19,None,"Automobile, Station Wagon",Going Ahead,1,0,1,0,0,0,0,1,0,1,0,0,0,13,1321,Clear,Daylight,-79.3774,43.642
4001540834,10226,Pedestrian,35 to 39,Major,NULL,NULL,1,0,1,0,0,0,0,1,0,1,0,0,0,13,1321,Clear,Daylight,-79.3774,43.642
4001540834,10227,Passenger,70 to 74,Minor,NULL,NULL,1,0,1,0,0,0,0,1,0,1,0,0,0,13,1321,Clear,Daylight,-79.3774,43.642
4001560471,10236,Driver,unknown,None,"Automobile, Station Wagon",Turning Right,1,0,1,0,0,0,0,0,0,1,0,0,0,18,1836,Clear,"Dark, artificial",-79.3341,43.7149
4001560471,10237,Pedestrian,60 to 64,Major,NULL,NULL,1,0,1,0,0,0,0,0,0,1,0,0,0,18,1836,Clear,"Dark, artificial",-79.3341,43.7149
4001580826,10242,Driver,40 to 44,None,Street Car,Turning Right,0,0,0,0,0,1,0,1,0,0,0,0,0,23,2334,Clear,"Dark, artificial",-79.3632,43.6527
4001580826,10243,Passenger,25 to 29,Major,NULL,NULL,0,0,0,0,0,1,0,1,0,0,0,0,0,23,2334,Clear,"Dark, artificial",-79.3632,43.6527
4001608537,10248,Pedestrian,70 to 74,Major,NULL,NULL,1,0,0,0,0,1,0,0,0,0,0,0,0,14,1432,Clear,Daylight,-79.3964,43.6973
4001608537,10144,Driver,50 to 54,None,Municipal Transit Bus (TTC),Turning Left,1,0,0,0,0,1,0,0,0,0,0,0,0,14,1432,Clear,Daylight,-79.3964,43.6973
4001680945,10936,Driver,unknown,None,NULL,Turning Right,1,0,0,0,0,0,0,0,0,0,0,0,0,0,30,Clear,"Dark, artificial",-79.3963,43.6487
4001680945,10937,Pedestrian,25 to 29,Major,NULL,NULL,1,0,0,0,0,0,0,0,0,0,0,0,0,0,30,Clear,"Dark, artificial",-79.3963,43.6487
4001738828,10956,Driver,30 to 34,Major,"Automobile, Station Wagon",Going Ahead,0,0,1,0,0,0,0,0,0,0,0,0,0,1,126,Clear,"Dark, artificial",-79.212,43.7526
4001839979,10981,Driver,75 to 79,None,"Automobile, Station Wagon",Turning Left,1,0,1,1,0,0,0,0,1,1,0,0,0,17,1725,Clear,Daylight,-79.3936,43.6871
4001839979,10982,Motorcycle Driver,25 to 29,Major,Motorcycle,Changing Lanes,1,0,1,1,0,0,0,0,1,1,0,0,0,17,1725,Clear,Daylight,-79.3936,43.6871
4001839979,10983,Pedestrian,65 to 69,Major,NULL,NULL,1,0,1,1,0,0,0,0,1,1,0,0,0,17,1725,Clear,Daylight,-79.3936,43.6871
4001840724,10987,Driver,15 to 19,None,Passenger Van,Going Ahead,1,0,1,0,0,0,0,1,0,1,0,0,0,20,2002,Clear,"Dark, artificial",-79.3763,43.7086
4001840724,10988,Pedestrian,20 to 24,Major,NULL,NULL,1,0,1,0,0,0,0,1,0,1,0,0,0,20,2002,Clear,"Dark, artificial",-79.3763,43.7086
4001840724,10989,Passenger,15 to 19,None,NULL,NULL,1,0,1,0,0,0,0,1,0,1,0,0,0,20,2002,Clear,"Dark, artificial",-79.3763,43.7086
4001887812,10557,Passenger,75 to 79,Minimal,NULL,NULL,0,0,1,0,0,0,0,1,0,0,0,0,1,9,934,Clear,Daylight,-79.4762,43.6511
4001887812,10651,Passenger,30 to 34,None,NULL,NULL,0,0,1,0,0,0,0,1,0,0,0,0,1,9,934,Clear,Daylight,-79.4762,43.6511
4001887812,10454,Driver,50 to 54,Minimal,"Automobile, Station Wagon",Stopped,0,0,1,0,0,0,0,1,0,0,0,0,1,9,934,Clear,Daylight,-79.4762,43.6511
4001887812,10456,Driver,35 to 39,None,"Automobile, Station Wagon",Stopped,0,0,1,0,0,0,0,1,0,0,0,0,1,9,934,Clear,Daylight,-79.4762,43.6511
4001887812,10463,Driver,75 to 79,Major,"Automobile, Station Wagon",Going Ahead,0,0,1,0,0,0,0,1,0,0,0,0,1,9,934,Clear,Daylight,-79.4762,43.6511
4002160939,10656,Cyclist,45 to 49,Major,Bicycle,Going Ahead,0,1,1,0,0,0,0,0,0,0,0,0,0,8,755,Clear,Daylight,-79.5277,43.7741
4002160939,10558,Driver,50 to 54,None,"Automobile, Station Wagon",Changing Lanes,0,1,1,0,0,0,0,0,0,0,0,0,0,8,755,Clear,Daylight,-79.5277,43.7741
4002215759,10704,Motorcycle Driver,45 to 49,Major,Motorcycle,Slowing or Stopping,0,0,1,1,0,0,0,1,0,1,0,0,0,22,2220,Clear,Dark,-79.2559,43.7029
4002215759,10705,Driver,15 to 19,None,Pick Up Truck,Overtaking,0,0,1,1,0,0,0,1,0,1,0,0,0,22,2220,Clear,Dark,-79.2559,43.7029
4002215759,10706,Passenger,15 to 19,None,NULL,NULL,0,0,1,1,0,0,0,1,0,1,0,0,0,22,2220,Clear,Dark,-79.2559,43.7029
4002255654,10716,Driver,50 to 54,None,NULL,Going Ahead,1,0,1,0,0,0,0,0,0,0,0,0,0,18,1750,Clear,Daylight,-79.3125,43.6672
4002255654,10717,Pedestrian,30 to 34,Major,"Automobile, Station Wagon",Going Ahead,1,0,1,0,0,0,0,0,0,0,0,0,0,18,1750,Clear,Daylight,-79.3125,43.6672
4002267356,10718,Driver,35 to 39,None,"Automobile, Station Wagon",Going Ahead,1,0,1,0,0,0,0,0,0,0,0,0,0,11,1100,Clear,Daylight,-79.3559,43.6645
4002267356,10719,Pedestrian,40 to 44,Major,NULL,NULL,1,0,1,0,0,0,0,0,0,0,0,0,0,11,1100,Clear,Daylight,-79.3559,43.6645
4002326649,10749,Driver,30 to 34,None,Municipal Transit Bus (TTC),Pulling Away from Shoulder or Curb,0,0,0,0,0,1,0,1,0,0,0,0,0,21,2134,Clear,"Dark, artificial",-79.4302,43.7214
4002326649,10750,Passenger,85 to 89,Major,NULL,NULL,0,0,0,0,0,1,0,1,0,0,0,0,0,21,2134,Clear,"Dark, artificial",-79.4302,43.7214
4002453551,10669,Driver,70 to 74,None,"Automobile, Station Wagon",Going Ahead,1,0,1,0,0,0,0,0,0,0,0,0,0,7,725,Clear,Daylight,-79.2947,43.7453
4002453551,10673,Pedestrian,60 to 64,Major,NULL,NULL,1,0,1,0,0,0,0,0,0,0,0,0,0,7,725,Clear,Daylight,-79.2947,43.7453
4002496005,10864,Driver,20 to 24,Major,"Automobile, Station Wagon",Going Ahead,0,0,1,0,0,0,0,0,0,1,0,0,0,15,1453,Clear,Daylight,-79.4845,43.7369
4002496005,10865,Driver,60 to 64,None,"Automobile, Station Wagon",Stopped,0,0,1,0,0,0,0,0,0,1,0,0,0,15,1453,Clear,Daylight,-79.4845,43.7369
4002524694,10875,Driver,35 to 39,None,NULL,Going Ahead,0,1,0,0,0,0,0,0,0,0,0,0,0,23,2340,Clear,Daylight,-79.5175,43.7566
4002524694,10876,Cyclist,30 to 34,Major,Bicycle,Unknown,0,1,0,0,0,0,0,0,0,0,0,0,0,23,2340,Clear,Daylight,-79.5175,43.7566
4002604819,10893,Driver,25 to 29,None,"Automobile, Station Wagon",Going Ahead,0,1,1,0,0,0,0,0,0,0,0,0,0,23,2312,Clear,"Dark, artificial",-79.3822,43.71
4002604819,10894,Cyclist,55 to 59,Major,Bicycle,Going Ahead,0,1,1,0,0,0,0,0,0,0,0,0,0,23,2312,Clear,"Dark, artificial",-79.3822,43.71
4002621781,10901,Driver,unknown,None,"Automobile, Station Wagon",Overtaking,0,1,1,0,0,0,0,0,0,1,0,0,0,12,1240,Clear,Daylight,-79.4324,43.6802
4002621781,10902,Cyclist,35 to 39,Major,Bicycle,Going Ahead,0,1,1,0,0,0,0,0,0,1,0,0,0,12,1240,Clear,Daylight,-79.4324,43.6802
4002647882,10913,Driver,85 to 89,Minor,"Automobile, Station Wagon",Turning Left,0,0,1,0,1,0,0,1,0,1,0,0,0,15,1515,Clear,Daylight,-79.4756,43.7795
4002647882,10914,Truck Driver,35 to 39,Minor,"Truck - Closed (Blazer, etc)",Going Ahead,0,0,1,0,1,0,0,1,0,1,0,0,0,15,1515,Clear,Daylight,-79.4756,43.7795
4002647882,10915,Driver,50 to 54,Minimal,"Automobile, Station Wagon",Going Ahead,0,0,1,0,1,0,0,1,0,1,0,0,0,15,1515,Clear,Daylight,-79.4756,43.7795
4002647882,10916,Passenger,75 to 79,Major,NULL,NULL,0,0,1,0,1,0,0,1,0,1,0,0,0,15,1515,Clear,Daylight,-79.4756,43.7795
4002712534,10354,Driver,45 to 49,None,"Automobile, Station Wagon",Turning Left,1,0,1,0,0,0,0,0,0,1,0,0,0,5,515,Clear,"Dark, artificial",-79.2894,43.7857
4002712534,10556,Pedestrian,85 to 89,Fatal,NULL,NULL,1,0,1,0,0,0,0,0,0,1,0,0,0,5,515,Clear,"Dark, artificial",-79.2894,43.7857
4002755635,10610,Driver,30 to 34,None,"Automobile, Station Wagon",Turning Right,0,1,1,0,0,0,0,0,0,1,0,0,0,18,1805,Clear,Daylight,-79.5183,43.6631
4002755635,10611,Cyclist,30 to 34,Major,Bicycle,Going Ahead,0,1,1,0,0,0,0,0,0,1,0,0,0,18,1805,Clear,Daylight,-79.5183,43.6631
4002788366,10618,Driver,45 to 49,Minimal,"Automobile, Station Wagon",Going Ahead,0,0,1,0,0,0,0,0,0,1,0,0,0,17,1719,Clear,Daylight,-79.4183,43.7911
4002788366,10616,Driver,20 to 24,None,"Automobile, Station Wagon",Going Ahead,0,0,1,0,0,0,0,0,0,1,0,0,0,17,1719,Clear,Daylight,-79.4183,43.7911
4002788366,10617,Driver,35 to 39,Major,NULL,Slowing or Stopping,0,0,1,0,0,0,0,0,0,1,0,0,0,17,1719,Clear,Daylight,-79.4183,43.7911
4002856687,10645,Driver,40 to 44,None,"Automobile, Station Wagon",Slowing or Stopping,0,1,1,0,0,0,0,0,0,0,0,0,0,16,1610,Clear,Daylight,-79.4567,43.6679
4002856687,10646,Cyclist,50 to 54,Major,Bicycle,Going Ahead,0,1,1,0,0,0,0,0,0,0,0,0,0,16,1610,Clear,Daylight,-79.4567,43.6679
4002858983,11227,Driver,40 to 44,Major,"Automobile, Station Wagon",Turning Left,0,0,1,0,0,0,0,1,0,1,0,1,0,23,2313,Clear,"Dark, artificial",-79.5358,43.7342
4002858983,11234,Other,unknown,None,NULL,Unknown,0,0,1,0,0,0,0,1,0,1,0,1,0,23,2313,Clear,"Dark, artificial",-79.5358,43.7342
4002858983,11333,Passenger,30 to 34,None,NULL,NULL,0,0,1,0,0,0,0,1,0,1,0,1,0,23,2313,Clear,"Dark, artificial",-79.5358,43.7342
4002886498,11660,Driver,60 to 64,None,Pick Up Truck,Turning Left,0,0,1,1,0,0,0,0,0,0,0,0,0,6,625,Clear,"Dark, artificial",-79.4631,43.7886
4002886498,11664,Motorcycle Driver,40 to 44,Major,Motorcycle,Going Ahead,0,0,1,1,0,0,0,0,0,0,0,0,0,6,625,Clear,"Dark, artificial",-79.4631,43.7886
4002906646,11667,Driver,60 to 64,Minor,"Automobile, Station Wagon",Turning Left,0,0,1,0,0,0,0,0,0,1,1,0,0,6,643,Clear,Daylight,-79.5372,43.717
4002906646,11671,Driver,65 to 69,Major,"Automobile, Station Wagon",Going Ahead,0,0,1,0,0,0,0,0,0,1,1,0,0,6,643,Clear,Daylight,-79.5372,43.717
4002916967,11760,Driver,20 to 24,None,"Automobile, Station Wagon",Going Ahead,0,0,1,0,0,0,0,1,0,1,1,0,0,20,2010,Rain,"Dark, artificial",-79.3005,43.7249
4002916967,11763,Driver,40 to 44,Minimal,"Automobile, Station Wagon",Going Ahead,0,0,1,0,0,0,0,1,0,1,1,0,0,20,2010,Rain,"Dark, artificial",-79.3005,43.7249
4002916967,11765,Driver,45 to 49,Minimal,Passenger Van,Going Ahead,0,0,1,0,0,0,0,1,0,1,1,0,0,20,2010,Rain,"Dark, artificial",-79.3005,43.7249
4002916967,11768,Passenger,15 to 19,None,NULL,NULL,0,0,1,0,0,0,0,1,0,1,1,0,0,20,2010,Rain,"Dark, artificial",-79.3005,43.7249
4002916967,11846,Passenger,40 to 44,Major,NULL,NULL,0,0,1,0,0,0,0,1,0,1,1,0,0,20,2010,Rain,"Dark, artificial",-79.3005,43.7249
4002916967,11848,Passenger,15 to 19,Minimal,NULL,NULL,0,0,1,0,0,0,0,1,0,1,1,0,0,20,2010,Rain,"Dark, artificial",-79.3005,43.7249
4002916967,11851,Passenger,10 to 14,Minimal,NULL,NULL,0,0,1,0,0,0,0,1,0,1,1,0,0,20,2010,Rain,"Dark, artificial",-79.3005,43.7249
4002916967,11852,Passenger,10 to 14,Minimal,NULL,NULL,0,0,1,0,0,0,0,1,0,1,1,0,0,20,2010,Rain,"Dark, artificial",-79.3005,43.7249
4002916967,11850,Passenger,15 to 19,Minimal,NULL,NULL,0,0,1,0,0,0,0,1,0,1,1,0,0,20,2010,Rain,"Dark, artificial",-79.3005,43.7249
4002952213,11859,Pedestrian,40 to 44,Major,NULL,NULL,1,0,1,0,0,0,0,0,0,1,1,0,0,7,700,Rain,Daylight,-79.4457,43.7923
4002952213,11860,Driver,unknown,None,"Automobile, Station Wagon",Going Ahead,1,0,1,0,0,0,0,0,0,1,1,0,0,7,700,Rain,Daylight,-79.4457,43.7923
143507481,11623,Passenger,unknown,None,NULL,NULL,1,0,1,0,0,0,0,1,0,0,0,0,0,8,843,Clear,Daylight,-79.4466,43.7885
3001015663,10345,Cyclist,20 to 24,Major,Bicycle,Going Ahead,0,1,1,0,0,0,0,0,0,0,0,0,0,0,31,Rain,"Dark, artificial",-79.3984,43.664
3001015663,10348,Driver,20 to 24,None,"Automobile, Station Wagon",Going Ahead,0,1,1,0,0,0,0,0,0,0,0,0,0,0,31,Rain,"Dark, artificial",-79.3984,43.664