ACCNUM,ObjectId,INVTYPE,INVAGE,INJURY,VEHTYPE,MANOEUVER,PEDESTRIAN,CYCLIST,AUTOMOBILE,MOTORCYCLE,TRUCK,TRSN_CITY_VEH,EMERG_VEH,PASSENGER,SPEEDING,AG_DRIV,REDLIGHT,ALCOHOL,DISABILITY,HOUR,TIME,VISIBILITY,LIGHT,collision_lat,collision_long
3001098840,10394,Driver,35 to 39,None,"Automobile, Station Wagon",Turning Left,0,0,1,1,0,0,0,1,0,0,0,0,0,19,1905,Clear,"Dark, artificial",-79.3996,43.6364
3001098840,10395,Motorcycle Driver,45 to 49,Major,Motorcycle,Going Ahead,0,0,1,1,0,0,0,1,0,0,0,0,0,19,1905,Clear,"Dark, artificial",-79.3996,43.6364
3001098840,10396,Motorcycle Passenger,25 to 29,Minimal,NULL,NULL,0,0,1,1,0,0,0,1,0,0,0,0,0,19,1905,Clear,"Dark, artificial",-79.3996,43.6364
3001104210,10397,Driver,30 to 34,None,"Automobile, Station Wagon",Going Ahead,0,0,1,0,0,0,0,0,0,1,0,0,0,16,1616,Clear,Daylight,-79.2361,43.7599
3001104210,10398,Driver,45 to 49,Major,"Automobile, Station Wagon",Going Ahead,0,0,1,0,0,0,0,0,0,1,0,0,0,16,1616,Clear,Daylight,-79.2361,43.7599
3001133431,10407,Pedestrian,15 to 19,Major,NULL,NULL,1,0,1,0,0,0,0,1,0,0,0,0,0,16,1605,Clear,Dusk,-79.4308,43.7569
3001133431,10408,Passenger,85 to 89,None,NULL,NULL,1,0,1,0,0,0,0,1,0,0,0,0,0,16,1605,Clear,Dusk,-79.4308,43.7569
3001133431,10409,Driver,35 to 39,None,"Automobile, Station Wagon",Going Ahead,1,0,1,0,0,0,0,1,0,0,0,0,0,16,1605,Clear,Dusk,-79.4308,43.7569
3001181592,10416,Driver,60 to 64,None,"Automobile, Station Wagon",Turning Left,1,0,1,0,0,0,0,0,0,1,0,0,0,16,1558,Clear,Daylight,-79.5159,43.7192
3001181592,10417,Pedestrian,65 to 69,Major,NULL,NULL,1,0,1,0,0,0,0,0,0,1,0,0,0,16,1558,Clear,Daylight,-79.5159,43.7192
3002013081,10018,Driver,25 to 29,None,"Automobile, Station Wagon",Turning Left,0,0,1,1,0,0,0,0,0,0,0,0,0,17,1704,Clear,Daylight,-79.4113,43.6557
3002013081,10019,Motorcycle Driver,40 to 44,Major,Motorcycle,Going Ahead,0,0,1,1,0,0,0,0,0,0,0,0,0,17,1704,Clear,Daylight,-79.4113,43.6557
4001313188,10437,Driver,30 to 34,None,"Automobile, Station Wagon",Going Ahead,1,0,1,0,0,0,0,0,0,0,0,0,0,20,2025,Clear,"Dark, artificial",-79.5062,43.6032
4001313188,10438,Pedestrian,40 to 44,Major,NULL,NULL,1,0,1,0,0,0,0,0,0,0,0,0,0,20,2025,Clear,"Dark, artificial",-79.5062,43.6032
4001338478,10439,Driver,30 to 34,None,"Automobile, Station Wagon",Turning Left,0,0,1,0,0,0,0,0,0,1,0,0,0,21,2125,Clear,"Dark, artificial",-79.5522,43.615
4001338478,10440,Driver,65 to 69,Major,"Automobile, Station Wagon",Going Ahead,0,0,1,0,0,0,0,0,0,1,0,0,0,21,2125,Clear,"Dark, artificial",-79.5522,43.615
4001344082,10444,Driver,20 to 24,Major,"Automobile, Station Wagon",Turning Left,0,0,1,0,0,0,0,0,0,1,0,0,0,19,1929,Clear,"Dark, artificial",-79.3078,43.7787
4001344082,10445,Driver,15 to 19,None,Passenger Van,Going Ahead,0,0,1,0,0,0,0,0,0,1,0,0,0,19,1929,Clear,"Dark, artificial",-79.3078,43.7787
4001435138,10179,Driver,25 to 29,Major,"Automobile, Station Wagon",Going Ahead,0,0,1,0,0,0,0,1,0,0,0,0,0,6,640,Clear,Daylight,-79.2383,43.775
4001435138,10180,Driver,45 to 49,Major,"Automobile, Station Wagon",Going Ahead,0,0,1,0,0,0,0,1,0,0,0,0,0,6,640,Clear,Daylight,-79.2383,43.775
4001435138,10181,Passenger,15 to 19,Major,NULL,NULL,0,0,1,0,0,0,0,1,0,0,0,0,0,6,640,Clear,Daylight,-79.2383,43.775
4001467875,10189,Driver,35 to 39,None,"Automobile, Station Wagon",Going Ahead,1,0,1,0,0,0,0,0,0,1,1,1,0,13,1255,Clear,Daylight,-79.5746,43.7281
4001467875,10190,Driver,60 to 64,None,"Automobile, Station Wagon",Going Ahead,1,0,1,0,0,0,0,0,0,1,1,1,0,13,1255,Clear,Daylight,-79.5746,43.7281
4001467875,10191,Pedestrian,25 to 29,Major,NULL,NULL,1,0,1,0,0,0,0,0,0,1,1,1,0,13,1255,Clear,Daylight,-79.5746,43.7281
4001495277,10204,Driver,20 to 24,Major,"Automobile, Station Wagon",Changing Lanes,0,0,1,0,1,0,0,0,0,0,0,0,0,22,2245,Clear,"Dark, artificial",-79.543,43.6593
4001495277,10205,Truck Driver,35 to 39,None,Truck - Dump,Going Ahead,0,0,1,0,1,0,0,0,0,0,0,0,0,22,2245,Clear,"Dark, artificial",-79.543,43.6593
4001505378,10210,Truck Driver,30 to 34,None,"Truck - Closed (Blazer, etc)",Turning Left,0,0,0,0,1,1,0,0,0,0,0,0,0,17,1728,Clear,"Dusk, artificial",-79.4633,43.7502
4001505378,10211,Driver,50 to 54,Major,Municipal Transit Bus (TTC),Going Ahead,0,0,0,0,1,1,0,0,0,0,0,0,0,17,1728,Clear,"Dusk, artificial",-79.4633,43.7502
4001655411,10930,Driver,25 to 29,Minimal,"Automobile, Station Wagon",Going Ahead,1,0,1,0,0,0,0,0,0,1,0,0,0,8,825,Clear,Daylight,-79.3364,43.8168
4001655411,10931,Driver,60 to 64,None,"Automobile, Station Wagon",Stopped,1,0,1,0,0,0,0,0,0,1,0,0,0,8,825,Clear,Daylight,-79.3364,43.8168
4001655411,10932,Driver,50 to 54,Minimal,"Automobile, Station Wagon",Turning Left,1,0,1,0,0,0,0,0,0,1,0,0,0,8,825,Clear,Daylight,-79.3364,43.8168
4001655411,10933,Pedestrian,30 to 34,Major,NULL,NULL,1,0,1,0,0,0,0,0,0,1,0,0,0,8,825,Clear,Daylight,-79.3364,43.8168
4001715026,10950,Driver,15 to 19,None,"Automobile, Station Wagon",Going Ahead,1,0,1,0,0,0,0,0,0,0,0,0,0,7,700,Clear,Dark,-79.2664,43.7285
4001715026,10951,Pedestrian,80 to 84,Major,NULL,NULL,1,0,1,0,0,0,0,0,0,0,0,0,0,7,700,Clear,Dark,-79.2664,43.7285
4001748870,10957,Driver,40 to 44,None,"Automobile, Station Wagon",Other,1,0,1,0,0,0,0,0,0,1,0,0,0,18,1750,Clear,Daylight,-79.4436,43.6606
4001748870,10958,Pedestrian,85 to 89,Major,NULL,NULL,1,0,1,0,0,0,0,0,0,1,0,0,0,18,1750,Clear,Daylight,-79.4436,43.6606
4001752528,10959,Driver,35 to 39,Minimal,"Automobile, Station Wagon",Turning Left,0,0,1,0,0,0,0,1,0,1,0,0,0,11,1059,Clear,Daylight,-79.433,43.7331
4001752528,10960,Driver,55 to 59,Major,"Automobile, Station Wagon",Going Ahead,0,0,1,0,0,0,0,1,0,1,0,0,0,11,1059,Clear,Daylight,-79.433,43.7331
4001752528,10961,Driver,50 to 54,None,"Automobile, Station Wagon",Stopped,0,0,1,0,0,0,0,1,0,1,0,0,0,11,1059,Clear,Daylight,-79.433,43.7331
4001752528,10962,Passenger,20 to 24,None,NULL,NULL,0,0,1,0,0,0,0,1,0,1,0,0,0,11,1059,Clear,Daylight,-79.433,43.7331
4001752528,10963,Passenger,30 to 34,None,NULL,NULL,0,0,1,0,0,0,0,1,0,1,0,0,0,11,1059,Clear,Daylight,-79.433,43.7331
4001802886,10973,Driver,25 to 29,None,"Automobile, Station Wagon",Going Ahead,1,0,1,0,0,0,0,0,0,1,1,0,0,17,1715,Clear,Daylight,-79.4179,43.7278
4001802886,10974,Pedestrian,25 to 29,Major,NULL,NULL,1,0,1,0,0,0,0,0,0,1,1,0,0,17,1715,Clear,Daylight,-79.4179,43.7278
4001829726,10977,Driver,45 to 49,None,"Automobile, Station Wagon",Turning Right,1,0,1,0,0,0,0,0,0,0,0,0,0,22,2225,Rain,Dark,-79.3408,43.7276
4001829726,10978,Pedestrian,20 to 24,Major,NULL,NULL,1,0,1,0,0,0,0,0,0,0,0,0,0,22,2225,Rain,Dark,-79.3408,43.7276
4001851906,10990,Driver,30 to 34,None,"Automobile, Station Wagon",Going Ahead,1,0,1,0,0,0,0,0,0,0,0,0,0,16,1550,Clear,Daylight,-79.257,43.7208
4001851906,10991,Pedestrian,10 to 14,Major,NULL,NULL,1,0,1,0,0,0,0,0,0,0,0,0,0,16,1550,Clear,Daylight,-79.257,43.7208
4001902313,10756,Driver,15 to 19,None,Passenger Van,Going Ahead,0,0,1,0,0,0,0,1,1,1,0,0,0,15,1453,Clear,Daylight,-79.5962,43.7594
4001902313,10758,Driver,40 to 44,Major,"Automobile, Station Wagon",Going Ahead,0,0,1,0,0,0,0,1,1,1,0,0,0,15,1453,Clear,Daylight,-79.5962,43.7594
4001902313,10761,Passenger,15 to 19,Minor,NULL,NULL,0,0,1,0,0,0,0,1,1,1,0,0,0,15,1453,Clear,Daylight,-79.5962,43.7594
4001902313,10764,Passenger,15 to 19,Minor,NULL,NULL,0,0,1,0,0,0,0,1,1,1,0,0,0,15,1453,Clear,Daylight,-79.5962,43.7594
4001902313,10765,Passenger,15 to 19,None,NULL,NULL,0,0,1,0,0,0,0,1,1,1,0,0,0,15,1453,Clear,Daylight,-79.5962,43.7594
4001902313,10766,Passenger,15 to 19,None,NULL,NULL,0,0,1,0,0,0,0,1,1,1,0,0,0,15,1453,Clear,Daylight,-79.5962,43.7594
4001902313,10767,Passenger,45 to 49,Minor,NULL,NULL,0,0,1,0,0,0,0,1,1,1,0,0,0,15,1453,Clear,Daylight,-79.5962,43.7594
4001981966,10787,Driver,60 to 64,None,Street Car,Going Ahead,1,0,0,0,0,1,0,0,0,0,0,0,0,14,1447,Rain,Daylight,-79.3988,43.6551
4001981966,10788,Pedestrian,25 to 29,Major,NULL,NULL,1,0,0,0,0,1,0,0,0,0,0,0,0,14,1447,Rain,Daylight,-79.3988,43.6551
4002013081,10020,Driver,25 to 29,None,"Automobile, Station Wagon",Turning Left,0,0,1,1,0,0,0,0,0,0,0,0,0,17,1704,Clear,Daylight,-79.4113,43.6557
4002013081,10021,Motorcycle Driver,40 to 44,Major,Motorcycle,Going Ahead,0,0,1,1,0,0,0,0,0,0,0,0,0,17,1704,Clear,Daylight,-79.4113,43.6557
4002053519,10817,Motorcycle Driver,50 to 54,Major,Motorcycle,Changing Lanes,0,0,1,1,0,0,0,0,0,0,0,0,0,19,1910,Clear,Daylight,-79.4794,43.6262
4002053519,10818,Driver,30 to 34,Minimal,"Automobile, Station Wagon",Going Ahead,0,0,1,1,0,0,0,0,0,0,0,0,0,19,1910,Clear,Daylight,-79.4794,43.6262
4002062071,10821,Driver,35 to 39,None,"Automobile, Station Wagon",Turning Right,0,1,1,0,0,0,0,1,0,1,0,0,0,7,740,Clear,Daylight,-79.3317,43.6667
4002062071,10822,Passenger,30 to 34,None,NULL,NULL,0,1,1,0,0,0,0,1,0,1,0,0,0,7,740,Clear,Daylight,-79.3317,43.6667
4002062071,10823,Passenger,5 to 9,None,NULL,NULL,0,1,1,0,0,0,0,1,0,1,0,0,0,7,740,Clear,Daylight,-79.3317,43.6667
4002062071,10824,Passenger,0 to 4,None,NULL,NULL,0,1,1,0,0,0,0,1,0,1,0,0,0,7,740,Clear,Daylight,-79.3317,43.6667
4002062071,10825,Cyclist,40 to 44,Major,Bicycle,Going Ahead,0,1,1,0,0,0,0,1,0,1,0,0,0,7,740,Clear,Daylight,-79.3317,43.6667
4002084310,10828,Driver,30 to 34,None,"Automobile, Station Wagon",Turning Left,1,0,1,0,0,0,0,0,0,1,0,0,0,19,1908,Rain,Dusk,-79.4524,43.6563
4002084310,10829,Pedestrian,40 to 44,Major,NULL,NULL,1,0,1,0,0,0,0,0,0,1,0,0,0,19,1908,Rain,Dusk,-79.4524,43.6563
4002098742,10835,Driver,20 to 24,None,"Automobile, Station Wagon",Going Ahead,1,0,1,0,0,0,0,1,0,0,0,0,0,17,1729,Clear,Daylight,-79.3795,43.6532
4002098742,10836,Passenger,60 to 64,None,NULL,NULL,1,0,1,0,0,0,0,1,0,0,0,0,0,17,1729,Clear,Daylight,-79.3795,43.6532
4002098742,10837,Pedestrian,45 to 49,Major,NULL,NULL,1,0,1,0,0,0,0,1,0,0,0,0,0,17,1729,Clear,Daylight,-79.3795,43.6532
4002159560,10458,Cyclist,50 to 54,Major,Bicycle,Going Ahead,0,1,0,0,0,0,0,0,0,1,0,0,0,23,2322,Clear,"Dark, artificial",-79.3616,43.7603
4002159560,10464,Driver,unknown,None,NULL,Going Ahead,0,1,0,0,0,0,0,0,0,1,0,0,0,23,2322,Clear,"Dark, artificial",-79.3616,43.7603
4002270913,10720,Driver,35 to 39,None,"Automobile, Station Wagon",Going Ahead,0,0,1,0,0,0,0,1,1,1,0,0,0,19,1940,Clear,Daylight,-79.333,43.7025
4002270913,10721,Driver,45 to 49,Minor,Delivery Van,Going Ahead,0,0,1,0,0,0,0,1,1,1,0,0,0,19,1940,Clear,Daylight,-79.333,43.7025
4002270913,10722,Passenger,45 to 49,Major,NULL,NULL,0,0,1,0,0,0,0,1,1,1,0,0,0,19,1940,Clear,Daylight,-79.333,43.7025
4002492921,10863,Driver,20 to 24,Major,"Automobile, Station Wagon",Going Ahead,0,0,1,0,0,0,0,0,0,0,0,0,0,5,450,Clear,"Dark, artificial",-79.5625,43.6933
4002555153,10879,Driver,35 to 39,None,"Automobile, Station Wagon",Reversing,1,0,1,0,0,0,0,0,0,0,0,0,0,11,1135,Clear,Daylight,-79.3889,43.6707
4002555153,10880,Pedestrian,70 to 74,Major,NULL,NULL,1,0,1,0,0,0,0,0,0,0,0,0,0,11,1135,Clear,Daylight,-79.3889,43.6707
4002589073,10889,Pedestrian,60 to 64,Major,"Automobile, Station Wagon",NULL,1,0,1,0,0,0,0,0,0,0,0,0,0,15,1501,Clear,Daylight,-79.4342,43.7384
5001740465,11527,Passenger,15 to 19,Minor,NULL,NULL,1,0,1,0,0,0,0,1,1,1,0,0,0,0,15,Rain,"Dark, artificial",-79.3192,43.7411
5001740465,11523,Driver,20 to 24,Minimal,"Automobile, Station Wagon",Going Ahead,1,0,1,0,0,0,0,1,1,1,0,0,0,0,15,Rain,"Dark, artificial",-79.3192,43.7411
5001740465,11524,Driver,40 to 44,None,"Automobile, Station Wagon",Turning Right,1,0,1,0,0,0,0,1,1,1,0,0,0,0,15,Rain,"Dark, artificial",-79.3192,43.7411
5001740465,11525,Driver,15 to 19,None,"Automobile, Station Wagon",Going Ahead,1,0,1,0,0,0,0,1,1,1,0,0,0,0,15,Rain,"Dark, artificial",-79.3192,43.7411
5001740465,11526,Passenger,20 to 24,Minimal,NULL,NULL,1,0,1,0,0,0,0,1,1,1,0,0,0,0,15,Rain,"Dark, artificial",-79.3192,43.7411
5001740465,11528,Passenger,15 to 19,Minimal,NULL,NULL,1,0,1,0,0,0,0,1,1,1,0,0,0,0,15,Rain,"Dark, artificial",-79.3192,43.7411
5001740465,11529,Pedestrian,50 to 54,Major,NULL,NULL,1,0,1,0,0,0,0,1,1,1,0,0,0,0,15,Rain,"Dark, artificial",-79.3192,43.7411
5001757251,11545,Driver,20 to 24,Minimal,"Automobile, Station Wagon",Turning Left,0,0,1,0,0,0,0,1,0,0,0,0,0,23,2340,Clear,Dark,-79.2055,43.7639
5001757251,11546,Driver,15 to 19,None,"Automobile, Station Wagon",Going Ahead,0,0,1,0,0,0,0,1,0,0,0,0,0,23,2340,Clear,Dark,-79.2055,43.7639
5001757251,11548,Passenger,20 to 24,None,NULL,NULL,0,0,1,0,0,0,0,1,0,0,0,0,0,23,2340,Clear,Dark,-79.2055,43.7639
5001757251,11547,Passenger,20 to 24,Major,NULL,NULL,0,0,1,0,0,0,0,1,0,0,0,0,0,23,2340,Clear,Dark,-79.2055,43.7639
5001817289,12460,Pedestrian,85 to 89,Major,NULL,NULL,1,0,1,0,0,0,0,0,0,0,0,0,0,9,945,Clear,Daylight,-79.3315,43.7887
5001817289,12459,Driver,50 to 54,None,"Automobile, Station Wagon",Turning Left,1,0,1,0,0,0,0,0,0,0,0,0,0,9,945,Clear,Daylight,-79.3315,43.7887
5001826352,12469,Driver,60 to 64,None,"Automobile, Station Wagon",Going Ahead,1,0,1,0,0,0,0,0,0,0,0,0,0,19,1909,Clear,"Dark, artificial",-79.2111,43.8162
5001826352,12470,Pedestrian,30 to 34,Major,NULL,NULL,1,0,1,0,0,0,0,0,0,0,0,0,0,19,1909,Clear,"Dark, artificial",-79.2111,43.8162
5001842724,12492,Driver,70 to 74,Major,"Automobile, Station Wagon",Going Ahead,0,0,1,0,0,0,0,1,0,0,0,0,1,18,1750,Clear,"Dark, artificial",-79.3258,43.7813
5001842724,12493,Driver,30 to 34,Minor,"Automobile, Station Wagon",Going Ahead,0,0,1,0,0,0,0,1,0,0,0,0,1,18,1750,Clear,"Dark, artificial",-79.3258,43.7813
5001842724,12494,Passenger,30 to 34,Minor,NULL,NULL,0,0,1,0,0,0,0,1,0,0,0,0,1,18,1750,Clear,"Dark, artificial",-79.3258,43.7813
5001891795,12528,Cyclist,55 to 59,Fatal,Bicycle,Going Ahead,0,1,1,0,0,0,0,0,0,0,0,0,0,18,1755,Clear,"Dark, artificial",-79.5927,43.7113
5001891795,12529,Driver,55 to 59,None,"Automobile, Station Wagon",Going Ahead,0,1,1,0,0,0,0,0,0,0,0,0,0,18,1755,Clear,"Dark, artificial",-79.5927,43.7113
5001891795,12530,Driver,60 to 64,None,"Automobile, Station Wagon",Going Ahead,0,1,1,0,0,0,0,0,0,0,0,0,0,18,1755,Clear,"Dark, artificial",-79.5927,43.7113
5001897298,12531,Driver,75 to 79,Minimal,"Automobile, Station Wagon",Going Ahead,0,0,1,0,0,0,0,1,0,1,0,0,0,15,1530,Clear,Daylight,-79.3763,43.7086
5001897298,12532,Driver,50 to 54,Minimal,"Automobile, Station Wagon",Going Ahead,0,0,1,0,0,0,0,1,0,1,0,0,0,15,1530,Clear,Daylight,-79.3763,43.7086
5001897298,12533,Driver,55 to 59,Major,"Automobile, Station Wagon",Stopped,0,0,1,0,0,0,0,1,0,1,0,0,0,15,1530,Clear,Daylight,-79.3763,43.7086
5001897298,12536,Passenger,15 to 19,None,NULL,NULL,0,0,1,0,0,0,0,1,0,1,0,0,0,15,1530,Clear,Daylight,-79.3763,43.7086
5001897298,12534,Passenger,30 to 34,None,NULL,NULL,0,0,1,0,0,0,0,1,0,1,0,0,0,15,1530,Clear,Daylight,-79.3763,43.7086
5001897298,12535,Passenger,20 to 24,None,NULL,NULL,0,0,1,0,0,0,0,1,0,1,0,0,0,15,1530,Clear,Daylight,-79.3763,43.7086
5001920978,12327,Driver,55 to 59,None,"Automobile, Station Wagon",Turning Left,0,0,1,0,0,0,0,1,0,0,0,1,0,16,1640,Clear,Daylight,-79.2646,43.8194
5001920978,12438,Passenger,55 to 59,Major,NULL,NULL,0,0,1,0,0,0,0,1,0,0,0,1,0,16,1640,Clear,Daylight,-79.2646,43.8194
5001920978,12429,Driver,65 to 69,Minor,"Automobile, Station Wagon",Going Ahead,0,0,1,0,0,0,0,1,0,0,0,1,0,16,1640,Clear,Daylight,-79.2646,43.8194
5001920978,12436,Passenger,40 to 44,Minimal,NULL,NULL,0,0,1,0,0,0,0,1,0,0,0,1,0,16,1640,Clear,Daylight,-79.2646,43.8194
5002031524,12594,Driver,50 to 54,None,"Automobile, Station Wagon",Going Ahead,1,0,1,0,0,0,0,0,0,0,0,0,0,22,2226,Clear,"Dark, artificial",-79.4609,43.6392
5002031524,12595,Pedestrian,45 to 49,Major,NULL,NULL,1,0,1,0,0,0,0,0,0,0,0,0,0,22,2226,Clear,"Dark, artificial",-79.4609,43.6392
5002074254,12613,Driver,30 to 34,Fatal,"Automobile, Station Wagon",Going Ahead,0,0,1,0,0,0,0,0,1,1,0,0,0,20,2038,Clear,"Dark, artificial",-79.2274,43.7294
5002074254,12614,Other,unknown,None,Delivery Van,Parked,0,0,1,0,0,0,0,0,1,1,0,0,0,20,2038,Clear,"Dark, artificial",-79.2274,43.7294
5002105318,12625,Cyclist,20 to 24,Major,Bicycle,Turning Left,0,1,1,0,0,0,0,1,0,0,0,0,0,21,2115,Rain,"Dark, artificial",-79.4047,43.6689
5002105318,12626,Driver,50 to 54,None,"Automobile, Station Wagon",Going Ahead,0,1,1,0,0,0,0,1,0,0,0,0,0,21,2115,Rain,"Dark, artificial",-79.4047,43.6689
5002105318,12627,Passenger,15 to 19,None,NULL,NULL,0,1,1,0,0,0,0,1,0,0,0,0,0,21,2115,Rain,"Dark, artificial",-79.4047,43.6689
5002105318,12628,Passenger,10 to 14,None,NULL,NULL,0,1,1,0,0,0,0,1,0,0,0,0,0,21,2115,Rain,"Dark, artificial",-79.4047,43.6689
5002211839,12743,Driver,35 to 39,None,"Automobile, Station Wagon",Going Ahead,1,0,1,0,0,0,0,0,0,0,0,0,0,16,1618,Clear,Daylight,-79.4211,43.6437
5002211839,12746,Pedestrian,20 to 24,Major,NULL,NULL,1,0,1,0,0,0,0,0,0,0,0,0,0,16,1618,Clear,Daylight,-79.4211,43.6437
5002211839,12747,Pedestrian,25 to 29,Minimal,NULL,NULL,1,0,1,0,0,0,0,0,0,0,0,0,0,16,1618,Clear,Daylight,-79.4211,43.6437
5002211839,12748,Pedestrian,25 to 29,Minimal,NULL,NULL,1,0,1,0,0,0,0,0,0,0,0,0,0,16,1618,Clear,Daylight,-79.4211,43.6437
5002211839,12749,Pedestrian,25 to 29,Minimal,NULL,NULL,1,0,1,0,0,0,0,0,0,0,0,0,0,16,1618,Clear,Daylight,-79.4211,43.6437
5002212262,12750,Driver,60 to 64,None,Passenger Van,Going Ahead,1,0,1,0,0,0,0,0,0,0,0,0,0,18,1754,Clear,"Dusk, artificial",-79.4315,43.6699
5002212262,12751,Pedestrian,50 to 54,Major,NULL,NULL,1,0,1,0,0,0,0,0,0,0,0,0,0,18,1754,Clear,"Dusk, artificial",-79.4315,43.6699
5002212262,12752,Pedestrian,40 to 44,Major,NULL,NULL,1,0,1,0,0,0,0,0,0,0,0,0,0,18,1754,Clear,"Dusk, artificial",-79.4315,43.6699
6000023068,12774,Driver,70 to 74,None,Pick Up Truck,Going Ahead,1,0,1,0,0,0,0,0,0,0,0,0,0,6,640,Clear,"Dark, artificial",-79.3667,43.8097
6000023068,12775,Pedestrian,60 to 64,Major,NULL,NULL,1,0,1,0,0,0,0,0,0,0,0,0,0,6,640,Clear,"Dark, artificial",-79.3667,43.8097
6000042274,12780,Driver,40 to 44,Fatal,"Automobile, Station Wagon",Going Ahead,0,0,1,0,0,0,0,0,1,1,0,0,0,5,520,Clear,"Dark, artificial",-79.5415,43.593
6000089379,12803,Driver,unknown,None,"Automobile, Station Wagon",Turning Left,1,0,1,0,0,0,0,0,0,1,0,0,0,19,1858,Rain,Dark,-79.4631,43.6767
6000089379,12804,Pedestrian,60 to 64,Major,NULL,NULL,1,0,1,0,0,0,0,0,0,1,0,0,0,19,1858,Rain,Dark,-79.4631,43.6767
6000143198,12446,Driver,50 to 54,None,"Automobile, Station Wagon",Turning Left,0,1,1,0,0,0,0,0,0,1,0,0,0,20,2010,Clear,"Dark, artificial",-79.5561,43.6141
6000143198,12448,Cyclist,20 to 24,Major,Bicycle,Going Ahead,0,1,1,0,0,0,0,0,0,1,0,0,0,20,2010,Clear,"Dark, artificial",-79.5561,43.6141
6000143502,12548,Driver,65 to 69,None,"Automobile, Station Wagon",Going Ahead,1,0,1,0,0,0,0,0,0,0,0,0,0,21,2141,Clear,"Dark, artificial",-79.2251,43.7417
6000143502,12554,Pedestrian,35 to 39,Major,NULL,NULL,1,0,1,0,0,0,0,0,0,0,0,0,0,21,2141,Clear,"Dark, artificial",-79.2251,43.7417
6000168422,12832,Other,unknown,None,NULL,Unknown,1,0,0,0,0,0,0,0,0,0,0,0,0,21,2130,Snow,"Dark, artificial",-79.1258,43.7903
6000168422,12834,Pedestrian,55 to 59,Major,NULL,NULL,1,0,0,0,0,0,0,0,0,0,0,0,0,21,2130,Snow,"Dark, artificial",-79.1258,43.7903
6000171366,12835,Driver,45 to 49,None,"Automobile, Station Wagon",Changing Lanes,0,0,1,1,0,0,0,0,0,0,0,0,0,12,1225,Clear,Daylight,-79.2304,43.7586
6000171366,12836,Motorcycle Driver,55 to 59,Major,Motorcycle,Going Ahead,0,0,1,1,0,0,0,0,0,0,0,0,0,12,1225,Clear,Daylight,-79.2304,43.7586
6000186933,12842,Driver,30 to 34,Major,"Automobile, Station Wagon",Going Ahead,0,0,1,0,0,0,0,0,0,0,0,0,0,3,320,Clear,"Dark, artificial",-79.2943,43.7971
6000186933,12843,Driver,65 to 69,Minimal,Delivery Van,Slowing or Stopping,0,0,1,0,0,0,0,0,0,0,0,0,0,3,320,Clear,"Dark, artificial",-79.2943,43.7971
6000197047,12846,Driver,40 to 44,None,Pick Up Truck,Turning Left,1,0,1,0,0,0,0,0,0,1,0,0,0,16,1616,Clear,Daylight,-79.515,43.747
6000197047,12847,Pedestrian,55 to 59,Major,NULL,NULL,1,0,1,0,0,0,0,0,0,1,0,0,0,16,1616,Clear,Daylight,-79.515,43.747
6000261829,12853,Driver,75 to 79,None,"Automobile, Station Wagon",Going Ahead,1,0,1,0,0,0,0,1,0,0,0,0,0,10,1018,Clear,Daylight,-79.5036,43.7602
6000261829,12854,Pedestrian,70 to 74,Fatal,NULL,NULL,1,0,1,0,0,0,0,1,0,0,0,0,0,10,1018,Clear,Daylight,-79.5036,43.7602
6000261829,12855,Passenger,60 to 64,None,NULL,NULL,1,0,1,0,0,0,0,1,0,0,0,0,0,10,1018,Clear,Daylight,-79.5036,43.7602
6000261829,12856,Passenger,45 to 49,None,NULL,NULL,1,0,1,0,0,0,0,1,0,0,0,0,0,10,1018,Clear,Daylight,-79.5036,43.7602
6000294353,12859,Driver,30 to 34,None,Municipal Transit Bus (TTC),Slowing or Stopping,1,0,0,0,0,1,0,0,0,0,0,0,0,22,2230,Clear,Dark,-79.438,43.6407
6000294353,12860,Pedestrian,70 to 74,Fatal,NULL,NULL,1,0,0,0,0,1,0,0,0,0,0,0,0,22,2230,Clear,Dark,-79.438,43.6407
6000307200,12863,Driver,25 to 29,None,"Automobile, Station Wagon",Going Ahead,1,0,1,0,0,0,0,0,0,0,0,1,0,1,147,Clear,"Dark, artificial",-79.5279,43.6206
6000307200,12864,Pedestrian,20 to 24,Major,NULL,NULL,1,0,1,0,0,0,0,0,0,0,0,1,0,1,147,Clear,"Dark, artificial",-79.5279,43.6206
6000307200,12865,Pedestrian,25 to 29,Major,NULL,NULL,1,0,1,0,0,0,0,0,0,0,0,1,0,1,147,Clear,"Dark, artificial",-79.5279,43.6206
6000332112,12870,Driver,unknown,None,"Automobile, Station Wagon",Turning Right,1,0,1,0,0,0,0,0,0,1,0,0,0,9,912,Freezing Rain,Daylight,-79.3546,43.7925
6000332112,12871,Pedestrian,55 to 59,Major,NULL,NULL,1,0,1,0,0,0,0,0,0,1,0,0,0,9,912,Freezing Rain,Daylight,-79.3546,43.7925