ACCNUM,ObjectId,INVTYPE,INVAGE,INJURY,VEHTYPE,MANOEUVER,PEDESTRIAN,CYCLIST,AUTOMOBILE,MOTORCYCLE,TRUCK,TRSN_CITY_VEH,EMERG_VEH,PASSENGER,SPEEDING,AG_DRIV,REDLIGHT,ALCOHOL,DISABILITY,HOUR,TIME,VISIBILITY,LIGHT,collision_lat,collision_long
6000408814,12890,Driver,30 to 34,None,"Bus (Other) (Go Bus, Gray Coach)",Going Ahead,1,0,0,0,0,1,0,0,0,0,0,0,0,21,2106,Clear,Daylight,-79.4255,43.7009
6000408814,12891,Pedestrian,20 to 24,Major,NULL,NULL,1,0,0,0,0,1,0,0,0,0,0,0,0,21,2106,Clear,Daylight,-79.4255,43.7009
6000424606,12895,Driver,40 to 44,Minor,"Automobile, Station Wagon",Turning Left,0,0,1,0,1,0,0,1,0,0,0,0,0,10,1037,Clear,Daylight,-79.6075,43.7442
6000424606,12896,Truck Driver,45 to 49,Minimal,Truck - Dump,Going Ahead,0,0,1,0,1,0,0,1,0,0,0,0,0,10,1037,Clear,Daylight,-79.6075,43.7442
6000424606,12897,Passenger,20 to 24,Major,NULL,NULL,0,0,1,0,1,0,0,1,0,0,0,0,0,10,1037,Clear,Daylight,-79.6075,43.7442
6000436156,12903,Driver,75 to 79,None,"Automobile, Station Wagon",Reversing,1,0,1,0,0,0,0,1,0,0,0,0,0,9,856,Clear,Daylight,-79.4347,43.6374
6000436156,12904,Passenger,80 to 84,Minimal,NULL,NULL,1,0,1,0,0,0,0,1,0,0,0,0,0,9,856,Clear,Daylight,-79.4347,43.6374
5002027343,12593,Pedestrian,85 to 89,Fatal,NULL,NULL,1,0,1,0,0,0,0,0,0,1,0,0,0,9,934,Clear,Daylight,-79.4109,43.704
5002035175,12598,Driver,35 to 39,None,"Automobile, Station Wagon",Pulling Onto Shoulder or towardCurb,0,1,1,0,0,0,0,0,0,1,0,0,0,8,830,Clear,Daylight,-79.45,43.6489
5002035175,12599,Cyclist,15 to 19,Major,Bicycle,Going Ahead,0,1,1,0,0,0,0,0,0,1,0,0,0,8,830,Clear,Daylight,-79.45,43.6489
5002127671,12629,Driver,45 to 49,None,Pick Up Truck,Going Ahead,1,0,1,0,0,0,0,0,0,0,0,0,0,6,646,Clear,"Dark, artificial",-79.378,43.6526
5002127671,12630,Pedestrian,40 to 44,Major,NULL,NULL,1,0,1,0,0,0,0,0,0,0,0,0,0,6,646,Clear,"Dark, artificial",-79.378,43.6526
5002178129,12119,Driver,35 to 39,None,"Automobile, Station Wagon",Going Ahead,0,1,1,0,0,0,0,0,0,0,0,0,0,6,639,Clear,"Dark, artificial",-79.4407,43.6725
5002178129,12111,Cyclist,30 to 34,Major,Bicycle,Going Ahead,0,1,1,0,0,0,0,0,0,0,0,0,0,6,639,Clear,"Dark, artificial",-79.4407,43.6725
5002186255,12223,Driver,60 to 64,None,"Automobile, Station Wagon",Going Ahead,1,0,1,0,0,0,0,0,0,0,0,0,0,17,1720,Rain,"Dark, artificial",-79.3336,43.6812
5002186255,12328,Pedestrian,25 to 29,Major,NULL,NULL,1,0,1,0,0,0,0,0,0,0,0,0,0,17,1720,Rain,"Dark, artificial",-79.3336,43.6812
6000026380,12776,Driver,25 to 29,None,"Automobile, Station Wagon",Going Ahead,1,0,1,0,0,0,0,0,0,0,0,0,0,16,1628,Clear,Daylight,-79.2946,43.7262
6000026380,12777,Pedestrian,10 to 14,Major,NULL,NULL,1,0,1,0,0,0,0,0,0,0,0,0,0,16,1628,Clear,Daylight,-79.2946,43.7262
6000066081,12788,Driver,65 to 69,None,"Automobile, Station Wagon",Turning Left,0,0,1,0,0,0,0,1,0,1,1,0,0,5,545,Snow,"Dark, artificial",-79.486,43.6946
6000066081,12789,Driver,40 to 44,Major,"Automobile, Station Wagon",Going Ahead,0,0,1,0,0,0,0,1,0,1,1,0,0,5,545,Snow,"Dark, artificial",-79.486,43.6946
6000066081,12790,Passenger,60 to 64,Minor,NULL,NULL,0,0,1,0,0,0,0,1,0,1,1,0,0,5,545,Snow,"Dark, artificial",-79.486,43.6946
6000071039,12791,Driver,65 to 69,None,"Automobile, Station Wagon",Going Ahead,1,0,1,0,0,0,0,0,0,0,0,0,0,21,2117,Strong wind,Dark,-79.3245,43.8161
6000071039,12792,Pedestrian,45 to 49,Major,NULL,NULL,1,0,1,0,0,0,0,0,0,0,0,0,0,21,2117,Strong wind,Dark,-79.3245,43.8161
6000092951,12807,Driver,35 to 39,Minimal,"Automobile, Station Wagon",Making U Turn,0,0,1,0,0,0,0,1,0,0,0,0,0,11,1137,Clear,Daylight,-79.4062,43.6529
6000092951,12808,Driver,35 to 39,None,Pick Up Truck,Going Ahead,0,0,1,0,0,0,0,1,0,0,0,0,0,11,1137,Clear,Daylight,-79.4062,43.6529
6000092951,12809,Passenger,25 to 29,Major,NULL,NULL,0,0,1,0,0,0,0,1,0,0,0,0,0,11,1137,Clear,Daylight,-79.4062,43.6529
6000092951,12810,Passenger,20 to 24,Minor,NULL,NULL,0,0,1,0,0,0,0,1,0,0,0,0,0,11,1137,Clear,Daylight,-79.4062,43.6529
6000092951,12811,Passenger,5 to 9,None,NULL,NULL,0,0,1,0,0,0,0,1,0,0,0,0,0,11,1137,Clear,Daylight,-79.4062,43.6529
6000092951,12812,Passenger,5 to 9,None,NULL,NULL,0,0,1,0,0,0,0,1,0,0,0,0,0,11,1137,Clear,Daylight,-79.4062,43.6529
6000125863,12819,Driver,65 to 69,None,"Automobile, Station Wagon",Going Ahead,1,0,1,0,0,0,0,1,0,0,0,0,0,19,1917,Clear,"Dark, artificial",-79.5435,43.7518
6000125863,12821,Passenger,55 to 59,None,NULL,NULL,1,0,1,0,0,0,0,1,0,0,0,0,0,19,1917,Clear,"Dark, artificial",-79.5435,43.7518
6000125863,12822,Pedestrian,45 to 49,Major,NULL,NULL,1,0,1,0,0,0,0,1,0,0,0,0,0,19,1917,Clear,"Dark, artificial",-79.5435,43.7518
6000353935,12874,Driver,20 to 24,None,"Automobile, Station Wagon",Going Ahead,0,0,1,0,0,0,0,1,1,1,0,0,0,22,2240,Rain,"Dark, artificial",-79.3142,43.7414
6000353935,12875,Driver,25 to 29,Minor,"Automobile, Station Wagon",Turning Left,0,0,1,0,0,0,0,1,1,1,0,0,0,22,2240,Rain,"Dark, artificial",-79.3142,43.7414
6000353935,12876,Passenger,15 to 19,Major,NULL,NULL,0,0,1,0,0,0,0,1,1,1,0,0,0,22,2240,Rain,"Dark, artificial",-79.3142,43.7414
6000381883,12888,Truck Driver,30 to 34,None,Truck - Dump,Going Ahead,1,0,0,0,1,0,0,0,0,0,0,0,0,14,1411,Clear,Daylight,-79.3732,43.6537
6000381883,12889,Pedestrian,30 to 34,Fatal,NULL,NULL,1,0,0,0,1,0,0,0,0,0,0,0,0,14,1411,Clear,Daylight,-79.3732,43.6537
6000411466,12892,Driver,65 to 69,None,"Automobile, Station Wagon",Turning Right,1,0,1,0,0,0,0,0,0,1,0,0,0,10,1014,Clear,Daylight,-79.5894,43.732
6000411466,12893,Pedestrian,65 to 69,Major,NULL,NULL,1,0,1,0,0,0,0,0,0,1,0,0,0,10,1014,Clear,Daylight,-79.5894,43.732
6000414700,12894,Motorcycle Driver,25 to 29,Fatal,Motorcycle,Going Ahead,0,0,0,1,0,0,0,0,1,1,0,0,0,18,1835,Clear,Daylight,-79.5733,43.7646
6000691297,12724,Passenger,20 to 24,Fatal,NULL,NULL,0,0,1,0,0,0,0,1,1,1,0,0,0,4,356,Other,Dark,-79.4864,43.6539
6000691297,12725,Driver,20 to 24,Major,"Automobile, Station Wagon",Going Ahead,0,0,1,0,0,0,0,1,1,1,0,0,0,4,356,Other,Dark,-79.4864,43.6539
6000733806,12740,Driver,55 to 59,Minimal,"Automobile, Station Wagon",Going Ahead,0,0,1,0,0,0,0,1,0,0,0,0,0,19,1930,Clear,Daylight,-79.369,43.7048
6000733806,12741,Passenger,20 to 24,Major,NULL,NULL,0,0,1,0,0,0,0,1,0,0,0,0,0,19,1930,Clear,Daylight,-79.369,43.7048
6000754675,12225,Truck Driver,unknown,None,Truck - Open,Going Ahead,1,0,0,0,1,0,0,0,0,0,0,0,0,6,555,Clear,Dawn,-79.2188,43.7431
6000754675,12326,Pedestrian,45 to 49,Major,NULL,NULL,1,0,0,0,1,0,0,0,0,0,0,0,0,6,555,Clear,Dawn,-79.2188,43.7431
6000780145,12344,Driver,30 to 34,None,"Automobile, Station Wagon",Going Ahead,0,0,1,0,0,0,0,1,0,0,0,0,0,20,2025,Clear,Dusk,-79.4065,43.6444
6000780145,12345,Passenger,35 to 39,Major,NULL,NULL,0,0,1,0,0,0,0,1,0,0,0,0,0,20,2025,Clear,Dusk,-79.4065,43.6444
6000800445,12350,Cyclist,30 to 34,Minimal,Bicycle,Going Ahead,0,1,1,0,0,0,0,0,0,0,0,0,0,6,648,Clear,Daylight,-79.5362,43.7532
6000800445,12351,Driver,30 to 34,Major,"Automobile, Station Wagon",Going Ahead,0,1,1,0,0,0,0,0,0,0,0,0,0,6,648,Clear,Daylight,-79.5362,43.7532
6000861848,12366,Driver,55 to 59,Minor,Pick Up Truck,Turning Left,0,0,1,0,0,0,0,0,0,1,0,0,0,12,1200,Clear,Daylight,-79.5059,43.7109
6000861848,12367,Driver,30 to 34,Major,"Automobile, Station Wagon",Going Ahead,0,0,1,0,0,0,0,0,0,1,0,0,0,12,1200,Clear,Daylight,-79.5059,43.7109
6000916730,12359,Driver,35 to 39,None,"Automobile, Station Wagon",Reversing,1,0,1,0,0,0,0,0,0,0,0,0,0,4,400,Clear,"Dark, artificial",-79.5959,43.7421
6000916730,12360,Pedestrian,35 to 39,Major,NULL,NULL,1,0,1,0,0,0,0,0,0,0,0,0,0,4,400,Clear,"Dark, artificial",-79.5959,43.7421
6000934627,12408,Motorcycle Driver,35 to 39,Major,Motorcycle,Going Ahead,0,0,1,1,0,0,0,1,0,1,0,0,0,13,1250,Clear,Daylight,-79.3831,43.6542
6000934627,12409,Passenger,50 to 54,None,NULL,NULL,0,0,1,1,0,0,0,1,0,1,0,0,0,13,1250,Clear,Daylight,-79.3831,43.6542
6000934627,12407,Driver,35 to 39,None,"Automobile, Station Wagon",Turning Left,0,0,1,1,0,0,0,1,0,1,0,0,0,13,1250,Clear,Daylight,-79.3831,43.6542
6000936557,12414,Driver,65 to 69,Fatal,"Automobile, Station Wagon",Reversing,0,0,1,0,0,0,0,0,0,0,0,0,0,17,1728,Clear,Daylight,-79.4674,43.6881
6000944060,12422,Driver,25 to 29,None,"Automobile, Station Wagon",Turning Right,1,0,1,0,0,0,0,1,0,1,0,0,0,18,1756,Clear,Daylight,-79.5198,43.6992
6000944060,12423,Pedestrian,55 to 59,Major,NULL,NULL,1,0,1,0,0,0,0,1,0,1,0,0,0,18,1756,Clear,Daylight,-79.5198,43.6992
6000944060,12424,Passenger,5 to 9,None,NULL,NULL,1,0,1,0,0,0,0,1,0,1,0,0,0,18,1756,Clear,Daylight,-79.5198,43.6992
6000944060,12425,Passenger,0 to 4,None,NULL,NULL,1,0,1,0,0,0,0,1,0,1,0,0,0,18,1756,Clear,Daylight,-79.5198,43.6992
6000944060,12426,Passenger,0 to 4,None,NULL,NULL,1,0,1,0,0,0,0,1,0,1,0,0,0,18,1756,Clear,Daylight,-79.5198,43.6992
6000966179,12022,Driver,60 to 64,None,"Automobile, Station Wagon",Turning Right,1,0,1,0,0,0,0,1,0,1,0,0,0,21,2131,Clear,"Dark, artificial",-79.5599,43.6462
6000966179,12023,Passenger,55 to 59,None,NULL,NULL,1,0,1,0,0,0,0,1,0,1,0,0,0,21,2131,Clear,"Dark, artificial",-79.5599,43.6462
6000966179,12024,Passenger,40 to 44,None,NULL,NULL,1,0,1,0,0,0,0,1,0,1,0,0,0,21,2131,Clear,"Dark, artificial",-79.5599,43.6462
6000966179,12025,Pedestrian,60 to 64,Minor,NULL,NULL,1,0,1,0,0,0,0,1,0,1,0,0,0,21,2131,Clear,"Dark, artificial",-79.5599,43.6462
6000966179,12026,Pedestrian,55 to 59,Major,NULL,NULL,1,0,1,0,0,0,0,1,0,1,0,0,0,21,2131,Clear,"Dark, artificial",-79.5599,43.6462
6000995123,12041,Motorcycle Driver,25 to 29,Major,Motorcycle,Going Ahead,0,0,0,1,0,0,0,0,1,1,0,0,0,10,1048,Clear,Daylight,-79.3612,43.6845
6001035774,12051,Driver,45 to 49,None,"Automobile, Station Wagon",Going Ahead,1,0,1,0,0,0,0,0,0,1,0,0,0,14,1415,Clear,Daylight,-79.3922,43.6406
6001035774,12052,Pedestrian,35 to 39,Fatal,NULL,NULL,1,0,1,0,0,0,0,0,0,1,0,0,0,14,1415,Clear,Daylight,-79.3922,43.6406
6001035774,12053,Pedestrian,35 to 39,Minimal,NULL,NULL,1,0,1,0,0,0,0,0,0,1,0,0,0,14,1415,Clear,Daylight,-79.3922,43.6406
6001043780,12058,Driver,40 to 44,None,"Automobile, Station Wagon",Going Ahead,1,0,1,0,0,0,0,0,0,0,0,0,0,16,1644,Clear,Daylight,-79.401,43.7829
6001043780,12059,Pedestrian,20 to 24,Major,NULL,NULL,1,0,1,0,0,0,0,0,0,0,0,0,0,16,1644,Clear,Daylight,-79.401,43.7829
6001102094,12092,Motorcycle Driver,30 to 34,Major,Motorcycle,Going Ahead,0,0,0,1,0,0,0,0,1,1,0,0,0,7,707,Clear,Daylight,-79.5544,43.6144
6001117319,12095,Driver,70 to 74,Major,"Automobile, Station Wagon",Changing Lanes,0,0,1,0,0,0,0,1,0,0,0,0,0,13,1300,Clear,Daylight,-79.2719,43.8178
6001117319,12096,Driver,55 to 59,None,"Automobile, Station Wagon",Going Ahead,0,0,1,0,0,0,0,1,0,0,0,0,0,13,1300,Clear,Daylight,-79.2719,43.8178
6001117319,12097,Driver,45 to 49,None,"Automobile, Station Wagon",Slowing or Stopping,0,0,1,0,0,0,0,1,0,0,0,0,0,13,1300,Clear,Daylight,-79.2719,43.8178
6001117319,12098,Passenger,65 to 69,None,"Automobile, Station Wagon",NULL,0,0,1,0,0,0,0,1,0,0,0,0,0,13,1300,Clear,Daylight,-79.2719,43.8178
6001119393,12099,Driver,60 to 64,None,"Automobile, Station Wagon",Going Ahead,1,0,1,0,0,0,0,0,0,0,0,0,0,19,1948,Clear,Daylight,-79.4546,43.6409
6001119393,12100,Pedestrian,15 to 19,Major,NULL,NULL,1,0,1,0,0,0,0,0,0,0,0,0,0,19,1948,Clear,Daylight,-79.4546,43.6409
6001148788,12120,Motorcycle Driver,35 to 39,Major,Motorcycle,Going Ahead,0,0,0,1,0,0,0,0,0,0,0,0,0,4,405,Clear,"Dark, artificial",-79.3475,43.6506
6001249776,12169,Driver,45 to 49,None,Passenger Van,Turning Right,1,0,1,0,0,0,0,0,0,0,0,0,0,18,1821,Clear,Daylight,-79.2253,43.7598
6001249776,12170,Pedestrian,60 to 64,Major,NULL,NULL,1,0,1,0,0,0,0,0,0,0,0,0,0,18,1821,Clear,Daylight,-79.2253,43.7598
6001365949,12236,Motorcycle Driver,40 to 44,Major,Motorcycle,Going Ahead,0,0,1,1,0,0,0,0,0,1,0,0,0,19,1858,Clear,Daylight,-79.4637,43.7544
6001365949,12237,Driver,25 to 29,None,"Automobile, Station Wagon",Turning Left,0,0,1,1,0,0,0,0,0,1,0,0,0,19,1858,Clear,Daylight,-79.4637,43.7544
6001446484,12269,Driver,20 to 24,None,"Automobile, Station Wagon",Turning Left,1,0,1,0,0,0,0,0,0,1,0,0,0,9,917,Rain,Daylight,-79.3695,43.6681
5001756961,11540,Passenger,10 to 14,Minor,NULL,NULL,0,0,1,0,0,0,0,1,0,0,0,0,1,22,2217,Clear,"Dark, artificial",-79.3799,43.654
5001756961,11541,Passenger,5 to 9,Minor,NULL,NULL,0,0,1,0,0,0,0,1,0,0,0,0,1,22,2217,Clear,"Dark, artificial",-79.3799,43.654
5001756961,11542,Passenger,5 to 9,Major,NULL,NULL,0,0,1,0,0,0,0,1,0,0,0,0,1,22,2217,Clear,"Dark, artificial",-79.3799,43.654
5001756961,11543,Passenger,15 to 19,Minor,NULL,NULL,0,0,1,0,0,0,0,1,0,0,0,0,1,22,2217,Clear,"Dark, artificial",-79.3799,43.654
5001756961,11544,Passenger,10 to 14,Major,NULL,NULL,0,0,1,0,0,0,0,1,0,0,0,0,1,22,2217,Clear,"Dark, artificial",-79.3799,43.654
5001769257,11558,Cyclist,40 to 44,Major,Bicycle,Changing Lanes,0,1,1,0,0,0,0,0,0,0,0,0,0,7,738,Clear,Daylight,-79.3823,43.6711
5001769257,11559,Driver,45 to 49,None,"Automobile, Station Wagon",Slowing or Stopping,0,1,1,0,0,0,0,0,0,0,0,0,0,7,738,Clear,Daylight,-79.3823,43.6711
5001798933,12330,Driver,unknown,None,"Automobile, Station Wagon",Turning Right,1,0,1,0,0,0,0,0,0,1,0,0,0,8,845,Clear,Daylight,-79.5225,43.7563
5001798933,12431,Pedestrian,65 to 69,Major,NULL,NULL,1,0,1,0,0,0,0,0,0,1,0,0,0,8,845,Clear,Daylight,-79.5225,43.7563
5001906446,12542,Driver,60 to 64,None,"Automobile, Station Wagon",Turning Left,1,0,1,0,0,0,0,0,0,0,0,0,0,6,600,Rain,"Dark, artificial",-79.5055,43.7092
5001906446,12543,Pedestrian,70 to 74,Major,NULL,NULL,1,0,1,0,0,0,0,0,0,0,0,0,0,6,600,Rain,"Dark, artificial",-79.5055,43.7092
5001928023,12549,Driver,50 to 54,None,"Automobile, Station Wagon",Going Ahead,1,0,1,0,0,0,0,0,1,1,0,0,0,20,2005,Clear,"Dark, artificial",-79.4995,43.619
5001928023,12553,Pedestrian,65 to 69,Major,NULL,NULL,1,0,1,0,0,0,0,0,1,1,0,0,0,20,2005,Clear,"Dark, artificial",-79.4995,43.619
5001940328,12566,Driver,55 to 59,None,"Automobile, Station Wagon",Going Ahead,1,0,1,0,0,0,0,0,0,0,0,0,0,20,2004,Clear,"Dark, artificial",-79.5038,43.7028
5001940328,12567,Pedestrian,85 to 89,Fatal,NULL,NULL,1,0,1,0,0,0,0,0,0,0,0,0,0,20,2004,Clear,"Dark, artificial",-79.5038,43.7028
5001954714,12568,Pedestrian,85 to 89,Fatal,"Automobile, Station Wagon",NULL,1,0,1,0,0,0,0,0,0,0,0,0,0,8,825,Clear,Daylight,-79.4249,43.6994
5001983106,12577,Driver,45 to 49,None,"Automobile, Station Wagon",Turning Left,1,0,1,0,0,0,0,0,0,1,0,0,0,5,502,Rain,"Dark, artificial",-79.531,43.6314
5001983106,12578,Pedestrian,40 to 44,Major,NULL,NULL,1,0,1,0,0,0,0,0,0,1,0,0,0,5,502,Rain,"Dark, artificial",-79.531,43.6314
5001998431,12581,Driver - Not Hit,unknown,None,"Automobile, Station Wagon",NULL,0,0,1,0,0,0,0,0,0,0,0,0,0,13,1344,Rain,Daylight,-79.3005,43.744
5001998431,12582,Driver,30 to 34,Major,"Automobile, Station Wagon",Going Ahead,0,0,1,0,0,0,0,0,0,0,0,0,0,13,1344,Rain,Daylight,-79.3005,43.744
5002032713,12596,Truck Driver,45 to 49,None,Truck - Tank,Turning Right,1,0,0,0,1,0,0,0,0,1,1,0,0,5,532,Clear,Dark,-79.4255,43.7009
5002032713,12597,Pedestrian,20 to 24,Fatal,NULL,NULL,1,0,0,0,1,0,0,0,0,1,1,0,0,5,532,Clear,Dark,-79.4255,43.7009
5002075350,12615,Driver,45 to 49,None,"Automobile, Station Wagon",Going Ahead,1,0,1,0,0,0,0,1,0,0,0,0,0,1,109,Clear,Dark,-79.3766,43.6694
5002075350,12616,Passenger,20 to 24,None,NULL,NULL,1,0,1,0,0,0,0,1,0,0,0,0,0,1,109,Clear,Dark,-79.3766,43.6694
5002075350,12617,Pedestrian,25 to 29,Major,NULL,NULL,1,0,1,0,0,0,0,1,0,0,0,0,0,1,109,Clear,Dark,-79.3766,43.6694
5002088367,12618,Driver,unknown,None,"Automobile, Station Wagon",Going Ahead,1,0,1,0,0,0,0,0,0,1,0,0,0,0,2,Clear,"Dark, artificial",-79.3976,43.6449
5002088367,12619,Pedestrian,40 to 44,Major,NULL,NULL,1,0,1,0,0,0,0,0,0,1,0,0,0,0,2,Clear,"Dark, artificial",-79.3976,43.6449
5002147377,12641,Driver,80 to 84,Major,"Automobile, Station Wagon",Turning Left,0,0,1,0,0,0,0,1,0,0,0,0,0,11,1100,Clear,Daylight,-79.5034,43.7015
5002147377,12642,Driver,55 to 59,None,Delivery Van,Slowing or Stopping,0,0,1,0,0,0,0,1,0,0,0,0,0,11,1100,Clear,Daylight,-79.5034,43.7015
5002147377,12643,Passenger,80 to 84,Fatal,NULL,NULL,0,0,1,0,0,0,0,1,0,0,0,0,0,11,1100,Clear,Daylight,-79.5034,43.7015
5002234344,12755,Driver,25 to 29,None,"Automobile, Station Wagon",Turning Right,1,0,1,0,0,0,0,0,0,1,0,0,0,18,1824,Clear,Dark,-79.373,43.6631
5002234344,12756,Pedestrian,35 to 39,Major,NULL,NULL,1,0,1,0,0,0,0,0,0,1,0,0,0,18,1824,Clear,Dark,-79.373,43.6631
6000147267,12560,Driver,85 to 89,Major,"Automobile, Station Wagon",Going Ahead,0,0,1,0,0,0,0,0,0,0,0,0,1,14,1445,Clear,Daylight,-79.3951,43.6963
6000147267,12565,Driver,70 to 74,None,"Automobile, Station Wagon",Going Ahead,0,0,1,0,0,0,0,0,0,0,0,0,1,14,1445,Clear,Daylight,-79.3951,43.6963
6000218872,12848,Driver,30 to 34,Major,Passenger Van,Going Ahead,0,0,1,0,0,0,0,1,1,1,0,0,0,2,233,Clear,"Dark, artificial",-79.549,43.6861
6000218872,12849,Passenger,35 to 39,Major,NULL,NULL,0,0,1,0,0,0,0,1,1,1,0,0,0,2,233,Clear,"Dark, artificial",-79.549,43.6861
6000304875,12861,Driver,35 to 39,None,"Automobile, Station Wagon",Turning Left,0,1,1,0,0,0,0,0,0,0,0,0,0,17,1717,Clear,Daylight,-79.221,43.7553
6000304875,12862,Cyclist,35 to 39,Major,Bicycle,Going Ahead,0,1,1,0,0,0,0,0,0,0,0,0,0,17,1717,Clear,Daylight,-79.221,43.7553
6000310754,12866,Truck Driver,50 to 54,None,"Truck - Closed (Blazer, etc)",Reversing,1,0,0,0,1,0,0,0,0,0,0,0,0,17,1730,Clear,Daylight,-79.5796,43.7106
6000310754,12867,Pedestrian,30 to 34,Major,NULL,NULL,1,0,0,0,1,0,0,0,0,0,0,0,0,17,1730,Clear,Daylight,-79.5796,43.7106
6000375289,12884,Driver,45 to 49,Major,"Automobile, Station Wagon",Going Ahead,0,0,1,0,0,0,0,1,0,0,0,0,0,13,1255,Clear,Daylight,-79.3412,43.7951
6000375289,12885,Driver,60 to 64,Minor,"Automobile, Station Wagon",Going Ahead,0,0,1,0,0,0,0,1,0,0,0,0,0,13,1255,Clear,Daylight,-79.3412,43.7951
6000375289,12886,Driver,80 to 84,Minor,"Automobile, Station Wagon",Stopped,0,0,1,0,0,0,0,1,0,0,0,0,0,13,1255,Clear,Daylight,-79.3412,43.7951
6000375289,12887,Passenger,65 to 69,Minor,NULL,NULL,0,0,1,0,0,0,0,1,0,0,0,0,0,13,1255,Clear,Daylight,-79.3412,43.7951
6000444329,12911,Driver,20 to 24,None,"Automobile, Station Wagon",Going Ahead,1,0,1,0,0,0,0,0,0,0,0,0,0,17,1739,Clear,Dusk,-79.3462,43.6827
6000444329,12912,Pedestrian,35 to 39,Major,NULL,NULL,1,0,1,0,0,0,0,0,0,0,0,0,0,17,1739,Clear,Dusk,-79.3462,43.6827
6000480825,12656,Driver,40 to 44,Major,"Automobile, Station Wagon",Going Ahead,0,0,1,0,0,0,0,1,0,0,0,0,0,17,1654,Clear,Daylight,-79.4255,43.6299
6000480825,12657,Driver,60 to 64,Minor,"Automobile, Station Wagon",Going Ahead,0,0,1,0,0,0,0,1,0,0,0,0,0,17,1654,Clear,Daylight,-79.4255,43.6299
6000480825,12658,Passenger,50 to 54,Minor,NULL,NULL,0,0,1,0,0,0,0,1,0,0,0,0,0,17,1654,Clear,Daylight,-79.4255,43.6299
6000480825,12659,Passenger,30 to 34,Minor,NULL,NULL,0,0,1,0,0,0,0,1,0,0,0,0,0,17,1654,Clear,Daylight,-79.4255,43.6299
6000480825,12660,Passenger,25 to 29,Minor,NULL,NULL,0,0,1,0,0,0,0,1,0,0,0,0,0,17,1654,Clear,Daylight,-79.4255,43.6299
6000480825,12661,Passenger,15 to 19,Minor,NULL,NULL,0,0,1,0,0,0,0,1,0,0,0,0,0,17,1654,Clear,Daylight,-79.4255,43.6299
6000548674,12684,Driver,40 to 44,None,Municipal Transit Bus (TTC),Pulling Away from Shoulder or Curb,0,0,0,0,0,1,0,1,0,0,0,0,0,22,2210,Rain,"Dark, artificial",-79.4408,43.6926
6000548674,12685,Passenger,60 to 64,Major,NULL,NULL,0,0,0,0,0,1,0,1,0,0,0,0,0,22,2210,Rain,"Dark, artificial",-79.4408,43.6926
6000581980,12700,Driver,25 to 29,None,"Automobile, Station Wagon",Going Ahead,1,0,1,0,0,0,0,1,0,0,0,0,0,8,835,Clear,Daylight,-79.2303,43.7955
6000581980,12701,Pedestrian,10 to 14,Major,NULL,NULL,1,0,1,0,0,0,0,1,0,0,0,0,0,8,835,Clear,Daylight,-79.2303,43.7955
6000581980,12702,Passenger,15 to 19,None,NULL,NULL,1,0,1,0,0,0,0,1,0,0,0,0,0,8,835,Clear,Daylight,-79.2303,43.7955
6000605777,12707,Driver,60 to 64,None,"Automobile, Station Wagon",Going Ahead,0,0,1,0,0,0,0,0,0,1,1,0,0,21,2111,Clear,Dark,-79.4099,43.7886
6000605777,12708,Driver,30 to 34,Fatal,"Automobile, Station Wagon",Going Ahead,0,0,1,0,0,0,0,0,0,1,1,0,0,21,2111,Clear,Dark,-79.4099,43.7886
6000607400,12709,Passenger,20 to 24,Fatal,NULL,NULL,0,0,1,0,0,0,0,1,1,1,0,0,0,3,326,Clear,"Dark, artificial",-79.5132,43.7393
6000607400,12710,Passenger,20 to 24,Fatal,NULL,NULL,0,0,1,0,0,0,0,1,1,1,0,0,0,3,326,Clear,"Dark, artificial",-79.5132,43.7393
6000607400,12711,Passenger,15 to 19,Fatal,NULL,NULL,0,0,1,0,0,0,0,1,1,1,0,0,0,3,326,Clear,"Dark, artificial",-79.5132,43.7393
6000607400,12712,Passenger,20 to 24,Major,NULL,NULL,0,0,1,0,0,0,0,1,1,1,0,0,0,3,326,Clear,"Dark, artificial",-79.5132,43.7393
6000607400,12713,Driver,20 to 24,Major,"Automobile, Station Wagon",Changing Lanes,0,0,1,0,0,0,0,1,1,1,0,0,0,3,326,Clear,"Dark, artificial",-79.5132,43.7393
6000607400,12714,Driver,45 to 49,Minor,"Automobile, Station Wagon",Stopped,0,0,1,0,0,0,0,1,1,1,0,0,0,3,326,Clear,"Dark, artificial",-79.5132,43.7393
6000614403,12717,Driver,25 to 29,Major,"Automobile, Station Wagon",Turning Left,0,0,1,0,0,0,0,0,0,1,0,0,0,11,1145,Clear,Daylight,-79.1595,43.8316
6000614403,12718,Driver,75 to 79,None,"Automobile, Station Wagon",Going Ahead,0,0,1,0,0,0,0,0,0,1,0,0,0,11,1145,Clear,Daylight,-79.1595,43.8316
6000705795,12726,Driver,75 to 79,None,"Automobile, Station Wagon",Turning Left,1,0,1,0,0,0,0,0,0,0,0,0,0,15,1510,Clear,Daylight,-79.3665,43.7836
6000705795,12727,Pedestrian,65 to 69,Major,NULL,NULL,1,0,1,0,0,0,0,0,0,0,0,0,0,15,1510,Clear,Daylight,-79.3665,43.7836