ACCNUM,ObjectId,INVTYPE,INVAGE,INJURY,VEHTYPE,MANOEUVER,PEDESTRIAN,CYCLIST,AUTOMOBILE,MOTORCYCLE,TRUCK,TRSN_CITY_VEH,EMERG_VEH,PASSENGER,SPEEDING,AG_DRIV,REDLIGHT,ALCOHOL,DISABILITY,HOUR,TIME,VISIBILITY,LIGHT,collision_lat,collision_long
6000707918,12728,Driver,50 to 54,None,Passenger Van,Going Ahead,1,0,1,0,0,0,0,0,0,0,0,0,0,21,2139,Rain,Dark,-79.2229,43.7422
6000707918,12729,Pedestrian,60 to 64,Fatal,NULL,NULL,1,0,1,0,0,0,0,0,0,0,0,0,0,21,2139,Rain,Dark,-79.2229,43.7422
6000721028,12736,Driver,30 to 34,None,"Automobile, Station Wagon",Going Ahead,0,1,1,0,0,0,0,0,0,1,1,0,0,20,2038,Clear,"Dark, artificial",-79.3766,43.6623
6000721028,12737,Cyclist,25 to 29,Major,Bicycle,Going Ahead,0,1,1,0,0,0,0,0,0,1,1,0,0,20,2038,Clear,"Dark, artificial",-79.3766,43.6623
6000775153,12338,Driver,25 to 29,Minor,"Automobile, Station Wagon",Going Ahead,0,0,1,0,0,0,0,0,1,1,0,0,0,6,630,Clear,Daylight,-79.2513,43.7299
6000775153,12339,Driver,30 to 34,None,"Automobile, Station Wagon",Going Ahead,0,0,1,0,0,0,0,0,1,1,0,0,0,6,630,Clear,Daylight,-79.2513,43.7299
6000775153,12341,Driver,unknown,None,"Automobile, Station Wagon",Parked,0,0,1,0,0,0,0,0,1,1,0,0,0,6,630,Clear,Daylight,-79.2513,43.7299
6000775153,12337,Driver,45 to 49,Major,"Automobile, Station Wagon",Going Ahead,0,0,1,0,0,0,0,0,1,1,0,0,0,6,630,Clear,Daylight,-79.2513,43.7299
6000848793,12357,Driver,55 to 59,None,"Automobile, Station Wagon",Turning Left,0,0,1,1,0,0,0,0,0,1,0,0,0,14,1414,Clear,Daylight,-79.5112,43.7318
6000848793,12358,Motorcycle Driver,30 to 34,Fatal,Motorcycle,Going Ahead,0,0,1,1,0,0,0,0,0,1,0,0,0,14,1414,Clear,Daylight,-79.5112,43.7318
6000894195,12378,Passenger,15 to 19,Minor,NULL,NULL,0,0,1,0,1,0,0,1,1,1,0,0,0,14,1350,Clear,Daylight,-79.6,43.7273
6000894195,12379,Driver,20 to 24,Minor,"Automobile, Station Wagon",Going Ahead,0,0,1,0,1,0,0,1,1,1,0,0,0,14,1350,Clear,Daylight,-79.6,43.7273
6000894195,12380,Driver,55 to 59,Minor,"Automobile, Station Wagon",Going Ahead,0,0,1,0,1,0,0,1,1,1,0,0,0,14,1350,Clear,Daylight,-79.6,43.7273
5002232122,11498,Driver,unknown,None,"Automobile, Station Wagon",Stopped,0,1,1,0,0,0,0,0,0,0,0,0,0,12,1212,Clear,Daylight,-79.3673,43.6628
5002232122,11499,Cyclist,60 to 64,Major,Bicycle,Overtaking,0,1,1,0,0,0,0,0,0,0,0,0,0,12,1212,Clear,Daylight,-79.3673,43.6628
6000004050,12762,Driver,70 to 74,None,"Automobile, Station Wagon",Turning Right,1,0,1,0,0,0,0,0,0,1,0,0,0,19,1904,Clear,"Dark, artificial",-79.3869,43.7003
6000004050,12763,Pedestrian,50 to 54,Major,NULL,NULL,1,0,1,0,0,0,0,0,0,1,0,0,0,19,1904,Clear,"Dark, artificial",-79.3869,43.7003
6000063108,12786,Driver,55 to 59,None,"Automobile, Station Wagon",Going Ahead,1,0,1,0,0,0,0,0,0,0,0,0,0,16,1618,Clear,Dark,-79.2478,43.8239
6000063108,12787,Pedestrian,30 to 34,Major,NULL,NULL,1,0,1,0,0,0,0,0,0,0,0,0,0,16,1618,Clear,Dark,-79.2478,43.8239
6000081215,12798,Driver,60 to 64,None,"Automobile, Station Wagon",Turning Left,1,0,1,0,0,0,0,0,0,1,0,0,0,13,1336,Clear,Daylight,-79.4065,43.6466
6000081215,12799,Pedestrian,30 to 34,Major,NULL,NULL,1,0,1,0,0,0,0,0,0,1,0,0,0,13,1336,Clear,Daylight,-79.4065,43.6466
6000506509,12672,Pedestrian,25 to 29,Major,NULL,NULL,1,0,1,0,0,0,0,0,0,1,0,0,0,20,2049,Rain,"Dusk, artificial",-79.3847,43.6476
6000506509,12671,Driver,60 to 64,None,Pick Up Truck,Turning Left,1,0,1,0,0,0,0,0,0,1,0,0,0,20,2049,Rain,"Dusk, artificial",-79.3847,43.6476
6000530490,12677,Pedestrian,75 to 79,Fatal,NULL,NULL,1,0,1,0,0,0,0,0,0,0,0,0,0,9,901,Clear,Daylight,-79.3522,43.7931
6000530490,12678,Driver,70 to 74,Minimal,Pick Up Truck,Turning Left,1,0,1,0,0,0,0,0,0,0,0,0,0,9,901,Clear,Daylight,-79.3522,43.7931
6000566615,12690,Driver,25 to 29,None,"Automobile, Station Wagon",Going Ahead,0,0,1,0,0,0,0,1,1,1,0,0,0,19,1930,Snow,Dark,-79.3354,43.7928
6000566615,12691,Driver,40 to 44,Minor,"Automobile, Station Wagon",Going Ahead,0,0,1,0,0,0,0,1,1,1,0,0,0,19,1930,Snow,Dark,-79.3354,43.7928
6000566615,12692,Passenger,50 to 54,Major,NULL,NULL,0,0,1,0,0,0,0,1,1,1,0,0,0,19,1930,Snow,Dark,-79.3354,43.7928
6000566615,12693,Passenger,65 to 69,Minor,NULL,NULL,0,0,1,0,0,0,0,1,1,1,0,0,0,19,1930,Snow,Dark,-79.3354,43.7928
6000566615,12694,Passenger,70 to 74,Minor,NULL,NULL,0,0,1,0,0,0,0,1,1,1,0,0,0,19,1930,Snow,Dark,-79.3354,43.7928
6000566615,12695,Passenger,35 to 39,Minor,NULL,NULL,0,0,1,0,0,0,0,1,1,1,0,0,0,19,1930,Snow,Dark,-79.3354,43.7928
6000566615,12696,Passenger,0 to 4,None,NULL,NULL,0,0,1,0,0,0,0,1,1,1,0,0,0,19,1930,Snow,Dark,-79.3354,43.7928
6000566615,12697,Passenger,5 to 9,Minor,NULL,NULL,0,0,1,0,0,0,0,1,1,1,0,0,0,19,1930,Snow,Dark,-79.3354,43.7928
6000595012,12705,Driver,35 to 39,Fatal,"Automobile, Station Wagon",Going Ahead,0,0,1,0,0,0,0,0,1,1,0,0,0,9,902,Clear,Daylight,-79.4209,43.7082
6000595012,12706,Driver,60 to 64,None,"Automobile, Station Wagon",Stopped,0,0,1,0,0,0,0,0,1,1,0,0,0,9,902,Clear,Daylight,-79.4209,43.7082
6000720268,12732,Driver,30 to 34,Major,"Automobile, Station Wagon",Going Ahead,0,0,1,0,0,1,0,0,1,1,0,0,0,18,1805,Clear,Daylight,-79.4257,43.63
6000720268,12733,Driver,50 to 54,Minor,"Automobile, Station Wagon",Going Ahead,0,0,1,0,0,1,0,0,1,1,0,0,0,18,1805,Clear,Daylight,-79.4257,43.63
6000720268,12734,Driver,20 to 24,None,"Automobile, Station Wagon",Going Ahead,0,0,1,0,0,1,0,0,1,1,0,0,0,18,1805,Clear,Daylight,-79.4257,43.63
6000720268,12735,Driver,55 to 59,None,"Bus (Other) (Go Bus, Gray Coach)",Going Ahead,0,0,1,0,0,1,0,0,1,1,0,0,0,18,1805,Clear,Daylight,-79.4257,43.63
6000746605,12117,Driver,30 to 34,None,"Automobile, Station Wagon",Going Ahead,1,0,1,0,0,0,0,0,0,0,0,0,0,20,2033,Rain,"Dark, artificial",-79.4197,43.7344
6000746605,12106,Pedestrian,90 to 94,Fatal,NULL,NULL,1,0,1,0,0,0,0,0,0,0,0,0,0,20,2033,Rain,"Dark, artificial",-79.4197,43.7344
6000754658,12332,Driver,55 to 59,Minor,Pick Up Truck,Turning Left,0,0,1,1,0,0,0,0,0,1,0,0,0,6,605,Clear,"Dawn, artificial",-79.4365,43.6817
6000754658,12333,Motorcycle Driver,50 to 54,Major,Motorcycle,Going Ahead,0,0,1,1,0,0,0,0,0,1,0,0,0,6,605,Clear,"Dawn, artificial",-79.4365,43.6817
6000789815,12348,Driver,70 to 74,None,"Automobile, Station Wagon",Pulling Away from Shoulder or Curb,0,0,1,1,0,0,0,0,0,1,0,0,0,11,1133,Clear,Daylight,-79.3529,43.6661
6000789815,12349,Motorcycle Driver,30 to 34,Major,Motorcycle,Going Ahead,0,0,1,1,0,0,0,0,0,1,0,0,0,11,1133,Clear,Daylight,-79.3529,43.6661
6000874773,12352,Driver,unknown,None,"Automobile, Station Wagon",Making U Turn,0,1,1,0,0,0,0,0,0,0,0,0,0,0,30,Clear,Dark,-79.42,43.6493
6000874773,12353,Cyclist,20 to 24,Major,Bicycle,Going Ahead,0,1,1,0,0,0,0,0,0,0,0,0,0,0,30,Clear,Dark,-79.42,43.6493
6000897819,12383,Truck Driver,55 to 59,Major,Truck-Tractor,Going Ahead,0,0,1,0,1,0,0,0,1,1,0,0,0,0,13,Clear,"Dark, artificial",-79.5955,43.7171
6000897819,12384,Truck Driver,40 to 44,Minor,Truck - Dump,Stopped,0,0,1,0,1,0,0,0,1,1,0,0,0,0,13,Clear,"Dark, artificial",-79.5955,43.7171
6000897819,12385,Driver,50 to 54,None,"Automobile, Station Wagon",Stopped,0,0,1,0,1,0,0,0,1,1,0,0,0,0,13,Clear,"Dark, artificial",-79.5955,43.7171
6000917745,12394,Driver,65 to 69,Minimal,"Automobile, Station Wagon",Turning Left,0,0,1,1,0,0,0,1,0,1,1,0,0,22,2150,Clear,"Dark, artificial",-79.2453,43.7554
6000917745,12395,Motorcycle Driver,40 to 44,Major,Motorcycle,Going Ahead,0,0,1,1,0,0,0,1,0,1,1,0,0,22,2150,Clear,"Dark, artificial",-79.2453,43.7554
6000917745,12396,Motorcycle Passenger,10 to 14,Major,NULL,NULL,0,0,1,1,0,0,0,1,0,1,1,0,0,22,2150,Clear,"Dark, artificial",-79.2453,43.7554
6000920923,12397,Driver,60 to 64,None,"Automobile, Station Wagon",Turning Left,0,0,1,1,0,0,0,0,0,1,0,0,0,12,1150,Clear,Daylight,-79.5055,43.7091
6000920923,12398,Motorcycle Driver,20 to 24,Major,Motorcycle,Going Ahead,0,0,1,1,0,0,0,0,0,1,0,0,0,12,1150,Clear,Daylight,-79.5055,43.7091
6000951747,12007,Cyclist,30 to 34,Major,Bicycle,Turning Left,0,1,1,0,0,0,0,0,0,0,0,0,0,19,1940,Clear,Daylight,-79.4355,43.6498
6000951747,12009,Driver,25 to 29,None,"Automobile, Station Wagon",Going Ahead,0,1,1,0,0,0,0,0,0,0,0,0,0,19,1940,Clear,Daylight,-79.4355,43.6498
6000970728,12027,Driver,30 to 34,None,"Automobile, Station Wagon",Going Ahead,1,0,1,0,0,0,0,0,0,1,0,0,0,15,1525,Clear,Daylight,-79.3038,43.7412
6000970728,12028,Pedestrian,25 to 29,Major,NULL,NULL,1,0,1,0,0,0,0,0,0,1,0,0,0,15,1525,Clear,Daylight,-79.3038,43.7412
6001084832,12077,Driver,30 to 34,None,"Automobile, Station Wagon",Reversing,1,0,1,0,0,0,0,0,0,0,0,0,0,16,1621,Clear,Daylight,-79.218,43.7652
6001084832,12078,Pedestrian,30 to 34,Major,NULL,NULL,1,0,1,0,0,0,0,0,0,0,0,0,0,16,1621,Clear,Daylight,-79.218,43.7652
6001139914,12105,Driver,65 to 69,Major,"Automobile, Station Wagon",Going Ahead,0,0,1,0,0,0,0,0,0,0,0,0,0,21,2050,Clear,"Dusk, artificial",-79.599,43.7427
6001174210,12127,Pedestrian,55 to 59,Fatal,NULL,NULL,1,0,1,0,0,0,0,0,0,0,0,0,0,11,1120,Clear,Daylight,-79.5652,43.7371
6001174210,12129,Driver,45 to 49,None,"Automobile, Station Wagon",Going Ahead,1,0,1,0,0,0,0,0,0,0,0,0,0,11,1120,Clear,Daylight,-79.5652,43.7371
6001174772,12132,Other,unknown,None,NULL,Parked,0,1,0,0,0,0,0,0,0,0,0,0,0,12,1247,Clear,Daylight,-79.4237,43.6711
6001174772,12130,Cyclist,70 to 74,Fatal,Bicycle,Overtaking,0,1,0,0,0,0,0,0,0,0,0,0,0,12,1247,Clear,Daylight,-79.4237,43.6711
6001174772,12131,Driver - Not Hit,unknown,None,NULL,NULL,0,1,0,0,0,0,0,0,0,0,0,0,0,12,1247,Clear,Daylight,-79.4237,43.6711
6001210183,12146,Driver,40 to 44,None,"Automobile, Station Wagon",Turning Left,0,0,1,1,0,0,0,0,0,1,0,0,0,20,2024,Clear,Daylight,-79.3157,43.7967
6001210183,12147,Motorcycle Driver,40 to 44,Major,Motorcycle,Going Ahead,0,0,1,1,0,0,0,0,0,1,0,0,0,20,2024,Clear,Daylight,-79.3157,43.7967
6001365744,12234,Driver,60 to 64,Minimal,"Automobile, Station Wagon",Going Ahead,0,0,1,0,0,0,0,0,0,1,1,0,0,18,1822,Clear,Daylight,-79.2221,43.7784
6001365744,12235,Driver,55 to 59,Major,"Automobile, Station Wagon",Turning Left,0,0,1,0,0,0,0,0,0,1,1,0,0,18,1822,Clear,Daylight,-79.2221,43.7784
6001406724,12251,Driver,unknown,None,NULL,Going Ahead,1,0,0,0,0,0,0,0,0,0,0,0,0,3,329,Clear,"Daylight, artificial",-79.2446,43.7447
6001406724,12252,Pedestrian,15 to 19,Major,NULL,NULL,1,0,0,0,0,0,0,0,0,0,0,0,0,3,329,Clear,"Daylight, artificial",-79.2446,43.7447
6001466377,12279,Pedestrian,80 to 84,Fatal,NULL,NULL,1,0,1,0,0,0,0,1,0,0,0,0,0,9,904,Clear,Daylight,-79.3522,43.7931
6001509218,12299,Driver,30 to 34,None,"Automobile, Station Wagon",Turning Left,1,0,1,0,0,0,0,1,0,0,0,0,0,22,2153,Clear,"Dark, artificial",-79.5466,43.6969
6001509218,12300,Driver,25 to 29,None,"Automobile, Station Wagon",Going Ahead,1,0,1,0,0,0,0,1,0,0,0,0,0,22,2153,Clear,"Dark, artificial",-79.5466,43.6969
6001509218,12301,Passenger,10 to 14,None,NULL,NULL,1,0,1,0,0,0,0,1,0,0,0,0,0,22,2153,Clear,"Dark, artificial",-79.5466,43.6969
6001509218,12302,Passenger,5 to 9,None,NULL,NULL,1,0,1,0,0,0,0,1,0,0,0,0,0,22,2153,Clear,"Dark, artificial",-79.5466,43.6969
6001509218,12303,Pedestrian,55 to 59,Major,NULL,NULL,1,0,1,0,0,0,0,1,0,0,0,0,0,22,2153,Clear,"Dark, artificial",-79.5466,43.6969
6001569976,12562,Driver,20 to 24,None,"Automobile, Station Wagon",Going Ahead,0,1,1,0,0,0,0,1,0,0,0,0,0,14,1400,Clear,Daylight,-79.3582,43.6639
6001569976,12653,Passenger,20 to 24,None,NULL,NULL,0,1,1,0,0,0,0,1,0,0,0,0,0,14,1400,Clear,Daylight,-79.3582,43.6639
6001569976,12556,Cyclist,65 to 69,Major,Bicycle,Changing Lanes,0,1,1,0,0,0,0,1,0,0,0,0,0,14,1400,Clear,Daylight,-79.3582,43.6639
6001582808,12927,Driver,50 to 54,Major,"Automobile, Station Wagon",Going Ahead,0,0,1,0,0,0,0,1,0,1,0,0,0,16,1643,Clear,Daylight,-79.62,43.7229
6001582808,12926,Driver,25 to 29,None,"Automobile, Station Wagon",Going Ahead,0,0,1,0,0,0,0,1,0,1,0,0,0,16,1643,Clear,Daylight,-79.62,43.7229
6001582808,12928,Passenger,25 to 29,None,NULL,NULL,0,0,1,0,0,0,0,1,0,1,0,0,0,16,1643,Clear,Daylight,-79.62,43.7229
6001582808,12929,Passenger,15 to 19,None,NULL,NULL,0,0,1,0,0,0,0,1,0,1,0,0,0,16,1643,Clear,Daylight,-79.62,43.7229
6001585257,12932,Pedestrian,20 to 24,Major,NULL,NULL,1,0,1,0,0,0,0,0,0,0,0,1,0,0,28,Clear,"Dark, artificial",-79.2444,43.7503
6001585257,12933,Driver,30 to 34,None,"Automobile, Station Wagon",Going Ahead,1,0,1,0,0,0,0,0,0,0,0,1,0,0,28,Clear,"Dark, artificial",-79.2444,43.7503
6001603750,12938,Driver,unknown,None,"Automobile, Station Wagon",Unknown,1,0,1,0,0,0,0,0,0,0,0,0,0,17,1733,Clear,"Dark, artificial",-79.4448,43.6913
6001603750,12939,Pedestrian,15 to 19,Major,NULL,NULL,1,0,1,0,0,0,0,0,0,0,0,0,0,17,1733,Clear,"Dark, artificial",-79.4448,43.6913
6001668263,12961,Motorcycle Driver,15 to 19,Major,Motorcycle,Going Ahead,0,0,0,1,0,0,0,0,0,0,0,0,0,15,1534,Clear,Daylight,-79.3532,43.7844
6001731128,12991,Driver,70 to 74,Fatal,"Automobile, Station Wagon",Going Ahead,0,0,1,0,0,0,0,1,1,1,0,0,0,10,1040,Rain,Daylight,-79.4791,43.6699
5000552062,11178,Passenger,5 to 9,None,NULL,NULL,0,0,1,0,0,0,0,1,0,1,0,0,0,10,950,Clear,Daylight,-79.3145,43.7559
5000552062,11179,Passenger,10 to 14,None,NULL,NULL,0,0,1,0,0,0,0,1,0,1,0,0,0,10,950,Clear,Daylight,-79.3145,43.7559
5000552062,11173,Passenger,65 to 69,None,NULL,NULL,0,0,1,0,0,0,0,1,0,1,0,0,0,10,950,Clear,Daylight,-79.3145,43.7559
5000573038,11189,Driver,45 to 49,None,"Automobile, Station Wagon",Reversing,1,0,1,0,0,0,0,0,0,0,0,0,0,9,944,Clear,Daylight,-79.4129,43.6894
5000573038,11190,Pedestrian,50 to 54,Major,NULL,NULL,1,0,1,0,0,0,0,0,0,0,0,0,0,9,944,Clear,Daylight,-79.4129,43.6894
5000611703,11199,Driver,85 to 89,Fatal,"Automobile, Station Wagon",Going Ahead,0,0,1,0,0,1,0,0,0,1,0,0,0,17,1734,Clear,Daylight,-79.4998,43.7226
5000611703,11200,Driver,50 to 54,None,Municipal Transit Bus (TTC),Going Ahead,0,0,1,0,0,1,0,0,0,1,0,0,0,17,1734,Clear,Daylight,-79.4998,43.7226
5000620916,11203,Driver,25 to 29,None,"Automobile, Station Wagon",Changing Lanes,0,0,1,0,0,0,1,0,0,0,0,0,0,7,658,Clear,Daylight,-79.5349,43.7535
5000620916,11204,Driver,60 to 64,Major,Other Emergency Vehicle,Changing Lanes,0,0,1,0,0,0,1,0,0,0,0,0,0,7,658,Clear,Daylight,-79.5349,43.7535
5000643015,11207,Driver,55 to 59,Major,"Automobile, Station Wagon",Turning Left,0,0,1,1,0,0,0,1,1,1,0,0,0,17,1724,Clear,Daylight,-79.4131,43.7769
5000643015,11208,Motorcycle Driver,20 to 24,None,Motorcycle,Going Ahead,0,0,1,1,0,0,0,1,1,1,0,0,0,17,1724,Clear,Daylight,-79.4131,43.7769
5000643015,11209,Passenger,70 to 74,Minor,NULL,NULL,0,0,1,1,0,0,0,1,1,1,0,0,0,17,1724,Clear,Daylight,-79.4131,43.7769
5000653521,11210,Driver,15 to 19,None,"Automobile, Station Wagon",Going Ahead,1,0,1,0,0,0,0,1,0,1,0,0,0,14,1405,Clear,Daylight,-79.3423,43.6644
5000653521,11211,Driver,60 to 64,None,Pick Up Truck,Going Ahead,1,0,1,0,0,0,0,1,0,1,0,0,0,14,1405,Clear,Daylight,-79.3423,43.6644
5000653521,11212,Passenger,15 to 19,None,NULL,NULL,1,0,1,0,0,0,0,1,0,1,0,0,0,14,1405,Clear,Daylight,-79.3423,43.6644
5000653521,11213,Pedestrian,30 to 34,Fatal,NULL,NULL,1,0,1,0,0,0,0,1,0,1,0,0,0,14,1405,Clear,Daylight,-79.3423,43.6644
5000667325,11332,Driver,40 to 44,None,Passenger Van,Going Ahead,0,0,1,0,0,0,0,0,0,1,0,0,0,17,1715,Clear,Daylight,-79.553,43.7572
5000667325,11434,Driver,55 to 59,Major,"Automobile, Station Wagon",Slowing or Stopping,0,0,1,0,0,0,0,0,0,1,0,0,0,17,1715,Clear,Daylight,-79.553,43.7572
5000679960,11658,Driver,25 to 29,Major,Off Road - 2 Wheels,Going Ahead,0,0,0,0,0,0,0,0,1,1,0,0,0,18,1810,Clear,Daylight,-79.3287,43.7528
5000800766,11789,Driver,80 to 84,None,"Automobile, Station Wagon",Going Ahead,1,0,1,0,0,0,0,0,0,0,0,0,0,22,2208,Clear,Dark,-79.2473,43.7351
5000800766,11790,Pedestrian,30 to 34,Fatal,NULL,NULL,1,0,1,0,0,0,0,0,0,0,0,0,0,22,2208,Clear,Dark,-79.2473,43.7351
5000811243,11796,Driver,15 to 19,None,"Automobile, Station Wagon",Going Ahead,0,0,1,1,0,0,0,0,0,1,0,0,0,15,1535,Clear,Daylight,-79.3206,43.6914
5000811243,11797,Motorcycle Driver,55 to 59,Major,Motorcycle,Overtaking,0,0,1,1,0,0,0,0,0,1,0,0,0,15,1535,Clear,Daylight,-79.3206,43.6914
5000873570,11829,Driver,55 to 59,None,"Automobile, Station Wagon",Turning Left,0,0,1,1,0,0,0,1,0,1,0,0,0,18,1828,Clear,Daylight,-79.1997,43.8019
5000873570,11830,Motorcycle Driver,20 to 24,Major,Motorcycle,Going Ahead,0,0,1,1,0,0,0,1,0,1,0,0,0,18,1828,Clear,Daylight,-79.1997,43.8019
5000873570,11831,Motorcycle Passenger,15 to 19,Major,NULL,NULL,0,0,1,1,0,0,0,1,0,1,0,0,0,18,1828,Clear,Daylight,-79.1997,43.8019
5000887145,11835,Driver,15 to 19,Fatal,"Automobile, Station Wagon",Going Ahead,0,0,1,0,0,0,0,0,0,0,0,0,0,21,2120,Clear,"Dark, artificial",-79.5594,43.6904
5000950977,11675,Cyclist,25 to 29,Major,Bicycle,Going Ahead,0,1,0,0,0,0,0,0,0,0,0,0,0,23,2316,Clear,"Dark, artificial",-79.4169,43.6463
5000965386,11682,Driver,45 to 49,Major,"Automobile, Station Wagon",Going Ahead,0,0,1,0,0,0,0,1,0,0,0,0,1,10,1047,Clear,Daylight,-79.397,43.6531
5000965386,11683,Driver,50 to 54,None,"Automobile, Station Wagon",Stopped,0,0,1,0,0,0,0,1,0,0,0,0,1,10,1047,Clear,Daylight,-79.397,43.6531
5000965386,11684,Passenger,45 to 49,None,NULL,NULL,0,0,1,0,0,0,0,1,0,0,0,0,1,10,1047,Clear,Daylight,-79.397,43.6531
5000992370,11698,Driver,85 to 89,None,"Automobile, Station Wagon",Turning Right,0,1,1,0,0,0,0,1,0,1,0,0,0,14,1423,Clear,Daylight,-79.3843,43.7866
5000992370,11699,Cyclist,45 to 49,Major,Bicycle,Going Ahead,0,1,1,0,0,0,0,1,0,1,0,0,0,14,1423,Clear,Daylight,-79.3843,43.7866
5000992370,11700,Passenger,80 to 84,None,NULL,NULL,0,1,1,0,0,0,0,1,0,1,0,0,0,14,1423,Clear,Daylight,-79.3843,43.7866
5000997483,11694,Passenger,25 to 29,Major,NULL,NULL,0,0,1,0,0,0,0,1,0,0,0,0,0,5,530,Clear,"Dark, artificial",-79.3107,43.6807
5000997483,11693,Driver,40 to 44,None,"Automobile, Station Wagon",Going Ahead,0,0,1,0,0,0,0,1,0,0,0,0,0,5,530,Clear,"Dark, artificial",-79.3107,43.6807
5000998310,11703,Driver,50 to 54,None,"Automobile, Station Wagon",Going Ahead,0,0,1,0,0,0,0,1,1,1,0,0,0,14,1409,Rain,Daylight,-79.4831,43.6933
5000998310,11704,Driver,25 to 29,Major,"Automobile, Station Wagon",Going Ahead,0,0,1,0,0,0,0,1,1,1,0,0,0,14,1409,Rain,Daylight,-79.4831,43.6933
5000998310,11705,Passenger,20 to 24,Minor,NULL,NULL,0,0,1,0,0,0,0,1,1,1,0,0,0,14,1409,Rain,Daylight,-79.4831,43.6933
5001079056,11728,Pedestrian,80 to 84,Fatal,NULL,NULL,1,0,1,0,0,0,0,0,0,0,0,0,0,22,2150,Clear,"Dark, artificial",-79.4466,43.6868
5001079056,11729,Driver,60 to 64,None,"Automobile, Station Wagon",Going Ahead,1,0,1,0,0,0,0,0,0,0,0,0,0,22,2150,Clear,"Dark, artificial",-79.4466,43.6868
5001160138,11010,Driver,55 to 59,Major,"Automobile, Station Wagon",Going Ahead,0,0,1,0,0,0,0,0,0,0,0,0,0,14,1407,Clear,Daylight,-79.3899,43.7752
5001160138,11011,Driver,65 to 69,None,"Automobile, Station Wagon",Slowing or Stopping,0,0,1,0,0,0,0,0,0,0,0,0,0,14,1407,Clear,Daylight,-79.3899,43.7752
5001160138,11012,Driver,60 to 64,None,"Automobile, Station Wagon",Slowing or Stopping,0,0,1,0,0,0,0,0,0,0,0,0,0,14,1407,Clear,Daylight,-79.3899,43.7752
5001215897,11038,Driver,25 to 29,None,"Automobile, Station Wagon",Going Ahead,0,0,1,0,0,0,0,0,1,1,0,0,0,17,1714,Clear,Daylight,-79.3946,43.7843
5001215897,11039,Driver,55 to 59,Major,"Automobile, Station Wagon",Stopped,0,0,1,0,0,0,0,0,1,1,0,0,0,17,1714,Clear,Daylight,-79.3946,43.7843
5001215897,11040,Driver,unknown,None,"Automobile, Station Wagon",Stopped,0,0,1,0,0,0,0,0,1,1,0,0,0,17,1714,Clear,Daylight,-79.3946,43.7843
5001313535,11077,Driver,40 to 44,None,"Automobile, Station Wagon",Going Ahead,0,0,1,1,0,0,0,1,0,1,0,0,0,0,31,Clear,Dark,-79.2819,43.7686
5001313535,11078,Motorcycle Driver,35 to 39,Major,Motorcycle,Going Ahead,0,0,1,1,0,0,0,1,0,1,0,0,0,0,31,Clear,Dark,-79.2819,43.7686
5001313535,11079,Motorcycle Passenger,35 to 39,Major,NULL,NULL,0,0,1,1,0,0,0,1,0,1,0,0,0,0,31,Clear,Dark,-79.2819,43.7686
5001448924,11360,Driver - Not Hit,unknown,None,"Automobile, Station Wagon",Changing Lanes,0,0,1,1,0,0,0,0,0,0,0,0,0,0,43,Clear,Dark,-79.4908,43.7055
5001448924,11361,Motorcycle Driver,30 to 34,Major,Motorcycle,Going Ahead,0,0,1,1,0,0,0,0,0,0,0,0,0,0,43,Clear,Dark,-79.4908,43.7055
5001457314,11366,Driver,15 to 19,None,Pick Up Truck,Going Ahead,1,0,1,0,0,0,0,0,0,0,0,0,0,13,1325,Clear,Daylight,-79.453,43.7908
5001457314,11367,Pedestrian,85 to 89,Fatal,NULL,NULL,1,0,1,0,0,0,0,0,0,0,0,0,0,13,1325,Clear,Daylight,-79.453,43.7908
5001603018,11398,Driver,40 to 44,None,"Automobile, Station Wagon",Going Ahead,0,0,1,0,0,0,0,0,0,1,0,0,0,17,1721,Clear,Daylight,-79.4114,43.6407
5001603018,11399,Driver,35 to 39,Major,"Automobile, Station Wagon",Going Ahead,0,0,1,0,0,0,0,0,0,1,0,0,0,17,1721,Clear,Daylight,-79.4114,43.6407
5001603828,11400,Driver,20 to 24,None,"Automobile, Station Wagon",Going Ahead,1,0,1,0,0,0,0,0,0,0,0,0,0,19,1940,Clear,"Dark, artificial",-79.3004,43.8089
5001603828,11401,Pedestrian,80 to 84,Major,NULL,NULL,1,0,1,0,0,0,0,0,0,0,0,0,0,19,1940,Clear,"Dark, artificial",-79.3004,43.8089
5001603828,11402,Pedestrian,70 to 74,Minimal,NULL,NULL,1,0,1,0,0,0,0,0,0,0,0,0,0,19,1940,Clear,"Dark, artificial",-79.3004,43.8089
5001640604,11420,Driver,30 to 34,None,"Automobile, Station Wagon",Going Ahead,1,0,1,0,0,0,0,0,0,0,0,0,0,18,1751,Clear,Daylight,-79.3657,43.6553
5001640604,11421,Pedestrian,90 to 94,Fatal,NULL,NULL,1,0,1,0,0,0,0,0,0,0,0,0,0,18,1751,Clear,Daylight,-79.3657,43.6553