ACCNUM,ObjectId,INVTYPE,INVAGE,INJURY,VEHTYPE,MANOEUVER,PEDESTRIAN,CYCLIST,AUTOMOBILE,MOTORCYCLE,TRUCK,TRSN_CITY_VEH,EMERG_VEH,PASSENGER,SPEEDING,AG_DRIV,REDLIGHT,ALCOHOL,DISABILITY,HOUR,TIME,VISIBILITY,LIGHT,collision_lat,collision_long
5001648951,11006,Driver,30 to 34,Major,Pick Up Truck,Going Ahead,0,0,1,0,0,0,0,0,1,1,0,0,0,1,110,Clear,"Dark, artificial",-79.4937,43.6033
5001667907,11480,Cyclist,25 to 29,Major,Bicycle,Going Ahead,0,1,0,0,0,1,0,0,0,0,0,0,0,1,54,Clear,"Dark, artificial",-79.4637,43.6636
5001667907,11481,Driver,35 to 39,None,Municipal Transit Bus (TTC),Turning Right,0,1,0,0,0,1,0,0,0,0,0,0,0,1,54,Clear,"Dark, artificial",-79.4637,43.6636
5001670423,11435,Driver,60 to 64,Major,"Automobile, Station Wagon",Turning Left,0,0,1,0,0,0,0,0,0,1,0,0,0,22,2230,Clear,"Dark, artificial",-79.2253,43.7598
5001670423,11442,Driver,15 to 19,None,Passenger Van,Going Ahead,0,0,1,0,0,0,0,0,0,1,0,0,0,22,2230,Clear,"Dark, artificial",-79.2253,43.7598
5001672708,11484,Driver,65 to 69,None,"Automobile, Station Wagon",Going Ahead,0,1,1,0,0,0,0,0,0,1,0,0,0,21,2136,Clear,"Dark, artificial",-79.2647,43.6989
5001672708,11485,Cyclist,35 to 39,Major,Bicycle,Stopped,0,1,1,0,0,0,0,0,0,1,0,0,0,21,2136,Clear,"Dark, artificial",-79.2647,43.6989
5001677716,11486,Driver,40 to 44,None,"Automobile, Station Wagon",Going Ahead,1,0,1,0,0,0,0,0,0,0,0,0,0,18,1755,Clear,Daylight,-79.4235,43.6565
5001677716,11487,Pedestrian,5 to 9,Major,NULL,NULL,1,0,1,0,0,0,0,0,0,0,0,0,0,18,1755,Clear,Daylight,-79.4235,43.6565
5001711803,11504,Cyclist,45 to 49,Major,Bicycle,Going Ahead,0,1,1,0,0,0,0,0,0,0,0,0,0,9,910,Clear,Daylight,-79.5217,43.6639
5001711803,11505,Driver,30 to 34,None,"Automobile, Station Wagon",Going Ahead,0,1,1,0,0,0,0,0,0,0,0,0,0,9,910,Clear,Daylight,-79.5217,43.6639
5001723026,11512,Driver,35 to 39,None,"Automobile, Station Wagon",Going Ahead,1,0,1,0,0,0,0,0,0,1,0,0,0,8,810,Clear,Daylight,-79.3226,43.6811
5001723026,11513,Pedestrian,10 to 14,Major,NULL,NULL,1,0,1,0,0,0,0,0,0,1,0,0,0,8,810,Clear,Daylight,-79.3226,43.6811
5001740132,11521,Driver,35 to 39,None,Municipal Transit Bus (TTC),Going Ahead,1,0,0,0,0,1,0,0,1,1,0,0,0,22,2227,Rain,"Dark, artificial",-79.4318,43.6996
5001740132,11522,Pedestrian,85 to 89,Major,NULL,NULL,1,0,0,0,0,1,0,0,1,1,0,0,0,22,2227,Rain,"Dark, artificial",-79.4318,43.6996
5001806026,12455,Driver,30 to 34,None,"Automobile, Station Wagon",Stopped,0,1,1,0,0,0,0,1,0,0,0,0,0,13,1250,Clear,Daylight,-79.4248,43.643
5001806026,12456,Cyclist,25 to 29,Major,Bicycle,Overtaking,0,1,1,0,0,0,0,1,0,0,0,0,0,13,1250,Clear,Daylight,-79.4248,43.643
5001806026,12457,Passenger,0 to 4,None,NULL,NULL,0,1,1,0,0,0,0,1,0,0,0,0,0,13,1250,Clear,Daylight,-79.4248,43.643
5001830640,12471,Driver,45 to 49,Minor,"Automobile, Station Wagon",Merging,0,0,1,0,0,0,0,1,0,0,0,0,0,15,1450,Rain,Daylight,-79.3366,43.7007
5001830640,12472,Driver,30 to 34,Major,"Automobile, Station Wagon",Going Ahead,0,0,1,0,0,0,0,1,0,0,0,0,0,15,1450,Rain,Daylight,-79.3366,43.7007
5001830640,12476,Passenger,0 to 4,None,NULL,NULL,0,0,1,0,0,0,0,1,0,0,0,0,0,15,1450,Rain,Daylight,-79.3366,43.7007
5001203164,11025,Motorcycle Driver,50 to 54,Major,Motorcycle,Going Ahead,0,0,1,1,0,0,0,1,0,0,0,0,0,20,2030,Clear,Daylight,-79.2811,43.6928
5001203164,11027,Passenger,10 to 14,None,NULL,NULL,0,0,1,1,0,0,0,1,0,0,0,0,0,20,2030,Clear,Daylight,-79.2811,43.6928
5001203164,11026,Passenger,45 to 49,None,NULL,NULL,0,0,1,1,0,0,0,1,0,0,0,0,0,20,2030,Clear,Daylight,-79.2811,43.6928
5001245461,11049,Motorcycle Driver,20 to 24,Major,Motorcycle,Going Ahead,0,0,1,1,0,0,0,1,0,1,1,0,0,21,2135,Clear,"Dark, artificial",-79.3777,43.6519
5001245461,11050,Driver,30 to 34,None,"Automobile, Station Wagon",Going Ahead,0,0,1,1,0,0,0,1,0,1,1,0,0,21,2135,Clear,"Dark, artificial",-79.3777,43.6519
5001245461,11051,Passenger,30 to 34,None,NULL,NULL,0,0,1,1,0,0,0,1,0,1,1,0,0,21,2135,Clear,"Dark, artificial",-79.3777,43.6519
5001245461,11052,Passenger,35 to 39,None,NULL,NULL,0,0,1,1,0,0,0,1,0,1,1,0,0,21,2135,Clear,"Dark, artificial",-79.3777,43.6519
5001245461,11053,Passenger,35 to 39,None,NULL,NULL,0,0,1,1,0,0,0,1,0,1,1,0,0,21,2135,Clear,"Dark, artificial",-79.3777,43.6519
5001245461,11054,Passenger,30 to 34,None,NULL,NULL,0,0,1,1,0,0,0,1,0,1,1,0,0,21,2135,Clear,"Dark, artificial",-79.3777,43.6519
5001245461,11056,Passenger,40 to 44,None,NULL,NULL,0,0,1,1,0,0,0,1,0,1,1,0,0,21,2135,Clear,"Dark, artificial",-79.3777,43.6519
5001263243,11062,Driver,50 to 54,Minor,"Automobile, Station Wagon",Going Ahead,0,0,1,0,0,0,0,1,0,1,1,0,0,15,1518,Clear,Daylight,-79.5932,43.6764
5001263243,11063,Driver,75 to 79,Major,"Automobile, Station Wagon",Going Ahead,0,0,1,0,0,0,0,1,0,1,1,0,0,15,1518,Clear,Daylight,-79.5932,43.6764
5001263243,11064,Driver,45 to 49,None,"Automobile, Station Wagon",Slowing or Stopping,0,0,1,0,0,0,0,1,0,1,1,0,0,15,1518,Clear,Daylight,-79.5932,43.6764
5001263243,11065,Passenger,70 to 74,Major,NULL,NULL,0,0,1,0,0,0,0,1,0,1,1,0,0,15,1518,Clear,Daylight,-79.5932,43.6764
5001361534,11087,Driver,60 to 64,None,"Automobile, Station Wagon",Going Ahead,0,0,1,0,0,0,0,1,0,1,0,0,0,0,40,Clear,"Dark, artificial",-79.582,43.7432
5001361534,11088,Driver,30 to 34,Minimal,"Automobile, Station Wagon",Stopped,0,0,1,0,0,0,0,1,0,1,0,0,0,0,40,Clear,"Dark, artificial",-79.582,43.7432
5001361534,11089,Passenger,30 to 34,Minimal,NULL,NULL,0,0,1,0,0,0,0,1,0,1,0,0,0,0,40,Clear,"Dark, artificial",-79.582,43.7432
5001361534,11090,Passenger,55 to 59,Minimal,NULL,NULL,0,0,1,0,0,0,0,1,0,1,0,0,0,0,40,Clear,"Dark, artificial",-79.582,43.7432
5001361534,11091,Passenger,5 to 9,Minimal,NULL,NULL,0,0,1,0,0,0,0,1,0,1,0,0,0,0,40,Clear,"Dark, artificial",-79.582,43.7432
5001361534,11092,Passenger,25 to 29,Major,NULL,NULL,0,0,1,0,0,0,0,1,0,1,0,0,0,0,40,Clear,"Dark, artificial",-79.582,43.7432
5001379991,11113,Driver,20 to 24,Minor,"Automobile, Station Wagon",Going Ahead,1,0,1,0,0,0,0,0,0,1,0,0,0,23,2307,Clear,"Dark, artificial",-79.4676,43.6725
5001379991,11220,Pedestrian,15 to 19,Major,NULL,NULL,1,0,1,0,0,0,0,0,0,1,0,0,0,23,2307,Clear,"Dark, artificial",-79.4676,43.6725
5001551226,11386,Driver,35 to 39,None,"Automobile, Station Wagon",Going Ahead,1,0,1,0,0,0,0,0,0,0,0,0,0,15,1500,Clear,Daylight,-79.3712,43.6489
5001551226,11387,Pedestrian,65 to 69,Major,NULL,NULL,1,0,1,0,0,0,0,0,0,0,0,0,0,15,1500,Clear,Daylight,-79.3712,43.6489
5001573262,11388,Driver,60 to 64,None,"Automobile, Station Wagon",Turning Left,1,0,1,0,0,0,0,0,0,1,0,0,0,21,2130,Rain,"Dark, artificial",-79.3904,43.6598
5001573262,11389,Pedestrian,30 to 34,Major,NULL,NULL,1,0,1,0,0,0,0,0,0,1,0,0,0,21,2130,Rain,"Dark, artificial",-79.3904,43.6598
5001573277,11390,Driver,45 to 49,None,"Automobile, Station Wagon",Going Ahead,1,0,1,0,0,0,0,1,0,0,0,0,0,21,2139,Rain,"Dark, artificial",-79.4082,43.6746
5001573277,11391,Passenger,10 to 14,None,NULL,NULL,1,0,1,0,0,0,0,1,0,0,0,0,0,21,2139,Rain,"Dark, artificial",-79.4082,43.6746
5001573277,11392,Passenger,10 to 14,None,NULL,NULL,1,0,1,0,0,0,0,1,0,0,0,0,0,21,2139,Rain,"Dark, artificial",-79.4082,43.6746
5001573277,11393,Pedestrian,60 to 64,Major,NULL,NULL,1,0,1,0,0,0,0,1,0,0,0,0,0,21,2139,Rain,"Dark, artificial",-79.4082,43.6746
5001646824,11422,Driver,20 to 24,None,"Automobile, Station Wagon",Going Ahead,0,0,1,0,0,0,0,1,0,1,0,0,0,17,1700,Clear,Daylight,-79.2199,43.7456
5001646824,11423,Driver,65 to 69,Minimal,"Automobile, Station Wagon",Going Ahead,0,0,1,0,0,0,0,1,0,1,0,0,0,17,1700,Clear,Daylight,-79.2199,43.7456
5001646824,11424,Driver,40 to 44,Major,"Automobile, Station Wagon",Going Ahead,0,0,1,0,0,0,0,1,0,1,0,0,0,17,1700,Clear,Daylight,-79.2199,43.7456
5001646824,11425,Passenger,60 to 64,Minimal,NULL,NULL,0,0,1,0,0,0,0,1,0,1,0,0,0,17,1700,Clear,Daylight,-79.2199,43.7456
5001646824,11426,Passenger,15 to 19,None,NULL,NULL,0,0,1,0,0,0,0,1,0,1,0,0,0,17,1700,Clear,Daylight,-79.2199,43.7456
5001652822,11427,Driver,60 to 64,None,"Automobile, Station Wagon",Turning Right,0,1,1,0,0,0,0,1,0,1,0,0,0,17,1715,Clear,Daylight,-79.3407,43.6535
5001652822,11428,Cyclist,40 to 44,Major,Bicycle,Going Ahead,0,1,1,0,0,0,0,1,0,1,0,0,0,17,1715,Clear,Daylight,-79.3407,43.6535
5001652822,11429,Passenger,65 to 69,None,NULL,NULL,0,1,1,0,0,0,0,1,0,1,0,0,0,17,1715,Clear,Daylight,-79.3407,43.6535
5001691895,11496,Driver,50 to 54,Minor,"Automobile, Station Wagon",Turning Left,0,0,1,1,0,0,0,1,1,1,0,0,0,24,2355,Clear,"Dark, artificial",-79.4714,43.7295
5001691895,11497,Motorcycle Passenger,20 to 24,Fatal,NULL,NULL,0,0,1,1,0,0,0,1,1,1,0,0,0,24,2355,Clear,"Dark, artificial",-79.4714,43.7295
5001691895,11495,Motorcycle Driver,30 to 34,None,Motorcycle,Going Ahead,0,0,1,1,0,0,0,1,1,1,0,0,0,24,2355,Clear,"Dark, artificial",-79.4714,43.7295
5001696184,11500,Driver,25 to 29,None,Pick Up Truck,Turning Left,1,0,1,0,0,0,0,0,0,1,0,0,0,17,1702,Clear,Daylight,-79.4805,43.6541
5001696184,11501,Pedestrian,75 to 79,Major,NULL,NULL,1,0,1,0,0,0,0,0,0,1,0,0,0,17,1702,Clear,Daylight,-79.4805,43.6541
5001754996,11533,Driver,60 to 64,Major,"Automobile, Station Wagon",Making U Turn,0,0,1,0,0,0,0,1,0,0,0,0,0,14,1445,Clear,Daylight,-79.4193,43.7323
5001754996,11534,Driver,30 to 34,Minor,"Automobile, Station Wagon",Going Ahead,0,0,1,0,0,0,0,1,0,0,0,0,0,14,1445,Clear,Daylight,-79.4193,43.7323
5001754996,11535,Passenger,unknown,Minor,NULL,NULL,0,0,1,0,0,0,0,1,0,0,0,0,0,14,1445,Clear,Daylight,-79.4193,43.7323
5001759901,11549,Driver,75 to 79,Major,"Automobile, Station Wagon",Turning Left,0,0,1,0,0,0,0,1,0,1,0,0,1,14,1440,Clear,Daylight,-79.4087,43.6344
5001759901,11550,Driver,25 to 29,Minimal,"Automobile, Station Wagon",Going Ahead,0,0,1,0,0,0,0,1,0,1,0,0,1,14,1440,Clear,Daylight,-79.4087,43.6344
5001759901,11551,Passenger,45 to 49,Minimal,NULL,NULL,0,0,1,0,0,0,0,1,0,1,0,0,1,14,1440,Clear,Daylight,-79.4087,43.6344
5001837340,12487,Driver,25 to 29,None,Passenger Van,Turning Right,1,0,1,0,0,0,0,0,0,1,0,0,0,19,1925,Clear,"Dark, artificial",-79.2461,43.737
5001837340,12488,Pedestrian,50 to 54,Major,NULL,NULL,1,0,1,0,0,0,0,0,0,1,0,0,0,19,1925,Clear,"Dark, artificial",-79.2461,43.737
5001851224,12495,Driver,50 to 54,None,"Automobile, Station Wagon",Going Ahead,1,0,1,0,0,0,0,0,0,1,0,0,0,6,616,Rain,"Dark, artificial",-79.5422,43.6576
5001851224,12496,Pedestrian,50 to 54,Major,NULL,NULL,1,0,1,0,0,0,0,0,0,1,0,0,0,6,616,Rain,"Dark, artificial",-79.5422,43.6576
5001865596,12497,Driver,75 to 79,Minor,"Automobile, Station Wagon",Turning Left,0,0,1,0,0,0,0,1,0,1,0,0,0,13,1320,Clear,Daylight,-79.5086,43.7209
5001865596,12498,Driver,50 to 54,None,Pick Up Truck,Going Ahead,0,0,1,0,0,0,0,1,0,1,0,0,0,13,1320,Clear,Daylight,-79.5086,43.7209
5001865596,12499,Driver,60 to 64,Minor,"Automobile, Station Wagon",Stopped,0,0,1,0,0,0,0,1,0,1,0,0,0,13,1320,Clear,Daylight,-79.5086,43.7209
5001865596,12500,Passenger,70 to 74,Major,NULL,NULL,0,0,1,0,0,0,0,1,0,1,0,0,0,13,1320,Clear,Daylight,-79.5086,43.7209
5001865596,12501,Passenger,55 to 59,Minor,NULL,NULL,0,0,1,0,0,0,0,1,0,1,0,0,0,13,1320,Clear,Daylight,-79.5086,43.7209
5001865596,12502,Passenger,60 to 64,Minimal,NULL,NULL,0,0,1,0,0,0,0,1,0,1,0,0,0,13,1320,Clear,Daylight,-79.5086,43.7209
5001872986,12509,Driver,40 to 44,None,Pick Up Truck,Going Ahead,0,0,1,0,0,0,0,1,0,1,1,0,0,17,1710,Clear,Daylight,-79.5337,43.6042
5001872986,12510,Driver,65 to 69,Minor,"Automobile, Station Wagon",Going Ahead,0,0,1,0,0,0,0,1,0,1,1,0,0,17,1710,Clear,Daylight,-79.5337,43.6042
5001872986,12515,Passenger,0 to 4,None,NULL,NULL,0,0,1,0,0,0,0,1,0,1,1,0,0,17,1710,Clear,Daylight,-79.5337,43.6042
5001872986,12511,Driver,25 to 29,Major,"Automobile, Station Wagon",Going Ahead,0,0,1,0,0,0,0,1,0,1,1,0,0,17,1710,Clear,Daylight,-79.5337,43.6042
5001872986,12512,Passenger,25 to 29,None,NULL,NULL,0,0,1,0,0,0,0,1,0,1,1,0,0,17,1710,Clear,Daylight,-79.5337,43.6042
5001872986,12513,Passenger,35 to 39,Minimal,NULL,NULL,0,0,1,0,0,0,0,1,0,1,1,0,0,17,1710,Clear,Daylight,-79.5337,43.6042
5001872986,12514,Passenger,20 to 24,None,NULL,NULL,0,0,1,0,0,0,0,1,0,1,1,0,0,17,1710,Clear,Daylight,-79.5337,43.6042
5001905504,12539,Driver,40 to 44,None,"Automobile, Station Wagon",Going Ahead,1,0,1,0,0,0,0,1,0,0,0,0,0,23,2310,Clear,"Dark, artificial",-79.3497,43.698
5001905504,12540,Passenger,35 to 39,None,NULL,NULL,1,0,1,0,0,0,0,1,0,0,0,0,0,23,2310,Clear,"Dark, artificial",-79.3497,43.698
5001905504,12541,Pedestrian,50 to 54,Major,NULL,NULL,1,0,1,0,0,0,0,1,0,0,0,0,0,23,2310,Clear,"Dark, artificial",-79.3497,43.698
5001910400,12544,Driver,20 to 24,Major,"Automobile, Station Wagon",Going Ahead,0,0,1,0,0,0,0,0,1,1,0,0,0,18,1836,Clear,"Dark, artificial",-79.4504,43.7348
5001910400,12545,Driver,35 to 39,Major,"Automobile, Station Wagon",Going Ahead,0,0,1,0,0,0,0,0,1,1,0,0,0,18,1836,Clear,"Dark, artificial",-79.4504,43.7348
5001964890,12569,Driver,50 to 54,Major,"Automobile, Station Wagon",Turning Left,0,0,1,0,0,0,0,1,0,0,0,0,0,6,615,Clear,"Dawn, artificial",-79.3996,43.6364
5001964890,12570,Driver,45 to 49,None,Pick Up Truck,Going Ahead,0,0,1,0,0,0,0,1,0,0,0,0,0,6,615,Clear,"Dawn, artificial",-79.3996,43.6364
5001964890,12571,Passenger,50 to 54,Minor,NULL,NULL,0,0,1,0,0,0,0,1,0,0,0,0,0,6,615,Clear,"Dawn, artificial",-79.3996,43.6364
5001980850,12572,Driver,65 to 69,None,"Automobile, Station Wagon",Going Ahead,1,0,1,0,0,0,0,0,0,0,0,0,0,17,1710,Rain,"Dark, artificial",-79.2191,43.7437
5001980850,12573,Driver,50 to 54,None,"Automobile, Station Wagon",Going Ahead,1,0,1,0,0,0,0,0,0,0,0,0,0,17,1710,Rain,"Dark, artificial",-79.2191,43.7437
5001980850,12574,Pedestrian,45 to 49,Fatal,NULL,NULL,1,0,1,0,0,0,0,0,0,0,0,0,0,17,1710,Rain,"Dark, artificial",-79.2191,43.7437
5001982660,12575,Driver,35 to 39,None,"Automobile, Station Wagon",Going Ahead,1,0,1,0,0,0,0,0,0,0,0,0,0,0,40,Rain,"Dark, artificial",-79.1755,43.8073
5001982660,12576,Pedestrian,60 to 64,Major,NULL,NULL,1,0,1,0,0,0,0,0,0,0,0,0,0,0,40,Rain,"Dark, artificial",-79.1755,43.8073
5002036269,12600,Driver,25 to 29,Minor,"Automobile, Station Wagon",Going Ahead,0,0,1,0,0,0,0,1,0,1,0,0,0,16,1644,Clear,"Dark, artificial",-79.5723,43.7234
5002036269,12601,Driver,45 to 49,Minor,"Automobile, Station Wagon",Stopped,0,0,1,0,0,0,0,1,0,1,0,0,0,16,1644,Clear,"Dark, artificial",-79.5723,43.7234
5002036269,12602,Driver,50 to 54,Major,"Automobile, Station Wagon",Stopped,0,0,1,0,0,0,0,1,0,1,0,0,0,16,1644,Clear,"Dark, artificial",-79.5723,43.7234
5002036269,12603,Passenger,5 to 9,None,NULL,NULL,0,0,1,0,0,0,0,1,0,1,0,0,0,16,1644,Clear,"Dark, artificial",-79.5723,43.7234
5002036269,12604,Passenger,0 to 4,None,NULL,NULL,0,0,1,0,0,0,0,1,0,1,0,0,0,16,1644,Clear,"Dark, artificial",-79.5723,43.7234
4002589073,10890,Driver,60 to 64,None,"Automobile, Station Wagon",Going Ahead,1,0,1,0,0,0,0,0,0,0,0,0,0,15,1501,Clear,Daylight,-79.4342,43.7384
4002616859,10899,Driver,65 to 69,None,"Automobile, Station Wagon",Going Ahead,0,1,1,0,0,0,0,0,0,0,0,0,0,17,1730,Clear,Daylight,-79.3076,43.693
4002616859,10900,Cyclist,25 to 29,Major,Bicycle,Going Ahead,0,1,1,0,0,0,0,0,0,0,0,0,0,17,1730,Clear,Daylight,-79.3076,43.693
4002650961,10917,Motorcycle Driver,35 to 39,Major,Motorcycle,Going Ahead,0,0,0,1,0,0,0,0,0,0,0,0,0,1,100,Clear,"Dusk, artificial",-79.5956,43.7172
4002781365,10612,Driver,30 to 34,None,"Automobile, Station Wagon",Turning Right,0,1,1,0,0,0,0,0,0,0,0,0,0,17,1720,Clear,Daylight,-79.4633,43.6827
4002781365,10613,Cyclist,30 to 34,Major,Bicycle,Turning Right,0,1,1,0,0,0,0,0,0,0,0,0,0,17,1720,Clear,Daylight,-79.4633,43.6827
4002824583,10621,Driver,unknown,None,"Automobile, Station Wagon",Going Ahead,0,1,1,0,0,0,0,0,0,1,0,0,0,12,1200,Clear,Daylight,-79.3737,43.6672
4002824583,10622,Cyclist,50 to 54,Major,Bicycle,Going Ahead,0,1,1,0,0,0,0,0,0,1,0,0,0,12,1200,Clear,Daylight,-79.3737,43.6672
4002864815,11225,Driver,25 to 29,None,"Automobile, Station Wagon",Going Ahead,1,0,1,0,0,0,0,0,0,0,0,0,0,21,2130,Clear,"Dark, artificial",-79.4155,43.7797
4002864815,11226,Pedestrian,20 to 24,Major,NULL,NULL,1,0,1,0,0,0,0,0,0,0,0,0,0,21,2130,Clear,"Dark, artificial",-79.4155,43.7797
4002987190,11871,Driver,50 to 54,None,"Automobile, Station Wagon",Turning Right,0,1,1,0,0,0,0,0,0,0,0,0,0,12,1153,Clear,Daylight,-79.4528,43.7333
4002987190,11872,Cyclist,20 to 24,Major,Bicycle,Going Ahead,0,1,1,0,0,0,0,0,0,0,0,0,0,12,1153,Clear,Daylight,-79.4528,43.7333
4003003255,11873,Motorcycle Driver,45 to 49,Major,Motorcycle,Unknown,0,0,0,1,0,0,0,0,0,0,0,0,0,18,1820,Clear,Daylight,-79.4471,43.7242
4003063238,11897,Driver,50 to 54,Major,"Automobile, Station Wagon",Going Ahead,0,0,1,0,0,0,0,0,1,1,0,1,0,23,2348,Clear,"Dark, artificial",-79.5679,43.7498
4003102605,11916,Driver,50 to 54,None,"Automobile, Station Wagon",Turning Left,0,0,1,1,0,0,0,0,0,1,0,0,0,14,1448,Clear,Daylight,-79.3193,43.7958
4003102605,11917,Motorcycle Driver,20 to 24,Major,Motorcycle,Going Ahead,0,0,1,1,0,0,0,0,0,1,0,0,0,14,1448,Clear,Daylight,-79.3193,43.7958
4003143526,11118,Driver,25 to 29,None,"Automobile, Station Wagon",Going Ahead,0,0,1,1,0,0,0,0,0,1,1,0,0,22,2229,Rain,"Dark, artificial",-79.3846,43.6504
4003143526,11228,Motorcycle Driver,35 to 39,Major,Motorcycle,Going Ahead,0,0,1,1,0,0,0,0,0,1,1,0,0,22,2229,Rain,"Dark, artificial",-79.3846,43.6504
4003149103,11237,Driver,60 to 64,Minimal,"Automobile, Station Wagon",Turning Left,0,0,1,0,0,0,0,1,0,1,0,0,0,20,2015,Rain,"Dark, artificial",-79.4294,43.7378
4003149103,11238,Driver,55 to 59,Major,Pick Up Truck,Going Ahead,0,0,1,0,0,0,0,1,0,1,0,0,0,20,2015,Rain,"Dark, artificial",-79.4294,43.7378
4003149103,11239,Passenger,50 to 54,Minimal,NULL,NULL,0,0,1,0,0,0,0,1,0,1,0,0,0,20,2015,Rain,"Dark, artificial",-79.4294,43.7378
4003162994,11249,Driver,25 to 29,Minimal,"Automobile, Station Wagon",Changing Lanes,0,0,1,0,0,1,0,1,0,0,0,0,0,23,2315,Clear,"Dark, artificial",-79.4124,43.7674
4003162994,11250,Driver,20 to 24,Minimal,"Automobile, Station Wagon",Going Ahead,0,0,1,0,0,1,0,1,0,0,0,0,0,23,2315,Clear,"Dark, artificial",-79.4124,43.7674
4003162994,11251,Driver,35 to 39,None,Intercity Bus,Going Ahead,0,0,1,0,0,1,0,1,0,0,0,0,0,23,2315,Clear,"Dark, artificial",-79.4124,43.7674
4003162994,11252,Passenger,20 to 24,Minor,NULL,NULL,0,0,1,0,0,1,0,1,0,0,0,0,0,23,2315,Clear,"Dark, artificial",-79.4124,43.7674
4003162994,11253,Passenger,20 to 24,Minor,NULL,NULL,0,0,1,0,0,1,0,1,0,0,0,0,0,23,2315,Clear,"Dark, artificial",-79.4124,43.7674
4003162994,11254,Passenger,20 to 24,Major,NULL,NULL,0,0,1,0,0,1,0,1,0,0,0,0,0,23,2315,Clear,"Dark, artificial",-79.4124,43.7674
4003162994,11255,Passenger,20 to 24,Minor,NULL,NULL,0,0,1,0,0,1,0,1,0,0,0,0,0,23,2315,Clear,"Dark, artificial",-79.4124,43.7674
4003162994,11256,Passenger,25 to 29,Minimal,NULL,NULL,0,0,1,0,0,1,0,1,0,0,0,0,0,23,2315,Clear,"Dark, artificial",-79.4124,43.7674
4003162994,11257,Passenger,unknown,None,NULL,NULL,0,0,1,0,0,1,0,1,0,0,0,0,0,23,2315,Clear,"Dark, artificial",-79.4124,43.7674
4003257164,11286,Driver,30 to 34,None,Pick Up Truck,Going Ahead,1,0,1,0,0,0,0,0,0,0,0,0,0,12,1247,Clear,Daylight,-79.3594,43.8093
4003257164,11287,Pedestrian,70 to 74,Fatal,NULL,NULL,1,0,1,0,0,0,0,0,0,0,0,0,0,12,1247,Clear,Daylight,-79.3594,43.8093
4003258482,11288,Driver,60 to 64,None,NULL,Turning Right,1,0,0,0,0,0,0,0,0,0,0,0,0,17,1700,Clear,"Daylight, artificial",-79.2306,43.7734
4003258482,11289,Pedestrian,65 to 69,Major,NULL,NULL,1,0,0,0,0,0,0,0,0,0,0,0,0,17,1700,Clear,"Daylight, artificial",-79.2306,43.7734
4003276888,11304,Driver,30 to 34,None,"Automobile, Station Wagon",Going Ahead,1,0,1,0,0,0,0,0,0,0,0,0,0,18,1750,Clear,Dark,-79.5466,43.6969
4003276888,11305,Pedestrian,10 to 14,Major,NULL,NULL,1,0,1,0,0,0,0,0,0,0,0,0,0,18,1750,Clear,Dark,-79.5466,43.6969
4003340766,11316,Driver,50 to 54,None,Pick Up Truck,Turning Left,1,0,1,0,0,0,0,0,0,1,0,0,0,10,1005,Clear,Daylight,-79.4633,43.6827
4003340766,11317,Pedestrian,70 to 74,Major,NULL,NULL,1,0,1,0,0,0,0,0,0,1,0,0,0,10,1005,Clear,Daylight,-79.4633,43.6827
4003375177,11224,Pedestrian,55 to 59,Major,NULL,NULL,1,0,1,0,0,0,0,0,0,0,0,0,0,18,1808,Clear,"Dark, artificial",-79.2859,43.6869
4003375177,11116,Driver,80 to 84,None,"Automobile, Station Wagon",Going Ahead,1,0,1,0,0,0,0,0,0,0,0,0,0,18,1808,Clear,"Dark, artificial",-79.2859,43.6869
4003516677,11624,Driver,25 to 29,None,Municipal Transit Bus (TTC),Turning Right,1,0,0,0,0,1,0,0,0,1,0,0,0,17,1740,Clear,Dark,-79.2275,43.8162
4003516677,11625,Pedestrian,10 to 14,Fatal,NULL,NULL,1,0,0,0,0,1,0,0,0,1,0,0,0,17,1740,Clear,Dark,-79.2275,43.8162
4003526196,11635,Driver,60 to 64,Major,"Automobile, Station Wagon",Other,0,0,1,0,0,0,0,1,0,0,0,0,1,11,1132,Clear,Daylight,-79.223,43.7529
4003526196,11636,Passenger,55 to 59,Minor,NULL,NULL,0,0,1,0,0,0,0,1,0,0,0,0,1,11,1132,Clear,Daylight,-79.223,43.7529
4003538995,11642,Driver,80 to 84,None,"Automobile, Station Wagon",Turning Left,1,0,1,0,0,0,0,0,0,1,0,0,0,16,1638,Rain,Dusk,-79.3864,43.6981
4003538995,11643,Pedestrian,70 to 74,Major,NULL,NULL,1,0,1,0,0,0,0,0,0,1,0,0,0,16,1638,Rain,Dusk,-79.3864,43.6981
4003563376,11654,Truck Driver,20 to 24,None,Truck (other),Going Ahead,1,0,0,0,1,0,0,1,0,0,0,0,0,18,1809,Clear,"Dark, artificial",-79.3154,43.777
4003563376,11655,Passenger,20 to 24,None,NULL,NULL,1,0,0,0,1,0,0,1,0,0,0,0,0,18,1809,Clear,"Dark, artificial",-79.3154,43.777
4003563376,11656,Passenger,20 to 24,None,NULL,NULL,1,0,0,0,1,0,0,1,0,0,0,0,0,18,1809,Clear,"Dark, artificial",-79.3154,43.777