ACCNUM,ObjectId,INVTYPE,INVAGE,INJURY,VEHTYPE,MANOEUVER,PEDESTRIAN,CYCLIST,AUTOMOBILE,MOTORCYCLE,TRUCK,TRSN_CITY_VEH,EMERG_VEH,PASSENGER,SPEEDING,AG_DRIV,REDLIGHT,ALCOHOL,DISABILITY,HOUR,TIME,VISIBILITY,LIGHT,collision_lat,collision_long
6001157650,12124,Driver,30 to 34,Major,"Automobile, Station Wagon",Going Ahead,0,0,1,0,0,0,0,1,1,1,0,0,0,18,1812,Clear,Daylight,-79.3634,43.6458
6001283246,12176,Driver,65 to 69,None,Passenger Van,Reversing,0,1,1,0,0,0,0,1,0,0,0,0,0,21,2127,Clear,"Dark, artificial",-79.5634,43.6532
6001283246,12177,Cyclist,20 to 24,Major,Bicycle,Going Ahead,0,1,1,0,0,0,0,1,0,0,0,0,0,21,2127,Clear,"Dark, artificial",-79.5634,43.6532
6001283246,12178,Passenger,35 to 39,None,NULL,NULL,0,1,1,0,0,0,0,1,0,0,0,0,0,21,2127,Clear,"Dark, artificial",-79.5634,43.6532
6001326720,12201,Pedestrian,80 to 84,Fatal,NULL,NULL,1,0,0,0,1,0,0,0,0,0,0,0,0,15,1450,Clear,Daylight,-79.3649,43.6569
6001326720,12202,Truck Driver,45 to 49,None,Truck - Dump,Going Ahead,1,0,0,0,1,0,0,0,0,0,0,0,0,15,1450,Clear,Daylight,-79.3649,43.6569
6001359904,12222,Driver,55 to 59,None,Passenger Van,Turning Left,1,0,1,0,0,0,0,1,0,1,0,0,0,21,2112,Clear,"Dark, artificial",-79.3918,43.6415
6001359904,12230,Passenger,35 to 39,None,NULL,NULL,1,0,1,0,0,0,0,1,0,1,0,0,0,21,2112,Clear,"Dark, artificial",-79.3918,43.6415
6001359904,12231,Pedestrian,25 to 29,Major,NULL,NULL,1,0,1,0,0,0,0,1,0,1,0,0,0,21,2112,Clear,"Dark, artificial",-79.3918,43.6415
6001363275,12232,Driver,25 to 29,Minor,"Automobile, Station Wagon",Turning Left,0,0,1,0,0,0,0,0,0,1,0,0,0,12,1154,Clear,Daylight,-79.4292,43.7959
6001363275,12233,Driver,60 to 64,Major,"Automobile, Station Wagon",Going Ahead,0,0,1,0,0,0,0,0,0,1,0,0,0,12,1154,Clear,Daylight,-79.4292,43.7959
6001479157,12290,Driver,20 to 24,Major,"Automobile, Station Wagon",Unknown,0,0,1,0,0,0,0,0,1,1,0,0,0,6,634,Clear,Daylight,-79.363,43.7907
6001481386,12291,Driver,35 to 39,None,"Automobile, Station Wagon",Turning Left,0,0,1,0,0,0,0,1,0,0,0,0,0,16,1617,Clear,Daylight,-79.6075,43.7442
6001481386,12292,Driver,40 to 44,None,"Automobile, Station Wagon",Going Ahead,0,0,1,0,0,0,0,1,0,0,0,0,0,16,1617,Clear,Daylight,-79.6075,43.7442
6001481386,12293,Passenger,35 to 39,Major,NULL,NULL,0,0,1,0,0,0,0,1,0,0,0,0,0,16,1617,Clear,Daylight,-79.6075,43.7442
6001486402,12294,Driver,60 to 64,None,"Automobile, Station Wagon",Turning Left,1,0,1,0,0,0,0,0,0,1,0,0,0,13,1312,Clear,Daylight,-79.4314,43.6495
6001486402,12295,Pedestrian,70 to 74,Major,NULL,NULL,1,0,1,0,0,0,0,0,0,1,0,0,0,13,1312,Clear,Daylight,-79.4314,43.6495
6001513720,12308,Driver,unknown,None,"Automobile, Station Wagon",Turning Left,0,1,1,0,0,0,0,0,0,1,0,0,0,16,1600,Clear,Daylight,-79.3037,43.752
6001513720,12309,Cyclist,50 to 54,Major,Bicycle,Going Ahead,0,1,1,0,0,0,0,0,0,1,0,0,0,16,1600,Clear,Daylight,-79.3037,43.752
6001519318,12313,Driver,70 to 74,None,"Automobile, Station Wagon",Turning Left,1,0,1,0,0,0,0,0,0,1,0,0,0,14,1356,Clear,Daylight,-79.4988,43.6174
6001519318,12314,Pedestrian,65 to 69,Major,NULL,NULL,1,0,1,0,0,0,0,0,0,1,0,0,0,14,1356,Clear,Daylight,-79.4988,43.6174
6001599913,12937,Driver,35 to 39,Major,"Automobile, Station Wagon",Going Ahead,0,0,1,0,0,0,0,0,0,0,0,0,0,6,610,Clear,"Dark, artificial",-79.3249,43.7794
6001648005,12954,Driver,50 to 54,None,"Automobile, Station Wagon",Reversing,1,0,1,0,0,0,0,0,0,1,0,0,0,12,1242,Clear,Daylight,-79.4829,43.7547
6001648005,12955,Pedestrian,80 to 84,Fatal,NULL,NULL,1,0,1,0,0,0,0,0,0,1,0,0,0,12,1242,Clear,Daylight,-79.4829,43.7547
6001650779,12959,Driver,20 to 24,Minor,"Automobile, Station Wagon",Going Ahead,0,0,1,0,0,0,0,0,1,1,0,0,0,20,1955,Clear,"Dark, artificial",-79.3085,43.7108
6001650779,12960,Driver,55 to 59,Major,"Automobile, Station Wagon",Stopped,0,0,1,0,0,0,0,0,1,1,0,0,0,20,1955,Clear,"Dark, artificial",-79.3085,43.7108
6001719331,12930,Driver,40 to 44,None,"Automobile, Station Wagon",Going Ahead,1,0,1,0,0,0,0,0,0,0,0,0,0,20,2040,Clear,"Dark, artificial",-79.336,43.669
6001719331,12931,Pedestrian,60 to 64,Major,NULL,NULL,1,0,1,0,0,0,0,0,0,0,0,0,0,20,2040,Clear,"Dark, artificial",-79.336,43.669
6001757672,13020,Driver,20 to 24,Major,"Automobile, Station Wagon",Going Ahead,0,0,1,0,0,0,0,0,1,1,0,0,0,13,1317,Clear,Daylight,-79.4176,43.6815
6001757672,13021,Driver,50 to 54,None,"Automobile, Station Wagon",Going Ahead,0,0,1,0,0,0,0,0,1,1,0,0,0,13,1317,Clear,Daylight,-79.4176,43.6815
6001965886,13100,Driver,20 to 24,None,"Automobile, Station Wagon",Going Ahead,0,0,1,0,0,0,0,1,1,1,0,0,0,0,32,Clear,Dark,-79.4018,43.6373
6001965886,13101,Driver,30 to 34,None,Pick Up Truck,Making U Turn,0,0,1,0,0,0,0,1,1,1,0,0,0,0,32,Clear,Dark,-79.4018,43.6373
6001965886,13102,Driver,50 to 54,None,"Automobile, Station Wagon",Stopped,0,0,1,0,0,0,0,1,1,1,0,0,0,0,32,Clear,Dark,-79.4018,43.6373
6001965886,13103,Passenger,20 to 24,Major,NULL,NULL,0,0,1,0,0,0,0,1,1,1,0,0,0,0,32,Clear,Dark,-79.4018,43.6373
6001976341,13106,Driver,75 to 79,None,Passenger Van,Going Ahead,1,0,1,0,0,0,0,0,0,0,0,0,0,19,1900,Clear,"Dark, artificial",-79.2377,43.7914
6001976341,13107,Other,50 to 54,None,NULL,NULL,1,0,1,0,0,0,0,0,0,0,0,0,0,19,1900,Clear,"Dark, artificial",-79.2377,43.7914
6001976341,13108,Pedestrian,70 to 74,Major,NULL,NULL,1,0,1,0,0,0,0,0,0,0,0,0,0,19,1900,Clear,"Dark, artificial",-79.2377,43.7914
6001979162,13118,Driver,55 to 59,None,"Automobile, Station Wagon",Turning Left,1,0,1,0,0,0,0,1,0,1,0,0,0,9,935,Clear,Daylight,-79.3973,43.6766
6001979162,13221,Driver,50 to 54,Minor,"Automobile, Station Wagon",Going Ahead,1,0,1,0,0,0,0,1,0,1,0,0,0,9,935,Clear,Daylight,-79.3973,43.6766
6001979162,13229,Passenger,55 to 59,Minor,"Automobile, Station Wagon",NULL,1,0,1,0,0,0,0,1,0,1,0,0,0,9,935,Clear,Daylight,-79.3973,43.6766
6001979162,13237,Pedestrian,25 to 29,Major,NULL,NULL,1,0,1,0,0,0,0,1,0,1,0,0,0,9,935,Clear,Daylight,-79.3973,43.6766
6001989183,13472,Pedestrian,15 to 19,Major,NULL,NULL,1,0,1,0,0,0,0,0,0,1,0,0,0,18,1833,Rain,"Dark, artificial",-79.5404,43.6831
6001989183,13466,Driver,65 to 69,None,"Automobile, Station Wagon",Turning Left,1,0,1,0,0,0,0,0,0,1,0,0,0,18,1833,Rain,"Dark, artificial",-79.5404,43.6831
6002047256,13688,Driver,45 to 49,None,Intercity Bus,Going Ahead,1,0,0,0,0,1,0,0,0,0,0,0,0,3,318,Clear,"Dark, artificial",-79.4108,43.7614
6002047256,13689,Pedestrian,20 to 24,Major,Intercity Bus,Going Ahead,1,0,0,0,0,1,0,0,0,0,0,0,0,3,318,Clear,"Dark, artificial",-79.4108,43.7614
6002116209,13724,Driver,55 to 59,None,"Automobile, Station Wagon",Going Ahead,1,0,1,0,0,0,0,1,0,0,0,0,0,7,720,Rain,"Dawn, artificial",-79.565,43.656
6002116209,13725,Pedestrian,70 to 74,Major,NULL,NULL,1,0,1,0,0,0,0,1,0,0,0,0,0,7,720,Rain,"Dawn, artificial",-79.565,43.656
6002116209,13726,Passenger,50 to 54,None,NULL,NULL,1,0,1,0,0,0,0,1,0,0,0,0,0,7,720,Rain,"Dawn, artificial",-79.565,43.656
6002149111,13737,Driver,15 to 19,None,"Automobile, Station Wagon",Going Ahead,0,0,1,0,0,0,0,1,0,1,1,1,0,7,706,Clear,Dawn,-79.2093,43.7459
6002149111,13738,Driver,55 to 59,Minor,"Automobile, Station Wagon",Going Ahead,0,0,1,0,0,0,0,1,0,1,1,1,0,7,706,Clear,Dawn,-79.2093,43.7459
6002149111,13739,Passenger,30 to 34,Major,NULL,NULL,0,0,1,0,0,0,0,1,0,1,1,1,0,7,706,Clear,Dawn,-79.2093,43.7459
6002243964,13351,Truck Driver,25 to 29,None,Truck - Tank,Going Ahead,1,0,0,0,1,0,0,0,0,0,0,0,0,11,1132,Clear,Daylight,-79.3886,43.7693
6002243964,13360,Pedestrian,65 to 69,Major,NULL,NULL,1,0,0,0,1,0,0,0,0,0,0,0,0,11,1132,Clear,Daylight,-79.3886,43.7693
7000044336,13639,Pedestrian,65 to 69,Major,NULL,NULL,1,0,1,0,0,0,0,0,0,1,0,0,0,13,1311,Clear,Daylight,-79.4169,43.6798
7000044336,13640,Pedestrian,55 to 59,Major,NULL,NULL,1,0,1,0,0,0,0,0,0,1,0,0,0,13,1311,Clear,Daylight,-79.4169,43.6798
7000044336,13638,Driver,55 to 59,None,"Automobile, Station Wagon",Turning Left,1,0,1,0,0,0,0,0,0,1,0,0,0,13,1311,Clear,Daylight,-79.4169,43.6798
7000058719,13643,Driver,55 to 59,None,"Automobile, Station Wagon",Going Ahead,1,0,1,0,0,0,0,1,0,0,0,0,0,20,2003,Rain,"Dark, artificial",-79.3749,43.6511
7000058719,13644,Pedestrian,50 to 54,Major,NULL,NULL,1,0,1,0,0,0,0,1,0,0,0,0,0,20,2003,Rain,"Dark, artificial",-79.3749,43.6511
7000058719,13645,Passenger,15 to 19,None,NULL,NULL,1,0,1,0,0,0,0,1,0,0,0,0,0,20,2003,Rain,"Dark, artificial",-79.3749,43.6511
6001446484,12270,Pedestrian,65 to 69,Major,NULL,NULL,1,0,1,0,0,0,0,0,0,1,0,0,0,9,917,Rain,Daylight,-79.3695,43.6681
6001470144,12284,Motorcycle Driver,20 to 24,Major,Motorcycle,Overtaking,0,0,1,1,0,0,0,0,1,1,0,0,0,19,1948,Clear,Daylight,-79.1882,43.7998
6001470144,12285,Driver,60 to 64,None,Pick Up Truck,Going Ahead,0,0,1,1,0,0,0,0,1,1,0,0,0,19,1948,Clear,Daylight,-79.1882,43.7998
6001474436,12286,Driver,80 to 84,Major,"Automobile, Station Wagon",Going Ahead,0,0,1,0,1,0,0,0,1,1,0,0,0,13,1323,Clear,Daylight,-79.5131,43.7393
6001474436,12287,Driver,60 to 64,Minimal,"Automobile, Station Wagon",Going Ahead,0,0,1,0,1,0,0,0,1,1,0,0,0,13,1323,Clear,Daylight,-79.5131,43.7393
6001474436,12288,Truck Driver,20 to 24,None,Truck (other),Going Ahead,0,0,1,0,1,0,0,0,1,1,0,0,0,13,1323,Clear,Daylight,-79.5131,43.7393
6001474436,12289,Truck Driver,45 to 49,None,Truck (other),Going Ahead,0,0,1,0,1,0,0,0,1,1,0,0,0,13,1323,Clear,Daylight,-79.5131,43.7393
6001553958,12435,Motorcycle Driver,30 to 34,Fatal,Motorcycle,Going Ahead,0,0,1,1,0,0,0,0,0,0,0,0,0,22,2230,Clear,"Dark, artificial",-79.3774,43.642
6001553958,12442,Driver,65 to 69,None,"Automobile, Station Wagon",Turning Left,0,0,1,1,0,0,0,0,0,0,0,0,0,22,2230,Clear,"Dark, artificial",-79.3774,43.642
6001576323,12919,Driver,80 to 84,None,"Automobile, Station Wagon",Turning Left,0,0,1,1,0,0,0,1,0,1,0,0,0,16,1600,Clear,Daylight,-79.2792,43.6821
6001576323,12920,Motorcycle Driver,55 to 59,Major,Motorcycle,Going Ahead,0,0,1,1,0,0,0,1,0,1,0,0,0,16,1600,Clear,Daylight,-79.2792,43.6821
6001576323,12921,Driver,50 to 54,None,"Automobile, Station Wagon",Stopped,0,0,1,1,0,0,0,1,0,1,0,0,0,16,1600,Clear,Daylight,-79.2792,43.6821
6001576323,12922,Passenger,50 to 54,None,NULL,NULL,0,0,1,1,0,0,0,1,0,1,0,0,0,16,1600,Clear,Daylight,-79.2792,43.6821
6001576323,12923,Passenger,55 to 59,None,NULL,NULL,0,0,1,1,0,0,0,1,0,1,0,0,0,16,1600,Clear,Daylight,-79.2792,43.6821
6001647391,12952,Cyclist,40 to 44,Major,Bicycle,Going Ahead,0,1,0,0,1,0,0,0,0,0,0,0,0,10,1047,Clear,Daylight,-79.3111,43.7779
6001647391,12953,Truck Driver,50 to 54,None,Truck - Dump,Turning Left,0,1,0,0,1,0,0,0,0,0,0,0,0,10,1047,Clear,Daylight,-79.3111,43.7779
6001650762,12956,Driver,20 to 24,None,"Automobile, Station Wagon",Going Ahead,1,0,1,0,0,0,0,1,0,0,0,0,0,20,1955,Clear,Dark,-79.5441,43.5992
6001650762,12957,Pedestrian,10 to 14,Major,NULL,NULL,1,0,1,0,0,0,0,1,0,0,0,0,0,20,1955,Clear,Dark,-79.5441,43.5992
6001650762,12958,Passenger,20 to 24,None,NULL,NULL,1,0,1,0,0,0,0,1,0,0,0,0,0,20,1955,Clear,Dark,-79.5441,43.5992
6001758127,13022,Driver,85 to 89,None,"Automobile, Station Wagon",Turning Left,0,1,1,0,0,0,0,0,0,0,0,0,0,14,1426,Clear,Daylight,-79.4767,43.703
6001758127,13023,Cyclist,45 to 49,Major,Bicycle,Going Ahead,0,1,1,0,0,0,0,0,0,0,0,0,0,14,1426,Clear,Daylight,-79.4767,43.703
6001802808,13040,Driver,20 to 24,None,"Automobile, Station Wagon",Going Ahead,0,0,1,0,0,0,0,0,0,1,0,0,0,16,1608,Clear,Daylight,-79.1457,43.7885
6001802808,13041,Driver,25 to 29,Minimal,"Automobile, Station Wagon",Turning Left,0,0,1,0,0,0,0,0,0,1,0,0,0,16,1608,Clear,Daylight,-79.1457,43.7885
6001802808,13042,Driver,60 to 64,Major,"Automobile, Station Wagon",Going Ahead,0,0,1,0,0,0,0,0,0,1,0,0,0,16,1608,Clear,Daylight,-79.1457,43.7885
6001862709,13054,Driver,20 to 24,None,"Automobile, Station Wagon",Turning Left,0,1,1,0,0,0,0,0,0,0,0,0,0,20,2046,Clear,"Dark, artificial",-79.436,43.651
6001862709,13055,Cyclist,30 to 34,Major,Bicycle,Going Ahead,0,1,1,0,0,0,0,0,0,0,0,0,0,20,2046,Clear,"Dark, artificial",-79.436,43.651
6001911246,13068,Driver,60 to 64,None,"Automobile, Station Wagon",Going Ahead,1,0,1,0,0,0,0,0,0,0,0,0,0,15,1506,Rain,Daylight,-79.4937,43.7816
6001911246,13069,Pedestrian,25 to 29,Major,NULL,NULL,1,0,1,0,0,0,0,0,0,0,0,0,0,15,1506,Rain,Daylight,-79.4937,43.7816
6001958569,13099,Driver,20 to 24,Major,"Automobile, Station Wagon",Going Ahead,0,0,1,0,0,0,0,0,0,0,0,0,0,22,2201,Clear,Dark,-79.4494,43.7274
6001974222,13104,Pedestrian,Over 95,Fatal,NULL,NULL,1,0,1,0,0,0,0,0,0,1,0,0,0,12,1155,Clear,Daylight,-79.5077,43.6481
6001974222,13105,Driver,25 to 29,None,Pick Up Truck,Turning Right,1,0,1,0,0,0,0,0,0,1,0,0,0,12,1155,Clear,Daylight,-79.5077,43.6481
6001982704,13245,Driver,40 to 44,None,"Automobile, Station Wagon",Going Ahead,1,0,1,0,0,0,0,1,0,0,0,0,0,19,1911,Clear,Dark,-79.5248,43.6478
6001982704,13341,Driver,50 to 54,None,Pick Up Truck,Going Ahead,1,0,1,0,0,0,0,1,0,0,0,0,0,19,1911,Clear,Dark,-79.5248,43.6478
6001982704,13346,Driver,45 to 49,None,"Automobile, Station Wagon",Going Ahead,1,0,1,0,0,0,0,1,0,0,0,0,0,19,1911,Clear,Dark,-79.5248,43.6478
6001982704,13349,Driver,30 to 34,None,"Automobile, Station Wagon",Going Ahead,1,0,1,0,0,0,0,1,0,0,0,0,0,19,1911,Clear,Dark,-79.5248,43.6478
6001982704,13355,Pedestrian,50 to 54,Major,NULL,NULL,1,0,1,0,0,0,0,1,0,0,0,0,0,19,1911,Clear,Dark,-79.5248,43.6478
6001982704,13362,Passenger,10 to 14,None,NULL,NULL,1,0,1,0,0,0,0,1,0,0,0,0,0,19,1911,Clear,Dark,-79.5248,43.6478
6001982704,13459,Passenger,5 to 9,None,NULL,NULL,1,0,1,0,0,0,0,1,0,0,0,0,0,19,1911,Clear,Dark,-79.5248,43.6478
6002090598,13705,Passenger,20 to 24,Minimal,NULL,NULL,0,0,1,0,0,0,0,1,1,1,0,0,0,3,251,"Fog, Mist, Smoke, Dust","Dark, artificial",-79.2862,43.8036
6002090598,13706,Passenger,15 to 19,None,NULL,NULL,0,0,1,0,0,0,0,1,1,1,0,0,0,3,251,"Fog, Mist, Smoke, Dust","Dark, artificial",-79.2862,43.8036
6002090598,13707,Passenger,25 to 29,None,NULL,NULL,0,0,1,0,0,0,0,1,1,1,0,0,0,3,251,"Fog, Mist, Smoke, Dust","Dark, artificial",-79.2862,43.8036
6002090598,13708,Passenger,15 to 19,Minimal,NULL,NULL,0,0,1,0,0,0,0,1,1,1,0,0,0,3,251,"Fog, Mist, Smoke, Dust","Dark, artificial",-79.2862,43.8036
6002090598,13703,Driver,20 to 24,None,"Automobile, Station Wagon",Going Ahead,0,0,1,0,0,0,0,1,1,1,0,0,0,3,251,"Fog, Mist, Smoke, Dust","Dark, artificial",-79.2862,43.8036
6002090598,13704,Driver,20 to 24,Major,"Automobile, Station Wagon",Turning Left,0,0,1,0,0,0,0,1,1,1,0,0,0,3,251,"Fog, Mist, Smoke, Dust","Dark, artificial",-79.2862,43.8036
6002165166,13746,Driver,20 to 24,None,"Automobile, Station Wagon",Turning Left,1,0,1,0,0,0,0,0,0,0,0,0,0,18,1836,Rain,"Dark, artificial",-79.4273,43.6388
6002165166,13747,Pedestrian,80 to 84,Major,NULL,NULL,1,0,1,0,0,0,0,0,0,0,0,0,0,18,1836,Rain,"Dark, artificial",-79.4273,43.6388
6002204078,13759,Driver,unknown,None,"Automobile, Station Wagon",Pulling Away from Shoulder or Curb,1,0,1,0,0,0,0,0,0,0,0,0,0,23,2255,Clear,"Dark, artificial",-79.3702,43.6604
6002204078,13760,Pedestrian,65 to 69,Major,NULL,NULL,1,0,1,0,0,0,0,0,0,0,0,0,0,23,2255,Clear,"Dark, artificial",-79.3702,43.6604
7000117241,13660,Driver,20 to 24,Major,"Automobile, Station Wagon",Going Ahead,0,0,1,0,0,0,0,0,1,1,0,0,0,18,1828,Clear,"Dark, artificial",-79.2658,43.7273
7000117241,13659,Driver,20 to 24,None,"Automobile, Station Wagon",Going Ahead,0,0,1,0,0,0,0,0,1,1,0,0,0,18,1828,Clear,"Dark, artificial",-79.2658,43.7273
7000125598,13663,Driver,20 to 24,Fatal,Delivery Van,Going Ahead,0,0,1,0,0,0,0,0,1,1,0,0,0,0,40,"Fog, Mist, Smoke, Dust","Dark, artificial",-79.542,43.5926
7000178331,13677,Driver,20 to 24,Major,"Automobile, Station Wagon",Going Ahead,0,0,1,0,0,0,0,0,0,0,0,0,0,2,200,Clear,"Dark, artificial",-79.5269,43.7495
7000214156,13226,Driver,20 to 24,Major,"Automobile, Station Wagon",Going Ahead,0,0,1,0,0,0,0,0,0,0,0,0,0,14,1430,Clear,Daylight,-79.3863,43.6623
7000214156,13235,Driver,45 to 49,None,"Automobile, Station Wagon",Going Ahead,0,0,1,0,0,0,0,0,0,0,0,0,0,14,1430,Clear,Daylight,-79.3863,43.6623
7000279545,13499,Driver,55 to 59,Major,"Automobile, Station Wagon",Turning Left,0,0,1,0,0,0,0,0,0,0,0,0,0,10,1017,Clear,Daylight,-79.5389,43.6797
7000279545,13500,Driver,15 to 19,Minimal,"Automobile, Station Wagon",Going Ahead,0,0,1,0,0,0,0,0,0,0,0,0,0,10,1017,Clear,Daylight,-79.5389,43.6797
7000311874,13512,Driver,35 to 39,None,"Automobile, Station Wagon",Going Ahead,0,0,1,1,0,0,0,1,0,1,1,0,0,11,1057,Clear,Daylight,-79.5259,43.6191
7000311874,13513,Motorcycle Driver,45 to 49,Major,Motorcycle,Turning Left,0,0,1,1,0,0,0,1,0,1,1,0,0,11,1057,Clear,Daylight,-79.5259,43.6191
7000311874,13514,Passenger,10 to 14,None,NULL,NULL,0,0,1,1,0,0,0,1,0,1,1,0,0,11,1057,Clear,Daylight,-79.5259,43.6191
7000337302,13517,Pedestrian,75 to 79,Fatal,NULL,NULL,1,0,1,0,0,0,0,0,0,1,0,0,0,10,1022,Clear,"Daylight, artificial",-79.3807,43.6498
7000337302,13518,Driver,20 to 24,None,Pick Up Truck,Turning Right,1,0,1,0,0,0,0,0,0,1,0,0,0,10,1022,Clear,"Daylight, artificial",-79.3807,43.6498
7000372975,13535,Driver,45 to 49,None,"Automobile, Station Wagon",Turning Left,1,0,1,0,0,0,0,0,0,1,0,0,0,21,2122,Rain,"Dark, artificial",-79.307,43.8236
7000372975,13536,Pedestrian,50 to 54,Major,NULL,NULL,1,0,1,0,0,0,0,0,0,1,0,0,0,21,2122,Rain,"Dark, artificial",-79.307,43.8236
7000395986,13537,Driver,20 to 24,None,"Automobile, Station Wagon",Going Ahead,1,0,1,0,0,0,0,0,0,1,1,0,0,10,1001,Clear,Daylight,-79.5096,43.7396
7000395986,13538,Pedestrian,5 to 9,Minor,NULL,NULL,1,0,1,0,0,0,0,0,0,1,1,0,0,10,1001,Clear,Daylight,-79.5096,43.7396
7000395986,13539,Pedestrian,5 to 9,Fatal,NULL,NULL,1,0,1,0,0,0,0,0,0,1,1,0,0,10,1001,Clear,Daylight,-79.5096,43.7396
7000501226,13569,Driver,60 to 64,None,"Automobile, Station Wagon",Turning Left,1,0,1,0,0,0,0,0,0,1,0,0,0,9,905,Clear,Daylight,-79.248,43.7366
7000501226,13570,Pedestrian,75 to 79,Major,NULL,NULL,1,0,1,0,0,0,0,0,0,1,0,0,0,9,905,Clear,Daylight,-79.248,43.7366
7000525658,13011,Driver,50 to 54,None,"Automobile, Station Wagon",Turning Left,0,1,1,0,0,0,0,0,0,0,0,0,0,22,2213,Rain,"Dark, artificial",-79.4122,43.7804
7000525658,13110,Cyclist,20 to 24,Major,Bicycle,Going Ahead,0,1,1,0,0,0,0,0,0,0,0,0,0,22,2213,Rain,"Dark, artificial",-79.4122,43.7804
7000585076,13145,Driver,80 to 84,None,"Automobile, Station Wagon",Turning Left,1,0,1,0,0,0,0,1,0,0,0,0,0,11,1053,Clear,Daylight,-79.5599,43.6462
7000585076,13146,Passenger,90 to 94,None,NULL,NULL,1,0,1,0,0,0,0,1,0,0,0,0,0,11,1053,Clear,Daylight,-79.5599,43.6462
7000585076,13147,Pedestrian,50 to 54,Major,NULL,NULL,1,0,1,0,0,0,0,1,0,0,0,0,0,11,1053,Clear,Daylight,-79.5599,43.6462
7000589620,13148,Driver,40 to 44,None,Pick Up Truck,Turning Left,1,0,1,0,0,0,0,0,0,0,0,0,0,0,10,Rain,"Dark, artificial",-79.2266,43.8051
7000589620,13149,Pedestrian,15 to 19,Major,NULL,NULL,1,0,1,0,0,0,0,0,0,0,0,0,0,0,10,Rain,"Dark, artificial",-79.2266,43.8051
7000606743,13155,Passenger,55 to 59,Fatal,NULL,NULL,0,0,0,0,1,0,0,1,0,0,0,0,0,14,1403,Rain,Daylight,-79.2512,43.7012
7000606743,13156,Truck Driver,50 to 54,None,"Truck - Closed (Blazer, etc)",Going Ahead,0,0,0,0,1,0,0,1,0,0,0,0,0,14,1403,Rain,Daylight,-79.2512,43.7012
7000633254,13162,Driver,45 to 49,None,Passenger Van,Turning Left,0,0,1,0,0,0,0,0,1,1,0,0,0,16,1610,Clear,Daylight,-79.5725,43.6951
7000633254,13163,Driver,20 to 24,Major,"Automobile, Station Wagon",Going Ahead,0,0,1,0,0,0,0,0,1,1,0,0,0,16,1610,Clear,Daylight,-79.5725,43.6951
7000665292,13174,Driver,20 to 24,Major,"Automobile, Station Wagon",Going Ahead,0,0,1,0,0,0,0,1,1,1,0,0,0,20,2002,Clear,"Dark, artificial",-79.5082,43.7564
7000665292,13175,Driver,30 to 34,Minimal,"Automobile, Station Wagon",Going Ahead,0,0,1,0,0,0,0,1,1,1,0,0,0,20,2002,Clear,"Dark, artificial",-79.5082,43.7564
5002156360,12644,Driver,55 to 59,None,"Automobile, Station Wagon",Turning Left,0,0,1,0,0,0,0,1,0,0,0,0,0,16,1645,Clear,Dusk,-79.2773,43.8056
5002156360,12645,Driver,50 to 54,Major,Passenger Van,Going Ahead,0,0,1,0,0,0,0,1,0,0,0,0,0,16,1645,Clear,Dusk,-79.2773,43.8056
5002156360,12646,Passenger,20 to 24,Major,NULL,NULL,0,0,1,0,0,0,0,1,0,0,0,0,0,16,1645,Clear,Dusk,-79.2773,43.8056
5002220976,12753,Driver,40 to 44,None,"Automobile, Station Wagon",Going Ahead,0,0,1,0,0,0,0,0,0,1,0,0,0,13,1253,Clear,Daylight,-79.2914,43.7269
5002220976,12754,Driver,20 to 24,Major,"Automobile, Station Wagon",Going Ahead,0,0,1,0,0,0,0,0,0,1,0,0,0,13,1253,Clear,Daylight,-79.2914,43.7269
6000032002,12778,Driver,40 to 44,Minimal,"Automobile, Station Wagon",Turning Left,0,0,1,0,0,0,0,0,0,0,0,0,0,14,1429,Clear,Daylight,-79.4828,43.6883
6000032002,12779,Driver,90 to 94,Fatal,"Automobile, Station Wagon",Going Ahead,0,0,1,0,0,0,0,0,0,0,0,0,0,14,1429,Clear,Daylight,-79.4828,43.6883
6000091975,12805,Driver,25 to 29,Minor,"Automobile, Station Wagon",Going Ahead,0,0,1,0,0,0,0,0,0,0,0,0,0,7,748,Clear,Daylight,-79.6335,43.7512
6000091975,12806,Driver,25 to 29,Major,"Automobile, Station Wagon",Going Ahead,0,0,1,0,0,0,0,0,0,0,0,0,0,7,748,Clear,Daylight,-79.6335,43.7512
6000131463,12823,Driver,40 to 44,None,"Automobile, Station Wagon",Turning Left,0,1,1,0,0,0,0,0,0,0,0,0,0,18,1811,Clear,"Dark, artificial",-79.4286,43.6374
6000131463,12824,Cyclist,50 to 54,Major,Bicycle,Going Ahead,0,1,1,0,0,0,0,0,0,0,0,0,0,18,1811,Clear,"Dark, artificial",-79.4286,43.6374
6000133147,12825,Driver,45 to 49,Major,"Automobile, Station Wagon",Turning Left,0,0,1,0,0,0,0,1,1,1,0,0,0,0,35,Clear,"Dark, artificial",-79.4006,43.6388