ACCNUM,ObjectId,INVTYPE,INVAGE,INJURY,VEHTYPE,MANOEUVER,PEDESTRIAN,CYCLIST,AUTOMOBILE,MOTORCYCLE,TRUCK,TRSN_CITY_VEH,EMERG_VEH,PASSENGER,SPEEDING,AG_DRIV,REDLIGHT,ALCOHOL,DISABILITY,HOUR,TIME,VISIBILITY,LIGHT,collision_lat,collision_long
6000133147,12826,Driver,20 to 24,None,"Automobile, Station Wagon",Going Ahead,0,0,1,0,0,0,0,1,1,1,0,0,0,0,35,Clear,"Dark, artificial",-79.4006,43.6388
6000133147,12827,Driver,20 to 24,None,"Automobile, Station Wagon",Slowing or Stopping,0,0,1,0,0,0,0,1,1,1,0,0,0,0,35,Clear,"Dark, artificial",-79.4006,43.6388
6000133147,12828,Driver,25 to 29,None,"Automobile, Station Wagon",Slowing or Stopping,0,0,1,0,0,0,0,1,1,1,0,0,0,0,35,Clear,"Dark, artificial",-79.4006,43.6388
6000133147,12829,Driver,35 to 39,None,"Automobile, Station Wagon",Going Ahead,0,0,1,0,0,0,0,1,1,1,0,0,0,0,35,Clear,"Dark, artificial",-79.4006,43.6388
6000133147,12433,Passenger,20 to 24,Minimal,NULL,NULL,0,0,1,0,0,0,0,1,1,1,0,0,0,0,35,Clear,"Dark, artificial",-79.4006,43.6388
6000133147,12439,Passenger,20 to 24,None,NULL,NULL,0,0,1,0,0,0,0,1,1,1,0,0,0,0,35,Clear,"Dark, artificial",-79.4006,43.6388
6000133147,12329,Passenger,20 to 24,Minimal,NULL,NULL,0,0,1,0,0,0,0,1,1,1,0,0,0,0,35,Clear,"Dark, artificial",-79.4006,43.6388
6000133147,12010,Driver,40 to 44,None,"Automobile, Station Wagon",Slowing or Stopping,0,0,1,0,0,0,0,1,1,1,0,0,0,0,35,Clear,"Dark, artificial",-79.4006,43.6388
6000133147,12115,Passenger,20 to 24,Minimal,NULL,NULL,0,0,1,0,0,0,0,1,1,1,0,0,0,0,35,Clear,"Dark, artificial",-79.4006,43.6388
6000133147,12221,Passenger,15 to 19,Minimal,NULL,NULL,0,0,1,0,0,0,0,1,1,1,0,0,0,0,35,Clear,"Dark, artificial",-79.4006,43.6388
6000133147,12228,Passenger,15 to 19,Minimal,NULL,NULL,0,0,1,0,0,0,0,1,1,1,0,0,0,0,35,Clear,"Dark, artificial",-79.4006,43.6388
6000139902,12454,Driver,25 to 29,Major,"Automobile, Station Wagon",Going Ahead,0,0,1,0,0,0,0,0,1,1,0,0,0,5,521,Clear,"Dark, artificial",-79.4267,43.6303
6000179020,12837,Driver,35 to 39,None,"Automobile, Station Wagon",Going Ahead,1,0,1,0,0,0,0,0,0,0,0,0,0,18,1753,Clear,"Dark, artificial",-79.4374,43.6647
6000179020,12838,Pedestrian,90 to 94,Fatal,NULL,NULL,1,0,1,0,0,0,0,0,0,0,0,0,0,18,1753,Clear,"Dark, artificial",-79.4374,43.6647
6000291466,12857,Driver,30 to 34,None,Delivery Van,Turning Right,1,0,1,0,0,0,0,0,0,1,0,0,0,13,1315,Clear,Daylight,-79.2972,43.6935
6000291466,12858,Pedestrian,70 to 74,Fatal,NULL,NULL,1,0,1,0,0,0,0,0,0,1,0,0,0,13,1315,Clear,Daylight,-79.2972,43.6935
6000434518,12898,Driver,15 to 19,Minimal,"Automobile, Station Wagon",Going Ahead,1,0,1,0,0,0,0,1,1,1,0,0,1,22,2235,Clear,"Dark, artificial",-79.3983,43.7067
6000434518,12899,Driver,70 to 74,None,"Automobile, Station Wagon",Stopped,1,0,1,0,0,0,0,1,1,1,0,0,1,22,2235,Clear,"Dark, artificial",-79.3983,43.7067
6000434518,12900,Passenger,15 to 19,None,NULL,NULL,1,0,1,0,0,0,0,1,1,1,0,0,1,22,2235,Clear,"Dark, artificial",-79.3983,43.7067
6000434518,12901,Passenger,65 to 69,None,NULL,NULL,1,0,1,0,0,0,0,1,1,1,0,0,1,22,2235,Clear,"Dark, artificial",-79.3983,43.7067
6000434518,12902,Pedestrian,60 to 64,Major,NULL,NULL,1,0,1,0,0,0,0,1,1,1,0,0,1,22,2235,Clear,"Dark, artificial",-79.3983,43.7067
6000478020,12652,Passenger,40 to 44,None,NULL,NULL,0,1,1,0,0,0,0,1,0,1,0,0,0,3,344,Clear,"Dark, artificial",-79.4399,43.6509
6000478020,12559,Driver,40 to 44,None,"Automobile, Station Wagon",Turning Left,0,1,1,0,0,0,0,1,0,1,0,0,0,3,344,Clear,"Dark, artificial",-79.4399,43.6509
6000478020,12564,Cyclist,30 to 34,Major,Bicycle,Going Ahead,0,1,1,0,0,0,0,1,0,1,0,0,0,3,344,Clear,"Dark, artificial",-79.4399,43.6509
6000500403,12667,Pedestrian,75 to 79,Fatal,NULL,NULL,1,0,1,0,0,0,0,0,0,0,0,0,0,20,2015,Freezing Rain,"Dark, artificial",-79.367,43.6514
6000500403,12668,Driver,60 to 64,None,"Automobile, Station Wagon",Going Ahead,1,0,1,0,0,0,0,0,0,0,0,0,0,20,2015,Freezing Rain,"Dark, artificial",-79.367,43.6514
6000576751,12698,Driver,20 to 24,Major,"Automobile, Station Wagon",Overtaking,0,0,1,0,0,0,0,0,0,1,0,0,0,12,1204,Clear,Daylight,-79.5247,43.6328
6000576751,12699,Driver,55 to 59,Minimal,"Automobile, Station Wagon",Turning Left,0,0,1,0,0,0,0,0,0,1,0,0,0,12,1204,Clear,Daylight,-79.5247,43.6328
6000633248,12719,Driver,75 to 79,Minor,"Automobile, Station Wagon",Going Ahead,0,0,1,0,0,0,0,1,0,0,0,0,0,8,831,Clear,Daylight,-79.4312,43.7257
6000633248,12720,Driver,55 to 59,Minor,Pick Up Truck,Going Ahead,0,0,1,0,0,0,0,1,0,0,0,0,0,8,831,Clear,Daylight,-79.4312,43.7257
6000633248,12721,Passenger,60 to 64,Major,NULL,NULL,0,0,1,0,0,0,0,1,0,0,0,0,0,8,831,Clear,Daylight,-79.4312,43.7257
6000864386,12368,Motorcycle Driver,25 to 29,Major,Motorcycle,Changing Lanes,0,0,1,1,0,0,0,0,0,1,0,0,0,20,2008,Clear,Daylight,-79.243,43.8128
6000864386,12369,Driver,40 to 44,None,Pick Up Truck,Changing Lanes,0,0,1,1,0,0,0,0,0,1,0,0,0,20,2008,Clear,Daylight,-79.243,43.8128
6000869081,12370,Driver,75 to 79,None,"Automobile, Station Wagon",Turning Right,1,0,1,0,0,0,0,0,0,0,0,0,0,14,1430,Clear,"Daylight, artificial",-79.4427,43.6972
6000869081,12371,Driver,30 to 34,None,"Automobile, Station Wagon",Going Ahead,1,0,1,0,0,0,0,0,0,0,0,0,0,14,1430,Clear,"Daylight, artificial",-79.4427,43.6972
6000869081,12372,Driver,55 to 59,None,"Automobile, Station Wagon",Parked,1,0,1,0,0,0,0,0,0,0,0,0,0,14,1430,Clear,"Daylight, artificial",-79.4427,43.6972
6000869081,12373,Pedestrian,70 to 74,Major,NULL,NULL,1,0,1,0,0,0,0,0,0,0,0,0,0,14,1430,Clear,"Daylight, artificial",-79.4427,43.6972
6001154162,12121,Driver,35 to 39,None,"Automobile, Station Wagon",Going Ahead,1,0,1,0,0,0,0,0,1,1,0,0,0,2,244,Clear,"Dark, artificial",-79.4999,43.7609
6001154162,12122,Pedestrian,20 to 24,Major,NULL,NULL,1,0,1,0,0,0,0,0,1,1,0,0,0,2,244,Clear,"Dark, artificial",-79.4999,43.7609
6001171035,12125,Driver,25 to 29,None,Passenger Van,Turning Left,1,0,1,0,0,0,0,0,1,1,0,0,0,21,2055,Clear,"Dusk, artificial",-79.5746,43.7281
6001171035,12126,Pedestrian,70 to 74,Fatal,NULL,NULL,1,0,1,0,0,0,0,0,1,1,0,0,0,21,2055,Clear,"Dusk, artificial",-79.5746,43.7281
6001177381,12133,Driver,60 to 64,None,"Automobile, Station Wagon",Turning Left,1,0,1,0,0,0,0,0,0,1,0,0,0,20,2005,Clear,Daylight,-79.2188,43.7431
6001177381,12134,Pedestrian,40 to 44,Major,NULL,NULL,1,0,1,0,0,0,0,0,0,1,0,0,0,20,2005,Clear,Daylight,-79.2188,43.7431
6001210944,12148,Driver,60 to 64,None,"Automobile, Station Wagon",Going Ahead,1,0,1,0,0,0,0,0,0,0,0,0,0,22,2240,Clear,"Dark, artificial",-79.4811,43.6228
6001210944,12149,Pedestrian,unknown,Major,NULL,NULL,1,0,1,0,0,0,0,0,0,0,0,0,0,22,2240,Clear,"Dark, artificial",-79.4811,43.6228
6001228387,12160,Driver,60 to 64,None,"Automobile, Station Wagon",Turning Left,0,0,1,1,0,0,0,0,0,1,0,0,0,14,1413,Clear,Daylight,-79.5089,43.7223
6001228387,12161,Motorcycle Driver,20 to 24,Major,Motorcycle,Going Ahead,0,0,1,1,0,0,0,0,0,1,0,0,0,14,1413,Clear,Daylight,-79.5089,43.7223
6001239571,12167,Driver,45 to 49,None,"Automobile, Station Wagon",Going Ahead,1,0,1,0,0,0,0,0,0,0,0,0,0,6,630,Clear,Daylight,-79.3224,43.8118
6001239571,12168,Pedestrian,90 to 94,Major,NULL,NULL,1,0,1,0,0,0,0,0,0,0,0,0,0,6,630,Clear,Daylight,-79.3224,43.8118
6001284947,12181,Driver,55 to 59,None,"Automobile, Station Wagon",Turning Left,0,0,1,1,0,0,0,0,0,1,0,0,0,6,630,Clear,"Dawn, artificial",-79.5161,43.7
6001284947,12182,Motorcycle Driver,35 to 39,Major,Motorcycle,Going Ahead,0,0,1,1,0,0,0,0,0,1,0,0,0,6,630,Clear,"Dawn, artificial",-79.5161,43.7
6001301961,12195,Driver,20 to 24,None,"Automobile, Station Wagon",Going Ahead,0,0,1,0,0,0,0,1,1,1,0,0,0,20,2030,Clear,Dusk,-79.2624,43.6974
6001301961,12196,Passenger,20 to 24,Major,NULL,NULL,0,0,1,0,0,0,0,1,1,1,0,0,0,20,2030,Clear,Dusk,-79.2624,43.6974
6001310916,12199,Driver,30 to 34,None,"Automobile, Station Wagon",Turning Left,0,0,1,1,0,0,0,0,0,1,0,0,0,8,836,Clear,Daylight,-79.4589,43.7541
6001310916,12200,Motorcycle Driver,25 to 29,Major,Motorcycle,Going Ahead,0,0,1,1,0,0,0,0,0,1,0,0,0,8,836,Clear,Daylight,-79.4589,43.7541
6001341956,12209,Driver,15 to 19,Major,"Automobile, Station Wagon",Turning Right,0,0,1,0,0,0,0,1,0,1,0,0,0,22,2248,Clear,"Dark, artificial",-79.4903,43.6289
6001341956,12210,Passenger,15 to 19,Major,NULL,NULL,0,0,1,0,0,0,0,1,0,1,0,0,0,22,2248,Clear,"Dark, artificial",-79.4903,43.6289
6001385962,12242,Driver,50 to 54,Minor,"Automobile, Station Wagon",Turning Left,0,0,1,0,0,0,0,1,0,0,0,0,0,20,2029,Clear,Daylight,-79.3469,43.6508
6001385962,12243,Driver,45 to 49,Minor,"Automobile, Station Wagon",Going Ahead,0,0,1,0,0,0,0,1,0,0,0,0,0,20,2029,Clear,Daylight,-79.3469,43.6508
6001385962,12244,Passenger,40 to 44,None,NULL,NULL,0,0,1,0,0,0,0,1,0,0,0,0,0,20,2029,Clear,Daylight,-79.3469,43.6508
6001385962,12245,Passenger,35 to 39,Major,NULL,NULL,0,0,1,0,0,0,0,1,0,0,0,0,0,20,2029,Clear,Daylight,-79.3469,43.6508
6001385962,12246,Passenger,5 to 9,Minimal,NULL,NULL,0,0,1,0,0,0,0,1,0,0,0,0,0,20,2029,Clear,Daylight,-79.3469,43.6508
6001385962,12247,Passenger,5 to 9,Minimal,NULL,NULL,0,0,1,0,0,0,0,1,0,0,0,0,0,20,2029,Clear,Daylight,-79.3469,43.6508
6001385962,12248,Passenger,45 to 49,Minor,NULL,NULL,0,0,1,0,0,0,0,1,0,0,0,0,0,20,2029,Clear,Daylight,-79.3469,43.6508
6001402361,12249,Motorcycle Driver,30 to 34,Major,Motorcycle,Going Ahead,0,0,1,1,0,0,0,0,1,1,0,0,0,12,1228,Clear,Daylight,-79.4662,43.6694
6001402361,12250,Driver,55 to 59,None,"Automobile, Station Wagon",Turning Left,0,0,1,1,0,0,0,0,1,1,0,0,0,12,1228,Clear,Daylight,-79.4662,43.6694
6001410250,12253,Driver,60 to 64,None,"Automobile, Station Wagon",Going Ahead,0,0,1,0,0,0,0,1,0,1,0,0,0,16,1603,Clear,Daylight,-79.2138,43.759
6001410250,12254,Driver,15 to 19,Major,"Automobile, Station Wagon",Going Ahead,0,0,1,0,0,0,0,1,0,1,0,0,0,16,1603,Clear,Daylight,-79.2138,43.759
6001410250,12255,Passenger,15 to 19,Minor,NULL,NULL,0,0,1,0,0,0,0,1,0,1,0,0,0,16,1603,Clear,Daylight,-79.2138,43.759
6001410250,12256,Passenger,15 to 19,Minor,NULL,NULL,0,0,1,0,0,0,0,1,0,1,0,0,0,16,1603,Clear,Daylight,-79.2138,43.759
5001830640,12473,Passenger,0 to 4,Minor,NULL,NULL,0,0,1,0,0,0,0,1,0,0,0,0,0,15,1450,Rain,Daylight,-79.3366,43.7007
5001830640,12474,Passenger,15 to 19,Minor,NULL,NULL,0,0,1,0,0,0,0,1,0,0,0,0,0,15,1450,Rain,Daylight,-79.3366,43.7007
5001830640,12475,Passenger,10 to 14,Major,NULL,NULL,0,0,1,0,0,0,0,1,0,0,0,0,0,15,1450,Rain,Daylight,-79.3366,43.7007
5001904834,12537,Driver,80 to 84,None,"Automobile, Station Wagon",Going Ahead,1,0,1,0,0,0,0,0,0,0,0,0,0,20,2020,Clear,"Dawn, artificial",-79.3897,43.7743
5001904834,12538,Pedestrian,35 to 39,Major,NULL,NULL,1,0,1,0,0,0,0,0,0,0,0,0,0,20,2020,Clear,"Dawn, artificial",-79.3897,43.7743
5001921835,12445,Cyclist,15 to 19,Major,Bicycle,Turning Left,0,1,1,0,0,0,0,0,0,1,0,0,0,20,2020,Clear,Dark,-79.3434,43.7371
5001921835,12451,Driver,15 to 19,None,"Automobile, Station Wagon",Going Ahead,0,1,1,0,0,0,0,0,0,1,0,0,0,20,2020,Clear,Dark,-79.3434,43.7371
5002094213,12620,Driver,60 to 64,None,"Automobile, Station Wagon",Going Ahead,1,0,1,0,0,0,0,0,0,0,0,0,0,7,655,Clear,"Dark, artificial",-79.5423,43.752
5002094213,12621,Pedestrian,35 to 39,Major,NULL,NULL,1,0,1,0,0,0,0,0,0,0,0,0,0,7,655,Clear,"Dark, artificial",-79.5423,43.752
5002168343,12647,Driver,80 to 84,None,"Automobile, Station Wagon",Going Ahead,1,0,1,0,0,0,0,1,0,0,0,0,0,15,1452,Clear,Daylight,-79.2503,43.7914
5002168343,12648,Passenger,75 to 79,None,NULL,NULL,1,0,1,0,0,0,0,1,0,0,0,0,0,15,1452,Clear,Daylight,-79.2503,43.7914
5002168343,12649,Pedestrian,85 to 89,Major,NULL,NULL,1,0,1,0,0,0,0,1,0,0,0,0,0,15,1452,Clear,Daylight,-79.2503,43.7914
5002187382,12430,Driver,20 to 24,None,"Automobile, Station Wagon",Going Ahead,1,0,1,0,0,0,0,0,0,1,1,0,0,21,2125,Rain,"Dark, artificial",-79.4384,43.7554
5002187382,12434,Pedestrian,15 to 19,Major,NULL,NULL,1,0,1,0,0,0,0,0,0,1,1,0,0,21,2125,Rain,"Dark, artificial",-79.4384,43.7554
5002201232,12551,Driver,55 to 59,None,"Automobile, Station Wagon",Turning Left,1,0,1,0,0,0,0,0,0,1,0,0,0,8,845,Clear,Daylight,-79.3192,43.7411
5002201232,12555,Pedestrian,60 to 64,Major,NULL,NULL,1,0,1,0,0,0,0,0,0,1,0,0,0,8,845,Clear,Daylight,-79.3192,43.7411
6000048776,12783,Driver,20 to 24,Major,"Automobile, Station Wagon",Going Ahead,0,0,1,0,0,0,0,0,1,1,0,0,0,4,420,Rain,"Dark, artificial",-79.2773,43.7707
6000051992,12784,Driver,30 to 34,None,Municipal Transit Bus (TTC),Going Ahead,0,0,0,0,0,1,0,1,0,0,0,0,0,18,1750,Clear,"Dark, artificial",-79.4269,43.6649
6000051992,12785,Passenger,80 to 84,Major,NULL,NULL,0,0,0,0,0,1,0,1,0,0,0,0,0,18,1750,Clear,"Dark, artificial",-79.4269,43.6649
6000074879,12793,Driver,75 to 79,Major,"Automobile, Station Wagon",Turning Left,0,0,1,0,0,0,0,1,0,1,0,0,0,13,1320,Clear,Daylight,-79.3182,43.7261
6000074879,12794,Driver,40 to 44,Minimal,"Automobile, Station Wagon",Going Ahead,0,0,1,0,0,0,0,1,0,1,0,0,0,13,1320,Clear,Daylight,-79.3182,43.7261
6000074879,12795,Passenger,45 to 49,None,NULL,NULL,0,0,1,0,0,0,0,1,0,1,0,0,0,13,1320,Clear,Daylight,-79.3182,43.7261
6000087893,12800,Driver,20 to 24,None,"Automobile, Station Wagon",Turning Right,1,0,1,0,0,0,0,1,0,0,0,0,0,14,1435,Clear,Daylight,-79.3771,43.711
6000087893,12801,Passenger,20 to 24,None,NULL,NULL,1,0,1,0,0,0,0,1,0,0,0,0,0,14,1435,Clear,Daylight,-79.3771,43.711
6000087893,12802,Pedestrian,80 to 84,Fatal,NULL,NULL,1,0,1,0,0,0,0,1,0,0,0,0,0,14,1435,Clear,Daylight,-79.3771,43.711
6000181395,12839,Driver,50 to 54,Minor,"Automobile, Station Wagon",Going Ahead,0,0,1,0,0,0,0,1,0,0,0,1,0,2,230,Clear,"Dark, artificial",-79.4939,43.7603
6000181395,12841,Passenger,45 to 49,Fatal,NULL,NULL,0,0,1,0,0,0,0,1,0,0,0,1,0,2,230,Clear,"Dark, artificial",-79.4939,43.7603
6000181395,12840,Passenger,55 to 59,Minor,NULL,NULL,0,0,1,0,0,0,0,1,0,0,0,1,0,2,230,Clear,"Dark, artificial",-79.4939,43.7603
6000188538,12844,Driver,85 to 89,Fatal,"Automobile, Station Wagon",Going Ahead,0,0,1,0,0,0,0,0,1,1,0,0,0,10,1033,Clear,Daylight,-79.5211,43.5999
6000188538,12845,Driver,30 to 34,Minimal,"Automobile, Station Wagon",Going Ahead,0,0,1,0,0,0,0,0,1,1,0,0,0,10,1033,Clear,Daylight,-79.5211,43.5999
6000362720,12881,Driver,45 to 49,None,"Automobile, Station Wagon",Going Ahead,1,0,1,0,0,0,0,1,0,1,1,0,0,11,1117,Snow,Daylight,-79.4169,43.6798
6000362720,12882,Passenger,75 to 79,None,NULL,NULL,1,0,1,0,0,0,0,1,0,1,1,0,0,11,1117,Snow,Daylight,-79.4169,43.6798
6000362720,12883,Pedestrian,40 to 44,Major,NULL,NULL,1,0,1,0,0,0,0,1,0,1,1,0,0,11,1117,Snow,Daylight,-79.4169,43.6798
6000440482,12906,Driver,25 to 29,Major,"Automobile, Station Wagon",Unknown,0,0,1,0,0,0,0,1,0,0,0,1,0,3,300,Rain,"Dark, artificial",-79.5382,43.7337
6000440482,12907,Passenger,25 to 29,Minor,NULL,NULL,0,0,1,0,0,0,0,1,0,0,0,1,0,3,300,Rain,"Dark, artificial",-79.5382,43.7337
6000441684,12909,Driver,55 to 59,Minimal,"Automobile, Station Wagon",Going Ahead,0,0,1,0,0,0,0,1,0,1,1,0,0,10,952,Rain,Daylight,-79.3547,43.7926
6000441684,12910,Driver,40 to 44,Minimal,"Automobile, Station Wagon",Going Ahead,0,0,1,0,0,0,0,1,0,1,1,0,0,10,952,Rain,Daylight,-79.3547,43.7926
6000441684,12908,Passenger,55 to 59,Fatal,NULL,NULL,0,0,1,0,0,0,0,1,0,1,1,0,0,10,952,Rain,Daylight,-79.3547,43.7926
6000501397,12669,Driver,25 to 29,Minor,"Automobile, Station Wagon",Going Ahead,0,0,1,0,0,0,0,0,1,1,1,1,0,0,42,Freezing Rain,"Dark, artificial",-79.1462,43.7989
6000501397,12670,Driver,50 to 54,Major,"Automobile, Station Wagon",Going Ahead,0,0,1,0,0,0,0,0,1,1,1,1,0,0,42,Freezing Rain,"Dark, artificial",-79.1462,43.7989
6000755736,12334,Driver,65 to 69,None,"Automobile, Station Wagon",Turning Right,1,0,1,0,0,0,0,0,0,0,0,0,0,9,948,Clear,Daylight,-79.2889,43.6727
6000755736,12335,Pedestrian,65 to 69,Fatal,NULL,NULL,1,0,1,0,0,0,0,0,0,0,0,0,0,9,948,Clear,Daylight,-79.2889,43.6727
6000846295,12354,Driver,60 to 64,None,Passenger Van,Going Ahead,1,0,1,0,0,0,0,1,0,0,0,0,0,8,820,Clear,Daylight,-79.2509,43.7359
6000846295,12355,Passenger,30 to 34,None,NULL,NULL,1,0,1,0,0,0,0,1,0,0,0,0,0,8,820,Clear,Daylight,-79.2509,43.7359
6000846295,12356,Pedestrian,75 to 79,Major,NULL,NULL,1,0,1,0,0,0,0,1,0,0,0,0,0,8,820,Clear,Daylight,-79.2509,43.7359
6000936555,12410,Driver,60 to 64,None,"Automobile, Station Wagon",Going Ahead,0,0,1,0,0,0,0,1,0,0,0,0,0,17,1725,Clear,Daylight,-79.5316,43.5948
6000936555,12411,Driver,60 to 64,None,Passenger Van,Going Ahead,0,0,1,0,0,0,0,1,0,0,0,0,0,17,1725,Clear,Daylight,-79.5316,43.5948
6000936555,12412,Driver,35 to 39,None,"Automobile, Station Wagon",Slowing or Stopping,0,0,1,0,0,0,0,1,0,0,0,0,0,17,1725,Clear,Daylight,-79.5316,43.5948
6000936555,12413,Passenger,70 to 74,Major,NULL,NULL,0,0,1,0,0,0,0,1,0,0,0,0,0,17,1725,Clear,Daylight,-79.5316,43.5948
6000978198,12034,Motorcycle Driver,25 to 29,Major,Motorcycle,Going Ahead,0,0,1,1,0,0,0,0,0,1,0,0,0,19,1937,Clear,"Dusk, artificial",-79.3834,43.645
6000978198,12035,Driver,55 to 59,None,"Automobile, Station Wagon",Slowing or Stopping,0,0,1,1,0,0,0,0,0,1,0,0,0,19,1937,Clear,"Dusk, artificial",-79.3834,43.645
6001025245,12046,Driver,50 to 54,Major,"Automobile, Station Wagon",Going Ahead,0,0,1,0,0,0,0,1,0,1,1,0,0,22,2223,Clear,"Dark, artificial",-79.5234,43.6446
6001025245,12047,Driver,40 to 44,Minor,"Automobile, Station Wagon",Going Ahead,0,0,1,0,0,0,0,1,0,1,1,0,0,22,2223,Clear,"Dark, artificial",-79.5234,43.6446
6001025245,12048,Passenger,55 to 59,Major,NULL,NULL,0,0,1,0,0,0,0,1,0,1,1,0,0,22,2223,Clear,"Dark, artificial",-79.5234,43.6446
6001035189,12049,Cyclist,30 to 34,Major,Bicycle,Pulling Onto Shoulder or towardCurb,0,1,1,0,0,0,0,0,0,0,0,0,0,12,1246,Clear,Daylight,-79.3741,43.6469
6001035189,12050,Driver,25 to 29,None,"Automobile, Station Wagon",Going Ahead,0,1,1,0,0,0,0,0,0,0,0,0,0,12,1246,Clear,Daylight,-79.3741,43.6469
6001053517,12060,Pedestrian,20 to 24,Fatal,NULL,NULL,1,0,1,0,0,0,0,0,0,0,0,0,0,3,303,Clear,"Dark, artificial",-79.2603,43.7156
6001053517,12061,Driver,unknown,None,"Automobile, Station Wagon",Going Ahead,1,0,1,0,0,0,0,0,0,0,0,0,0,3,303,Clear,"Dark, artificial",-79.2603,43.7156
6001066822,12066,Driver,20 to 24,Minor,"Automobile, Station Wagon",Going Ahead,0,0,1,0,0,0,0,1,0,1,1,0,0,0,20,Clear,"Dark, artificial",-79.3007,43.7611
6001066822,12067,Driver,75 to 79,Minor,"Automobile, Station Wagon",Going Ahead,0,0,1,0,0,0,0,1,0,1,1,0,0,0,20,Clear,"Dark, artificial",-79.3007,43.7611
6001066822,12068,Driver,30 to 34,None,"Automobile, Station Wagon",Stopped,0,0,1,0,0,0,0,1,0,1,1,0,0,0,20,Clear,"Dark, artificial",-79.3007,43.7611
6001066822,12069,Passenger,75 to 79,Minor,NULL,NULL,0,0,1,0,0,0,0,1,0,1,1,0,0,0,20,Clear,"Dark, artificial",-79.3007,43.7611
6001066822,12070,Passenger,65 to 69,Minor,NULL,NULL,0,0,1,0,0,0,0,1,0,1,1,0,0,0,20,Clear,"Dark, artificial",-79.3007,43.7611
6001066822,12071,Passenger,65 to 69,Major,NULL,NULL,0,0,1,0,0,0,0,1,0,1,1,0,0,0,20,Clear,"Dark, artificial",-79.3007,43.7611
6001066822,12072,Passenger,25 to 29,None,NULL,NULL,0,0,1,0,0,0,0,1,0,1,1,0,0,0,20,Clear,"Dark, artificial",-79.3007,43.7611
6001074563,12073,Driver,55 to 59,None,"Automobile, Station Wagon",Turning Left,0,0,1,1,0,0,0,0,0,0,0,0,0,9,910,Clear,Daylight,-79.2488,43.7378
6001074563,12074,Motorcycle Driver,30 to 34,Major,Motorcycle,Going Ahead,0,0,1,1,0,0,0,0,0,0,0,0,0,9,910,Clear,Daylight,-79.2488,43.7378
6001076116,12075,Driver,50 to 54,None,"Automobile, Station Wagon",Overtaking,0,1,1,0,0,0,0,0,0,1,0,0,0,13,1307,Clear,Daylight,-79.2373,43.7951
6001076116,12076,Cyclist,65 to 69,Major,Bicycle,Turning Left,0,1,1,0,0,0,0,0,0,1,0,0,0,13,1307,Clear,Daylight,-79.2373,43.7951
6001090221,12085,Driver,85 to 89,None,"Automobile, Station Wagon",Turning Left,1,0,1,0,0,0,0,0,0,0,0,0,0,13,1305,Clear,Daylight,-79.3712,43.7703
6001090221,12086,Pedestrian,35 to 39,Major,NULL,NULL,1,0,1,0,0,0,0,0,0,0,0,0,0,13,1305,Clear,Daylight,-79.3712,43.7703
6001104795,12093,Driver,20 to 24,None,"Automobile, Station Wagon",Going Ahead,1,0,1,0,0,0,0,0,0,1,0,0,0,14,1445,Clear,Daylight,-79.5851,43.6639
6001104795,12094,Pedestrian,15 to 19,Major,NULL,NULL,1,0,1,0,0,0,0,0,0,1,0,0,0,14,1445,Clear,Daylight,-79.5851,43.6639
6001183781,12135,Motorcycle Driver,40 to 44,Fatal,Motorcycle,Going Ahead,0,0,1,1,0,0,0,0,1,1,0,0,0,18,1831,Clear,Daylight,-79.2557,43.7835
6001183781,12136,Driver,20 to 24,None,"Automobile, Station Wagon",Going Ahead,0,0,1,1,0,0,0,0,1,1,0,0,0,18,1831,Clear,Daylight,-79.2557,43.7835
6001200915,12143,Driver,60 to 64,Minor,"Automobile, Station Wagon",Turning Left,0,0,1,0,0,0,0,1,0,1,0,0,0,9,930,Clear,Daylight,-79.3831,43.671
6001200915,12144,Driver,40 to 44,Major,"Automobile, Station Wagon",Going Ahead,0,0,1,0,0,0,0,1,0,1,0,0,0,9,930,Clear,Daylight,-79.3831,43.671
6001200915,12145,Passenger,35 to 39,Major,NULL,NULL,0,0,1,0,0,0,0,1,0,1,0,0,0,9,930,Clear,Daylight,-79.3831,43.671
6001222638,12159,Driver,55 to 59,Fatal,"Automobile, Station Wagon",Going Ahead,0,0,1,0,0,0,0,0,0,0,0,0,1,17,1710,Clear,Daylight,-79.5107,43.6022
6001286776,12186,Pedestrian,35 to 39,Minor,NULL,NULL,1,0,1,0,0,0,0,0,0,1,0,0,0,12,1223,Clear,Daylight,-79.4675,43.6724
6001286776,12183,Driver,25 to 29,Minor,"Automobile, Station Wagon",Turning Left,1,0,1,0,0,0,0,0,0,1,0,0,0,12,1223,Clear,Daylight,-79.4675,43.6724
6001286776,12184,Driver,25 to 29,Minimal,"Automobile, Station Wagon",Going Ahead,1,0,1,0,0,0,0,0,0,1,0,0,0,12,1223,Clear,Daylight,-79.4675,43.6724