ACCNUM,ObjectId,INVTYPE,INVAGE,INJURY,VEHTYPE,MANOEUVER,PEDESTRIAN,CYCLIST,AUTOMOBILE,MOTORCYCLE,TRUCK,TRSN_CITY_VEH,EMERG_VEH,PASSENGER,SPEEDING,AG_DRIV,REDLIGHT,ALCOHOL,DISABILITY,HOUR,TIME,VISIBILITY,LIGHT,collision_lat,collision_long
5000805635,11795,Motorcycle Driver,30 to 34,Major,Motorcycle,Going Ahead,0,0,1,1,0,0,0,0,0,0,0,0,0,17,1730,Clear,Daylight,-79.328,43.6709
5000865695,11828,Motorcycle Driver,25 to 29,Major,Motorcycle,Going Ahead,0,0,0,1,0,0,0,0,0,0,0,0,0,14,1413,Clear,Daylight,-79.409,43.6597
5000879931,11832,Driver,60 to 64,Minimal,"Automobile, Station Wagon",Going Ahead,1,0,1,0,0,0,0,1,0,1,1,0,0,19,1855,Clear,Daylight,-79.3128,43.7053
5000879931,11833,Pedestrian,40 to 44,Major,NULL,NULL,1,0,1,0,0,0,0,1,0,1,1,0,0,19,1855,Clear,Daylight,-79.3128,43.7053
5000879931,11834,Passenger,25 to 29,None,NULL,NULL,1,0,1,0,0,0,0,1,0,1,1,0,0,19,1855,Clear,Daylight,-79.3128,43.7053
5001012309,11710,Driver,20 to 24,None,"Automobile, Station Wagon",Slowing or Stopping,1,0,1,0,0,0,0,1,0,0,0,0,0,17,1724,Clear,Daylight,-79.5992,43.7522
5001012309,11711,Passenger,20 to 24,None,NULL,NULL,1,0,1,0,0,0,0,1,0,0,0,0,0,17,1724,Clear,Daylight,-79.5992,43.7522
5001012309,11712,Pedestrian,30 to 34,Major,NULL,NULL,1,0,1,0,0,0,0,1,0,0,0,0,0,17,1724,Clear,Daylight,-79.5992,43.7522
5001016196,11714,Driver,35 to 39,None,"Automobile, Station Wagon",Turning Right,0,1,1,0,0,0,0,1,0,0,0,0,0,8,830,Clear,Daylight,-79.377,43.7712
5001016196,11715,Cyclist,60 to 64,Major,Bicycle,Going Ahead,0,1,1,0,0,0,0,1,0,0,0,0,0,8,830,Clear,Daylight,-79.377,43.7712
5001016196,11716,Passenger,0 to 4,None,NULL,NULL,0,1,1,0,0,0,0,1,0,0,0,0,0,8,830,Clear,Daylight,-79.377,43.7712
5001016196,11717,Passenger,5 to 9,None,NULL,NULL,0,1,1,0,0,0,0,1,0,0,0,0,0,8,830,Clear,Daylight,-79.377,43.7712
5001063670,11722,Cyclist,25 to 29,Major,Bicycle,Going Ahead,0,1,0,0,0,0,0,0,0,0,0,0,0,13,1325,Clear,Daylight,-79.318,43.6698
5001107596,11741,Driver,30 to 34,None,"Automobile, Station Wagon",Turning Left,0,0,1,1,0,0,0,1,0,1,1,0,0,15,1525,Clear,Daylight,-79.3592,43.6636
5001107596,11742,Motorcycle Driver,45 to 49,Major,Motorcycle,Going Ahead,0,0,1,1,0,0,0,1,0,1,1,0,0,15,1525,Clear,Daylight,-79.3592,43.6636
5001107596,11743,Passenger,15 to 19,Major,NULL,NULL,0,0,1,1,0,0,0,1,0,1,1,0,0,15,1525,Clear,Daylight,-79.3592,43.6636
5001136090,11007,Driver,50 to 54,Minimal,"Automobile, Station Wagon",Turning Left,0,0,1,1,0,0,0,1,1,1,0,0,0,0,8,Clear,"Dark, artificial",-79.5288,43.6262
5001136090,11008,Motorcycle Driver,25 to 29,Fatal,Motorcycle,Going Ahead,0,0,1,1,0,0,0,1,1,1,0,0,0,0,8,Clear,"Dark, artificial",-79.5288,43.6262
5001136090,11009,Passenger,50 to 54,Minor,NULL,NULL,0,0,1,1,0,0,0,1,1,1,0,0,0,0,8,Clear,"Dark, artificial",-79.5288,43.6262
5001168527,11013,Driver,unknown,None,NULL,Turning Left,0,0,0,1,0,0,0,0,0,1,0,0,0,19,1850,Clear,Daylight,-79.5265,43.6822
5001168527,11014,Motorcycle Driver,55 to 59,Major,Motorcycle,Going Ahead,0,0,0,1,0,0,0,0,0,1,0,0,0,19,1850,Clear,Daylight,-79.5265,43.6822
5001276114,11069,Motorcycle Driver,30 to 34,Fatal,Motorcycle,Going Ahead,0,0,1,1,0,0,0,1,1,1,0,0,0,13,1328,Clear,Daylight,-79.1559,43.7926
5001276114,11070,Driver,65 to 69,None,Passenger Van,Turning Left,0,0,1,1,0,0,0,1,1,1,0,0,0,13,1328,Clear,Daylight,-79.1559,43.7926
5001276114,11071,Driver,70 to 74,None,"Automobile, Station Wagon",Stopped,0,0,1,1,0,0,0,1,1,1,0,0,0,13,1328,Clear,Daylight,-79.1559,43.7926
5001276114,11072,Passenger,70 to 74,None,NULL,NULL,0,0,1,1,0,0,0,1,1,1,0,0,0,13,1328,Clear,Daylight,-79.1559,43.7926
5001404706,11340,Driver,50 to 54,Major,"Automobile, Station Wagon",Going Ahead,0,0,1,0,0,0,0,0,0,1,0,0,0,22,2152,Clear,"Dark, artificial",-79.4345,43.6333
5001404706,11341,Driver,25 to 29,Minimal,"Automobile, Station Wagon",Going Ahead,0,0,1,0,0,0,0,0,0,1,0,0,0,22,2152,Clear,"Dark, artificial",-79.4345,43.6333
5001404706,11342,Driver,25 to 29,Minimal,"Automobile, Station Wagon",Going Ahead,0,0,1,0,0,0,0,0,0,1,0,0,0,22,2152,Clear,"Dark, artificial",-79.4345,43.6333
5001444151,11355,Driver,40 to 44,None,Municipal Transit Bus (TTC),Turning Left,1,0,0,0,0,1,0,0,0,1,0,0,0,7,730,Clear,Daylight,-79.5379,43.6385
5001444151,11356,Pedestrian,75 to 79,Major,NULL,NULL,1,0,0,0,0,1,0,0,0,1,0,0,0,7,730,Clear,Daylight,-79.5379,43.6385
5001445203,11357,Motorcycle Driver,55 to 59,Major,Motorcycle,Changing Lanes,0,0,0,1,0,0,0,0,0,1,0,0,0,12,1211,Clear,Daylight,-79.3018,43.7227
5001501450,11371,Truck Driver,40 to 44,None,"Truck - Closed (Blazer, etc)",Turning Right,0,1,0,0,1,0,0,0,0,0,0,0,0,15,1545,Clear,Daylight,-79.3839,43.6423
5001501450,11372,Cyclist,35 to 39,Major,Bicycle,Going Ahead,0,1,0,0,1,0,0,0,0,0,0,0,0,15,1545,Clear,Daylight,-79.3839,43.6423
5001649654,11223,Pedestrian,75 to 79,Fatal,NULL,NULL,1,0,1,0,0,0,0,0,0,0,0,0,0,6,636,Clear,"Dark, artificial",-79.4505,43.6391
5001649654,11115,Driver,55 to 59,None,"Automobile, Station Wagon",Going Ahead,1,0,1,0,0,0,0,0,0,0,0,0,0,6,636,Clear,"Dark, artificial",-79.4505,43.6391
5001660531,11462,Passenger,65 to 69,None,NULL,NULL,1,0,1,0,0,0,0,1,0,1,0,0,0,19,1943,Clear,"Dark, artificial",-79.4629,43.6615
5001660531,11455,Pedestrian,80 to 84,Major,NULL,NULL,1,0,1,0,0,0,0,1,0,1,0,0,0,19,1943,Clear,"Dark, artificial",-79.4629,43.6615
5001660531,11449,Driver,30 to 34,None,"Automobile, Station Wagon",Turning Left,1,0,1,0,0,0,0,1,0,1,0,0,0,19,1943,Clear,"Dark, artificial",-79.4629,43.6615
5001686563,11493,Driver,30 to 34,None,"Automobile, Station Wagon",Changing Lanes,0,0,1,1,0,0,0,0,0,0,0,0,0,7,733,Clear,Daylight,-79.4195,43.6495
5001686563,11494,Motorcycle Driver,35 to 39,Major,Motorcycle,Going Ahead,0,0,1,1,0,0,0,0,0,0,0,0,0,7,733,Clear,Daylight,-79.4195,43.6495
5001723055,11514,Cyclist,20 to 24,Major,Bicycle,Changing Lanes,0,1,1,0,0,0,0,0,0,0,0,0,0,8,813,Clear,Daylight,-79.4172,43.6409
5001723055,11515,Driver,55 to 59,None,"Automobile, Station Wagon",Going Ahead,0,1,1,0,0,0,0,0,0,0,0,0,0,8,813,Clear,Daylight,-79.4172,43.6409
5001724104,11516,Driver,60 to 64,Major,"Automobile, Station Wagon",Changing Lanes,0,0,1,0,0,0,0,0,0,1,0,0,1,11,1107,Clear,Daylight,-79.5321,43.6948
5001750958,11530,Driver,20 to 24,None,"Automobile, Station Wagon",Going Ahead,1,0,1,0,0,0,0,0,1,1,0,0,0,19,1919,Clear,Dark,-79.5413,43.6852
5001750958,11531,Driver,55 to 59,None,"Automobile, Station Wagon",Going Ahead,1,0,1,0,0,0,0,0,1,1,0,0,0,19,1919,Clear,Dark,-79.5413,43.6852
5001750958,11532,Pedestrian,20 to 24,Fatal,NULL,NULL,1,0,1,0,0,0,0,0,1,1,0,0,0,19,1919,Clear,Dark,-79.5413,43.6852
5001824991,12464,Pedestrian,75 to 79,Fatal,NULL,NULL,1,0,1,0,0,0,0,0,0,0,0,0,0,14,1437,Clear,Daylight,-79.4728,43.6848
5001824991,12463,Driver,40 to 44,None,"Automobile, Station Wagon",Turning Left,1,0,1,0,0,0,0,0,0,0,0,0,0,14,1437,Clear,Daylight,-79.4728,43.6848
5001835148,12477,Driver,50 to 54,None,"Automobile, Station Wagon",Turning Left,1,0,1,0,0,0,0,0,0,1,0,0,0,11,1100,Clear,Daylight,-79.2946,43.7625
5001835148,12478,Driver,20 to 24,None,"Automobile, Station Wagon",Going Ahead,1,0,1,0,0,0,0,0,0,1,0,0,0,11,1100,Clear,Daylight,-79.2946,43.7625
5001835148,12479,Pedestrian,80 to 84,Major,NULL,NULL,1,0,1,0,0,0,0,0,0,1,0,0,0,11,1100,Clear,Daylight,-79.2946,43.7625
5001835148,12480,Pedestrian,75 to 79,Major,NULL,NULL,1,0,1,0,0,0,0,0,0,1,0,0,0,11,1100,Clear,Daylight,-79.2946,43.7625
5001835148,12481,Pedestrian,70 to 74,Major,NULL,NULL,1,0,1,0,0,0,0,0,0,1,0,0,0,11,1100,Clear,Daylight,-79.2946,43.7625
5001841929,12489,Driver,50 to 54,None,"Automobile, Station Wagon",Turning Right,0,1,1,0,0,0,0,1,0,1,0,0,0,15,1510,Clear,Daylight,-79.4801,43.7274
5001841929,12490,Cyclist,20 to 24,Major,Bicycle,Going Ahead,0,1,1,0,0,0,0,1,0,1,0,0,0,15,1510,Clear,Daylight,-79.4801,43.7274
5001841929,12491,Passenger,20 to 24,None,NULL,NULL,0,1,1,0,0,0,0,1,0,1,0,0,0,15,1510,Clear,Daylight,-79.4801,43.7274
5001866211,12503,Driver,40 to 44,None,Passenger Van,Going Ahead,1,0,1,0,0,0,0,0,0,0,0,0,0,15,1509,Clear,Daylight,-79.2158,43.7618
5001866211,12504,Pedestrian,10 to 14,Major,NULL,NULL,1,0,1,0,0,0,0,0,0,0,0,0,0,15,1509,Clear,Daylight,-79.2158,43.7618
5001873445,12516,Driver,40 to 44,None,"Automobile, Station Wagon",Turning Left,1,0,1,0,0,0,0,1,0,1,0,0,0,19,1852,Clear,"Dusk, artificial",-79.4323,43.7303
5001873445,12517,Pedestrian,65 to 69,Major,NULL,NULL,1,0,1,0,0,0,0,1,0,1,0,0,0,19,1852,Clear,"Dusk, artificial",-79.4323,43.7303
5001873445,12518,Passenger,40 to 44,None,NULL,NULL,1,0,1,0,0,0,0,1,0,1,0,0,0,19,1852,Clear,"Dusk, artificial",-79.4323,43.7303
5001873445,12519,Passenger,5 to 9,None,NULL,NULL,1,0,1,0,0,0,0,1,0,1,0,0,0,19,1852,Clear,"Dusk, artificial",-79.4323,43.7303
5001873445,12520,Passenger,5 to 9,None,NULL,NULL,1,0,1,0,0,0,0,1,0,1,0,0,0,19,1852,Clear,"Dusk, artificial",-79.4323,43.7303
5001873445,12521,Passenger,0 to 4,None,NULL,NULL,1,0,1,0,0,0,0,1,0,1,0,0,0,19,1852,Clear,"Dusk, artificial",-79.4323,43.7303
5001995659,12579,Driver,70 to 74,Major,"Automobile, Station Wagon",Going Ahead,0,0,1,0,0,0,0,0,1,1,0,1,0,1,55,Clear,"Dark, artificial",-79.3251,43.7419
5001995659,12580,Driver,25 to 29,Minimal,"Automobile, Station Wagon",Turning Left,0,0,1,0,0,0,0,0,1,1,0,1,0,1,55,Clear,"Dark, artificial",-79.3251,43.7419
5002137387,12638,Pedestrian,25 to 29,Major,NULL,NULL,1,0,0,0,0,0,0,0,0,0,0,0,0,20,2013,Clear,"Dark, artificial",-79.4568,43.7237
5002181080,12639,Driver,unknown,None,"Automobile, Station Wagon",Going Ahead,1,0,1,0,0,0,0,0,0,1,0,0,0,17,1726,Rain,"Dark, artificial",-79.4248,43.6393
5002181080,12640,Pedestrian,25 to 29,Major,NULL,NULL,1,0,1,0,0,0,0,0,0,1,0,0,0,17,1726,Rain,"Dark, artificial",-79.4248,43.6393
5002235368,12757,Driver,20 to 24,None,"Automobile, Station Wagon",Going Ahead,0,0,1,0,0,0,0,1,0,0,0,0,0,21,2115,Clear,"Dark, artificial",-79.4424,43.7055
5002235368,12758,Driver,70 to 74,Minimal,"Automobile, Station Wagon",Going Ahead,0,0,1,0,0,0,0,1,0,0,0,0,0,21,2115,Clear,"Dark, artificial",-79.4424,43.7055
5002235368,12759,Passenger,65 to 69,Major,NULL,NULL,0,0,1,0,0,0,0,1,0,0,0,0,0,21,2115,Clear,"Dark, artificial",-79.4424,43.7055
5002235651,12760,Driver,25 to 29,None,"Automobile, Station Wagon",Going Ahead,1,0,1,0,0,0,0,0,0,1,0,0,0,23,2339,Clear,"Dark, artificial",-79.3282,43.6823
5002235651,12761,Pedestrian,60 to 64,Fatal,NULL,NULL,1,0,1,0,0,0,0,0,0,1,0,0,0,23,2339,Clear,"Dark, artificial",-79.3282,43.6823
6000014911,12764,Driver,40 to 44,None,"Automobile, Station Wagon",Going Ahead,1,0,1,0,0,0,0,1,0,1,0,0,0,19,1915,Clear,"Dark, artificial",-79.2806,43.7644
6000014911,12765,Passenger,40 to 44,None,NULL,NULL,1,0,1,0,0,0,0,1,0,1,0,0,0,19,1915,Clear,"Dark, artificial",-79.2806,43.7644
6000014911,12766,Passenger,5 to 9,None,NULL,NULL,1,0,1,0,0,0,0,1,0,1,0,0,0,19,1915,Clear,"Dark, artificial",-79.2806,43.7644
6000014911,12767,Passenger,5 to 9,None,NULL,NULL,1,0,1,0,0,0,0,1,0,1,0,0,0,19,1915,Clear,"Dark, artificial",-79.2806,43.7644
6000014911,12768,Pedestrian,35 to 39,Fatal,NULL,NULL,1,0,1,0,0,0,0,1,0,1,0,0,0,19,1915,Clear,"Dark, artificial",-79.2806,43.7644
6000019763,12769,Driver,50 to 54,None,"Automobile, Station Wagon",Going Ahead,0,0,1,0,0,0,0,1,0,1,0,0,0,15,1520,Clear,Daylight,-79.3287,43.7627
6000019763,12770,Driver,35 to 39,None,School Bus,Going Ahead,0,0,1,0,0,0,0,1,0,1,0,0,0,15,1520,Clear,Daylight,-79.3287,43.7627
6001455596,12277,Passenger,5 to 9,Minimal,NULL,NULL,0,0,1,0,0,0,0,1,1,1,0,0,1,16,1606,Clear,Daylight,-79.4923,43.7686
6001455596,12278,Passenger,30 to 34,Minimal,NULL,NULL,0,0,1,0,0,0,0,1,1,1,0,0,1,16,1606,Clear,Daylight,-79.4923,43.7686
6001469848,12282,Driver,40 to 44,None,"Automobile, Station Wagon",Going Ahead,1,0,1,0,0,0,0,0,0,0,0,0,0,19,1853,Clear,Daylight,-79.5586,43.6941
6001469848,12283,Pedestrian,30 to 34,Major,NULL,NULL,1,0,1,0,0,0,0,0,0,0,0,0,0,19,1853,Clear,Daylight,-79.5586,43.6941
6001515823,12310,Motorcycle Driver,40 to 44,Major,Motorcycle,Going Ahead,0,0,1,1,0,0,0,1,1,1,0,0,0,22,2215,Clear,"Dark, artificial",-79.4255,43.6299
6001515823,12311,Driver,55 to 59,None,"Automobile, Station Wagon",Going Ahead,0,0,1,1,0,0,0,1,1,1,0,0,0,22,2215,Clear,"Dark, artificial",-79.4255,43.6299
6001515823,12312,Passenger,50 to 54,None,NULL,NULL,0,0,1,1,0,0,0,1,1,1,0,0,0,22,2215,Clear,"Dark, artificial",-79.4255,43.6299
6001535813,12116,Passenger,55 to 59,Major,NULL,NULL,0,0,1,0,0,1,0,1,0,0,0,0,0,6,630,Clear,Daylight,-79.3157,43.7967
6001535813,12008,Driver,65 to 69,None,Municipal Transit Bus (TTC),Stopped,0,0,1,0,0,1,0,1,0,0,0,0,0,6,630,Clear,Daylight,-79.3157,43.7967
6001535813,12324,Passenger,25 to 29,Fatal,NULL,NULL,0,0,1,0,0,1,0,1,0,0,0,0,0,6,630,Clear,Daylight,-79.3157,43.7967
6001535813,12325,Driver,50 to 54,Major,"Automobile, Station Wagon",Going Ahead,0,0,1,0,0,1,0,1,0,0,0,0,0,6,630,Clear,Daylight,-79.3157,43.7967
6001573551,12915,Passenger,25 to 29,Fatal,NULL,NULL,0,0,1,0,0,0,0,1,1,1,0,1,0,2,220,Clear,Dark,-79.3824,43.6807
6001573551,12916,Driver,20 to 24,Minor,"Automobile, Station Wagon",Going Ahead,0,0,1,0,0,0,0,1,1,1,0,1,0,2,220,Clear,Dark,-79.3824,43.6807
6001573551,12917,Passenger,25 to 29,Minor,NULL,NULL,0,0,1,0,0,0,0,1,1,1,0,1,0,2,220,Clear,Dark,-79.3824,43.6807
6001573551,12918,Passenger,15 to 19,Minor,NULL,NULL,0,0,1,0,0,0,0,1,1,1,0,1,0,2,220,Clear,Dark,-79.3824,43.6807
6001612832,12943,Driver,45 to 49,Minimal,Passenger Van,Turning Left,0,0,1,0,0,0,0,1,1,1,0,0,0,2,230,Clear,Dark,-79.3758,43.6603
6001612832,12944,Driver,20 to 24,Minimal,"Automobile, Station Wagon",Going Ahead,0,0,1,0,0,0,0,1,1,1,0,0,0,2,230,Clear,Dark,-79.3758,43.6603
6001612832,12945,Passenger,20 to 24,Major,NULL,NULL,0,0,1,0,0,0,0,1,1,1,0,0,0,2,230,Clear,Dark,-79.3758,43.6603
6001643828,12950,Motorcycle Driver,15 to 19,Major,Motorcycle,Going Ahead,0,0,1,1,0,0,0,0,1,1,0,0,0,19,1927,Clear,Daylight,-79.4294,43.671
6001643828,12951,Driver,unknown,None,"Automobile, Station Wagon",Going Ahead,0,0,1,1,0,0,0,0,1,1,0,0,0,19,1927,Clear,Daylight,-79.4294,43.671
6001675837,12962,Driver,35 to 39,None,"Automobile, Station Wagon",Going Ahead,1,0,1,0,0,0,0,0,0,1,0,0,0,17,1721,Clear,Daylight,-79.4859,43.6528
6001675837,12963,Pedestrian,35 to 39,Major,NULL,Going Ahead,1,0,1,0,0,0,0,0,0,1,0,0,0,17,1721,Clear,Daylight,-79.4859,43.6528
6001713743,12988,Motorcycle Driver,35 to 39,Major,Motorcycle,Overtaking,0,0,0,1,0,0,0,0,0,0,0,0,0,17,1709,Clear,Daylight,-79.4768,43.6323
6001750735,13015,Driver,20 to 24,None,"Automobile, Station Wagon",Turning Left,1,0,1,0,0,0,0,1,0,0,0,0,0,11,1058,Clear,Daylight,-79.2543,43.7353
6001750735,13016,Passenger,20 to 24,None,NULL,NULL,1,0,1,0,0,0,0,1,0,0,0,0,0,11,1058,Clear,Daylight,-79.2543,43.7353
6001750735,13017,Pedestrian,80 to 84,Fatal,NULL,NULL,1,0,1,0,0,0,0,1,0,0,0,0,0,11,1058,Clear,Daylight,-79.2543,43.7353
6001790676,13033,Driver,70 to 74,None,"Automobile, Station Wagon",Turning Left,1,0,1,0,0,0,0,0,0,1,0,0,0,11,1113,Clear,Daylight,-79.401,43.709
6001790676,13034,Pedestrian,65 to 69,Major,NULL,NULL,1,0,1,0,0,0,0,0,0,1,0,0,0,11,1113,Clear,Daylight,-79.401,43.709
6001932941,13076,Driver,25 to 29,Fatal,"Automobile, Station Wagon",Going Ahead,0,0,1,0,0,0,0,0,1,1,0,0,0,3,257,Clear,Dark,-79.4352,43.633
6001937894,13077,Driver,40 to 44,Minimal,"Automobile, Station Wagon",Going Ahead,1,0,1,0,0,0,0,1,1,1,0,1,0,20,2035,Clear,"Dark, artificial",-79.3442,43.7369
6001937894,13078,Driver,35 to 39,Minimal,"Automobile, Station Wagon",Going Ahead,1,0,1,0,0,0,0,1,1,1,0,1,0,20,2035,Clear,"Dark, artificial",-79.3442,43.7369
6001937894,13079,Driver,40 to 44,Minimal,"Automobile, Station Wagon",Going Ahead,1,0,1,0,0,0,0,1,1,1,0,1,0,20,2035,Clear,"Dark, artificial",-79.3442,43.7369
6001937894,13080,Passenger,5 to 9,Minimal,NULL,NULL,1,0,1,0,0,0,0,1,1,1,0,1,0,20,2035,Clear,"Dark, artificial",-79.3442,43.7369
6001937894,13081,Passenger,5 to 9,Minimal,NULL,NULL,1,0,1,0,0,0,0,1,1,1,0,1,0,20,2035,Clear,"Dark, artificial",-79.3442,43.7369
6001937894,13082,Pedestrian,10 to 14,Major,NULL,NULL,1,0,1,0,0,0,0,1,1,1,0,1,0,20,2035,Clear,"Dark, artificial",-79.3442,43.7369
6001937894,13083,Pedestrian,10 to 14,Major,NULL,NULL,1,0,1,0,0,0,0,1,1,1,0,1,0,20,2035,Clear,"Dark, artificial",-79.3442,43.7369
6001937894,13084,Pedestrian,10 to 14,Minor,NULL,NULL,1,0,1,0,0,0,0,1,1,1,0,1,0,20,2035,Clear,"Dark, artificial",-79.3442,43.7369
6001942141,13085,Driver,40 to 44,None,"Automobile, Station Wagon",Turning Left,0,0,1,1,0,0,0,0,0,1,0,0,0,13,1300,Clear,Daylight,-79.5288,43.6262
6001942141,13086,Motorcycle Driver,50 to 54,Major,Motorcycle,Going Ahead,0,0,1,1,0,0,0,0,0,1,0,0,0,13,1300,Clear,Daylight,-79.5288,43.6262
6001951366,13089,Pedestrian,65 to 69,Fatal,NULL,NULL,1,0,1,0,0,0,0,0,0,0,0,0,0,19,1948,Rain,"Dark, artificial",-79.4094,43.656
6001951366,13090,Driver,30 to 34,None,"Automobile, Station Wagon",Going Ahead,1,0,1,0,0,0,0,0,0,0,0,0,0,19,1948,Rain,"Dark, artificial",-79.4094,43.656
6001951366,13091,Pedestrian,60 to 64,Minor,NULL,NULL,1,0,1,0,0,0,0,0,0,0,0,0,0,19,1948,Rain,"Dark, artificial",-79.4094,43.656
6001951366,13092,Driver,45 to 49,None,Passenger Van,Going Ahead,1,0,1,0,0,0,0,0,0,0,0,0,0,19,1948,Rain,"Dark, artificial",-79.4094,43.656
6002050023,13690,Driver,20 to 24,None,"Automobile, Station Wagon",Going Ahead,1,0,1,0,0,0,0,0,0,0,0,0,0,14,1354,Clear,Daylight,-79.5637,43.6352
6002050023,13691,Pedestrian,80 to 84,Major,NULL,Going Ahead,1,0,1,0,0,0,0,0,0,0,0,0,0,14,1354,Clear,Daylight,-79.5637,43.6352
6002071995,13694,Driver,35 to 39,None,"Automobile, Station Wagon",Turning Left,1,0,1,0,0,0,0,1,0,0,0,0,0,6,649,Clear,"Dark, artificial",-79.2827,43.7161
6002071995,13695,Pedestrian,70 to 74,Major,NULL,NULL,1,0,1,0,0,0,0,1,0,0,0,0,0,6,649,Clear,"Dark, artificial",-79.2827,43.7161
6002071995,13696,Passenger,50 to 54,None,NULL,NULL,1,0,1,0,0,0,0,1,0,0,0,0,0,6,649,Clear,"Dark, artificial",-79.2827,43.7161
6002114627,13720,Driver,20 to 24,None,"Automobile, Station Wagon",Going Ahead,0,0,1,0,0,0,0,1,1,1,0,0,0,22,2153,Clear,Dark,-79.3706,43.6719
6002114627,13721,Passenger,25 to 29,Fatal,NULL,NULL,0,0,1,0,0,0,0,1,1,1,0,0,0,22,2153,Clear,Dark,-79.3706,43.6719
6002114627,13722,Passenger,20 to 24,Minor,NULL,NULL,0,0,1,0,0,0,0,1,1,1,0,0,0,22,2153,Clear,Dark,-79.3706,43.6719
6002114627,13723,Passenger,20 to 24,Major,NULL,NULL,0,0,1,0,0,0,0,1,1,1,0,0,0,22,2153,Clear,Dark,-79.3706,43.6719
6002143224,13735,Driver,45 to 49,None,"Automobile, Station Wagon",Going Ahead,1,0,1,0,0,0,0,0,0,0,0,0,0,7,708,Clear,"Dawn, artificial",-79.3176,43.7633
6002143224,13736,Pedestrian,50 to 54,Major,NULL,NULL,1,0,1,0,0,0,0,0,0,0,0,0,0,7,708,Clear,"Dawn, artificial",-79.3176,43.7633
6002256949,13473,Pedestrian,15 to 19,Major,NULL,NULL,1,0,0,0,1,0,0,0,0,0,0,0,0,10,959,Clear,Daylight,-79.4815,43.7243
6002256949,13470,Truck Driver,40 to 44,None,Truck-Tractor,Turning Right,1,0,0,0,1,0,0,0,0,0,0,0,0,10,959,Clear,Daylight,-79.4815,43.7243
7000155315,13666,Truck Driver,55 to 59,None,Truck - Dump,Going Ahead,0,0,1,0,1,0,0,0,0,1,1,0,1,14,1440,Clear,Daylight,-79.5423,43.752
7000155315,13667,Driver,85 to 89,Fatal,"Automobile, Station Wagon",Going Ahead,0,0,1,0,1,0,0,0,0,1,1,0,1,14,1440,Clear,Daylight,-79.5423,43.752
7000155315,13668,Driver,40 to 44,None,"Automobile, Station Wagon",Going Ahead,0,0,1,0,1,0,0,0,0,1,1,0,1,14,1440,Clear,Daylight,-79.5423,43.752
7000155315,13669,Driver,50 to 54,None,Passenger Van,Going Ahead,0,0,1,0,1,0,0,0,0,1,1,0,1,14,1440,Clear,Daylight,-79.5423,43.752
7000178103,13675,Driver,20 to 24,None,"Automobile, Station Wagon",Going Ahead,1,0,1,0,0,0,0,0,0,0,0,0,0,1,110,Clear,Dark,-79.3956,43.6379
7000178103,13676,Pedestrian,15 to 19,Fatal,NULL,NULL,1,0,1,0,0,0,0,0,0,0,0,0,0,1,110,Clear,Dark,-79.3956,43.6379
7000178684,13678,Driver,40 to 44,Minimal,Pick Up Truck,Going Ahead,0,0,1,0,0,0,0,0,1,1,0,1,0,3,345,Clear,"Dark, artificial",-79.4726,43.6334
7000178684,13679,Driver,20 to 24,Fatal,"Automobile, Station Wagon",Going Ahead,0,0,1,0,0,0,0,0,1,1,0,1,0,3,345,Clear,"Dark, artificial",-79.4726,43.6334
7000200382,13680,Driver,45 to 49,Major,"Automobile, Station Wagon",Going Ahead,1,0,1,0,0,0,0,0,0,1,0,0,0,14,1415,Clear,Daylight,-79.1964,43.7947
7000200382,13681,Pedestrian,20 to 24,Minor,NULL,NULL,1,0,1,0,0,0,0,0,0,1,0,0,0,14,1415,Clear,Daylight,-79.1964,43.7947
7000239280,13359,Driver,65 to 69,None,"Automobile, Station Wagon",Slowing or Stopping,1,0,1,0,0,0,0,0,0,0,0,0,0,19,1909,Rain,"Dark, artificial",-79.3562,43.6839
7000239280,13456,Pedestrian,75 to 79,Major,NULL,NULL,1,0,1,0,0,0,0,0,0,0,0,0,0,19,1909,Rain,"Dark, artificial",-79.3562,43.6839
7000274781,13497,Driver,35 to 39,None,"Automobile, Station Wagon",Going Ahead,1,0,1,0,0,0,0,0,0,0,0,0,0,15,1507,Clear,Daylight,-79.4155,43.7796
7000274781,13498,Pedestrian,50 to 54,Major,NULL,NULL,1,0,1,0,0,0,0,0,0,0,0,0,0,15,1507,Clear,Daylight,-79.4155,43.7796
7000313988,13515,Driver,20 to 24,None,"Automobile, Station Wagon",Going Ahead,1,0,1,0,0,0,0,0,0,0,0,0,0,17,1727,Clear,Daylight,-79.3387,43.6684
7000313988,13516,Pedestrian,55 to 59,Major,NULL,NULL,1,0,1,0,0,0,0,0,0,0,0,0,0,17,1727,Clear,Daylight,-79.3387,43.6684
7000451642,13554,Cyclist,70 to 74,Major,Bicycle,Turning Left,0,1,1,0,0,0,0,0,0,0,0,0,0,10,1006,Clear,Daylight,-79.2743,43.8127
7000451642,13555,Driver,45 to 49,None,"Automobile, Station Wagon",Going Ahead,0,1,1,0,0,0,0,0,0,0,0,0,0,10,1006,Clear,Daylight,-79.2743,43.8127