ACCNUM,ObjectId,INVTYPE,INVAGE,INJURY,VEHTYPE,MANOEUVER,PEDESTRIAN,CYCLIST,AUTOMOBILE,MOTORCYCLE,TRUCK,TRSN_CITY_VEH,EMERG_VEH,PASSENGER,SPEEDING,AG_DRIV,REDLIGHT,ALCOHOL,DISABILITY,HOUR,TIME,VISIBILITY,LIGHT,collision_lat,collision_long
7000485980,13562,Pedestrian,60 to 64,Fatal,NULL,NULL,1,0,1,0,0,0,0,0,0,0,0,0,0,19,1932,Rain,"Dark, artificial",-79.3788,43.6676
7000485980,13563,Driver,65 to 69,None,"Automobile, Station Wagon",Going Ahead,1,0,1,0,0,0,0,0,0,0,0,0,0,19,1932,Rain,"Dark, artificial",-79.3788,43.6676
7000487672,13564,Driver,30 to 34,Major,"Automobile, Station Wagon",Going Ahead,0,0,1,0,0,0,0,0,1,1,0,1,0,2,155,Snow,"Dark, artificial",-79.5846,43.7484
7000501083,13567,Driver,65 to 69,None,"Automobile, Station Wagon",Going Ahead,0,1,1,0,0,0,0,0,0,0,0,0,0,8,845,Clear,Daylight,-79.3469,43.6508
7000501083,13568,Cyclist,50 to 54,Major,Bicycle,Going Ahead,0,1,1,0,0,0,0,0,0,0,0,0,0,8,845,Clear,Daylight,-79.3469,43.6508
7000557720,13135,Driver,15 to 19,Major,"Automobile, Station Wagon",Going Ahead,0,0,1,0,0,0,0,1,1,1,1,0,0,0,15,Clear,"Dark, artificial",-79.2158,43.7617
7000557720,13136,Driver,55 to 59,Minor,"Automobile, Station Wagon",Going Ahead,0,0,1,0,0,0,0,1,1,1,1,0,0,0,15,Clear,"Dark, artificial",-79.2158,43.7617
7000557720,13137,Passenger,70 to 74,None,NULL,NULL,0,0,1,0,0,0,0,1,1,1,1,0,0,0,15,Clear,"Dark, artificial",-79.2158,43.7617
7000576786,13142,Driver,60 to 64,Major,"Automobile, Station Wagon",Unknown,0,0,1,0,0,0,0,0,1,1,0,0,0,0,4,Clear,"Dark, artificial",-79.5828,43.7176
5001722959,11510,Driver,25 to 29,None,"Automobile, Station Wagon",Overtaking,1,0,1,0,0,0,0,0,0,1,0,0,0,8,753,Clear,Daylight,-79.3878,43.7001
5001722959,11511,Pedestrian,45 to 49,Major,NULL,NULL,1,0,1,0,0,0,0,0,0,1,0,0,0,8,753,Clear,Daylight,-79.3878,43.7001
5001734070,11517,Driver,25 to 29,None,"Automobile, Station Wagon",Other,0,0,1,0,0,0,0,1,0,0,0,0,0,23,2250,Clear,"Dark, artificial",-79.6025,43.758
5001734070,11518,Driver,20 to 24,Minor,"Automobile, Station Wagon",Other,0,0,1,0,0,0,0,1,0,0,0,0,0,23,2250,Clear,"Dark, artificial",-79.6025,43.758
5001734070,11519,Driver,25 to 29,Minor,"Automobile, Station Wagon",Going Ahead,0,0,1,0,0,0,0,1,0,0,0,0,0,23,2250,Clear,"Dark, artificial",-79.6025,43.758
5001734070,11520,Passenger,25 to 29,Major,NULL,NULL,0,0,1,0,0,0,0,1,0,0,0,0,0,23,2250,Clear,"Dark, artificial",-79.6025,43.758
5001784292,11560,Driver,20 to 24,None,"Automobile, Station Wagon",Going Ahead,1,0,1,0,0,0,0,0,0,0,0,0,0,16,1627,Clear,Daylight,-79.3874,43.647
5001784292,11561,Pedestrian,65 to 69,Major,NULL,NULL,1,0,1,0,0,0,0,0,0,0,0,0,0,16,1627,Clear,Daylight,-79.3874,43.647
5001804887,12449,Pedestrian,40 to 44,Major,NULL,NULL,1,0,1,0,0,0,0,1,0,0,0,0,0,9,923,Clear,Daylight,-79.4418,43.6681
5001804887,12432,Driver,20 to 24,None,"Automobile, Station Wagon",Changing Lanes,1,0,1,0,0,0,0,1,0,0,0,0,0,9,923,Clear,Daylight,-79.4418,43.6681
5001804887,12441,Driver,55 to 59,None,"Automobile, Station Wagon",Going Ahead,1,0,1,0,0,0,0,1,0,0,0,0,0,9,923,Clear,Daylight,-79.4418,43.6681
5001804887,12443,Passenger,55 to 59,None,NULL,NULL,1,0,1,0,0,0,0,1,0,0,0,0,0,9,923,Clear,Daylight,-79.4418,43.6681
5001812233,12458,Driver,75 to 79,Major,"Automobile, Station Wagon",Going Ahead,0,0,1,0,0,0,0,0,0,1,0,0,0,13,1327,Clear,Daylight,-79.4829,43.7303
5001872803,12505,Driver,65 to 69,None,Passenger Van,Going Ahead,1,0,1,0,0,0,0,1,0,0,0,0,0,16,1640,Clear,Daylight,-79.2452,43.7925
5001872803,12506,Passenger,55 to 59,None,NULL,NULL,1,0,1,0,0,0,0,1,0,0,0,0,0,16,1640,Clear,Daylight,-79.2452,43.7925
5001872803,12507,Passenger,45 to 49,None,NULL,NULL,1,0,1,0,0,0,0,1,0,0,0,0,0,16,1640,Clear,Daylight,-79.2452,43.7925
5001872803,12508,Pedestrian,10 to 14,Major,NULL,NULL,1,0,1,0,0,0,0,1,0,0,0,0,0,16,1640,Clear,Daylight,-79.2452,43.7925
5001874738,12522,Driver,65 to 69,Minimal,"Automobile, Station Wagon",Making U Turn,0,0,1,1,0,0,0,0,1,1,0,0,0,23,2335,Rain,"Dark, artificial",-79.3131,43.6865
5001874738,12523,Motorcycle Driver,30 to 34,Major,Motorcycle,Going Ahead,0,0,1,1,0,0,0,0,1,1,0,0,0,23,2335,Rain,"Dark, artificial",-79.3131,43.6865
5001919444,12220,Driver,40 to 44,None,"Automobile, Station Wagon",Turning Left,1,0,1,0,0,0,0,0,0,1,0,0,0,11,1100,Clear,Daylight,-79.2229,43.7603
5001919444,12227,Pedestrian,65 to 69,Major,NULL,NULL,1,0,1,0,0,0,0,0,0,1,0,0,0,11,1100,Clear,Daylight,-79.2229,43.7603
5002054612,12607,Driver,45 to 49,None,"Automobile, Station Wagon",Turning Left,1,0,1,0,0,0,0,0,0,1,0,0,0,18,1833,Clear,"Dark, artificial",-79.4137,43.7573
5002054612,12608,Pedestrian,55 to 59,Major,NULL,NULL,1,0,1,0,0,0,0,0,0,1,0,0,0,18,1833,Clear,"Dark, artificial",-79.4137,43.7573
5002065903,12611,Driver,45 to 49,None,"Automobile, Station Wagon",Turning Left,1,0,1,0,0,0,0,0,0,1,0,0,0,14,1419,Clear,Daylight,-79.4298,43.7192
5002065903,12612,Pedestrian,90 to 94,Fatal,NULL,NULL,1,0,1,0,0,0,0,0,0,1,0,0,0,14,1419,Clear,Daylight,-79.4298,43.7192
5002131445,12631,Driver,20 to 24,None,"Automobile, Station Wagon",Changing Lanes,0,0,1,1,0,0,0,1,0,0,0,0,0,19,1941,Clear,"Dark, artificial",-79.4854,43.6516
5002131445,12632,Motorcycle Driver,15 to 19,Major,Motorcycle,Going Ahead,0,0,1,1,0,0,0,1,0,0,0,0,0,19,1941,Clear,"Dark, artificial",-79.4854,43.6516
5002131445,12633,Passenger,20 to 24,None,NULL,NULL,0,0,1,1,0,0,0,1,0,0,0,0,0,19,1941,Clear,"Dark, artificial",-79.4854,43.6516
5002136221,12637,Passenger,10 to 14,None,NULL,NULL,0,1,1,0,0,0,0,1,0,1,0,0,0,16,1556,Rain,Daylight,-79.4584,43.6511
5002136221,12634,Driver,35 to 39,None,"Automobile, Station Wagon",Going Ahead,0,1,1,0,0,0,0,1,0,1,0,0,0,16,1556,Rain,Daylight,-79.4584,43.6511
5002136221,12635,Cyclist,25 to 29,Major,Bicycle,Stopped,0,1,1,0,0,0,0,1,0,1,0,0,0,16,1556,Rain,Daylight,-79.4584,43.6511
5002136221,12636,Passenger,10 to 14,None,NULL,NULL,0,1,1,0,0,0,0,1,0,1,0,0,0,16,1556,Rain,Daylight,-79.4584,43.6511
5002189475,12447,Cyclist,55 to 59,Major,Bicycle,Going Ahead,0,1,0,0,1,0,0,0,0,1,0,0,0,9,911,Rain,Daylight,-79.373,43.6631
5002189475,12440,Truck Driver,30 to 34,None,"Truck - Closed (Blazer, etc)",Turning Left,0,1,0,0,1,0,0,0,0,1,0,0,0,9,911,Rain,Daylight,-79.373,43.6631
5002192601,12453,Truck Driver,50 to 54,None,Truck (other),Turning Left,1,0,0,0,1,0,0,0,0,1,0,0,0,18,1830,Clear,"Dark, artificial",-79.4524,43.7035
5002192601,12546,Pedestrian,30 to 34,Major,NULL,NULL,1,0,0,0,1,0,0,0,0,1,0,0,0,18,1830,Clear,"Dark, artificial",-79.4524,43.7035
5002206137,12561,Driver,30 to 34,None,Street Car,Going Ahead,1,0,0,0,0,1,0,0,0,0,0,0,0,8,819,Clear,Daylight,-79.4131,43.6452
5002206137,12654,Pedestrian,35 to 39,Major,NULL,NULL,1,0,0,0,0,1,0,0,0,0,0,0,0,8,819,Clear,Daylight,-79.4131,43.6452
6000044562,12781,Driver,25 to 29,None,"Automobile, Station Wagon",Going Ahead,1,0,1,0,0,0,0,0,0,0,0,0,0,13,1330,Clear,Daylight,-79.3763,43.7087
6000044562,12782,Pedestrian,20 to 24,Major,NULL,NULL,1,0,1,0,0,0,0,0,0,0,0,0,0,13,1330,Clear,Daylight,-79.3763,43.7087
6000080482,12796,Driver,35 to 39,Fatal,"Automobile, Station Wagon",Turning Left,0,0,1,0,1,0,0,0,0,1,0,0,0,11,1129,Clear,Daylight,-79.3364,43.8168
6000080482,12797,Truck Driver,55 to 59,None,"Truck - Closed (Blazer, etc)",Going Ahead,0,0,1,0,1,0,0,0,0,1,0,0,0,11,1129,Clear,Daylight,-79.3364,43.8168
6000111200,12817,Driver,20 to 24,Major,"Automobile, Station Wagon",Going Ahead,0,0,1,0,1,0,0,0,1,1,0,0,0,13,1300,Clear,Daylight,-79.4556,43.7596
6000111200,12818,Truck Driver,45 to 49,Major,"Truck - Closed (Blazer, etc)",Going Ahead,0,0,1,0,1,0,0,0,1,1,0,0,0,13,1300,Clear,Daylight,-79.4556,43.7596
6000219266,12850,Driver,25 to 29,Major,"Automobile, Station Wagon",Going Ahead,0,0,1,0,0,0,0,0,0,0,0,0,0,5,500,Clear,"Dawn, artificial",-79.458,43.6639
6000243323,12851,Driver,45 to 49,Minimal,"Automobile, Station Wagon",Going Ahead,1,0,1,0,0,0,0,0,0,1,0,0,0,10,954,Clear,Daylight,-79.4139,43.7896
6000243323,12852,Pedestrian,80 to 84,Fatal,NULL,NULL,1,0,1,0,0,0,0,0,0,1,0,0,0,10,954,Clear,Daylight,-79.4139,43.7896
6000324191,12868,Driver,35 to 39,Minor,"Automobile, Station Wagon",Going Ahead,1,0,1,0,0,0,0,0,1,1,0,0,0,21,2146,Clear,"Dark, artificial",-79.4224,43.6537
6000324191,12869,Pedestrian,45 to 49,Major,NULL,NULL,1,0,1,0,0,0,0,0,1,1,0,0,0,21,2146,Clear,"Dark, artificial",-79.4224,43.6537
6000365779,12877,Driver,30 to 34,None,"Automobile, Station Wagon",Turning Left,1,0,1,0,0,0,0,0,0,1,0,0,0,19,1930,Clear,"Dark, artificial",-79.3483,43.6894
6000365779,12878,Pedestrian,60 to 64,Major,NULL,NULL,1,0,1,0,0,0,0,0,0,1,0,0,0,19,1930,Clear,"Dark, artificial",-79.3483,43.6894
6000493980,12662,Driver,35 to 39,None,Pick Up Truck,Turning Right,1,0,1,0,0,0,0,0,0,1,0,0,0,19,1936,Rain,"Dusk, artificial",-79.2822,43.7693
6000493980,12663,Pedestrian,60 to 64,Major,NULL,NULL,1,0,1,0,0,0,0,0,0,1,0,0,0,19,1936,Rain,"Dusk, artificial",-79.2822,43.7693
6000582754,12673,Pedestrian,75 to 79,Major,NULL,NULL,1,0,0,0,0,0,0,0,0,0,0,0,0,15,1530,Clear,Daylight,-79.4429,43.7737
6000713724,12730,Driver,30 to 34,Minor,"Automobile, Station Wagon",Going Ahead,0,0,1,0,0,0,0,0,0,1,0,0,0,19,1910,Clear,Daylight,-79.6075,43.7385
6000713724,12731,Driver,40 to 44,Major,"Automobile, Station Wagon",Going Ahead,0,0,1,0,0,0,0,0,0,1,0,0,0,19,1910,Clear,Daylight,-79.6075,43.7385
6000781338,12346,Driver,25 to 29,None,"Automobile, Station Wagon",Going Ahead,1,0,1,0,0,0,0,0,0,1,0,0,0,0,15,Clear,"Dark, artificial",-79.4257,43.7582
6000781338,12347,Pedestrian,20 to 24,Major,NULL,NULL,1,0,1,0,0,0,0,0,0,1,0,0,0,0,15,Clear,"Dark, artificial",-79.4257,43.7582
6000852828,12361,Pedestrian,80 to 84,Major,NULL,NULL,1,0,1,0,0,0,0,0,0,0,0,0,0,6,600,Clear,Daylight,-79.5226,43.5973
6000852828,12362,Driver,20 to 24,None,"Automobile, Station Wagon",Reversing,1,0,1,0,0,0,0,0,0,0,0,0,0,6,600,Clear,Daylight,-79.5226,43.5973
6000875073,12374,Motorcycle Driver,55 to 59,Major,Motorcycle,Going Ahead,0,0,0,1,0,0,0,0,0,0,0,0,0,13,1300,Clear,Daylight,-79.1904,43.8286
6000923025,12399,Passenger,65 to 69,Major,NULL,NULL,0,0,1,0,0,0,0,1,1,1,0,0,0,18,1800,Clear,Daylight,-79.5644,43.6187
6000923025,12400,Driver,20 to 24,Fatal,"Automobile, Station Wagon",Changing Lanes,0,0,1,0,0,0,0,1,1,1,0,0,0,18,1800,Clear,Daylight,-79.5644,43.6187
6000923025,12401,Driver,25 to 29,Major,"Automobile, Station Wagon",Going Ahead,0,0,1,0,0,0,0,1,1,1,0,0,0,18,1800,Clear,Daylight,-79.5644,43.6187
6000929645,12404,Driver,30 to 34,None,"Automobile, Station Wagon",Turning Left,0,0,1,1,0,0,0,1,0,1,0,0,0,18,1755,Clear,Daylight,-79.4056,43.6712
6000929645,12405,Motorcycle Driver,20 to 24,Major,Motorcycle,Going Ahead,0,0,1,1,0,0,0,1,0,1,0,0,0,18,1755,Clear,Daylight,-79.4056,43.6712
6000929645,12406,Passenger,30 to 34,None,NULL,NULL,0,0,1,1,0,0,0,1,0,1,0,0,0,18,1755,Clear,Daylight,-79.4056,43.6712
6000947584,12003,Driver,20 to 24,Major,"Automobile, Station Wagon",Overtaking,0,0,1,0,0,0,0,1,1,1,0,0,0,8,836,Clear,Daylight,-79.211,43.7628
6000947584,12004,Driver,35 to 39,None,"Automobile, Station Wagon",Going Ahead,0,0,1,0,0,0,0,1,1,1,0,0,0,8,836,Clear,Daylight,-79.211,43.7628
6000947584,12005,Driver,30 to 34,None,Delivery Van,Stopped,0,0,1,0,0,0,0,1,1,1,0,0,0,8,836,Clear,Daylight,-79.211,43.7628
6000947584,12006,Passenger,15 to 19,Major,NULL,NULL,0,0,1,0,0,0,0,1,1,1,0,0,0,8,836,Clear,Daylight,-79.211,43.7628
6000971668,12031,Passenger,30 to 34,None,NULL,NULL,0,0,1,1,0,0,0,1,0,0,0,0,0,18,1822,Clear,Daylight,-79.4979,43.6022
6000971668,12029,Driver,40 to 44,None,"Automobile, Station Wagon",Turning Left,0,0,1,1,0,0,0,1,0,0,0,0,0,18,1822,Clear,Daylight,-79.4979,43.6022
6000971668,12030,Motorcycle Driver,40 to 44,None,Motorcycle,Going Ahead,0,0,1,1,0,0,0,1,0,0,0,0,0,18,1822,Clear,Daylight,-79.4979,43.6022
6000971668,12032,Passenger,25 to 29,None,NULL,NULL,0,0,1,1,0,0,0,1,0,0,0,0,0,18,1822,Clear,Daylight,-79.4979,43.6022
6000971668,12033,Motorcycle Passenger,unknown,Major,NULL,NULL,0,0,1,1,0,0,0,1,0,0,0,0,0,18,1822,Clear,Daylight,-79.4979,43.6022
6001054585,12062,Driver,20 to 24,None,"Bus (Other) (Go Bus, Gray Coach)",Turning Left,1,0,0,0,0,1,0,0,0,1,0,0,0,9,855,Clear,Daylight,-79.4444,43.6812
6001054585,12063,Pedestrian,75 to 79,Major,NULL,NULL,1,0,0,0,0,1,0,0,0,1,0,0,0,9,855,Clear,Daylight,-79.4444,43.6812
6001139376,12103,Cyclist,10 to 14,Major,Bicycle,Going Ahead,0,1,1,0,0,0,0,0,0,0,0,0,0,19,1908,Clear,Daylight,-79.4822,43.6798
6001139376,12104,Driver,35 to 39,None,Pick Up Truck,Going Ahead,0,1,1,0,0,0,0,0,0,0,0,0,0,19,1908,Clear,Daylight,-79.4822,43.6798
6001198953,12141,Driver,15 to 19,Major,"Automobile, Station Wagon",Turning Right,0,0,1,0,0,0,0,1,1,1,0,0,0,23,2339,Clear,"Dark, artificial",-79.1907,43.7527
6001198953,12142,Passenger,15 to 19,Minor,NULL,NULL,0,0,1,0,0,0,0,1,1,1,0,0,0,23,2339,Clear,"Dark, artificial",-79.1907,43.7527
7001052989,13299,Passenger,0 to 4,Fatal,NULL,NULL,0,0,1,0,0,0,0,1,0,0,0,0,0,16,1606,Clear,Daylight,-79.24,43.7935
7001052989,13300,Driver,55 to 59,Minimal,"Automobile, Station Wagon",Going Ahead,0,0,1,0,0,0,0,1,0,0,0,0,0,16,1606,Clear,Daylight,-79.24,43.7935
7001140517,13332,Pedestrian,70 to 74,Major,NULL,NULL,1,0,0,0,1,0,0,0,0,1,0,0,0,10,1045,Clear,Daylight,-79.3809,43.6656
7001140517,13333,Truck Driver,55 to 59,None,Truck-Tractor,Turning Right,1,0,0,0,1,0,0,0,0,1,0,0,0,10,1045,Clear,Daylight,-79.3809,43.6656
7001169974,13764,Cyclist,70 to 74,Fatal,Bicycle,Going Ahead,0,1,1,0,0,0,0,0,0,0,0,0,0,13,1304,Clear,Daylight,-79.4945,43.6761
7001169974,13776,Driver,60 to 64,None,Delivery Van,Turning Right,0,1,1,0,0,0,0,0,0,0,0,0,0,13,1304,Clear,Daylight,-79.4945,43.6761
7001179140,13921,Driver,40 to 44,None,Pick Up Truck,Going Ahead,1,0,1,0,0,0,0,1,0,0,0,0,0,22,2240,Clear,"Dark, artificial",-79.5689,43.65
7001179140,13922,Passenger,20 to 24,None,NULL,NULL,1,0,1,0,0,0,0,1,0,0,0,0,0,22,2240,Clear,"Dark, artificial",-79.5689,43.65
7001179140,13923,Passenger,30 to 34,None,NULL,NULL,1,0,1,0,0,0,0,1,0,0,0,0,0,22,2240,Clear,"Dark, artificial",-79.5689,43.65
7001179140,13924,Passenger,10 to 14,None,NULL,NULL,1,0,1,0,0,0,0,1,0,0,0,0,0,22,2240,Clear,"Dark, artificial",-79.5689,43.65
7001179140,13925,Pedestrian,15 to 19,Major,NULL,NULL,1,0,1,0,0,0,0,1,0,0,0,0,0,22,2240,Clear,"Dark, artificial",-79.5689,43.65
7001179140,13926,Pedestrian,15 to 19,Major,NULL,NULL,1,0,1,0,0,0,0,1,0,0,0,0,0,22,2240,Clear,"Dark, artificial",-79.5689,43.65
7001234920,13942,Passenger,10 to 14,Major,NULL,NULL,0,0,1,0,0,0,0,1,0,0,0,0,0,13,1250,Clear,Daylight,-79.354,43.7995
7001234920,13944,Passenger,15 to 19,None,NULL,NULL,0,0,1,0,0,0,0,1,0,0,0,0,0,13,1250,Clear,Daylight,-79.354,43.7995
7001234920,13945,Driver,55 to 59,Minor,"Automobile, Station Wagon",Going Ahead,0,0,1,0,0,0,0,1,0,0,0,0,0,13,1250,Clear,Daylight,-79.354,43.7995
7001234920,13946,Driver,35 to 39,None,Pick Up Truck,Turning Left,0,0,1,0,0,0,0,1,0,0,0,0,0,13,1250,Clear,Daylight,-79.354,43.7995
7001234920,13943,Passenger,60 to 64,None,NULL,NULL,0,0,1,0,0,0,0,1,0,0,0,0,0,13,1250,Clear,Daylight,-79.354,43.7995
7001366288,13995,Driver,55 to 59,Minimal,"Automobile, Station Wagon",Going Ahead,0,0,1,0,0,0,0,0,1,1,0,1,0,2,237,Clear,Dark,-79.4645,43.6653
7001366288,13996,Driver,60 to 64,Major,"Automobile, Station Wagon",Going Ahead,0,0,1,0,0,0,0,0,1,1,0,1,0,2,237,Clear,Dark,-79.4645,43.6653
7001406926,13458,Pedestrian,20 to 24,Major,NULL,NULL,1,0,1,0,0,0,0,0,0,0,0,0,0,2,225,Clear,"Dark, artificial",-79.3788,43.6454
7001406926,13363,Driver,50 to 54,None,"Automobile, Station Wagon",Going Ahead,1,0,1,0,0,0,0,0,0,0,0,0,0,2,225,Clear,"Dark, artificial",-79.3788,43.6454
7001455540,13779,Motorcycle Driver,35 to 39,Major,Motorcycle,Going Ahead,0,0,1,1,0,0,0,0,1,1,0,0,0,19,1917,Clear,Daylight,-79.4816,43.6857
7001455540,13780,Driver,35 to 39,None,"Automobile, Station Wagon",Turning Left,0,0,1,1,0,0,0,0,1,1,0,0,0,19,1917,Clear,Daylight,-79.4816,43.6857
7001492041,13798,Driver,45 to 49,None,"Automobile, Station Wagon",Turning Right,0,1,1,0,0,0,0,0,0,1,0,0,0,11,1055,Clear,Daylight,-79.4463,43.7346
7001492041,13799,Cyclist,55 to 59,Major,Bicycle,Going Ahead,0,1,1,0,0,0,0,0,0,1,0,0,0,11,1055,Clear,Daylight,-79.4463,43.7346
7001496214,13807,Pedestrian,25 to 29,Major,NULL,NULL,1,0,1,0,0,0,0,1,0,0,0,0,0,23,2305,Clear,"Dark, artificial",-79.5575,43.7487
7001496214,13808,Passenger,55 to 59,None,NULL,NULL,1,0,1,0,0,0,0,1,0,0,0,0,0,23,2305,Clear,"Dark, artificial",-79.5575,43.7487
7001496214,13809,Driver,35 to 39,None,"Automobile, Station Wagon",Going Ahead,1,0,1,0,0,0,0,1,0,0,0,0,0,23,2305,Clear,"Dark, artificial",-79.5575,43.7487
7001528578,13822,Driver,45 to 49,None,"Automobile, Station Wagon",Turning Left,1,0,1,0,0,0,0,0,0,1,0,0,0,22,2218,Clear,"Dark, artificial",-79.4119,43.6419
7001528578,13823,Pedestrian,30 to 34,Major,NULL,NULL,1,0,1,0,0,0,0,0,0,1,0,0,0,22,2218,Clear,"Dark, artificial",-79.4119,43.6419
7001609405,13686,Driver,70 to 74,None,"Automobile, Station Wagon",Going Ahead,1,0,1,0,0,0,0,0,0,1,0,0,0,18,1832,Clear,Daylight,-79.4466,43.7563
7001609405,13601,Pedestrian,70 to 74,Fatal,NULL,NULL,1,0,1,0,0,0,0,0,0,1,0,0,0,18,1832,Clear,Daylight,-79.4466,43.7563
7001617319,13840,Driver,50 to 54,None,"Automobile, Station Wagon",Going Ahead,1,0,1,0,0,0,0,0,0,0,0,0,0,22,2217,Clear,"Dark, artificial",-79.3743,43.6566
7001617319,13841,Pedestrian,25 to 29,Major,NULL,NULL,1,0,1,0,0,0,0,0,0,0,0,0,0,22,2217,Clear,"Dark, artificial",-79.3743,43.6566
7001656927,13853,Cyclist,20 to 24,Major,Bicycle,Making U Turn,0,1,0,1,0,0,0,0,0,0,0,0,0,1,105,Clear,"Dark, artificial",-79.4074,43.6659
7001656927,13854,Motorcycle Driver,20 to 24,None,Motorcycle,Going Ahead,0,1,0,1,0,0,0,0,0,0,0,0,0,1,105,Clear,"Dark, artificial",-79.4074,43.6659
7001742051,13881,Pedestrian,50 to 54,Major,NULL,NULL,1,0,1,0,0,0,0,0,0,0,0,0,0,17,1652,Clear,Daylight,-79.4277,43.7004
7001742051,13882,Driver,25 to 29,None,"Automobile, Station Wagon",Turning Left,1,0,1,0,0,0,0,0,0,0,0,0,0,17,1652,Clear,Daylight,-79.4277,43.7004
7001781044,13906,Driver,40 to 44,None,"Automobile, Station Wagon",Turning Left,0,1,1,0,0,0,0,0,0,0,0,0,0,16,1615,Clear,Daylight,-79.4346,43.6742
7001781044,13907,Cyclist,45 to 49,Major,Bicycle,Going Ahead,0,1,1,0,0,0,0,0,0,0,0,0,0,16,1615,Clear,Daylight,-79.4346,43.6742
7001784038,13912,Driver,35 to 39,None,"Automobile, Station Wagon",Going Ahead,1,0,1,0,0,0,0,0,1,1,0,0,0,6,645,Clear,Daylight,-79.451,43.6978
7001784038,13913,Pedestrian,35 to 39,Major,NULL,NULL,1,0,1,0,0,0,0,0,1,1,0,0,0,6,645,Clear,Daylight,-79.451,43.6978
7001794171,14115,Pedestrian,20 to 24,Fatal,NULL,NULL,1,0,1,0,0,0,0,0,0,0,0,0,0,16,1623,Clear,Daylight,-79.5016,43.7681
7001794171,14129,Driver,20 to 24,None,"Automobile, Station Wagon",Going Ahead,1,0,1,0,0,0,0,0,0,0,0,0,0,16,1623,Clear,Daylight,-79.5016,43.7681
7001806596,14849,Motorcycle Driver,30 to 34,Major,Motorcycle,Going Ahead,0,0,1,1,0,0,0,0,0,0,0,0,0,13,1330,Clear,Daylight,-79.4013,43.6476
7001806596,14919,Driver,30 to 34,None,"Automobile, Station Wagon",Making U Turn,0,0,1,1,0,0,0,0,0,0,0,0,0,13,1330,Clear,Daylight,-79.4013,43.6476
7001831217,14933,Driver,30 to 34,None,"Automobile, Station Wagon",Going Ahead,0,0,1,0,0,0,0,0,0,0,0,0,0,16,1628,Clear,Daylight,-79.3883,43.6739
7001831217,14934,Driver,60 to 64,Major,"Automobile, Station Wagon",Changing Lanes,0,0,1,0,0,0,0,0,0,0,0,0,0,16,1628,Clear,Daylight,-79.3883,43.6739
7001903704,14953,Pedestrian,45 to 49,Major,NULL,NULL,1,0,1,0,0,0,0,0,0,1,0,0,0,23,2318,Clear,"Dusk, artificial",-79.5285,43.6251
7001903704,14954,Driver,60 to 64,None,"Automobile, Station Wagon",Turning Left,1,0,1,0,0,0,0,0,0,1,0,0,0,23,2318,Clear,"Dusk, artificial",-79.5285,43.6251
7001983024,14984,Driver,35 to 39,Minor,"Automobile, Station Wagon",Going Ahead,0,0,1,0,0,0,0,0,1,1,0,0,0,8,840,NULL,Daylight,-79.5602,43.6212
7001983024,14985,Driver,35 to 39,Fatal,"Automobile, Station Wagon",Going Ahead,0,0,1,0,0,0,0,0,1,1,0,0,0,8,840,NULL,Daylight,-79.5602,43.6212
7002038270,14155,Pedestrian,50 to 54,Major,NULL,NULL,1,0,1,0,0,0,0,0,0,1,0,0,0,19,1850,Clear,"Dark, artificial",-79.3502,43.6931
7002038270,14156,Driver,unknown,None,"Automobile, Station Wagon",Turning Left,1,0,1,0,0,0,0,0,0,1,0,0,0,19,1850,Clear,"Dark, artificial",-79.3502,43.6931
7002045766,14159,Pedestrian,65 to 69,Major,NULL,NULL,1,0,1,0,0,0,0,0,0,0,0,0,0,1,138,Clear,"Dark, artificial",-79.4331,43.6436
7002045766,14160,Driver,25 to 29,None,"Automobile, Station Wagon",Going Ahead,1,0,1,0,0,0,0,0,0,0,0,0,0,1,138,Clear,"Dark, artificial",-79.4331,43.6436
7003035301,14173,Passenger,60 to 64,Major,NULL,NULL,0,0,1,0,0,0,0,1,0,1,0,0,0,18,1809,Clear,"Dark, artificial",-79.2026,43.8088
7003035301,14174,Driver,25 to 29,None,"Automobile, Station Wagon",Going Ahead,0,0,1,0,0,0,0,1,0,1,0,0,0,18,1809,Clear,"Dark, artificial",-79.2026,43.8088
7003035301,14175,Driver,60 to 64,Minimal,"Automobile, Station Wagon",Turning Left,0,0,1,0,0,0,0,1,0,1,0,0,0,18,1809,Clear,"Dark, artificial",-79.2026,43.8088
7003148024,14222,Driver,unknown,None,NULL,Going Ahead,1,0,0,0,0,0,0,0,0,1,0,0,0,7,700,Clear,Dawn,-79.5426,43.7532
7003148024,14223,Pedestrian,15 to 19,Major,NULL,NULL,1,0,0,0,0,0,0,0,0,1,0,0,0,7,700,Clear,Dawn,-79.5426,43.7532
7003199347,14230,Driver,85 to 89,None,"Automobile, Station Wagon",Going Ahead,0,1,1,0,0,0,0,0,0,0,0,0,0,8,757,Clear,Daylight,-79.3213,43.8127