ACCNUM,ObjectId,INVTYPE,INVAGE,INJURY,VEHTYPE,MANOEUVER,PEDESTRIAN,CYCLIST,AUTOMOBILE,MOTORCYCLE,TRUCK,TRSN_CITY_VEH,EMERG_VEH,PASSENGER,SPEEDING,AG_DRIV,REDLIGHT,ALCOHOL,DISABILITY,HOUR,TIME,VISIBILITY,LIGHT,collision_lat,collision_long
7003199347,14231,Cyclist,65 to 69,Major,Bicycle,Going Ahead,0,1,1,0,0,0,0,0,0,0,0,0,0,8,757,Clear,Daylight,-79.3213,43.8127
7003236001,14143,Pedestrian,55 to 59,Fatal,NULL,NULL,1,0,1,0,0,0,0,0,0,0,0,0,0,18,1845,Other,Daylight,-79.2627,43.8278
7003236001,14149,Driver,50 to 54,None,"Automobile, Station Wagon",Going Ahead,1,0,1,0,0,0,0,0,0,0,0,0,0,18,1845,Other,Daylight,-79.2627,43.8278
7003291964,14561,Passenger,65 to 69,None,NULL,NULL,1,0,1,0,0,0,0,1,0,0,0,0,0,17,1745,Clear,"Daylight, artificial",-79.2917,43.7824
7003291964,14565,Pedestrian,unknown,Major,NULL,NULL,1,0,1,0,0,0,0,1,0,0,0,0,0,17,1745,Clear,"Daylight, artificial",-79.2917,43.7824
7003291964,14567,Driver,70 to 74,None,"Automobile, Station Wagon",Going Ahead,1,0,1,0,0,0,0,1,0,0,0,0,0,17,1745,Clear,"Daylight, artificial",-79.2917,43.7824
8000027863,14593,Driver,20 to 24,Major,"Automobile, Station Wagon",Going Ahead,0,0,1,0,0,0,0,0,0,1,0,0,0,15,1455,Clear,Daylight,-79.3082,43.718
8000027863,14594,Driver,50 to 54,None,"Automobile, Station Wagon",Turning Left,0,0,1,0,0,0,0,0,0,1,0,0,0,15,1455,Clear,Daylight,-79.3082,43.718
8000066887,14605,Pedestrian,70 to 74,Major,NULL,NULL,1,0,1,0,0,0,0,0,0,1,0,0,0,17,1740,Clear,"Dark, artificial",-79.3192,43.7957
8000066887,14606,Driver,unknown,None,"Automobile, Station Wagon",Turning Right,1,0,1,0,0,0,0,0,0,1,0,0,0,17,1740,Clear,"Dark, artificial",-79.3192,43.7957
8000118334,14619,Driver,85 to 89,None,"Automobile, Station Wagon",Going Ahead,0,0,1,0,0,0,0,1,0,1,0,0,0,18,1800,Clear,"Dark, artificial",-79.4096,43.7809
8000118334,14620,Driver,25 to 29,Minor,"Automobile, Station Wagon",Going Ahead,0,0,1,0,0,0,0,1,0,1,0,0,0,18,1800,Clear,"Dark, artificial",-79.4096,43.7809
8000118334,14621,Driver,40 to 44,None,"Automobile, Station Wagon",Stopped,0,0,1,0,0,0,0,1,0,1,0,0,0,18,1800,Clear,"Dark, artificial",-79.4096,43.7809
8000118334,14622,Passenger,45 to 49,None,NULL,NULL,0,0,1,0,0,0,0,1,0,1,0,0,0,18,1800,Clear,"Dark, artificial",-79.4096,43.7809
8000118334,14623,Passenger,90 to 94,Major,NULL,NULL,0,0,1,0,0,0,0,1,0,1,0,0,0,18,1800,Clear,"Dark, artificial",-79.4096,43.7809
8000118334,14624,Passenger,75 to 79,None,NULL,NULL,0,0,1,0,0,0,0,1,0,1,0,0,0,18,1800,Clear,"Dark, artificial",-79.4096,43.7809
8000312731,14494,Driver,40 to 44,None,"Automobile, Station Wagon",Going Ahead,1,0,1,0,0,0,0,0,0,0,0,0,0,18,1827,Clear,"Dusk, artificial",-79.3992,43.7108
8000312731,14495,Pedestrian,45 to 49,Major,NULL,NULL,1,0,1,0,0,0,0,0,0,0,0,0,0,18,1827,Clear,"Dusk, artificial",-79.3992,43.7108
8000337135,14506,Driver,60 to 64,None,"Automobile, Station Wagon",Going Ahead,0,0,1,0,0,0,0,1,0,1,0,0,0,14,1430,Clear,Daylight,-79.4114,43.7111
8000337135,14507,Driver,75 to 79,Minor,"Automobile, Station Wagon",Going Ahead,0,0,1,0,0,0,0,1,0,1,0,0,0,14,1430,Clear,Daylight,-79.4114,43.7111
8000337135,14508,Passenger,80 to 84,Major,NULL,NULL,0,0,1,0,0,0,0,1,0,1,0,0,0,14,1430,Clear,Daylight,-79.4114,43.7111
7000072801,13646,Truck Driver,55 to 59,Major,"Truck - Closed (Blazer, etc)",Going Ahead,0,0,0,0,1,0,0,0,0,0,0,0,1,23,2258,Clear,"Dark, artificial",-79.5389,43.7367
7000244602,13467,Pedestrian,35 to 39,Major,NULL,NULL,1,0,1,0,0,0,0,0,0,1,0,0,0,15,1510,Clear,Daylight,-79.3414,43.7323
7000244602,13461,Driver,35 to 39,None,"Automobile, Station Wagon",Turning Left,1,0,1,0,0,0,0,0,0,1,0,0,0,15,1510,Clear,Daylight,-79.3414,43.7323
7000304579,13506,Passenger,20 to 24,Minor,NULL,NULL,0,0,1,0,0,1,0,1,1,1,1,1,0,3,347,Clear,"Dark, artificial",-79.4389,43.6683
7000304579,13503,Driver,30 to 34,Major,"Automobile, Station Wagon",Going Ahead,0,0,1,0,0,1,0,1,1,1,1,1,0,3,347,Clear,"Dark, artificial",-79.4389,43.6683
7000304579,13504,Driver,45 to 49,Minor,"Automobile, Station Wagon",Going Ahead,0,0,1,0,0,1,0,1,1,1,1,1,0,3,347,Clear,"Dark, artificial",-79.4389,43.6683
7000304579,13505,Driver,50 to 54,Minimal,Intercity Bus,Going Ahead,0,0,1,0,0,1,0,1,1,1,1,1,0,3,347,Clear,"Dark, artificial",-79.4389,43.6683
7000309465,13508,Driver,30 to 34,None,"Automobile, Station Wagon",Turning Left,1,0,1,0,0,0,0,0,0,0,0,0,0,22,2230,Clear,"Dark, artificial",-79.3865,43.6507
7000309465,13509,Other,unknown,None,NULL,Unknown,1,0,1,0,0,0,0,0,0,0,0,0,0,22,2230,Clear,"Dark, artificial",-79.3865,43.6507
7000309465,13510,Pedestrian,35 to 39,Major,NULL,NULL,1,0,1,0,0,0,0,0,0,0,0,0,0,22,2230,Clear,"Dark, artificial",-79.3865,43.6507
7000309465,13511,Pedestrian,35 to 39,Minor,NULL,NULL,1,0,1,0,0,0,0,0,0,0,0,0,0,22,2230,Clear,"Dark, artificial",-79.3865,43.6507
7000337987,13519,Driver,65 to 69,None,"Automobile, Station Wagon",Turning Left,1,0,1,0,0,0,0,0,0,0,0,0,0,12,1200,Clear,Daylight,-79.4135,43.7721
7000337987,13520,Pedestrian,80 to 84,Major,NULL,NULL,1,0,1,0,0,0,0,0,0,0,0,0,0,12,1200,Clear,Daylight,-79.4135,43.7721
7000432401,13548,Passenger,25 to 29,Major,NULL,NULL,0,0,1,0,0,0,0,1,1,1,0,0,0,2,204,Clear,"Dark, artificial",-79.4,43.6579
7000432401,13549,Driver,35 to 39,Minor,"Automobile, Station Wagon",Going Ahead,0,0,1,0,0,0,0,1,1,1,0,0,0,2,204,Clear,"Dark, artificial",-79.4,43.6579
7000433628,13550,Driver,85 to 89,Major,"Automobile, Station Wagon",Going Ahead,0,0,1,0,0,0,0,1,0,0,0,0,1,8,846,Clear,Daylight,-79.1465,43.7772
7000433628,13551,Driver,35 to 39,None,"Automobile, Station Wagon",Stopped,0,0,1,0,0,0,0,1,0,0,0,0,1,8,846,Clear,Daylight,-79.1465,43.7772
7000433628,13552,Passenger,45 to 49,Minor,NULL,NULL,0,0,1,0,0,0,0,1,0,0,0,0,1,8,846,Clear,Daylight,-79.1465,43.7772
7000433628,13553,Passenger,0 to 4,Minor,NULL,NULL,0,0,1,0,0,0,0,1,0,0,0,0,1,8,846,Clear,Daylight,-79.1465,43.7772
7000503905,13571,Driver,50 to 54,None,"Automobile, Station Wagon",Turning Right,1,0,1,0,0,0,0,0,0,1,0,0,0,16,1606,Clear,Daylight,-79.3191,43.7668
7000503905,13572,Pedestrian,65 to 69,Major,NULL,NULL,1,0,1,0,0,0,0,0,0,1,0,0,0,16,1606,Clear,Daylight,-79.3191,43.7668
7000600536,13152,Driver,35 to 39,None,"Automobile, Station Wagon",Reversing,1,0,1,0,0,0,0,0,0,0,0,0,0,15,1454,Clear,Daylight,-79.5221,43.6889
7000600536,13153,Pedestrian,55 to 59,Minimal,NULL,NULL,1,0,1,0,0,0,0,0,0,0,0,0,0,15,1454,Clear,Daylight,-79.5221,43.6889
7000600536,13154,Pedestrian,85 to 89,Major,NULL,NULL,1,0,1,0,0,0,0,0,0,0,0,0,0,15,1454,Clear,Daylight,-79.5221,43.6889
7000649054,13170,Passenger,25 to 29,Major,NULL,NULL,0,0,1,0,0,0,0,1,1,1,0,0,0,1,144,Clear,"Dark, artificial",-79.3807,43.7953
7000649054,13171,Driver,25 to 29,Fatal,"Automobile, Station Wagon",Going Ahead,0,0,1,0,0,0,0,1,1,1,0,0,0,1,144,Clear,"Dark, artificial",-79.3807,43.7953
7000855624,13410,Motorcycle Driver,20 to 24,Major,Motorcycle,Going Ahead,0,0,1,1,0,0,0,0,0,1,0,0,0,13,1315,Clear,Daylight,-79.1705,43.8078
7000855624,13411,Driver,45 to 49,None,"Automobile, Station Wagon",Turning Left,0,0,1,1,0,0,0,0,0,1,0,0,0,13,1315,Clear,Daylight,-79.1705,43.8078
7000867225,13417,Cyclist,10 to 14,Major,Bicycle,Merging,0,1,1,0,0,0,0,0,0,0,0,0,0,8,752,Clear,Daylight,-79.3528,43.7019
7000867225,13418,Driver,60 to 64,None,"Automobile, Station Wagon",Going Ahead,0,1,1,0,0,0,0,0,0,0,0,0,0,8,752,Clear,Daylight,-79.3528,43.7019
7000868429,13419,Truck Driver,45 to 49,None,Truck-Tractor,Turning Right,1,0,0,0,1,0,0,0,0,1,0,0,0,11,1134,Clear,Daylight,-79.2188,43.7431
7000868429,13420,Pedestrian,55 to 59,Minimal,NULL,NULL,1,0,0,0,1,0,0,0,0,1,0,0,0,11,1134,Clear,Daylight,-79.2188,43.7431
7000868429,13421,Pedestrian,50 to 54,Major,NULL,NULL,1,0,0,0,1,0,0,0,0,1,0,0,0,11,1134,Clear,Daylight,-79.2188,43.7431
7000964313,13254,Driver,30 to 34,Major,Pick Up Truck,Going Ahead,0,0,1,0,0,0,0,0,0,0,0,0,0,18,1800,Clear,Daylight,-79.5112,43.7317
7001025478,13278,Cyclist,60 to 64,Major,Bicycle,Changing Lanes,0,1,1,0,0,0,0,0,0,0,0,0,0,15,1543,Clear,Daylight,-79.3234,43.6833
7001025478,13279,Driver,55 to 59,None,"Automobile, Station Wagon",Going Ahead,0,1,1,0,0,0,0,0,0,0,0,0,0,15,1543,Clear,Daylight,-79.3234,43.6833
7001031526,13282,Motorcycle Driver,25 to 29,Minor,Motorcycle,Going Ahead,1,0,0,1,0,0,0,0,1,1,0,0,0,14,1404,Clear,Daylight,-79.3231,43.7948
7001031526,13283,Pedestrian,60 to 64,Major,NULL,NULL,1,0,0,1,0,0,0,0,1,1,0,0,0,14,1404,Clear,Daylight,-79.3231,43.7948
7001074054,13313,Driver,55 to 59,None,Pick Up Truck,Going Ahead,0,0,1,0,0,0,0,1,0,1,0,0,0,15,1513,Clear,Daylight,-79.4494,43.6936
7001074054,13314,Driver,40 to 44,Major,"Automobile, Station Wagon",Stopped,0,0,1,0,0,0,0,1,0,1,0,0,0,15,1513,Clear,Daylight,-79.4494,43.6936
7001074054,13315,Passenger,15 to 19,Minor,NULL,NULL,0,0,1,0,0,0,0,1,0,1,0,0,0,15,1513,Clear,Daylight,-79.4494,43.6936
7001075427,13316,Driver,30 to 34,Minimal,"Automobile, Station Wagon",Going Ahead,0,0,1,0,1,0,0,0,0,0,0,0,0,18,1820,Clear,Daylight,-79.3784,43.6503
7001075427,13317,Truck Driver,35 to 39,Major,"Truck - Closed (Blazer, etc)",Changing Lanes,0,0,1,0,1,0,0,0,0,0,0,0,0,18,1820,Clear,Daylight,-79.3784,43.6503
7001094601,13320,Motorcycle Driver,20 to 24,Major,Motorcycle,Turning Left,0,0,1,1,0,0,0,0,0,0,0,0,0,15,1543,Clear,Daylight,-79.2338,43.7816
7001094601,13321,Driver,55 to 59,None,"Automobile, Station Wagon",Going Ahead,0,0,1,1,0,0,0,0,0,0,0,0,0,15,1543,Clear,Daylight,-79.2338,43.7816
7001094601,13322,Other,unknown,None,NULL,NULL,0,0,1,1,0,0,0,0,0,0,0,0,0,15,1543,Clear,Daylight,-79.2338,43.7816
7001224557,13935,Driver,75 to 79,Minimal,"Automobile, Station Wagon",Turning Left,0,0,1,1,0,0,0,0,1,1,0,0,0,19,1900,Clear,Daylight,-79.5527,43.6813
7001224557,13936,Motorcycle Driver,20 to 24,Major,Motorcycle,Going Ahead,0,0,1,1,0,0,0,0,1,1,0,0,0,19,1900,Clear,Daylight,-79.5527,43.6813
7001224899,13937,Motorcycle Driver,35 to 39,Fatal,Motorcycle,Going Ahead,0,0,1,1,0,0,0,0,0,0,0,0,0,20,2007,Clear,Daylight,-79.368,43.6809
7001224899,13938,Driver,35 to 39,Minimal,"Automobile, Station Wagon",Making U Turn,0,0,1,1,0,0,0,0,0,0,0,0,0,20,2007,Clear,Daylight,-79.368,43.6809
7001224899,13939,Motorcycle Driver,45 to 49,Minimal,Motorcycle,Going Ahead,0,0,1,1,0,0,0,0,0,0,0,0,0,20,2007,Clear,Daylight,-79.368,43.6809
7001289449,13962,Motorcycle Driver,70 to 74,Fatal,Motorcycle,Going Ahead,0,0,0,1,1,0,0,0,0,0,0,0,0,15,1504,Clear,Daylight,-79.4844,43.6492
7001289449,13963,Truck Driver,40 to 44,None,Truck - Dump,Going Ahead,0,0,0,1,1,0,0,0,0,0,0,0,0,15,1504,Clear,Daylight,-79.4844,43.6492
7001291645,13964,Motorcycle Driver,45 to 49,Major,Motorcycle,Going Ahead,0,0,1,1,0,0,0,0,0,0,0,0,0,21,2115,Clear,"Daylight, artificial",-79.4431,43.7744
7001291645,13965,Driver,unknown,None,"Automobile, Station Wagon",Turning Left,0,0,1,1,0,0,0,0,0,0,0,0,0,21,2115,Clear,"Daylight, artificial",-79.4431,43.7744
7001319124,13976,Passenger,45 to 49,None,NULL,NULL,1,0,1,0,0,0,0,1,0,0,0,0,0,23,2305,Clear,"Dark, artificial",-79.2157,43.7608
7001319124,13977,Pedestrian,80 to 84,Fatal,NULL,NULL,1,0,1,0,0,0,0,1,0,0,0,0,0,23,2305,Clear,"Dark, artificial",-79.2157,43.7608
7001319124,13978,Driver,25 to 29,None,"Automobile, Station Wagon",Going Ahead,1,0,1,0,0,0,0,1,0,0,0,0,0,23,2305,Clear,"Dark, artificial",-79.2157,43.7608
7001319124,13979,Passenger,20 to 24,None,NULL,NULL,1,0,1,0,0,0,0,1,0,0,0,0,0,23,2305,Clear,"Dark, artificial",-79.2157,43.7608
7001320711,13980,Driver,30 to 34,Major,"Automobile, Station Wagon",Going Ahead,0,0,1,0,0,0,0,0,1,1,0,0,0,6,620,Clear,Dawn,-79.5513,43.7565
7001349582,13987,Passenger,65 to 69,Major,NULL,NULL,0,0,0,0,0,1,0,1,0,0,0,0,0,15,1540,Clear,Daylight,-79.3792,43.6523
7001349582,13988,Driver,40 to 44,None,Municipal Transit Bus (TTC),Pulling Away from Shoulder or Curb,0,0,0,0,0,1,0,1,0,0,0,0,0,15,1540,Clear,Daylight,-79.3792,43.6523
7001372110,13997,Passenger,70 to 74,Major,NULL,NULL,0,0,1,0,0,0,0,1,0,1,1,0,0,1,139,Clear,"Daylight, artificial",-79.4429,43.7737
7001372110,13998,Passenger,25 to 29,None,NULL,NULL,0,0,1,0,0,0,0,1,0,1,1,0,0,1,139,Clear,"Daylight, artificial",-79.4429,43.7737
7001372110,13999,Driver,75 to 79,Major,"Automobile, Station Wagon",Going Ahead,0,0,1,0,0,0,0,1,0,1,1,0,0,1,139,Clear,"Daylight, artificial",-79.4429,43.7737
7001372110,14000,Driver,30 to 34,None,"Automobile, Station Wagon",Going Ahead,0,0,1,0,0,0,0,1,0,1,1,0,0,1,139,Clear,"Daylight, artificial",-79.4429,43.7737
7001414660,13476,Driver,50 to 54,None,"Automobile, Station Wagon",Going Ahead,1,0,1,0,0,0,0,1,0,1,1,0,0,11,1125,Clear,Daylight,-79.4637,43.6635
7001414660,13479,Driver,50 to 54,Minor,"Automobile, Station Wagon",Going Ahead,1,0,1,0,0,0,0,1,0,1,1,0,0,11,1125,Clear,Daylight,-79.4637,43.6635
7001414660,13486,Passenger,50 to 54,None,NULL,NULL,1,0,1,0,0,0,0,1,0,1,1,0,0,11,1125,Clear,Daylight,-79.4637,43.6635
7001414660,13582,Passenger,5 to 9,None,NULL,NULL,1,0,1,0,0,0,0,1,0,1,1,0,0,11,1125,Clear,Daylight,-79.4637,43.6635
7001414660,13587,Passenger,10 to 14,None,NULL,NULL,1,0,1,0,0,0,0,1,0,1,1,0,0,11,1125,Clear,Daylight,-79.4637,43.6635
7001414660,13589,Pedestrian,60 to 64,Major,NULL,NULL,1,0,1,0,0,0,0,1,0,1,1,0,0,11,1125,Clear,Daylight,-79.4637,43.6635
7001464361,13783,Driver,65 to 69,Major,"Automobile, Station Wagon",Going Ahead,0,0,1,0,0,0,0,1,0,0,0,0,0,9,900,Clear,Daylight,-79.2997,43.7177
7001464361,13784,Driver,25 to 29,Minor,"Automobile, Station Wagon",Stopped,0,0,1,0,0,0,0,1,0,0,0,0,0,9,900,Clear,Daylight,-79.2997,43.7177
7001464361,13785,Passenger,30 to 34,Minimal,NULL,NULL,0,0,1,0,0,0,0,1,0,0,0,0,0,9,900,Clear,Daylight,-79.2997,43.7177
7001489368,13794,Driver,40 to 44,None,"Automobile, Station Wagon",Going Ahead,1,0,1,0,0,0,0,0,0,0,0,0,0,22,2215,Rain,"Dark, artificial",-79.4568,43.7237
7001489368,13795,Pedestrian,15 to 19,Major,NULL,NULL,1,0,1,0,0,0,0,0,0,0,0,0,0,22,2215,Rain,"Dark, artificial",-79.4568,43.7237
7001489490,13796,Passenger,15 to 19,Major,NULL,NULL,0,0,1,0,0,0,0,1,1,1,0,1,0,22,2245,Clear,"Dark, artificial",-79.266,43.8154
7001489490,13797,Driver,20 to 24,None,"Automobile, Station Wagon",Going Ahead,0,0,1,0,0,0,0,1,1,1,0,1,0,22,2245,Clear,"Dark, artificial",-79.266,43.8154
7001508706,13812,Driver,unknown,None,"Automobile, Station Wagon",Going Ahead,0,0,1,0,0,0,0,0,1,1,0,0,0,1,118,Clear,"Dark, artificial",-79.5448,43.7514
7001508706,13813,Driver,15 to 19,Major,"Automobile, Station Wagon",Turning Left,0,0,1,0,0,0,0,0,1,1,0,0,0,1,118,Clear,"Dark, artificial",-79.5448,43.7514
7001667796,13855,Driver,30 to 34,None,"Automobile, Station Wagon",Going Ahead,0,0,1,1,0,0,0,0,0,0,0,0,0,16,1601,Clear,Daylight,-79.3363,43.7143
6001410250,12257,Passenger,60 to 64,Minimal,NULL,NULL,0,0,1,0,0,0,0,1,0,1,0,0,0,16,1603,Clear,Daylight,-79.2138,43.759
6001410250,12258,Passenger,25 to 29,None,NULL,NULL,0,0,1,0,0,0,0,1,0,1,0,0,0,16,1603,Clear,Daylight,-79.2138,43.759
6001592206,12934,Driver,50 to 54,None,"Automobile, Station Wagon",Going Ahead,0,0,1,0,1,0,0,1,1,1,0,0,0,0,37,Rain,"Dark, artificial",-79.2366,43.8107
6001592206,12935,Other,unknown,None,Truck - Dump,Parked,0,0,1,0,1,0,0,1,1,1,0,0,0,0,37,Rain,"Dark, artificial",-79.2366,43.8107
6001592206,12936,Passenger,45 to 49,Major,NULL,NULL,0,0,1,0,1,0,0,1,1,1,0,0,0,0,37,Rain,"Dark, artificial",-79.2366,43.8107
6001623474,12948,Driver,30 to 34,None,"Automobile, Station Wagon",Turning Left,1,0,1,0,0,0,0,0,0,1,0,0,0,18,1830,Clear,Daylight,-79.3464,43.7694
6001623474,12949,Pedestrian,55 to 59,Major,NULL,NULL,1,0,1,0,0,0,0,0,0,1,0,0,0,18,1830,Clear,Daylight,-79.3464,43.7694
6001686289,12973,Pedestrian,60 to 64,Major,NULL,NULL,1,0,0,1,0,0,0,0,0,0,0,0,0,9,944,Clear,Daylight,-79.386,43.6473
6001686289,12974,Motorcycle Driver,50 to 54,None,Motorcycle,Going Ahead,1,0,0,1,0,0,0,0,0,0,0,0,0,9,944,Clear,Daylight,-79.386,43.6473
6001707155,12978,Driver,65 to 69,Major,"Automobile, Station Wagon",Going Ahead,0,0,1,0,0,0,0,1,0,1,1,0,0,16,1629,Clear,Daylight,-79.4944,43.7815
6001707155,12979,Driver,65 to 69,Minor,"Automobile, Station Wagon",Going Ahead,0,0,1,0,0,0,0,1,0,1,1,0,0,16,1629,Clear,Daylight,-79.4944,43.7815
6001707155,12980,Driver,55 to 59,Minor,"Automobile, Station Wagon",Stopped,0,0,1,0,0,0,0,1,0,1,1,0,0,16,1629,Clear,Daylight,-79.4944,43.7815
6001707155,12981,Passenger,55 to 59,Minor,NULL,NULL,0,0,1,0,0,0,0,1,0,1,1,0,0,16,1629,Clear,Daylight,-79.4944,43.7815
6001707155,12982,Passenger,75 to 79,Minor,NULL,NULL,0,0,1,0,0,0,0,1,0,1,1,0,0,16,1629,Clear,Daylight,-79.4944,43.7815
6001707155,12983,Passenger,50 to 54,Minor,NULL,NULL,0,0,1,0,0,0,0,1,0,1,1,0,0,16,1629,Clear,Daylight,-79.4944,43.7815
6001710293,12984,Truck Driver,45 to 49,None,Truck - Tank,Slowing or Stopping,0,0,0,0,1,0,0,1,0,0,0,0,0,7,738,Clear,Daylight,-79.3495,43.6779
6001710293,12985,Passenger,45 to 49,Major,NULL,NULL,0,0,0,0,1,0,0,1,0,0,0,0,0,7,738,Clear,Daylight,-79.3495,43.6779
6001710293,12986,Passenger,20 to 24,None,NULL,NULL,0,0,0,0,1,0,0,1,0,0,0,0,0,7,738,Clear,Daylight,-79.3495,43.6779
6001710293,12987,Passenger,unknown,None,NULL,NULL,0,0,0,0,1,0,0,1,0,0,0,0,0,7,738,Clear,Daylight,-79.3495,43.6779
6001735682,12999,Driver,15 to 19,None,"Automobile, Station Wagon",Turning Left,0,0,1,0,0,0,0,1,0,1,1,0,0,1,52,Clear,"Dark, artificial",-79.4429,43.6506
6001735682,13000,Driver,25 to 29,None,"Automobile, Station Wagon",Going Ahead,0,0,1,0,0,0,0,1,0,1,1,0,0,1,52,Clear,"Dark, artificial",-79.4429,43.6506
6001735682,13002,Passenger,30 to 34,Major,NULL,NULL,0,0,1,0,0,0,0,1,0,1,1,0,0,1,52,Clear,"Dark, artificial",-79.4429,43.6506
6001753301,13018,Pedestrian,70 to 74,Fatal,NULL,NULL,1,0,1,0,0,0,0,0,0,0,0,0,0,19,1940,Rain,"Dark, artificial",-79.2601,43.734
6001753301,13019,Driver,75 to 79,None,"Automobile, Station Wagon",Going Ahead,1,0,1,0,0,0,0,0,0,0,0,0,0,19,1940,Rain,"Dark, artificial",-79.2601,43.734
6001770159,13026,Driver,75 to 79,None,"Automobile, Station Wagon",Going Ahead,1,0,1,0,0,0,0,0,0,1,0,0,0,10,957,Clear,Daylight,-79.3971,43.6609
6001770159,13027,Driver,50 to 54,None,"Automobile, Station Wagon",Stopped,1,0,1,0,0,0,0,0,0,1,0,0,0,10,957,Clear,Daylight,-79.3971,43.6609
6001770159,13028,Pedestrian,15 to 19,Major,NULL,NULL,1,0,1,0,0,0,0,0,0,1,0,0,0,10,957,Clear,Daylight,-79.3971,43.6609
6001945011,13087,Driver,20 to 24,Major,"Automobile, Station Wagon",Turning Left,0,0,1,0,0,0,0,0,0,0,0,0,0,21,2100,Clear,"Dark, artificial",-79.3851,43.753
6001945011,13088,Driver,50 to 54,Minor,"Automobile, Station Wagon",Going Ahead,0,0,1,0,0,0,0,0,0,0,0,0,0,21,2100,Clear,"Dark, artificial",-79.3851,43.753
6001956297,13095,Truck Driver,40 to 44,None,Truck - Dump,Turning Right,0,1,0,0,1,0,0,0,0,0,0,0,0,15,1507,Clear,Daylight,-79.3695,43.6681
6001956297,13096,Cyclist,25 to 29,Major,Bicycle,Stopped,0,1,0,0,1,0,0,0,0,0,0,0,0,15,1507,Clear,Daylight,-79.3695,43.6681
6002076706,13697,Driver,25 to 29,None,"Automobile, Station Wagon",Turning Left,1,0,1,0,0,0,0,0,0,1,0,0,0,20,2040,Clear,"Dark, artificial",-79.5063,43.6187
6002076706,13698,Pedestrian,85 to 89,Major,NULL,NULL,1,0,1,0,0,0,0,0,0,1,0,0,0,20,2040,Clear,"Dark, artificial",-79.5063,43.6187
6002165176,13748,Driver,35 to 39,None,"Automobile, Station Wagon",Going Ahead,1,0,1,0,0,0,0,0,0,0,0,0,0,18,1837,Rain,"Dark, artificial",-79.3751,43.6532
6002165176,13749,Pedestrian,75 to 79,Minor,NULL,NULL,1,0,1,0,0,0,0,0,0,0,0,0,0,18,1837,Rain,"Dark, artificial",-79.3751,43.6532
6002165176,13750,Pedestrian,70 to 74,Major,NULL,NULL,1,0,1,0,0,0,0,0,0,0,0,0,0,18,1837,Rain,"Dark, artificial",-79.3751,43.6532
6002208039,13761,Driver,55 to 59,None,"Automobile, Station Wagon",Going Ahead,1,0,1,0,0,0,0,0,0,0,0,0,0,14,1440,Clear,Daylight,-79.2906,43.8111
6002208039,13762,Pedestrian,70 to 74,Fatal,NULL,NULL,1,0,1,0,0,0,0,0,0,0,0,0,0,14,1440,Clear,Daylight,-79.2906,43.8111
6002215528,13223,Pedestrian,50 to 54,Major,NULL,NULL,1,0,1,0,0,0,0,0,0,0,0,0,0,17,1704,Clear,Dark,-79.3809,43.6397
6002215528,13120,Driver,65 to 69,None,"Automobile, Station Wagon",Going Ahead,1,0,1,0,0,0,0,0,0,0,0,0,0,17,1704,Clear,Dark,-79.3809,43.6397
6002241239,13247,Driver,65 to 69,None,Passenger Van,Going Ahead,1,0,1,0,0,0,0,0,0,1,0,0,0,22,2236,Clear,"Dark, artificial",-79.3616,43.6839
6002241239,13348,Pedestrian,20 to 24,Major,NULL,NULL,1,0,1,0,0,0,0,0,0,1,0,0,0,22,2236,Clear,"Dark, artificial",-79.3616,43.6839
6002279905,13607,Driver,25 to 29,None,"Automobile, Station Wagon",Going Ahead,1,0,1,0,0,0,0,0,0,0,0,0,0,7,705,Clear,"Dark, artificial",-79.3909,43.6749
6002279905,13608,Pedestrian,65 to 69,Major,NULL,NULL,1,0,1,0,0,0,0,0,0,0,0,0,0,7,705,Clear,"Dark, artificial",-79.3909,43.6749
6002297420,13613,Driver,unknown,None,"Automobile, Station Wagon",Turning Left,1,0,1,0,0,0,0,0,0,1,0,0,0,19,1919,Clear,"Dark, artificial",-79.4621,43.6929
6002297420,13614,Pedestrian,25 to 29,Major,NULL,NULL,1,0,1,0,0,0,0,0,0,1,0,0,0,19,1919,Clear,"Dark, artificial",-79.4621,43.6929
7000010890,13622,Passenger,20 to 24,Major,NULL,NULL,0,0,1,0,0,0,0,1,1,1,0,0,0,0,10,Rain,"Dark, artificial",-79.5352,43.6158
7000010890,13623,Passenger,15 to 19,Major,NULL,NULL,0,0,1,0,0,0,0,1,1,1,0,0,0,0,10,Rain,"Dark, artificial",-79.5352,43.6158
7000010890,13624,Passenger,unknown,Minor,NULL,NULL,0,0,1,0,0,0,0,1,1,1,0,0,0,0,10,Rain,"Dark, artificial",-79.5352,43.6158
7000010890,13625,Passenger,50 to 54,Minor,NULL,NULL,0,0,1,0,0,0,0,1,1,1,0,0,0,0,10,Rain,"Dark, artificial",-79.5352,43.6158
7000010890,13626,Passenger,45 to 49,Minor,NULL,NULL,0,0,1,0,0,0,0,1,1,1,0,0,0,0,10,Rain,"Dark, artificial",-79.5352,43.6158