ACCNUM,ObjectId,INVTYPE,INVAGE,INJURY,VEHTYPE,MANOEUVER,PEDESTRIAN,CYCLIST,AUTOMOBILE,MOTORCYCLE,TRUCK,TRSN_CITY_VEH,EMERG_VEH,PASSENGER,SPEEDING,AG_DRIV,REDLIGHT,ALCOHOL,DISABILITY,HOUR,TIME,VISIBILITY,LIGHT,collision_lat,collision_long
7000010890,13627,Driver,25 to 29,Major,"Automobile, Station Wagon",Slowing or Stopping,0,0,1,0,0,0,0,1,1,1,0,0,0,0,10,Rain,"Dark, artificial",-79.5352,43.6158
7000010890,13628,Driver,75 to 79,Minimal,"Automobile, Station Wagon",Going Ahead,0,0,1,0,0,0,0,1,1,1,0,0,0,0,10,Rain,"Dark, artificial",-79.5352,43.6158
7000084276,13647,Passenger,10 to 14,Major,NULL,NULL,0,0,1,0,0,0,0,1,0,0,0,0,0,19,1902,Clear,"Dark, artificial",-79.2257,43.8121
7000084276,13648,Passenger,5 to 9,Major,NULL,NULL,0,0,1,0,0,0,0,1,0,0,0,0,0,19,1902,Clear,"Dark, artificial",-79.2257,43.8121
7000084276,13649,Passenger,10 to 14,Minor,NULL,NULL,0,0,1,0,0,0,0,1,0,0,0,0,0,19,1902,Clear,"Dark, artificial",-79.2257,43.8121
7000084276,13650,Passenger,15 to 19,Minimal,NULL,NULL,0,0,1,0,0,0,0,1,0,0,0,0,0,19,1902,Clear,"Dark, artificial",-79.2257,43.8121
7000084276,13651,Driver,20 to 24,Minimal,"Automobile, Station Wagon",Going Ahead,0,0,1,0,0,0,0,1,0,0,0,0,0,19,1902,Clear,"Dark, artificial",-79.2257,43.8121
7000084276,13652,Driver,75 to 79,Minimal,Pick Up Truck,Turning Left,0,0,1,0,0,0,0,1,0,0,0,0,0,19,1902,Clear,"Dark, artificial",-79.2257,43.8121
7000112853,13655,Truck Driver,60 to 64,None,"Truck - Closed (Blazer, etc)",Turning Right,1,0,0,0,1,0,0,0,0,0,0,0,0,6,553,Clear,"Dark, artificial",-79.3802,43.6485
7000112853,13656,Pedestrian,40 to 44,Major,NULL,NULL,1,0,0,0,1,0,0,0,0,0,0,0,0,6,553,Clear,"Dark, artificial",-79.3802,43.6485
7000148860,13664,Pedestrian,35 to 39,Major,NULL,NULL,1,0,1,0,0,0,0,0,0,0,0,0,0,16,1635,Freezing Rain,Daylight,-79.3924,43.7068
7000148860,13665,Driver,60 to 64,None,"Automobile, Station Wagon",Going Ahead,1,0,1,0,0,0,0,0,0,0,0,0,0,16,1635,Freezing Rain,Daylight,-79.3924,43.7068
7000203536,13682,Driver,25 to 29,Fatal,"Automobile, Station Wagon",Going Ahead,0,0,1,0,0,0,0,0,1,1,0,0,0,2,219,Clear,Dark,-79.2501,43.741
7000203536,13220,Driver,15 to 19,None,"Automobile, Station Wagon",Turning Left,0,0,1,0,0,0,0,0,1,1,0,0,0,2,219,Clear,Dark,-79.2501,43.741
7000224611,13343,Driver,55 to 59,Minimal,"Automobile, Station Wagon",Going Ahead,0,0,1,0,0,0,0,1,1,1,0,0,0,13,1330,Drifting Snow,Daylight,-79.5136,43.7541
7000224611,13337,Passenger,55 to 59,Major,NULL,NULL,0,0,1,0,0,0,0,1,1,1,0,0,0,13,1330,Drifting Snow,Daylight,-79.5136,43.7541
7000224611,13354,Driver,10 to 14,None,"Automobile, Station Wagon",Turning Right,0,0,1,0,0,0,0,1,1,1,0,0,0,13,1330,Drifting Snow,Daylight,-79.5136,43.7541
7000487878,13565,Driver,45 to 49,Fatal,"Automobile, Station Wagon",Going Ahead,0,0,1,0,0,0,0,0,1,1,0,0,0,3,255,Clear,"Dark, artificial",-79.3977,43.745
7000487878,13566,Driver,15 to 19,Minimal,"Automobile, Station Wagon",Going Ahead,0,0,1,0,0,0,0,0,1,1,0,0,0,3,255,Clear,"Dark, artificial",-79.3977,43.745
7000545198,13133,Pedestrian,65 to 69,Major,NULL,NULL,1,0,1,0,0,0,0,0,0,1,0,0,0,6,600,Clear,Dark,-79.3149,43.7946
7000545198,13134,Driver,25 to 29,None,"Automobile, Station Wagon",Going Ahead,1,0,1,0,0,0,0,0,0,1,0,0,0,6,600,Clear,Dark,-79.3149,43.7946
7000566327,13138,Driver,60 to 64,Major,Passenger Van,Turning Left,0,0,1,0,0,0,0,0,0,1,1,0,0,11,1050,Clear,Daylight,-79.298,43.8198
7000566327,13139,Driver,45 to 49,Minor,Passenger Van,Going Ahead,0,0,1,0,0,0,0,0,0,1,1,0,0,11,1050,Clear,Daylight,-79.298,43.8198
7000607486,13157,Pedestrian,75 to 79,Major,NULL,NULL,1,0,1,0,0,0,0,1,0,1,0,0,0,15,1549,Rain,Daylight,-79.4067,43.6542
7000607486,13158,Passenger,40 to 44,None,NULL,NULL,1,0,1,0,0,0,0,1,0,1,0,0,0,15,1549,Rain,Daylight,-79.4067,43.6542
7000607486,13159,Driver,50 to 54,None,"Automobile, Station Wagon",Turning Left,1,0,1,0,0,0,0,1,0,1,0,0,0,15,1549,Rain,Daylight,-79.4067,43.6542
7000641093,13168,Driver,40 to 44,None,"Automobile, Station Wagon",Going Ahead,1,0,1,0,0,0,0,0,0,0,0,0,0,19,1919,Clear,Daylight,-79.3635,43.6626
7000641093,13169,Pedestrian,40 to 44,Major,NULL,NULL,1,0,1,0,0,0,0,0,0,0,0,0,0,19,1919,Clear,Daylight,-79.3635,43.6626
7000734516,13201,Motorcycle Driver,30 to 34,Fatal,Motorcycle,Going Ahead,0,0,1,1,0,0,0,0,0,1,0,0,0,19,1857,Clear,Daylight,-79.3661,43.7819
7000734516,13202,Driver,45 to 49,Minimal,"Automobile, Station Wagon",Going Ahead,0,0,1,1,0,0,0,0,0,1,0,0,0,19,1857,Clear,Daylight,-79.3661,43.7819
7000795019,13357,Driver,40 to 44,None,"Automobile, Station Wagon",Going Ahead,0,0,1,0,0,0,0,1,0,0,0,0,0,24,2359,Clear,"Dark, artificial",-79.2116,43.8166
7000795019,13364,Passenger,30 to 34,None,NULL,NULL,0,0,1,0,0,0,0,1,0,0,0,0,0,24,2359,Clear,"Dark, artificial",-79.2116,43.8166
7000795019,13365,Driver,60 to 64,None,"Automobile, Station Wagon",Going Ahead,0,0,1,0,0,0,0,1,0,0,0,0,0,24,2359,Clear,"Dark, artificial",-79.2116,43.8166
7000795019,13366,Driver,20 to 24,Minor,"Automobile, Station Wagon",Going Ahead,0,0,1,0,0,0,0,1,0,0,0,0,0,24,2359,Clear,"Dark, artificial",-79.2116,43.8166
7000665292,13176,Passenger,35 to 39,None,NULL,NULL,0,0,1,0,0,0,0,1,1,1,0,0,0,20,2002,Clear,"Dark, artificial",-79.5082,43.7564
7000665292,13177,Passenger,5 to 9,Minimal,NULL,NULL,0,0,1,0,0,0,0,1,1,1,0,0,0,20,2002,Clear,"Dark, artificial",-79.5082,43.7564
7000665292,13178,Passenger,5 to 9,Minimal,NULL,NULL,0,0,1,0,0,0,0,1,1,1,0,0,0,20,2002,Clear,"Dark, artificial",-79.5082,43.7564
7000665292,13179,Passenger,0 to 4,Minimal,NULL,NULL,0,0,1,0,0,0,0,1,1,1,0,0,0,20,2002,Clear,"Dark, artificial",-79.5082,43.7564
7000665292,13180,Passenger,25 to 29,Minimal,NULL,NULL,0,0,1,0,0,0,0,1,1,1,0,0,0,20,2002,Clear,"Dark, artificial",-79.5082,43.7564
7000787575,13218,Driver,unknown,None,"Automobile, Station Wagon",Turning Left,1,0,1,0,0,0,0,0,0,1,0,0,0,20,2025,Rain,Daylight,-79.241,43.7984
7000787575,13219,Pedestrian,65 to 69,Major,NULL,NULL,1,0,1,0,0,0,0,0,0,1,0,0,0,20,2025,Rain,Daylight,-79.241,43.7984
7000838415,13390,Passenger,75 to 79,None,NULL,NULL,0,0,1,0,0,0,0,1,1,1,0,0,0,17,1723,Clear,Daylight,-79.3449,43.8147
7000838415,13391,Passenger,70 to 74,Minor,NULL,NULL,0,0,1,0,0,0,0,1,1,1,0,0,0,17,1723,Clear,Daylight,-79.3449,43.8147
7000838415,13392,Passenger,30 to 34,None,NULL,NULL,0,0,1,0,0,0,0,1,1,1,0,0,0,17,1723,Clear,Daylight,-79.3449,43.8147
7000838415,13393,Passenger,30 to 34,Minor,NULL,NULL,0,0,1,0,0,0,0,1,1,1,0,0,0,17,1723,Clear,Daylight,-79.3449,43.8147
7000838415,13394,Driver,35 to 39,None,"Automobile, Station Wagon",Stopped,0,0,1,0,0,0,0,1,1,1,0,0,0,17,1723,Clear,Daylight,-79.3449,43.8147
7000838415,13395,Driver,45 to 49,Minimal,"Automobile, Station Wagon",Stopped,0,0,1,0,0,0,0,1,1,1,0,0,0,17,1723,Clear,Daylight,-79.3449,43.8147
7000838415,13396,Driver,35 to 39,None,"Automobile, Station Wagon",Stopped,0,0,1,0,0,0,0,1,1,1,0,0,0,17,1723,Clear,Daylight,-79.3449,43.8147
7000838415,13397,Driver,45 to 49,None,"Automobile, Station Wagon",Stopped,0,0,1,0,0,0,0,1,1,1,0,0,0,17,1723,Clear,Daylight,-79.3449,43.8147
7000838415,13398,Driver,45 to 49,None,"Automobile, Station Wagon",Stopped,0,0,1,0,0,0,0,1,1,1,0,0,0,17,1723,Clear,Daylight,-79.3449,43.8147
7000838415,13399,Driver,30 to 34,Major,"Automobile, Station Wagon",Stopped,0,0,1,0,0,0,0,1,1,1,0,0,0,17,1723,Clear,Daylight,-79.3449,43.8147
7000838415,13400,Driver,20 to 24,None,"Automobile, Station Wagon",Going Ahead,0,0,1,0,0,0,0,1,1,1,0,0,0,17,1723,Clear,Daylight,-79.3449,43.8147
7000955246,13007,Driver,70 to 74,Major,"Automobile, Station Wagon",Turning Left,0,0,1,0,0,0,0,1,0,1,0,0,0,13,1305,Clear,Daylight,-79.457,43.7135
7000955246,13009,Driver,65 to 69,None,"Automobile, Station Wagon",Going Ahead,0,0,1,0,0,0,0,1,0,1,0,0,0,13,1305,Clear,Daylight,-79.457,43.7135
7000955246,13121,Passenger,80 to 84,Minimal,NULL,NULL,0,0,1,0,0,0,0,1,0,1,0,0,0,13,1305,Clear,Daylight,-79.457,43.7135
7000955246,13116,Passenger,60 to 64,Minimal,NULL,NULL,0,0,1,0,0,0,0,1,0,1,0,0,0,13,1305,Clear,Daylight,-79.457,43.7135
7000955246,13113,Driver,50 to 54,Minimal,Delivery Van,Slowing or Stopping,0,0,1,0,0,0,0,1,0,1,0,0,0,13,1305,Clear,Daylight,-79.457,43.7135
7000983227,13261,Driver,55 to 59,None,"Automobile, Station Wagon",Turning Left,1,0,1,0,0,0,0,0,0,1,0,0,0,11,1134,Clear,Daylight,-79.2512,43.7062
7000983227,13262,Pedestrian,70 to 74,Fatal,NULL,NULL,1,0,1,0,0,0,0,0,0,1,0,0,0,11,1134,Clear,Daylight,-79.2512,43.7062
7001039810,13287,Truck Driver,25 to 29,None,"Truck - Closed (Blazer, etc)",Changing Lanes,0,0,0,1,1,0,0,0,0,1,0,0,0,19,1922,Clear,Daylight,-79.4574,43.6378
7001039810,13288,Motorcycle Driver,20 to 24,Major,Motorcycle,Going Ahead,0,0,0,1,1,0,0,0,0,1,0,0,0,19,1922,Clear,Daylight,-79.4574,43.6378
7001050075,13289,Passenger,15 to 19,Minimal,NULL,NULL,0,0,1,0,0,0,0,1,1,1,0,0,0,9,854,Clear,Daylight,-79.4376,43.7523
7001050075,13290,Driver,75 to 79,Minimal,"Automobile, Station Wagon",Going Ahead,0,0,1,0,0,0,0,1,1,1,0,0,0,9,854,Clear,Daylight,-79.4376,43.7523
7001050075,13291,Driver,20 to 24,None,"Automobile, Station Wagon",Going Ahead,0,0,1,0,0,0,0,1,1,1,0,0,0,9,854,Clear,Daylight,-79.4376,43.7523
7001050075,13292,Driver,45 to 49,Minimal,Delivery Van,Going Ahead,0,0,1,0,0,0,0,1,1,1,0,0,0,9,854,Clear,Daylight,-79.4376,43.7523
7001050075,13293,Driver,65 to 69,Major,"Automobile, Station Wagon",Turning Left,0,0,1,0,0,0,0,1,1,1,0,0,0,9,854,Clear,Daylight,-79.4376,43.7523
7001069873,13310,Driver,35 to 39,None,"Automobile, Station Wagon",Turning Left,0,0,1,1,0,0,0,1,0,0,0,0,0,0,21,Clear,"Dark, artificial",-79.3373,43.6548
7001069873,13311,Motorcycle Driver,25 to 29,Major,Motorcycle,Going Ahead,0,0,1,1,0,0,0,1,0,0,0,0,0,0,21,Clear,"Dark, artificial",-79.3373,43.6548
7001069873,13312,Motorcycle Passenger,25 to 29,Major,NULL,NULL,0,0,1,1,0,0,0,1,0,0,0,0,0,0,21,Clear,"Dark, artificial",-79.3373,43.6548
7001100297,13323,Driver,65 to 69,None,"Automobile, Station Wagon",Turning Right,1,0,1,0,0,0,0,0,0,1,0,0,0,12,1227,Clear,Daylight,-79.4167,43.7848
7001100297,13324,Pedestrian,70 to 74,Major,NULL,NULL,1,0,1,0,0,0,0,0,0,1,0,0,0,12,1227,Clear,Daylight,-79.4167,43.7848
7001101719,13325,Driver,50 to 54,None,"Automobile, Station Wagon",Turning Right,1,0,1,0,0,0,0,0,0,0,0,0,0,16,1550,Clear,Daylight,-79.3874,43.6505
7001101719,13326,Pedestrian,55 to 59,Major,NULL,NULL,1,0,1,0,0,0,0,0,0,0,0,0,0,16,1550,Clear,Daylight,-79.3874,43.6505
7001122471,13329,Driver,45 to 49,None,"Automobile, Station Wagon",Reversing,1,0,1,0,0,0,0,1,0,0,0,0,0,15,1510,Clear,Daylight,-79.3892,43.6714
7001122471,13330,Passenger,10 to 14,None,NULL,NULL,1,0,1,0,0,0,0,1,0,0,0,0,0,15,1510,Clear,Daylight,-79.3892,43.6714
7001122471,13331,Pedestrian,85 to 89,Major,NULL,NULL,1,0,1,0,0,0,0,1,0,0,0,0,0,15,1510,Clear,Daylight,-79.3892,43.6714
7001155336,13334,Driver,25 to 29,None,Street Car,Going Ahead,1,0,0,0,0,1,0,0,0,0,0,0,0,12,1155,Clear,Daylight,-79.4017,43.6865
7001155336,13335,Pedestrian,75 to 79,Major,NULL,NULL,1,0,0,0,0,1,0,0,0,0,0,0,0,12,1155,Clear,Daylight,-79.4017,43.6865
7001207044,13929,Driver,20 to 24,Major,"Automobile, Station Wagon",Turning Right,0,1,1,0,0,0,0,0,0,1,0,0,0,8,835,Clear,Daylight,-79.5867,43.6878
7001207044,13930,Cyclist,20 to 24,None,Bicycle,Going Ahead,0,1,1,0,0,0,0,0,0,1,0,0,0,8,835,Clear,Daylight,-79.5867,43.6878
7001296811,13966,Driver,25 to 29,None,"Automobile, Station Wagon",Going Ahead,0,0,1,0,0,0,0,0,0,1,0,0,0,15,1548,Clear,Daylight,-79.4074,43.6757
7001296811,13967,Driver,10 to 14,Major,Other,Turning Left,0,0,1,0,0,0,0,0,0,1,0,0,0,15,1548,Clear,Daylight,-79.4074,43.6757
7001372973,13013,Pedestrian,45 to 49,Major,NULL,NULL,1,0,1,0,0,0,0,0,1,1,0,0,0,7,713,Clear,Daylight,-79.3709,43.6582
7001372973,13114,Driver,25 to 29,None,"Automobile, Station Wagon",Going Ahead,1,0,1,0,0,0,0,0,1,1,0,0,0,7,713,Clear,Daylight,-79.3709,43.6582
7001372973,13112,Pedestrian,70 to 74,Fatal,NULL,NULL,1,0,1,0,0,0,0,0,1,1,0,0,0,7,713,Clear,Daylight,-79.3709,43.6582
7001450084,13773,Passenger,25 to 29,None,NULL,NULL,0,0,1,0,0,0,0,1,0,1,0,0,0,21,2117,Rain,"Dark, artificial",-79.4046,43.8013
7001450084,13774,Passenger,0 to 4,Minimal,NULL,NULL,0,0,1,0,0,0,0,1,0,1,0,0,0,21,2117,Rain,"Dark, artificial",-79.4046,43.8013
7001450084,13775,Driver,30 to 34,Major,"Automobile, Station Wagon",Stopped,0,0,1,0,0,0,0,1,0,1,0,0,0,21,2117,Rain,"Dark, artificial",-79.4046,43.8013
7001450084,13777,Driver,30 to 34,Minimal,"Automobile, Station Wagon",Going Ahead,0,0,1,0,0,0,0,1,0,1,0,0,0,21,2117,Rain,"Dark, artificial",-79.4046,43.8013
7001450084,13778,Driver,60 to 64,None,"Automobile, Station Wagon",Going Ahead,0,0,1,0,0,0,0,1,0,1,0,0,0,21,2117,Rain,"Dark, artificial",-79.4046,43.8013
7001502233,13810,Motorcycle Driver,30 to 34,Major,Motorcycle,Going Ahead,0,0,1,1,0,0,0,0,0,1,0,0,0,23,2309,Clear,"Dark, artificial",-79.5718,43.726
7001502233,13811,Driver,35 to 39,None,"Automobile, Station Wagon",Turning Left,0,0,1,1,0,0,0,0,0,1,0,0,0,23,2309,Clear,"Dark, artificial",-79.5718,43.726
7001512006,13814,Driver,35 to 39,Major,"Automobile, Station Wagon",Going Ahead,0,0,1,0,0,0,0,0,0,1,0,0,0,14,1414,Clear,Daylight,-79.2721,43.7138
7001512006,13815,Driver,25 to 29,None,"Automobile, Station Wagon",Going Ahead,0,0,1,0,0,0,0,0,0,1,0,0,0,14,1414,Clear,Daylight,-79.2721,43.7138
7001528499,13818,Driver,45 to 49,None,"Automobile, Station Wagon",Going Ahead,0,1,1,0,0,0,0,0,0,0,0,0,0,10,1010,Clear,Daylight,-79.3001,43.6838
7001528499,13819,Cyclist,25 to 29,Major,Bicycle,Going Ahead,0,1,1,0,0,0,0,0,0,0,0,0,0,10,1010,Clear,Daylight,-79.3001,43.6838
7001538094,13828,Driver,55 to 59,Major,"Automobile, Station Wagon",Going Ahead,0,0,1,0,0,0,0,0,0,0,0,0,1,12,1204,Clear,Daylight,-79.2352,43.7394
7001604333,13490,Passenger,30 to 34,Major,NULL,NULL,0,0,1,0,0,0,0,1,0,0,0,0,0,0,30,Clear,"Dark, artificial",-79.2101,43.796
7001604333,13581,Driver,15 to 19,Minor,"Automobile, Station Wagon",Going Ahead,0,0,1,0,0,0,0,1,0,0,0,0,0,0,30,Clear,"Dark, artificial",-79.2101,43.796
7001621842,13842,Passenger,25 to 29,Major,NULL,NULL,0,0,1,0,1,0,0,1,0,1,0,0,0,15,1538,Clear,Daylight,-79.252,43.7357
7001621842,13843,Truck Driver,60 to 64,None,"Truck - Closed (Blazer, etc)",Going Ahead,0,0,1,0,1,0,0,1,0,1,0,0,0,15,1538,Clear,Daylight,-79.252,43.7357
7001621842,13844,Driver,30 to 34,Major,"Automobile, Station Wagon",Turning Left,0,0,1,0,1,0,0,1,0,1,0,0,0,15,1538,Clear,Daylight,-79.252,43.7357
7001731321,13876,Driver,25 to 29,None,"Automobile, Station Wagon",Going Ahead,1,0,1,0,0,0,0,0,0,1,0,0,0,0,0,Clear,"Dark, artificial",-79.4182,43.7909
7001731321,13877,Pedestrian,30 to 34,Major,NULL,NULL,1,0,1,0,0,0,0,0,0,1,0,0,0,0,0,Clear,"Dark, artificial",-79.4182,43.7909
7001731321,13878,Pedestrian,30 to 34,Major,NULL,NULL,1,0,1,0,0,0,0,0,0,1,0,0,0,0,0,Clear,"Dark, artificial",-79.4182,43.7909
7001762491,13894,Driver,50 to 54,Minor,"Automobile, Station Wagon",Turning Left,1,0,1,0,0,0,0,1,0,1,0,1,0,16,1630,Clear,Daylight,-79.2697,43.711
7001762491,13891,Driver,45 to 49,None,Delivery Van,Going Ahead,1,0,1,0,0,0,0,1,0,1,0,1,0,16,1630,Clear,Daylight,-79.2697,43.711
7001762491,13892,Passenger,40 to 44,Minor,NULL,NULL,1,0,1,0,0,0,0,1,0,1,0,1,0,16,1630,Clear,Daylight,-79.2697,43.711
7001762491,13893,Pedestrian,55 to 59,Fatal,NULL,NULL,1,0,1,0,0,0,0,1,0,1,0,1,0,16,1630,Clear,Daylight,-79.2697,43.711
7001774140,13899,Passenger,0 to 4,None,NULL,NULL,0,0,1,0,0,0,0,1,0,0,0,0,1,13,1311,Clear,Daylight,-79.4554,43.6832
7001774140,13901,Passenger,0 to 4,None,NULL,NULL,0,0,1,0,0,0,0,1,0,0,0,0,1,13,1311,Clear,Daylight,-79.4554,43.6832
7001774140,13902,Passenger,35 to 39,None,NULL,NULL,0,0,1,0,0,0,0,1,0,0,0,0,1,13,1311,Clear,Daylight,-79.4554,43.6832
7001774140,13903,Driver,35 to 39,None,"Automobile, Station Wagon",Stopped,0,0,1,0,0,0,0,1,0,0,0,0,1,13,1311,Clear,Daylight,-79.4554,43.6832
7001774140,13904,Driver,40 to 44,None,"Automobile, Station Wagon",Stopped,0,0,1,0,0,0,0,1,0,0,0,0,1,13,1311,Clear,Daylight,-79.4554,43.6832
7001774140,13905,Driver,90 to 94,Major,"Automobile, Station Wagon",Going Ahead,0,0,1,0,0,0,0,1,0,0,0,0,1,13,1311,Clear,Daylight,-79.4554,43.6832
7001774140,13900,Passenger,30 to 34,None,NULL,NULL,0,0,1,0,0,0,0,1,0,0,0,0,1,13,1311,Clear,Daylight,-79.4554,43.6832
7001788556,14111,Pedestrian,55 to 59,Major,NULL,NULL,1,0,1,0,0,0,0,1,0,0,0,0,0,19,1925,Clear,"Dark, artificial",-79.3857,43.8054
7001788556,13917,Driver,Over 95,None,"Automobile, Station Wagon",Going Ahead,1,0,1,0,0,0,0,1,0,0,0,0,0,19,1925,Clear,"Dark, artificial",-79.3857,43.8054
7001788556,14106,Passenger,Over 95,None,NULL,NULL,1,0,1,0,0,0,0,1,0,0,0,0,0,19,1925,Clear,"Dark, artificial",-79.3857,43.8054
6001286776,12185,Pedestrian,40 to 44,Major,NULL,NULL,1,0,1,0,0,0,0,0,0,1,0,0,0,12,1223,Clear,Daylight,-79.4675,43.6724
6001286776,12187,Pedestrian,55 to 59,Minor,NULL,NULL,1,0,1,0,0,0,0,0,0,1,0,0,0,12,1223,Clear,Daylight,-79.4675,43.6724
6001288485,12188,Driver,50 to 54,None,"Automobile, Station Wagon",Going Ahead,0,0,1,1,0,0,0,0,1,1,0,0,0,17,1702,Clear,Daylight,-79.4989,43.6972
6001288485,12189,Motorcycle Driver,40 to 44,Major,Motorcycle,Going Ahead,0,0,1,1,0,0,0,0,1,1,0,0,0,17,1702,Clear,Daylight,-79.4989,43.6972
6001289424,12190,Motorcycle Driver,30 to 34,Fatal,Motorcycle,Going Ahead,0,0,1,1,0,0,0,1,1,1,0,0,0,19,1948,Clear,Daylight,-79.5175,43.6613
6001289424,12191,Driver,15 to 19,Minor,"Automobile, Station Wagon",Turning Left,0,0,1,1,0,0,0,1,1,1,0,0,0,19,1948,Clear,Daylight,-79.5175,43.6613
6001289424,12192,Passenger,20 to 24,Major,NULL,NULL,0,0,1,1,0,0,0,1,1,1,0,0,0,19,1948,Clear,Daylight,-79.5175,43.6613
6001309573,12197,Cyclist,35 to 39,Major,Bicycle,Going Ahead,0,1,0,0,0,0,1,0,0,0,0,0,0,24,2359,Clear,"Dark, artificial",-79.2658,43.7273
6001309573,12198,Driver,35 to 39,None,Police Vehicle,Going Ahead,0,1,0,0,0,0,1,0,0,0,0,0,0,24,2359,Clear,"Dark, artificial",-79.2658,43.7273
6001333715,12203,Cyclist,30 to 34,None,Bicycle,Going Ahead,0,1,1,0,0,0,0,0,0,0,0,0,0,16,1645,Clear,Daylight,-79.5205,43.7696
6001333715,12204,Driver,50 to 54,Major,"Automobile, Station Wagon",Going Ahead,0,1,1,0,0,0,0,0,0,0,0,0,0,16,1645,Clear,Daylight,-79.5205,43.7696
6001348693,12214,Driver,20 to 24,None,"Automobile, Station Wagon",Going Ahead,0,0,1,0,0,1,0,1,0,1,0,0,0,2,156,Clear,"Dark, artificial",-79.2136,43.8178
6001348693,12215,Driver,45 to 49,None,Municipal Transit Bus (TTC),Stopped,0,0,1,0,0,1,0,1,0,1,0,0,0,2,156,Clear,"Dark, artificial",-79.2136,43.8178
6001348693,12216,Passenger,15 to 19,Minimal,NULL,NULL,0,0,1,0,0,1,0,1,0,1,0,0,0,2,156,Clear,"Dark, artificial",-79.2136,43.8178
6001348693,12217,Passenger,15 to 19,Major,NULL,NULL,0,0,1,0,0,1,0,1,0,1,0,0,0,2,156,Clear,"Dark, artificial",-79.2136,43.8178
6001348693,12218,Passenger,15 to 19,Major,NULL,NULL,0,0,1,0,0,1,0,1,0,1,0,0,0,2,156,Clear,"Dark, artificial",-79.2136,43.8178
6001348693,12012,Passenger,15 to 19,Minimal,NULL,NULL,0,0,1,0,0,1,0,1,0,1,0,0,0,2,156,Clear,"Dark, artificial",-79.2136,43.8178
6001378926,12240,Truck Driver,45 to 49,None,Truck-Tractor,Going Ahead,0,0,0,1,1,0,0,0,1,1,0,0,0,18,1829,Clear,Daylight,-79.6113,43.7205
6001378926,12241,Motorcycle Driver,25 to 29,Fatal,Motorcycle,Going Ahead,0,0,0,1,1,0,0,0,1,1,0,0,0,18,1829,Clear,Daylight,-79.6113,43.7205
6001501601,12296,Driver,30 to 34,Major,"Automobile, Station Wagon",Changing Lanes,0,0,1,0,0,0,0,1,0,1,0,0,0,18,1811,Clear,Daylight,-79.4959,43.6766
6001501601,12297,Driver,40 to 44,None,"Automobile, Station Wagon",Going Ahead,0,0,1,0,0,0,0,1,0,1,0,0,0,18,1811,Clear,Daylight,-79.4959,43.6766
6001501601,12298,Passenger,10 to 14,Minimal,NULL,NULL,0,0,1,0,0,0,0,1,0,1,0,0,0,18,1811,Clear,Daylight,-79.4959,43.6766
6001558550,12550,Cyclist,20 to 24,Major,Bicycle,Going Ahead,0,1,1,0,0,0,0,0,0,0,0,0,0,16,1630,Clear,Daylight,-79.4015,43.691
6001558550,12450,Driver,55 to 59,None,"Automobile, Station Wagon",Turning Left,0,1,1,0,0,0,0,0,0,0,0,0,0,16,1630,Clear,Daylight,-79.4015,43.691
6001573505,12831,Driver,45 to 49,None,"Automobile, Station Wagon",Going Ahead,0,0,1,0,0,0,0,1,0,1,1,0,0,2,210,Clear,"Dark, artificial",-79.2598,43.7167
6001573505,12833,Passenger,50 to 54,Major,NULL,NULL,0,0,1,0,0,0,0,1,0,1,1,0,0,2,210,Clear,"Dark, artificial",-79.2598,43.7167
6001573505,12745,Driver,45 to 49,None,"Automobile, Station Wagon",Going Ahead,0,0,1,0,0,0,0,1,0,1,1,0,0,2,210,Clear,"Dark, artificial",-79.2598,43.7167
6001699155,12975,Cyclist,10 to 14,Major,Bicycle,Going Ahead,0,1,1,0,0,0,0,1,0,0,0,0,0,9,903,Clear,Daylight,-79.2785,43.7852
6001699155,12976,Driver,70 to 74,None,"Automobile, Station Wagon",Turning Left,0,1,1,0,0,0,0,1,0,0,0,0,0,9,903,Clear,Daylight,-79.2785,43.7852
6001699155,12977,Passenger,70 to 74,None,NULL,NULL,0,1,1,0,0,0,0,1,0,0,0,0,0,9,903,Clear,Daylight,-79.2785,43.7852
6001760592,13024,Driver,25 to 29,Major,"Automobile, Station Wagon",Turning Right,0,0,1,1,0,0,0,0,0,1,0,0,0,21,2143,Clear,"Dark, artificial",-79.343,43.7062
6001760592,13025,Motorcycle Driver,30 to 34,None,Motorcycle,Turning Right,0,0,1,1,0,0,0,0,0,1,0,0,0,21,2143,Clear,"Dark, artificial",-79.343,43.7062
6001798296,13035,Driver,20 to 24,None,"Automobile, Station Wagon",Turning Left,0,0,1,1,0,0,0,1,0,1,0,0,0,17,1747,Clear,Daylight,-79.4431,43.7162
6001798296,13036,Motorcycle Driver,25 to 29,Major,Motorcycle,Going Ahead,0,0,1,1,0,0,0,1,0,1,0,0,0,17,1747,Clear,Daylight,-79.4431,43.7162