ACCNUM,ObjectId,INVTYPE,INVAGE,INJURY,VEHTYPE,MANOEUVER,PEDESTRIAN,CYCLIST,AUTOMOBILE,MOTORCYCLE,TRUCK,TRSN_CITY_VEH,EMERG_VEH,PASSENGER,SPEEDING,AG_DRIV,REDLIGHT,ALCOHOL,DISABILITY,HOUR,TIME,VISIBILITY,LIGHT,collision_lat,collision_long
6001798296,13037,Passenger,15 to 19,None,NULL,NULL,0,0,1,1,0,0,0,1,0,1,0,0,0,17,1747,Clear,Daylight,-79.4431,43.7162
6001807391,13043,Pedestrian,80 to 84,Fatal,NULL,NULL,1,0,1,0,0,0,0,0,0,0,0,0,0,12,1152,Clear,Daylight,-79.341,43.7564
6001807391,13044,Driver,25 to 29,None,"Automobile, Station Wagon",Going Ahead,1,0,1,0,0,0,0,0,0,0,0,0,0,12,1152,Clear,Daylight,-79.341,43.7564
6001813950,13047,Pedestrian,40 to 44,Fatal,NULL,NULL,1,0,1,0,0,0,0,0,1,1,1,0,0,11,1117,Clear,Daylight,-79.258,43.7345
6001813950,13048,Driver,unknown,None,"Automobile, Station Wagon",Going Ahead,1,0,1,0,0,0,0,0,1,1,1,0,0,11,1117,Clear,Daylight,-79.258,43.7345
6001864618,13056,Driver,30 to 34,None,"Automobile, Station Wagon",Turning Left,1,0,1,0,0,0,0,0,0,1,0,0,0,7,730,Rain,"Dawn, artificial",-79.4742,43.6883
6001864618,13057,Pedestrian,unknown,Major,NULL,NULL,1,0,1,0,0,0,0,0,0,1,0,0,0,7,730,Rain,"Dawn, artificial",-79.4742,43.6883
6001872148,13063,Driver,55 to 59,Major,Delivery Van,Going Ahead,0,0,1,0,0,0,0,0,0,0,0,0,0,10,1040,Rain,"Daylight, artificial",-79.2823,43.7116
6001873015,13064,Driver,45 to 49,None,Delivery Van,Turning Left,1,0,1,0,0,0,0,0,0,0,0,0,0,13,1314,Rain,Daylight,-79.4314,43.6496
6001873015,13065,Pedestrian,70 to 74,Major,NULL,NULL,1,0,1,0,0,0,0,0,0,0,0,0,0,13,1314,Rain,Daylight,-79.4314,43.6496
6001912403,13071,Driver,85 to 89,None,"Automobile, Station Wagon",Turning Left,1,0,1,0,0,0,0,0,0,1,0,0,0,18,1840,Rain,"Dark, artificial",-79.3559,43.7344
6001912403,13072,Pedestrian,65 to 69,Major,NULL,NULL,1,0,1,0,0,0,0,0,0,1,0,0,0,18,1840,Rain,"Dark, artificial",-79.3559,43.7344
6001924848,13073,Driver,70 to 74,None,"Automobile, Station Wagon",Making U Turn,0,0,1,1,0,0,0,0,0,0,0,0,0,18,1825,Clear,"Dark, artificial",-79.4113,43.7231
6001924848,13074,Motorcycle Driver,50 to 54,Major,Motorcycle,Going Ahead,0,0,1,1,0,0,0,0,0,0,0,0,0,18,1825,Clear,"Dark, artificial",-79.4113,43.7231
6001927266,13075,Driver,30 to 34,Fatal,"Automobile, Station Wagon",Going Ahead,0,0,1,0,0,0,0,0,1,1,0,0,0,2,227,Clear,Dark,-79.2975,43.7256
6001958685,13093,Motorcycle Driver,20 to 24,Major,Motorcycle,Going Ahead,0,0,0,1,0,0,0,1,0,0,0,0,0,2,226,Clear,"Dark, artificial",-79.3549,43.6489
6001958685,13094,Motorcycle Passenger,20 to 24,Minor,NULL,NULL,0,0,0,1,0,0,0,1,0,0,0,0,0,2,226,Clear,"Dark, artificial",-79.3549,43.6489
6002121630,13727,Driver,35 to 39,None,"Automobile, Station Wagon",Turning Left,1,0,1,0,0,0,0,0,0,1,0,0,0,22,2208,Clear,"Dark, artificial",-79.4564,43.7217
6002121630,13728,Pedestrian,25 to 29,Major,NULL,NULL,1,0,1,0,0,0,0,0,0,1,0,0,0,22,2208,Clear,"Dark, artificial",-79.4564,43.7217
6002135820,13733,Driver,20 to 24,Major,"Automobile, Station Wagon",Going Ahead,0,0,1,0,0,0,0,1,1,1,0,0,0,2,246,Clear,"Dark, artificial",-79.4005,43.6456
6002135820,13734,Passenger,20 to 24,Minor,NULL,NULL,0,0,1,0,0,0,0,1,1,1,0,0,0,2,246,Clear,"Dark, artificial",-79.4005,43.6456
6002164193,13744,Driver,unknown,None,"Automobile, Station Wagon",Turning Left,0,1,1,0,0,0,0,0,0,1,0,0,0,15,1535,Clear,Daylight,-79.4099,43.6653
6002164193,13745,Cyclist,65 to 69,Major,Bicycle,Going Ahead,0,1,1,0,0,0,0,0,0,1,0,0,0,15,1535,Clear,Daylight,-79.4099,43.6653
6002166208,13753,Pedestrian,50 to 54,Major,NULL,NULL,1,0,1,0,0,0,0,0,0,1,0,0,0,22,2220,Rain,"Dark, artificial",-79.3202,43.6752
6002166208,13754,Driver,50 to 54,None,"Automobile, Station Wagon",Turning Left,1,0,1,0,0,0,0,0,0,1,0,0,0,22,2220,Rain,"Dark, artificial",-79.3202,43.6752
6002203625,13758,Driver,30 to 34,Major,"Automobile, Station Wagon",Going Ahead,0,0,1,0,0,0,0,0,1,1,0,0,0,21,2106,Clear,"Dark, artificial",-79.4489,43.6378
6002274801,13606,Driver,25 to 29,Major,"Automobile, Station Wagon",Going Ahead,0,0,1,0,0,0,0,0,1,1,0,1,0,4,356,Rain,"Dark, artificial",-79.4697,43.7807
6002282279,13609,Driver,30 to 34,None,"Automobile, Station Wagon",Turning Right,1,0,1,0,0,0,0,0,0,1,0,0,0,21,2141,Clear,"Dark, artificial",-79.3636,43.7671
6002282279,13610,Pedestrian,75 to 79,Major,NULL,NULL,1,0,1,0,0,0,0,0,0,1,0,0,0,21,2141,Clear,"Dark, artificial",-79.3636,43.7671
7000090444,13653,Pedestrian,45 to 49,Major,NULL,NULL,1,0,1,0,0,0,0,0,0,0,0,0,0,20,2033,Clear,"Dark, artificial",-79.3999,43.7144
7000090444,13654,Driver,55 to 59,None,"Automobile, Station Wagon",Going Ahead,1,0,1,0,0,0,0,0,0,0,0,0,0,20,2033,Clear,"Dark, artificial",-79.3999,43.7144
7000264756,13485,Pedestrian,35 to 39,Major,NULL,NULL,1,0,1,0,0,0,0,0,0,0,0,0,0,20,2011,Clear,"Dark, artificial",-79.2785,43.7852
7000264756,13491,Driver,65 to 69,None,"Automobile, Station Wagon",Going Ahead,1,0,1,0,0,0,0,0,0,0,0,0,0,20,2011,Clear,"Dark, artificial",-79.2785,43.7852
7000264793,13492,Driver,60 to 64,Major,Passenger Van,Going Ahead,0,0,1,0,0,0,0,0,0,0,0,0,0,20,2021,Clear,"Dark, artificial",-79.5766,43.7638
7000264793,13493,Driver,15 to 19,Major,"Automobile, Station Wagon",Going Ahead,0,0,1,0,0,0,0,0,0,0,0,0,0,20,2021,Clear,"Dark, artificial",-79.5766,43.7638
7000267446,13494,Driver,30 to 34,None,"Automobile, Station Wagon",Going Ahead,1,0,1,0,0,0,0,1,1,1,0,0,0,9,936,Rain,Daylight,-79.3727,43.6526
7000267446,13495,Passenger,40 to 44,None,NULL,NULL,1,0,1,0,0,0,0,1,1,1,0,0,0,9,936,Rain,Daylight,-79.3727,43.6526
7000267446,13496,Pedestrian,60 to 64,Major,NULL,NULL,1,0,1,0,0,0,0,1,1,1,0,0,0,9,936,Rain,Daylight,-79.3727,43.6526
7000303904,13501,Passenger,30 to 34,Minor,NULL,NULL,0,0,1,0,0,0,0,1,1,1,0,0,0,0,29,Clear,"Dark, artificial",-79.5196,43.6047
7000303904,13502,Driver,30 to 34,Fatal,Pick Up Truck,Going Ahead,0,0,1,0,0,0,0,1,1,1,0,0,0,0,29,Clear,"Dark, artificial",-79.5196,43.6047
7000355242,13527,Driver,20 to 24,Minimal,"Automobile, Station Wagon",Going Ahead,0,0,1,0,0,0,0,1,1,1,0,1,0,3,300,Clear,"Dark, artificial",-79.248,43.7366
7000355242,13528,Driver,45 to 49,Major,"Automobile, Station Wagon",Going Ahead,0,0,1,0,0,0,0,1,1,1,0,1,0,3,300,Clear,"Dark, artificial",-79.248,43.7366
7000355242,13529,Passenger,20 to 24,Major,NULL,NULL,0,0,1,0,0,0,0,1,1,1,0,1,0,3,300,Clear,"Dark, artificial",-79.248,43.7366
7000355242,13530,Passenger,20 to 24,None,NULL,NULL,0,0,1,0,0,0,0,1,1,1,0,1,0,3,300,Clear,"Dark, artificial",-79.248,43.7366
7000355242,13531,Passenger,20 to 24,Minor,NULL,NULL,0,0,1,0,0,0,0,1,1,1,0,1,0,3,300,Clear,"Dark, artificial",-79.248,43.7366
7000510048,13573,Pedestrian,60 to 64,Major,NULL,NULL,1,0,1,0,0,0,0,0,0,0,0,0,0,14,1440,Clear,Daylight,-79.3439,43.6706
7000510048,13574,Driver,unknown,None,Delivery Van,Going Ahead,1,0,1,0,0,0,0,0,0,0,0,0,0,14,1440,Clear,Daylight,-79.3439,43.6706
7000539360,13131,Driver,45 to 49,Major,Municipal Transit Bus (TTC),Going Ahead,0,0,0,0,0,1,0,1,0,0,0,0,0,9,855,Clear,Daylight,-79.4154,43.703
6000019763,12771,Passenger,20 to 24,None,NULL,NULL,0,0,1,0,0,0,0,1,0,1,0,0,0,15,1520,Clear,Daylight,-79.3287,43.7627
6000019763,12772,Passenger,10 to 14,None,NULL,NULL,0,0,1,0,0,0,0,1,0,1,0,0,0,15,1520,Clear,Daylight,-79.3287,43.7627
6000019763,12773,Passenger,10 to 14,Major,NULL,NULL,0,0,1,0,0,0,0,1,0,1,0,0,0,15,1520,Clear,Daylight,-79.3287,43.7627
6000094182,12813,Driver,50 to 54,None,"Automobile, Station Wagon",Going Ahead,1,0,1,0,0,0,0,0,0,0,0,0,0,15,1536,Clear,Daylight,-79.4308,43.6743
6000094182,12814,Pedestrian,20 to 24,Major,NULL,NULL,1,0,1,0,0,0,0,0,0,0,0,0,0,15,1536,Clear,Daylight,-79.4308,43.6743
6000101056,12815,Driver,35 to 39,None,"Automobile, Station Wagon",Going Ahead,1,0,1,0,0,0,0,0,0,0,0,0,0,19,1935,Clear,"Dark, artificial",-79.3203,43.7758
6000101056,12816,Pedestrian,75 to 79,Fatal,NULL,NULL,1,0,1,0,0,0,0,0,0,0,0,0,0,19,1935,Clear,"Dark, artificial",-79.3203,43.7758
6000148806,12742,Pedestrian,70 to 74,Major,NULL,NULL,1,0,1,0,0,0,0,0,0,1,0,0,0,19,1915,Clear,"Dark, artificial",-79.3413,43.7079
6000148806,12655,Driver,40 to 44,None,Passenger Van,Turning Left,1,0,1,0,0,0,0,0,0,1,0,0,0,19,1915,Clear,"Dark, artificial",-79.3413,43.7079
6000164025,12744,Pedestrian,45 to 49,Fatal,NULL,NULL,1,0,0,0,0,1,0,0,0,1,0,0,0,9,925,Clear,Daylight,-79.54,43.636
6000164025,12830,Driver,30 to 34,None,"Bus (Other) (Go Bus, Gray Coach)",Turning Left,1,0,0,0,0,1,0,0,0,1,0,0,0,9,925,Clear,Daylight,-79.54,43.636
6000334615,12872,Driver,75 to 79,None,"Automobile, Station Wagon",Going Ahead,1,0,1,0,0,0,0,0,0,1,0,0,0,16,1625,Clear,Daylight,-79.5701,43.7503
6000334615,12873,Pedestrian,35 to 39,Major,NULL,NULL,1,0,1,0,0,0,0,0,0,1,0,0,0,16,1625,Clear,Daylight,-79.5701,43.7503
6000359502,12879,Driver,55 to 59,None,"Automobile, Station Wagon",Going Ahead,1,0,1,0,0,0,0,0,0,0,0,0,0,19,1939,Clear,Dusk,-79.5925,43.7172
6000359502,12880,Pedestrian,50 to 54,Major,NULL,NULL,1,0,1,0,0,0,0,0,0,0,0,0,0,19,1939,Clear,Dusk,-79.5925,43.7172
6000478008,12444,Driver,45 to 49,None,"Automobile, Station Wagon",Going Ahead,0,0,1,0,0,0,0,1,1,1,0,0,0,3,340,Clear,Daylight,-79.327,43.6982
6000478008,12452,Driver,25 to 29,None,"Automobile, Station Wagon",Slowing or Stopping,0,0,1,0,0,0,0,1,1,1,0,0,0,3,340,Clear,Daylight,-79.327,43.6982
6000478008,12547,Driver,40 to 44,None,Passenger Van,Going Ahead,0,0,1,0,0,0,0,1,1,1,0,0,0,3,340,Clear,Daylight,-79.327,43.6982
6000478008,12552,Passenger,20 to 24,Major,NULL,NULL,0,0,1,0,0,0,0,1,1,1,0,0,0,3,340,Clear,Daylight,-79.327,43.6982
6000478008,12557,Passenger,40 to 44,None,NULL,NULL,0,0,1,0,0,0,0,1,1,1,0,0,0,3,340,Clear,Daylight,-79.327,43.6982
6000522644,12674,Driver,25 to 29,None,"Automobile, Station Wagon",Going Ahead,0,0,1,0,0,0,0,1,0,1,1,0,0,22,2153,Clear,"Dark, artificial",-79.5504,43.7051
6000522644,12675,Driver,50 to 54,Major,"Automobile, Station Wagon",Turning Left,0,0,1,0,0,0,0,1,0,1,1,0,0,22,2153,Clear,"Dark, artificial",-79.5504,43.7051
6000522644,12676,Passenger,25 to 29,Major,NULL,NULL,0,0,1,0,0,0,0,1,0,1,1,0,0,22,2153,Clear,"Dark, artificial",-79.5504,43.7051
6000731601,12738,Truck Driver,20 to 24,None,"Truck - Closed (Blazer, etc)",Turning Right,0,1,0,0,1,0,0,0,0,0,0,0,0,13,1325,Clear,Daylight,-79.4347,43.6583
6000731601,12739,Cyclist,45 to 49,Major,Bicycle,Going Ahead,0,1,0,0,1,0,0,0,0,0,0,0,0,13,1325,Clear,Daylight,-79.4347,43.6583
6000759323,12336,Motorcycle Driver,25 to 29,Major,Motorcycle,Going Ahead,0,0,0,1,0,0,0,0,0,0,0,0,0,19,1912,Clear,Daylight,-79.2525,43.81
6000775432,12342,Truck Driver,25 to 29,None,"Truck - Closed (Blazer, etc)",Reversing,1,0,0,0,1,0,0,0,0,0,0,0,0,8,755,Clear,Daylight,-79.3773,43.6478
6000775432,12343,Pedestrian,30 to 34,Major,NULL,NULL,1,0,0,0,1,0,0,0,0,0,0,0,0,8,755,Clear,Daylight,-79.3773,43.6478
6000883005,12375,Driver,20 to 24,None,"Automobile, Station Wagon",Going Ahead,1,0,1,0,0,0,0,1,0,0,0,0,0,18,1815,Clear,Daylight,-79.2833,43.6922
6000883005,12376,Passenger,20 to 24,None,NULL,NULL,1,0,1,0,0,0,0,1,0,0,0,0,0,18,1815,Clear,Daylight,-79.2833,43.6922
6000883005,12377,Pedestrian,10 to 14,Major,NULL,NULL,1,0,1,0,0,0,0,1,0,0,0,0,0,18,1815,Clear,Daylight,-79.2833,43.6922
6001001689,12044,Driver,60 to 64,None,Passenger Van,Going Ahead,1,0,1,0,0,0,0,0,0,0,0,0,0,10,1030,Clear,Daylight,-79.3785,43.6537
6001001689,12045,Pedestrian,80 to 84,Major,NULL,NULL,1,0,1,0,0,0,0,0,0,0,0,0,0,10,1030,Clear,Daylight,-79.3785,43.6537
6001057996,12064,Motorcycle Driver,20 to 24,Major,Motorcycle,Going Ahead,0,0,1,1,0,0,0,0,1,1,0,0,0,17,1737,Clear,Daylight,-79.4636,43.6988
6001057996,12065,Driver,40 to 44,None,"Automobile, Station Wagon",Turning Right,0,0,1,1,0,0,0,0,1,1,0,0,0,17,1737,Clear,Daylight,-79.4636,43.6988
6001093797,12087,Driver,25 to 29,None,"Automobile, Station Wagon",Going Ahead,1,0,1,0,0,0,0,1,0,0,0,0,0,23,2315,Clear,"Dark, artificial",-79.5162,43.7183
6001093797,12088,Passenger,30 to 34,None,NULL,NULL,1,0,1,0,0,0,0,1,0,0,0,0,0,23,2315,Clear,"Dark, artificial",-79.5162,43.7183
6001093797,12089,Pedestrian,10 to 14,Major,NULL,NULL,1,0,1,0,0,0,0,1,0,0,0,0,0,23,2315,Clear,"Dark, artificial",-79.5162,43.7183
6001099708,12090,Truck Driver,35 to 39,None,"Truck - Closed (Blazer, etc)",Turning Left,1,0,0,0,1,0,0,0,0,1,0,0,0,19,1949,Clear,Daylight,-79.5446,43.6321
6001099708,12091,Pedestrian,65 to 69,Major,NULL,NULL,1,0,0,0,1,0,0,0,0,1,0,0,0,19,1949,Clear,Daylight,-79.5446,43.6321
6001231273,12165,Driver,45 to 49,None,"Automobile, Station Wagon",Turning Left,0,0,1,1,0,0,0,0,0,1,0,0,0,22,2205,Clear,"Dark, artificial",-79.3894,43.6575
6001231273,12166,Motorcycle Driver,45 to 49,Major,Motorcycle,Going Ahead,0,0,1,1,0,0,0,0,0,1,0,0,0,22,2205,Clear,"Dark, artificial",-79.3894,43.6575
6001345276,12211,Driver,60 to 64,Major,"Automobile, Station Wagon",Making U Turn,0,0,1,0,0,0,0,1,0,1,0,0,0,14,1355,Rain,Daylight,-79.1923,43.7829
6001345276,12212,Driver,25 to 29,None,"Automobile, Station Wagon",Going Ahead,0,0,1,0,0,0,0,1,0,1,0,0,0,14,1355,Rain,Daylight,-79.1923,43.7829
6001345276,12213,Passenger,25 to 29,None,NULL,NULL,0,0,1,0,0,0,0,1,0,1,0,0,0,14,1355,Rain,Daylight,-79.1923,43.7829
6001416564,12259,Driver,45 to 49,None,"Automobile, Station Wagon",Turning Left,1,0,1,0,0,0,0,1,1,1,0,0,0,16,1603,Clear,Daylight,-79.5746,43.728
6001416564,12260,Driver,20 to 24,None,"Automobile, Station Wagon",Going Ahead,1,0,1,0,0,0,0,1,1,1,0,0,0,16,1603,Clear,Daylight,-79.5746,43.728
6001416564,12261,Passenger,5 to 9,None,NULL,NULL,1,0,1,0,0,0,0,1,1,1,0,0,0,16,1603,Clear,Daylight,-79.5746,43.728
6001416564,12262,Pedestrian,25 to 29,Major,NULL,NULL,1,0,1,0,0,0,0,1,1,1,0,0,0,16,1603,Clear,Daylight,-79.5746,43.728
6001416564,12263,Pedestrian,25 to 29,Minor,NULL,NULL,1,0,1,0,0,0,0,1,1,1,0,0,0,16,1603,Clear,Daylight,-79.5746,43.728
6001529591,12320,Driver,35 to 39,None,"Automobile, Station Wagon",Turning Right,1,0,1,0,0,0,0,0,0,1,0,0,0,7,745,Clear,Daylight,-79.3364,43.8168
6001529591,12321,Pedestrian,20 to 24,Major,NULL,NULL,1,0,1,0,0,0,0,0,0,1,0,0,0,7,745,Clear,Daylight,-79.3364,43.8168
6001622859,12946,Driver,50 to 54,None,"Automobile, Station Wagon",Changing Lanes,0,0,1,0,0,0,0,0,1,1,0,0,0,17,1651,Clear,Daylight,-79.1542,43.8023
6001622859,12947,Driver,55 to 59,Major,"Automobile, Station Wagon",Going Ahead,0,0,1,0,0,0,0,0,1,1,0,0,0,17,1651,Clear,Daylight,-79.1542,43.8023
6001676072,12964,Driver,50 to 54,None,"Automobile, Station Wagon",Slowing or Stopping,0,1,1,0,0,0,0,0,0,1,0,0,0,18,1754,Clear,Daylight,-79.4099,43.6653
6001676072,12965,Cyclist,25 to 29,Major,Bicycle,Going Ahead,0,1,1,0,0,0,0,0,0,1,0,0,0,18,1754,Clear,Daylight,-79.4099,43.6653
6001676561,12966,Driver,55 to 59,None,"Automobile, Station Wagon",Going Ahead,1,0,1,0,0,0,0,0,0,0,0,0,0,21,2130,Clear,"Dusk, artificial",-79.3332,43.7752
6001676561,12967,Pedestrian,40 to 44,Major,NULL,NULL,1,0,1,0,0,0,0,0,0,0,0,0,0,21,2130,Clear,"Dusk, artificial",-79.3332,43.7752
6001681800,12968,Driver,65 to 69,None,"Automobile, Station Wagon",Turning Left,0,0,1,1,0,0,0,0,0,0,0,0,0,15,1537,Clear,Daylight,-79.5618,43.7127
6001681800,12969,Motorcycle Driver,35 to 39,Major,Motorcycle,Going Ahead,0,0,1,1,0,0,0,0,0,0,0,0,0,15,1537,Clear,Daylight,-79.5618,43.7127
6001779522,13030,Cyclist,35 to 39,Major,Bicycle,Going Ahead,0,1,1,0,0,0,0,0,0,0,0,0,0,22,2215,Clear,"Dark, artificial",-79.3673,43.6742
6001779522,13029,Driver,unknown,None,"Automobile, Station Wagon",Turning Left,0,1,1,0,0,0,0,0,0,0,0,0,0,22,2215,Clear,"Dark, artificial",-79.3673,43.6742
6001786629,13031,Driver,60 to 64,None,"Automobile, Station Wagon",Going Ahead,1,0,1,0,0,0,0,0,0,1,0,0,0,18,1750,Clear,Daylight,-79.2798,43.791
6001786629,13032,Pedestrian,75 to 79,Major,NULL,NULL,1,0,1,0,0,0,0,0,0,1,0,0,0,18,1750,Clear,Daylight,-79.2798,43.791
6001799178,13038,Pedestrian,15 to 19,Major,NULL,NULL,1,0,1,0,0,0,0,0,0,0,0,0,0,21,2108,Clear,"Dark, artificial",-79.2509,43.7304
6001799178,13039,Driver,45 to 49,None,"Automobile, Station Wagon",Going Ahead,1,0,1,0,0,0,0,0,0,0,0,0,0,21,2108,Clear,"Dark, artificial",-79.2509,43.7304
6001813893,13045,Driver,50 to 54,None,Pick Up Truck,Turning Left,1,0,1,0,0,0,0,0,0,1,0,0,0,11,1109,Clear,Daylight,-79.4309,43.6747
6001813893,13046,Pedestrian,Over 95,Fatal,NULL,NULL,1,0,1,0,0,0,0,0,0,1,0,0,0,11,1109,Clear,Daylight,-79.4309,43.6747
6001864838,13058,Driver,55 to 59,None,Passenger Van,Going Ahead,1,0,1,0,0,0,0,0,1,1,0,0,0,8,823,Rain,Daylight,-79.2658,43.7539
6001864838,13059,Pedestrian,15 to 19,Major,NULL,NULL,1,0,1,0,0,0,0,0,1,1,0,0,0,8,823,Rain,Daylight,-79.2658,43.7539
6001868616,13060,Pedestrian,60 to 64,Fatal,NULL,NULL,1,0,1,0,0,0,0,1,0,1,0,0,0,19,1922,Rain,Dark,-79.372,43.712
6001868616,13061,Passenger,40 to 44,None,NULL,NULL,1,0,1,0,0,0,0,1,0,1,0,0,0,19,1922,Rain,Dark,-79.372,43.712
6001868616,13062,Driver,30 to 34,None,"Automobile, Station Wagon",Going Ahead,1,0,1,0,0,0,0,1,0,1,0,0,0,19,1922,Rain,Dark,-79.372,43.712
6001911469,13070,Driver,50 to 54,Fatal,"Automobile, Station Wagon",Going Ahead,0,0,1,0,0,0,0,0,1,1,0,0,0,15,1549,Rain,Daylight,-79.3491,43.6414
6002020311,13598,Driver,50 to 54,None,"Automobile, Station Wagon",Going Ahead,0,0,1,1,0,0,0,0,1,1,0,0,0,22,2225,Clear,"Dark, artificial",-79.5014,43.7414
6002020311,13590,Motorcycle Driver,45 to 49,Major,Motorcycle,Going Ahead,0,0,1,1,0,0,0,0,1,1,0,0,0,22,2225,Clear,"Dark, artificial",-79.5014,43.7414
6002020311,13586,Driver,25 to 29,None,"Automobile, Station Wagon",Turning Left,0,0,1,1,0,0,0,0,1,1,0,0,0,22,2225,Clear,"Dark, artificial",-79.5014,43.7414
6002021851,13603,Driver,unknown,None,Pick Up Truck,Turning Right,1,0,1,0,0,0,0,0,0,1,0,0,0,8,814,Clear,Daylight,-79.3043,43.7794
6002021851,13684,Pedestrian,75 to 79,Fatal,NULL,NULL,1,0,1,0,0,0,0,0,0,1,0,0,0,8,814,Clear,Daylight,-79.3043,43.7794
6002057504,13692,Driver,70 to 74,None,"Automobile, Station Wagon",Turning Left,0,1,1,0,0,0,0,0,0,0,0,0,0,18,1807,Clear,"Dark, artificial",-79.3019,43.812
6002057504,13693,Cyclist,55 to 59,Major,Bicycle,Going Ahead,0,1,1,0,0,0,0,0,0,0,0,0,0,18,1807,Clear,"Dark, artificial",-79.3019,43.812
7000609601,13160,Driver,25 to 29,None,"Automobile, Station Wagon",Going Ahead,1,0,1,0,0,0,0,0,0,0,0,0,0,23,2315,Rain,"Dark, artificial",-79.2283,43.7674
7000609601,13161,Pedestrian,25 to 29,Major,NULL,NULL,1,0,1,0,0,0,0,0,0,0,0,0,0,23,2315,Rain,"Dark, artificial",-79.2283,43.7674
7000670017,13183,Truck Driver,25 to 29,None,Tow Truck,Slowing or Stopping,0,0,1,0,0,0,0,0,0,1,0,0,0,17,1659,Clear,Daylight,-79.5685,43.6865
7000670017,13184,Driver,40 to 44,Major,Pick Up Truck,Going Ahead,0,0,1,0,0,0,0,0,0,1,0,0,0,17,1659,Clear,Daylight,-79.5685,43.6865
7000697706,13195,Driver,60 to 64,Major,"Automobile, Station Wagon",Going Ahead,0,0,1,0,0,0,0,0,1,1,0,0,0,5,543,Clear,"Dark, artificial",-79.4454,43.6369
7000792662,13353,Driver,75 to 79,Major,"Automobile, Station Wagon",Going Ahead,0,0,1,0,0,0,0,0,0,0,0,0,0,16,1616,Rain,Daylight,-79.4272,43.6722
7000840338,13407,Driver,25 to 29,Major,"Automobile, Station Wagon",Going Ahead,0,0,1,0,0,0,0,0,1,1,0,0,0,23,2343,Clear,"Dark, artificial",-79.221,43.8196
7000844451,13401,Driver,30 to 34,None,Street Car,Slowing or Stopping,1,0,0,0,0,1,0,0,0,0,0,0,0,16,1625,Clear,Daylight,-79.3988,43.6551
7000844451,13402,Pedestrian,55 to 59,Major,NULL,NULL,1,0,0,0,0,1,0,0,0,0,0,0,0,16,1625,Clear,Daylight,-79.3988,43.6551
7000852096,13408,Driver,60 to 64,None,"Automobile, Station Wagon",Going Ahead,1,0,1,0,0,0,0,0,0,0,0,0,0,22,2230,Clear,"Dark, artificial",-79.2444,43.7503
7000852096,13409,Pedestrian,15 to 19,Major,NULL,NULL,1,0,1,0,0,0,0,0,0,0,0,0,0,22,2230,Clear,"Dark, artificial",-79.2444,43.7503
7000857576,13413,Pedestrian,15 to 19,Major,NULL,NULL,1,0,1,0,0,0,0,0,0,0,0,0,0,18,1806,Clear,Daylight,-79.496,43.6771
7000857576,13412,Driver,50 to 54,None,"Automobile, Station Wagon",Going Ahead,1,0,1,0,0,0,0,0,0,0,0,0,0,18,1806,Clear,Daylight,-79.496,43.6771
7000871402,13422,Driver,15 to 19,None,"Automobile, Station Wagon",Going Ahead,1,0,1,0,0,0,0,0,0,0,0,0,0,19,1900,Clear,Dusk,-79.3377,43.7758
7000871402,13423,Pedestrian,20 to 24,Major,NULL,NULL,1,0,1,0,0,0,0,0,0,0,0,0,0,19,1900,Clear,Dusk,-79.3377,43.7758
7000877614,13424,Driver,30 to 34,None,Pick Up Truck,Going Ahead,1,0,1,0,0,0,0,0,0,0,0,0,0,14,1423,Clear,Daylight,-79.4754,43.6512
7000877614,13425,Pedestrian,55 to 59,Major,NULL,NULL,1,0,1,0,0,0,0,0,0,0,0,0,0,14,1423,Clear,Daylight,-79.4754,43.6512
7000925099,13445,Cyclist,65 to 69,Major,Bicycle,Going Ahead,0,1,1,0,0,0,0,1,0,1,0,0,0,22,2150,Rain,"Dark, artificial",-79.3911,43.711
7000925099,13446,Passenger,15 to 19,None,NULL,NULL,0,1,1,0,0,0,0,1,0,1,0,0,0,22,2150,Rain,"Dark, artificial",-79.3911,43.711
7000925099,13444,Driver,15 to 19,None,"Automobile, Station Wagon",Turning Left,0,1,1,0,0,0,0,1,0,1,0,0,0,22,2150,Rain,"Dark, artificial",-79.3911,43.711
7000957172,13225,Motorcycle Driver,30 to 34,Major,Motorcycle,Slowing or Stopping,0,0,0,1,0,0,0,0,1,1,0,0,0,18,1750,Rain,Daylight,-79.3714,43.6493
7001007745,13271,Driver,50 to 54,None,Pick Up Truck,Turning Left,0,1,1,0,0,0,0,0,0,1,0,0,0,7,701,Clear,Daylight,-79.4325,43.6525
7001007745,13272,Cyclist,65 to 69,Major,Bicycle,Going Ahead,0,1,1,0,0,0,0,0,0,1,0,0,0,7,701,Clear,Daylight,-79.4325,43.6525
7001053469,13301,Driver,70 to 74,Major,"Automobile, Station Wagon",Going Ahead,0,0,1,0,0,0,0,1,0,0,0,0,1,17,1719,Clear,Daylight,-79.347,43.775