ACCNUM,ObjectId,INVTYPE,INVAGE,INJURY,VEHTYPE,MANOEUVER,PEDESTRIAN,CYCLIST,AUTOMOBILE,MOTORCYCLE,TRUCK,TRSN_CITY_VEH,EMERG_VEH,PASSENGER,SPEEDING,AG_DRIV,REDLIGHT,ALCOHOL,DISABILITY,HOUR,TIME,VISIBILITY,LIGHT,collision_lat,collision_long
7001053469,13302,Driver,25 to 29,None,"Automobile, Station Wagon",Stopped,0,0,1,0,0,0,0,1,0,0,0,0,1,17,1719,Clear,Daylight,-79.347,43.775
7001053469,13303,Driver,25 to 29,None,"Automobile, Station Wagon",Stopped,0,0,1,0,0,0,0,1,0,0,0,0,1,17,1719,Clear,Daylight,-79.347,43.775
7001053469,13304,Passenger,25 to 29,None,NULL,NULL,0,0,1,0,0,0,0,1,0,0,0,0,1,17,1719,Clear,Daylight,-79.347,43.775
7001160269,13469,Pedestrian,30 to 34,Major,NULL,NULL,1,0,1,0,0,0,0,0,0,0,0,0,0,2,248,Rain,"Dark, artificial",-79.4041,43.6753
7001160269,13457,Driver,30 to 34,None,"Automobile, Station Wagon",Going Ahead,1,0,1,0,0,0,0,0,0,0,0,0,0,2,248,Rain,"Dark, artificial",-79.4041,43.6753
7001209887,13931,Driver,55 to 59,None,"Automobile, Station Wagon",Turning Left,0,1,1,0,0,0,0,0,0,1,0,0,0,15,1547,Clear,Daylight,-79.3025,43.6879
7001209887,13932,Cyclist,50 to 54,Major,Bicycle,Going Ahead,0,1,1,0,0,0,0,0,0,1,0,0,0,15,1547,Clear,Daylight,-79.3025,43.6879
7001286763,13955,Truck Driver,55 to 59,None,Truck - Dump,Changing Lanes,0,1,0,0,1,0,0,0,0,0,0,0,0,7,737,Clear,Daylight,-79.4099,43.7576
7001286763,13956,Cyclist,40 to 44,Major,Bicycle,Going Ahead,0,1,0,0,1,0,0,0,0,0,0,0,0,7,737,Clear,Daylight,-79.4099,43.7576
7001286988,13957,Driver,35 to 39,None,Delivery Van,Going Ahead,1,0,1,0,0,0,0,1,0,0,0,0,0,8,825,Clear,Daylight,-79.3313,43.793
7001286988,13958,Pedestrian,15 to 19,Major,NULL,NULL,1,0,1,0,0,0,0,1,0,0,0,0,0,8,825,Clear,Daylight,-79.3313,43.793
7001286988,13959,Passenger,45 to 49,None,NULL,NULL,1,0,1,0,0,0,0,1,0,0,0,0,0,8,825,Clear,Daylight,-79.3313,43.793
7001287888,13960,Pedestrian,70 to 74,Fatal,NULL,NULL,1,0,0,0,0,1,0,0,0,0,0,0,0,11,1054,Clear,Daylight,-79.26,43.734
7001287888,13961,Driver,55 to 59,None,Municipal Transit Bus (TTC),Pulling Away from Shoulder or Curb,1,0,0,0,0,1,0,0,0,0,0,0,0,11,1054,Clear,Daylight,-79.26,43.734
7001318680,13972,Driver,45 to 49,None,"Automobile, Station Wagon",Turning Left,0,0,1,1,0,0,0,1,0,0,0,0,0,21,2134,Rain,"Dark, artificial",-79.5652,43.7371
7001318680,13973,Motorcycle Driver,55 to 59,Major,Motorcycle,Going Ahead,0,0,1,1,0,0,0,1,0,0,0,0,0,21,2134,Rain,"Dark, artificial",-79.5652,43.7371
7001318680,13974,Passenger,45 to 49,Minimal,NULL,NULL,0,0,1,1,0,0,0,1,0,0,0,0,0,21,2134,Rain,"Dark, artificial",-79.5652,43.7371
7001318680,13975,Passenger,5 to 9,None,NULL,NULL,0,0,1,1,0,0,0,1,0,0,0,0,0,21,2134,Rain,"Dark, artificial",-79.5652,43.7371
7001412145,13464,Pedestrian,70 to 74,Major,NULL,NULL,1,0,1,0,0,0,0,0,0,1,0,0,0,22,2245,Clear,"Dark, artificial",-79.4066,43.744
7001412145,13471,Driver,15 to 19,None,"Automobile, Station Wagon",Turning Right,1,0,1,0,0,0,0,0,0,1,0,0,0,22,2245,Clear,"Dark, artificial",-79.4066,43.744
7001424545,13683,Driver,20 to 24,Minimal,"Automobile, Station Wagon",Going Ahead,0,0,1,0,0,0,0,0,1,1,0,0,0,6,555,Clear,Dark,-79.4956,43.6761
7001424545,13687,Driver,55 to 59,Major,"Automobile, Station Wagon",Turning Left,0,0,1,0,0,0,0,0,1,1,0,0,0,6,555,Clear,Dark,-79.4956,43.6761
7001555383,13834,Driver,30 to 34,None,"Automobile, Station Wagon",Turning Left,1,0,1,0,0,0,0,0,0,0,0,0,0,8,849,Clear,Daylight,-79.5434,43.6327
7001555383,13835,Pedestrian,25 to 29,Major,NULL,NULL,1,0,1,0,0,0,0,0,0,0,0,0,0,8,849,Clear,Daylight,-79.5434,43.6327
7001616713,13765,Driver,55 to 59,None,"Automobile, Station Wagon",Turning Left,0,1,1,0,0,0,0,0,0,0,0,0,0,20,2040,Clear,"Dark, artificial",-79.2934,43.6853
7001616713,13767,Cyclist,30 to 34,Major,Bicycle,Going Ahead,0,1,1,0,0,0,0,0,0,0,0,0,0,20,2040,Clear,"Dark, artificial",-79.2934,43.6853
7001690052,13861,Cyclist,25 to 29,Major,Bicycle,Going Ahead,0,1,1,0,0,0,0,0,0,0,0,0,0,24,2358,Clear,"Dark, artificial",-79.4197,43.6303
7001690052,13862,Driver,45 to 49,None,Passenger Van,Turning Right,0,1,1,0,0,0,0,0,0,0,0,0,0,24,2358,Clear,"Dark, artificial",-79.4197,43.6303
7001709828,13865,Pedestrian,85 to 89,Fatal,NULL,NULL,1,0,1,0,0,0,0,0,0,0,0,0,0,20,1953,Clear,Dark,-79.3571,43.6828
7001709828,13866,Driver,50 to 54,None,"Automobile, Station Wagon",Going Ahead,1,0,1,0,0,0,0,0,0,0,0,0,0,20,1953,Clear,Dark,-79.3571,43.6828
7001771267,13897,Driver,25 to 29,None,"Automobile, Station Wagon",Going Ahead,1,0,1,0,0,0,0,0,0,0,0,0,0,23,2325,Rain,Dark,-79.3986,43.7081
7001771267,13898,Pedestrian,25 to 29,Major,NULL,NULL,1,0,1,0,0,0,0,0,0,0,0,0,0,23,2325,Rain,Dark,-79.3986,43.7081
7001814947,14924,Driver,20 to 24,Minimal,"Automobile, Station Wagon",Going Ahead,1,0,1,0,0,0,0,1,0,1,1,0,0,18,1825,Clear,Daylight,-79.3712,43.7702
7001814947,14925,Driver,30 to 34,Minimal,"Automobile, Station Wagon",Turning Left,1,0,1,0,0,0,0,1,0,1,1,0,0,18,1825,Clear,Daylight,-79.3712,43.7702
7001814947,14920,Pedestrian,60 to 64,Major,NULL,NULL,1,0,1,0,0,0,0,1,0,1,1,0,0,18,1825,Clear,Daylight,-79.3712,43.7702
7001814947,14921,Passenger,70 to 74,Minimal,NULL,NULL,1,0,1,0,0,0,0,1,0,1,1,0,0,18,1825,Clear,Daylight,-79.3712,43.7702
7001814947,14922,Passenger,75 to 79,Minimal,NULL,NULL,1,0,1,0,0,0,0,1,0,1,1,0,0,18,1825,Clear,Daylight,-79.3712,43.7702
7001814947,14923,Driver,30 to 34,Minimal,"Automobile, Station Wagon",Stopped,1,0,1,0,0,0,0,1,0,1,1,0,0,18,1825,Clear,Daylight,-79.3712,43.7702
7001842185,14937,Passenger,20 to 24,Minimal,NULL,NULL,0,0,1,0,0,0,0,1,0,0,0,0,0,11,1140,Clear,Daylight,-79.5552,43.6868
7001842185,14938,Driver,55 to 59,Major,Passenger Van,Going Ahead,0,0,1,0,0,0,0,1,0,0,0,0,0,11,1140,Clear,Daylight,-79.5552,43.6868
7001842185,14939,Driver,45 to 49,None,Delivery Van,Going Ahead,0,0,1,0,0,0,0,1,0,0,0,0,0,11,1140,Clear,Daylight,-79.5552,43.6868
7001842185,14940,Driver,15 to 19,None,"Automobile, Station Wagon",Changing Lanes,0,0,1,0,0,0,0,1,0,0,0,0,0,11,1140,Clear,Daylight,-79.5552,43.6868
7001855401,14950,Cyclist,35 to 39,Fatal,Bicycle,Going Ahead,0,1,1,0,0,1,0,0,0,1,0,0,0,9,906,Clear,Daylight,-79.4318,43.6379
7001855401,14951,Driver,25 to 29,None,Pick Up Truck,Going Ahead,0,1,1,0,0,1,0,0,0,1,0,0,0,9,906,Clear,Daylight,-79.4318,43.6379
7001855401,14952,Driver,50 to 54,None,Street Car,Going Ahead,0,1,1,0,0,1,0,0,0,1,0,0,0,9,906,Clear,Daylight,-79.4318,43.6379
7001903339,14960,Cyclist,30 to 34,Major,Bicycle,Going Ahead,0,1,1,0,0,0,0,0,0,0,0,0,0,22,2200,Clear,"Dark, artificial",-79.4155,43.7873
7001903339,14961,Driver,unknown,None,"Automobile, Station Wagon",Going Ahead,0,1,1,0,0,0,0,0,0,0,0,0,0,22,2200,Clear,"Dark, artificial",-79.4155,43.7873
7001987033,14988,Driver,50 to 54,None,"Automobile, Station Wagon",Going Ahead,0,0,1,0,0,0,0,0,0,0,0,0,0,11,1100,Clear,Daylight,-79.4991,43.6654
7001987033,14989,Driver,30 to 34,Major,"Automobile, Station Wagon",Stopped,0,0,1,0,0,0,0,0,0,0,0,0,0,11,1100,Clear,Daylight,-79.4991,43.6654
7002039286,14157,Pedestrian,55 to 59,Fatal,NULL,NULL,1,0,1,0,0,0,0,0,0,0,0,0,0,22,2233,Clear,"Dark, artificial",-79.2921,43.7389
7002039286,14158,Driver,20 to 24,None,Passenger Van,Going Ahead,1,0,1,0,0,0,0,0,0,0,0,0,0,22,2233,Clear,"Dark, artificial",-79.2921,43.7389
7003059433,14186,Pedestrian,75 to 79,Major,NULL,NULL,1,0,1,0,0,0,0,0,0,1,0,0,0,8,840,Clear,Daylight,-79.5421,43.7377
7003059433,14184,Driver,40 to 44,None,Pick Up Truck,Turning Left,1,0,1,0,0,0,0,0,0,1,0,0,0,8,840,Clear,Daylight,-79.5421,43.7377
7003059433,14185,Pedestrian,80 to 84,Major,NULL,NULL,1,0,1,0,0,0,0,0,0,1,0,0,0,8,840,Clear,Daylight,-79.5421,43.7377
7003060621,14187,Truck Driver,25 to 29,None,Truck-Tractor,Going Ahead,1,0,1,0,1,0,0,0,0,0,0,0,0,11,1148,Clear,Daylight,-79.3222,43.7753
7003060621,14188,Pedestrian,70 to 74,Fatal,Passenger Van,NULL,1,0,1,0,1,0,0,0,0,0,0,0,0,11,1148,Clear,Daylight,-79.3222,43.7753
7003112978,14207,Driver,55 to 59,None,Passenger Van,Going Ahead,1,0,1,0,0,0,0,0,0,0,0,0,0,23,2330,Clear,Dark,-79.2866,43.7518
6001211373,12150,Cyclist,25 to 29,Major,Bicycle,Going Ahead,0,1,1,0,0,0,0,1,0,0,0,0,0,0,27,Clear,"Dark, artificial",-79.3666,43.6592
6001211373,12151,Driver,20 to 24,None,"Automobile, Station Wagon",Going Ahead,0,1,1,0,0,0,0,1,0,0,0,0,0,0,27,Clear,"Dark, artificial",-79.3666,43.6592
6001211373,12152,Passenger,20 to 24,None,NULL,NULL,0,1,1,0,0,0,0,1,0,0,0,0,0,0,27,Clear,"Dark, artificial",-79.3666,43.6592
6001211373,12153,Passenger,25 to 29,None,NULL,NULL,0,1,1,0,0,0,0,1,0,0,0,0,0,0,27,Clear,"Dark, artificial",-79.3666,43.6592
6001211373,12154,Passenger,20 to 24,Major,NULL,NULL,0,1,1,0,0,0,0,1,0,0,0,0,0,0,27,Clear,"Dark, artificial",-79.3666,43.6592
6001230859,12162,Driver,50 to 54,Major,"Automobile, Station Wagon",Turning Left,0,0,1,0,0,0,0,1,0,1,0,0,0,20,2035,Clear,Daylight,-79.3776,43.7138
6001230859,12163,Driver,65 to 69,Minimal,"Automobile, Station Wagon",Going Ahead,0,0,1,0,0,0,0,1,0,1,0,0,0,20,2035,Clear,Daylight,-79.3776,43.7138
6001230859,12164,Passenger,65 to 69,Minor,NULL,NULL,0,0,1,0,0,0,0,1,0,1,0,0,0,20,2035,Clear,Daylight,-79.3776,43.7138
6001250602,12171,Driver,75 to 79,None,"Automobile, Station Wagon",Turning Left,0,0,1,0,0,0,0,1,0,1,0,0,0,21,2111,Clear,"Dusk, artificial",-79.3833,43.806
6001250602,12172,Driver,60 to 64,Minimal,"Automobile, Station Wagon",Going Ahead,0,0,1,0,0,0,0,1,0,1,0,0,0,21,2111,Clear,"Dusk, artificial",-79.3833,43.806
6001250602,12173,Passenger,55 to 59,Major,NULL,NULL,0,0,1,0,0,0,0,1,0,1,0,0,0,21,2111,Clear,"Dusk, artificial",-79.3833,43.806
6001300022,12193,Cyclist,25 to 29,None,Bicycle,Merging,0,1,0,1,0,0,0,0,0,0,0,0,0,13,1349,Clear,Daylight,-79.3197,43.7683
6001300022,12194,Motorcycle Driver,55 to 59,Major,Motorcycle,Going Ahead,0,1,0,1,0,0,0,0,0,0,0,0,0,13,1349,Clear,Daylight,-79.3197,43.7683
6001334259,12205,Driver,25 to 29,None,"Automobile, Station Wagon",Going Ahead,1,0,1,0,0,1,0,0,1,1,0,0,0,18,1825,Clear,Daylight,-79.2076,43.7478
6001334259,12206,Driver,30 to 34,None,Municipal Transit Bus (TTC),Going Ahead,1,0,1,0,0,1,0,0,1,1,0,0,0,18,1825,Clear,Daylight,-79.2076,43.7478
6001334259,12207,Pedestrian,60 to 64,Fatal,NULL,NULL,1,0,1,0,0,1,0,0,1,1,0,0,0,18,1825,Clear,Daylight,-79.2076,43.7478
6001334259,12208,Pedestrian,60 to 64,Minimal,NULL,NULL,1,0,1,0,0,1,0,0,1,1,0,0,0,18,1825,Clear,Daylight,-79.2076,43.7478
6001358700,12219,Motorcycle Driver,15 to 19,Major,Motorcycle,Going Ahead,0,0,1,1,0,0,0,0,0,1,0,0,0,17,1745,Clear,Daylight,-79.3769,43.6468
6001358700,12113,Driver,55 to 59,None,"Automobile, Station Wagon",Stopped,0,0,1,1,0,0,0,0,0,1,0,0,0,17,1745,Clear,Daylight,-79.3769,43.6468
6001376721,12238,Pedestrian,80 to 84,Fatal,NULL,NULL,1,0,1,0,0,0,0,0,0,0,0,0,0,12,1225,Clear,Daylight,-79.4223,43.7782
6001376721,12239,Driver,45 to 49,None,"Automobile, Station Wagon",Going Ahead,1,0,1,0,0,0,0,0,0,0,0,0,0,12,1225,Clear,Daylight,-79.4223,43.7782
6001431942,12264,Motorcycle Driver,25 to 29,Major,Motorcycle,Going Ahead,0,0,0,1,0,0,0,0,0,0,0,0,0,22,2223,Clear,"Dark, artificial",-79.5345,43.5941
6001511108,12304,Driver,30 to 34,None,"Automobile, Station Wagon",Turning Left,1,0,1,0,0,0,0,1,0,1,1,0,0,9,850,Clear,Daylight,-79.3698,43.6455
6001511108,12305,Driver,20 to 24,Minimal,"Automobile, Station Wagon",Going Ahead,1,0,1,0,0,0,0,1,0,1,1,0,0,9,850,Clear,Daylight,-79.3698,43.6455
6001511108,12306,Passenger,20 to 24,Minimal,"Automobile, Station Wagon",NULL,1,0,1,0,0,0,0,1,0,1,1,0,0,9,850,Clear,Daylight,-79.3698,43.6455
6001511108,12307,Pedestrian,20 to 24,Major,NULL,NULL,1,0,1,0,0,0,0,1,0,1,1,0,0,9,850,Clear,Daylight,-79.3698,43.6455
6001526094,12315,Passenger,15 to 19,None,NULL,NULL,0,0,0,0,0,0,0,1,1,1,0,0,0,23,2315,Clear,Dark,-79.4074,43.7134
6001526094,12318,Passenger,15 to 19,None,NULL,NULL,0,0,0,0,0,0,0,1,1,1,0,0,0,23,2315,Clear,Dark,-79.4074,43.7134
6001526094,12319,Passenger,15 to 19,None,NULL,NULL,0,0,0,0,0,0,0,1,1,1,0,0,0,23,2315,Clear,Dark,-79.4074,43.7134
6001526094,12316,Driver,15 to 19,None,NULL,Going Ahead,0,0,0,0,0,0,0,1,1,1,0,0,0,23,2315,Clear,Dark,-79.4074,43.7134
6001526094,12317,Passenger,15 to 19,Major,NULL,NULL,0,0,0,0,0,0,0,1,1,1,0,0,0,23,2315,Clear,Dark,-79.4074,43.7134
6001532518,12322,Driver,55 to 59,None,"Automobile, Station Wagon",Turning Left,0,0,1,1,0,0,0,0,0,0,0,0,0,16,1610,Clear,Daylight,-79.3012,43.7634
6001532518,12323,Motorcycle Driver,30 to 34,Major,Motorcycle,Going Ahead,0,0,1,1,0,0,0,0,0,0,0,0,0,16,1610,Clear,Daylight,-79.3012,43.7634
6001551246,12331,Driver,70 to 74,None,"Automobile, Station Wagon",Going Ahead,0,1,1,0,0,0,0,0,0,1,0,0,0,14,1413,Clear,Daylight,-79.4665,43.682
6001551246,12226,Cyclist,60 to 64,Major,Bicycle,Going Ahead,0,1,1,0,0,0,0,0,0,1,0,0,0,14,1413,Clear,Daylight,-79.4665,43.682
6001577121,12924,Driver,35 to 39,None,"Automobile, Station Wagon",Going Ahead,0,1,1,0,0,0,0,0,1,1,0,0,0,19,1913,Clear,Daylight,-79.3714,43.6634
6001577121,12925,Cyclist,45 to 49,Major,Bicycle,Going Ahead,0,1,1,0,0,0,0,0,1,1,0,0,0,19,1913,Clear,Daylight,-79.3714,43.6634
6001605609,12940,Driver,30 to 34,Minor,"Automobile, Station Wagon",Going Ahead,1,0,1,0,0,0,0,0,0,0,0,0,0,23,2305,Clear,"Dark, artificial",-79.4387,43.7567
6001605609,12941,Pedestrian,50 to 54,Major,NULL,Going Ahead,1,0,1,0,0,0,0,0,0,0,0,0,0,23,2305,Clear,"Dark, artificial",-79.4387,43.7567
6001605609,12942,Pedestrian,55 to 59,Major,NULL,Going Ahead,1,0,1,0,0,0,0,0,0,0,0,0,0,23,2305,Clear,"Dark, artificial",-79.4387,43.7567
6001682532,12970,Driver,30 to 34,None,"Automobile, Station Wagon",Going Ahead,1,0,1,0,0,0,0,1,0,0,0,0,0,17,1735,Clear,Daylight,-79.4276,43.6812
6001682532,12971,Passenger,25 to 29,None,NULL,NULL,1,0,1,0,0,0,0,1,0,0,0,0,0,17,1735,Clear,Daylight,-79.4276,43.6812
6001682532,12972,Pedestrian,65 to 69,Fatal,NULL,NULL,1,0,1,0,0,0,0,1,0,0,0,0,0,17,1735,Clear,Daylight,-79.4276,43.6812
6001717262,12989,Driver,20 to 24,None,"Automobile, Station Wagon",Turning Left,1,0,1,0,0,0,0,0,0,1,0,0,0,9,925,Clear,Daylight,-79.3758,43.7987
6001717262,12990,Pedestrian,60 to 64,Major,NULL,NULL,1,0,1,0,0,0,0,0,0,1,0,0,0,9,925,Clear,Daylight,-79.3758,43.7987
6001830324,13049,Passenger,55 to 59,Minimal,NULL,NULL,0,0,1,1,0,0,0,1,0,1,0,0,0,19,1918,Clear,"Dark, artificial",-79.5042,43.7044
6001830324,13050,Motorcycle Driver,20 to 24,Major,Motorcycle,Going Ahead,0,0,1,1,0,0,0,1,0,1,0,0,0,19,1918,Clear,"Dark, artificial",-79.5042,43.7044
6001830324,13051,Driver,50 to 54,Minimal,"Automobile, Station Wagon",Turning Left,0,0,1,1,0,0,0,1,0,1,0,0,0,19,1918,Clear,"Dark, artificial",-79.5042,43.7044
6001858926,13052,Motorcycle Driver,45 to 49,Major,Motorcycle,Changing Lanes,0,0,1,1,0,0,0,0,0,0,0,0,0,10,950,Clear,Daylight,-79.332,43.7403
6001858926,13053,Driver,40 to 44,None,"Automobile, Station Wagon",Slowing or Stopping,0,0,1,1,0,0,0,0,0,0,0,0,0,10,950,Clear,Daylight,-79.332,43.7403
6001978629,13109,Driver,35 to 39,Minor,"Automobile, Station Wagon",Turning Left,0,0,1,0,0,0,0,1,0,1,0,0,0,8,805,Clear,Daylight,-79.4658,43.7317
6001978629,13111,Passenger,0 to 4,Major,NULL,NULL,0,0,1,0,0,0,0,1,0,1,0,0,0,8,805,Clear,Daylight,-79.4658,43.7317
6001978629,13010,Driver,30 to 34,Minor,"Automobile, Station Wagon",Going Ahead,0,0,1,0,0,0,0,1,0,1,0,0,0,8,805,Clear,Daylight,-79.4658,43.7317
6002089290,13701,Pedestrian,70 to 74,Fatal,NULL,NULL,1,0,1,0,0,0,0,0,0,0,0,0,0,20,2010,Clear,Dark,-79.3736,43.6577
6002089290,13702,Driver,35 to 39,None,"Automobile, Station Wagon",Going Ahead,1,0,1,0,0,0,0,0,0,0,0,0,0,20,2010,Clear,Dark,-79.3736,43.6577
6002131954,13731,Driver,60 to 64,None,Pick Up Truck,Turning Left,1,0,1,0,0,0,0,0,0,1,0,0,0,13,1335,Clear,Daylight,-79.3156,43.6967
6002131954,13732,Pedestrian,65 to 69,Fatal,NULL,NULL,1,0,1,0,0,0,0,0,0,1,0,0,0,13,1335,Clear,Daylight,-79.3156,43.6967
6002153175,13740,Driver,75 to 79,None,"Automobile, Station Wagon",Turning Left,1,0,1,0,0,0,0,0,0,1,0,0,0,23,2315,Rain,"Dark, artificial",-79.3743,43.6629
6002153175,13741,Pedestrian,25 to 29,Major,NULL,NULL,1,0,1,0,0,0,0,0,0,1,0,0,0,23,2315,Rain,"Dark, artificial",-79.3743,43.6629
6002195471,13756,Driver,75 to 79,Major,"Automobile, Station Wagon",Going Ahead,0,0,1,0,0,0,0,1,0,0,0,0,0,15,1514,Snow,Daylight,-79.4917,43.7033
6002195471,13757,Passenger,35 to 39,None,NULL,NULL,0,0,1,0,0,0,0,1,0,0,0,0,0,15,1514,Snow,Daylight,-79.4917,43.7033
6002213025,13115,Pedestrian,25 to 29,Major,NULL,NULL,1,0,1,0,0,0,0,0,0,1,0,0,0,10,1036,Clear,Daylight,-79.3847,43.672
6002213025,13012,Driver,50 to 54,None,"Automobile, Station Wagon",Turning Left,1,0,1,0,0,0,0,0,0,1,0,0,0,10,1036,Clear,Daylight,-79.3847,43.672
6002227092,13230,Driver,25 to 29,None,Municipal Transit Bus (TTC),Going Ahead,1,0,0,0,0,1,0,0,0,0,0,0,0,13,1312,Clear,Daylight,-79.2855,43.7282
6002227092,13238,Pedestrian,65 to 69,Major,NULL,NULL,1,0,0,0,0,1,0,0,0,0,0,0,0,13,1312,Clear,Daylight,-79.2855,43.7282
7000003346,13621,Driver,85 to 89,Major,"Automobile, Station Wagon",Reversing,0,0,1,0,0,0,0,0,0,0,0,0,0,14,1405,Clear,Daylight,-79.5261,43.7665
7000012031,13629,Driver,35 to 39,None,"Automobile, Station Wagon",Going Ahead,1,0,1,0,0,0,0,0,0,0,0,0,0,7,717,Rain,Dark,-79.3672,43.6489
7000012031,13630,Pedestrian,80 to 84,Fatal,NULL,NULL,1,0,1,0,0,0,0,0,0,0,0,0,0,7,717,Rain,Dark,-79.3672,43.6489
7000305009,13507,Driver,20 to 24,Major,"Automobile, Station Wagon",Going Ahead,0,0,1,0,0,0,0,0,0,0,0,0,0,7,709,Clear,Daylight,-79.3619,43.6767
7000366630,13534,Passenger,20 to 24,None,NULL,NULL,0,1,1,0,0,0,0,1,0,0,0,0,0,23,2311,Clear,"Dark, artificial",-79.3985,43.6591
7000366630,13532,Driver,45 to 49,None,"Automobile, Station Wagon",Going Ahead,0,1,1,0,0,0,0,1,0,0,0,0,0,23,2311,Clear,"Dark, artificial",-79.3985,43.6591
7000366630,13533,Cyclist,25 to 29,Major,Bicycle,Going Ahead,0,1,1,0,0,0,0,1,0,0,0,0,0,23,2311,Clear,"Dark, artificial",-79.3985,43.6591
7000416403,13542,Driver,30 to 34,None,"Automobile, Station Wagon",Overtaking,0,0,1,0,0,0,0,1,1,1,0,0,0,15,1538,Clear,Daylight,-79.4717,43.652
7000416403,13543,Driver,80 to 84,None,"Automobile, Station Wagon",Going Ahead,0,0,1,0,0,0,0,1,1,1,0,0,0,15,1538,Clear,Daylight,-79.4717,43.652
7000416403,13544,Passenger,35 to 39,Fatal,"Automobile, Station Wagon",NULL,0,0,1,0,0,0,0,1,1,1,0,0,0,15,1538,Clear,Daylight,-79.4717,43.652
7000416403,13545,Driver,20 to 24,None,"Automobile, Station Wagon",Going Ahead,0,0,1,0,0,0,0,1,1,1,0,0,0,15,1538,Clear,Daylight,-79.4717,43.652
7000416403,13546,Passenger,35 to 39,None,"Automobile, Station Wagon",NULL,0,0,1,0,0,0,0,1,1,1,0,0,0,15,1538,Clear,Daylight,-79.4717,43.652
7000452997,13556,Driver,30 to 34,None,"Automobile, Station Wagon",Going Ahead,0,0,1,0,0,0,0,0,1,1,0,0,0,14,1405,Snow,Daylight,-79.4693,43.7225
7000452997,13557,Driver,40 to 44,Major,"Automobile, Station Wagon",Slowing or Stopping,0,0,1,0,0,0,0,0,1,1,0,0,0,14,1405,Snow,Daylight,-79.4693,43.7225
7000466331,13558,Driver,15 to 19,Minimal,"Automobile, Station Wagon",Going Ahead,0,0,1,0,0,0,0,1,0,1,1,0,0,17,1658,Clear,Daylight,-79.2733,43.7983
7000466331,13559,Driver,30 to 34,Major,"Automobile, Station Wagon",Going Ahead,0,0,1,0,0,0,0,1,0,1,1,0,0,17,1658,Clear,Daylight,-79.2733,43.7983
7000466331,13560,Driver,45 to 49,Minimal,"Automobile, Station Wagon",Stopped,0,0,1,0,0,0,0,1,0,1,1,0,0,17,1658,Clear,Daylight,-79.2733,43.7983
7000466331,13561,Passenger,15 to 19,None,NULL,NULL,0,0,1,0,0,0,0,1,0,1,1,0,0,17,1658,Clear,Daylight,-79.2733,43.7983
8000352220,14516,Pedestrian,80 to 84,Major,NULL,NULL,1,0,1,0,0,0,0,0,0,1,0,0,0,20,1950,Clear,Dark,-79.5113,43.6472
8000352220,14517,Driver,70 to 74,None,"Automobile, Station Wagon",Turning Right,1,0,1,0,0,0,0,0,0,1,0,0,0,20,1950,Clear,Dark,-79.5113,43.6472
8000372713,14523,Driver,55 to 59,Minor,"Automobile, Station Wagon",Going Ahead,0,0,1,0,0,0,0,0,0,1,0,1,0,21,2128,Clear,"Dark, artificial",-79.6134,43.7452
8000372713,14524,Driver,30 to 34,Major,"Automobile, Station Wagon",Stopped,0,0,1,0,0,0,0,0,0,1,0,1,0,21,2128,Clear,"Dark, artificial",-79.6134,43.7452
8000409848,14555,Driver,20 to 24,Major,"Automobile, Station Wagon",Going Ahead,0,0,1,0,0,0,0,0,1,1,0,0,0,15,1525,Clear,Daylight,-79.5531,43.6766
8000409848,14556,Driver,55 to 59,Major,Passenger Van,Going Ahead,0,0,1,0,0,0,0,0,1,1,0,0,0,15,1525,Clear,Daylight,-79.5531,43.6766
8000409848,14557,Driver,60 to 64,Minor,"Automobile, Station Wagon",Going Ahead,0,0,1,0,0,0,0,0,1,1,0,0,0,15,1525,Clear,Daylight,-79.5531,43.6766
8000409848,14558,Driver,25 to 29,None,"Automobile, Station Wagon",Going Ahead,0,0,1,0,0,0,0,0,1,1,0,0,0,15,1525,Clear,Daylight,-79.5531,43.6766
8000438104,14131,Motorcycle Driver,35 to 39,Major,Motorcycle,Going Ahead,0,0,1,1,0,0,0,0,0,0,0,0,0,17,1745,Clear,Daylight,-79.5081,43.6961
8000438104,14122,Driver,20 to 24,None,"Automobile, Station Wagon",Turning Left,0,0,1,1,0,0,0,0,0,0,0,0,0,17,1745,Clear,Daylight,-79.5081,43.6961
8000565585,14857,Passenger,90 to 94,None,NULL,NULL,1,0,1,0,0,0,0,1,0,0,0,0,0,12,1221,Rain,Daylight,-79.491,43.7245
8000565585,14858,Pedestrian,75 to 79,Fatal,NULL,NULL,1,0,1,0,0,0,0,1,0,0,0,0,0,12,1221,Rain,Daylight,-79.491,43.7245
8000565585,14859,Driver,50 to 54,None,Passenger Van,Going Ahead,1,0,1,0,0,0,0,1,0,0,0,0,0,12,1221,Rain,Daylight,-79.491,43.7245
8000657737,14878,Passenger,20 to 24,None,NULL,NULL,0,0,1,0,0,0,0,1,0,1,1,0,0,20,2000,Clear,Dark,-79.4967,43.7232
8000657737,14879,Driver,20 to 24,None,"Automobile, Station Wagon",Turning Left,0,0,1,0,0,0,0,1,0,1,1,0,0,20,2000,Clear,Dark,-79.4967,43.7232