ACCNUM,ObjectId,INVTYPE,INVAGE,INJURY,VEHTYPE,MANOEUVER,PEDESTRIAN,CYCLIST,AUTOMOBILE,MOTORCYCLE,TRUCK,TRSN_CITY_VEH,EMERG_VEH,PASSENGER,SPEEDING,AG_DRIV,REDLIGHT,ALCOHOL,DISABILITY,HOUR,TIME,VISIBILITY,LIGHT,collision_lat,collision_long
8000657737,14880,Driver,20 to 24,Major,"Automobile, Station Wagon",Going Ahead,0,0,1,0,0,0,0,1,0,1,1,0,0,20,2000,Clear,Dark,-79.4967,43.7232
8000663907,14883,Driver,50 to 54,None,"Automobile, Station Wagon",Going Ahead,0,1,1,0,0,0,0,0,0,0,0,0,0,19,1918,Rain,"Dark, artificial",-79.5546,43.6855
8000663907,14884,Cyclist,20 to 24,Major,Bicycle,Turning Left,0,1,1,0,0,0,0,0,0,0,0,0,0,19,1918,Rain,"Dark, artificial",-79.5546,43.6855
8000806863,14264,Driver,20 to 24,Minimal,"Automobile, Station Wagon",Going Ahead,0,0,1,0,0,0,0,1,0,1,0,0,0,4,407,Clear,"Dark, artificial",-79.2748,43.7494
8000806863,14268,Driver,25 to 29,Minimal,"Automobile, Station Wagon",Going Ahead,0,0,1,0,0,0,0,1,0,1,0,0,0,4,407,Clear,"Dark, artificial",-79.2748,43.7494
8000806863,14269,Passenger,25 to 29,Major,NULL,NULL,0,0,1,0,0,0,0,1,0,1,0,0,0,4,407,Clear,"Dark, artificial",-79.2748,43.7494
8000845725,14288,Driver,25 to 29,None,"Automobile, Station Wagon",Turning Left,0,0,1,1,0,0,0,0,0,1,0,0,0,18,1845,Clear,Daylight,-79.3161,43.6654
8000845725,14289,Motorcycle Driver,40 to 44,Major,Motorcycle,Going Ahead,0,0,1,1,0,0,0,0,0,1,0,0,0,18,1845,Clear,Daylight,-79.3161,43.6654
8000879667,14299,Driver,55 to 59,None,Intercity Bus,Turning Right,0,1,0,0,0,1,0,0,0,0,0,0,0,1,55,Clear,"Dark, artificial",-79.3732,43.6536
8000879667,14300,Cyclist,30 to 34,Major,Bicycle,Going Ahead,0,1,0,0,0,1,0,0,0,0,0,0,0,1,55,Clear,"Dark, artificial",-79.3732,43.6536
8001059223,14376,Motorcycle Driver,unknown,None,Motorcycle,Going Ahead,0,1,0,1,0,0,0,0,0,1,0,0,0,17,1700,Clear,Daylight,-79.4938,43.6053
8001059223,14377,Cyclist,25 to 29,Major,Bicycle,Going Ahead,0,1,0,1,0,0,0,0,0,1,0,0,0,17,1700,Clear,Daylight,-79.4938,43.6053
8001076637,14384,Driver,55 to 59,None,Municipal Transit Bus (TTC),Going Ahead,1,0,0,0,0,1,0,0,0,0,0,0,0,2,154,Clear,"Dark, artificial",-79.5002,43.6206
8001076637,14385,Pedestrian,20 to 24,Major,NULL,NULL,1,0,0,0,0,1,0,0,0,0,0,0,0,2,154,Clear,"Dark, artificial",-79.5002,43.6206
8001122394,14417,Passenger,20 to 24,None,NULL,NULL,1,0,1,0,0,0,0,1,0,1,0,0,0,15,1535,Clear,Daylight,-79.2056,43.7639
8001122394,14418,Pedestrian,60 to 64,Major,NULL,NULL,1,0,1,0,0,0,0,1,0,1,0,0,0,15,1535,Clear,Daylight,-79.2056,43.7639
8001122394,14419,Driver,20 to 24,None,"Automobile, Station Wagon",Going Ahead,1,0,1,0,0,0,0,1,0,1,0,0,0,15,1535,Clear,Daylight,-79.2056,43.7639
8001122394,14420,Driver,65 to 69,None,"Automobile, Station Wagon",Going Ahead,1,0,1,0,0,0,0,1,0,1,0,0,0,15,1535,Clear,Daylight,-79.2056,43.7639
8001178233,14445,Driver,35 to 39,Major,"Automobile, Station Wagon",Turning Left,0,1,1,0,0,0,0,0,0,0,0,0,0,20,2020,Clear,Daylight,-79.341,43.6796
8001178233,14446,Cyclist,35 to 39,Major,Bicycle,Going Ahead,0,1,1,0,0,0,0,0,0,0,0,0,0,20,2020,Clear,Daylight,-79.341,43.6796
8001340896,14788,Motorcycle Driver,20 to 24,Major,Motorcycle,Going Ahead,0,0,0,1,0,0,0,0,0,0,0,0,0,20,2046,Clear,"Dark, artificial",-79.2221,43.7784
8001386062,14798,Motorcycle Driver,45 to 49,Fatal,Motorcycle,Going Ahead,0,0,0,1,0,0,0,0,0,0,0,0,0,10,1029,Clear,Daylight,-79.52,43.6338
8001429448,14819,Motorcycle Driver,20 to 24,Major,Motorcycle,Turning Right,0,0,0,1,0,0,0,0,0,0,0,0,0,14,1425,Clear,Daylight,-79.2314,43.8153
8001440552,14823,Driver,65 to 69,None,"Automobile, Station Wagon",Going Ahead,1,0,1,0,0,0,0,0,0,0,0,0,0,9,914,Clear,Daylight,-79.2547,43.7061
8001440552,14824,Wheelchair,80 to 84,Fatal,NULL,NULL,1,0,1,0,0,0,0,0,0,0,0,0,0,9,914,Clear,Daylight,-79.2547,43.7061
8001547856,14053,Driver,15 to 19,Major,"Automobile, Station Wagon",Going Ahead,0,0,1,0,0,0,0,0,1,1,0,0,0,23,2311,Rain,"Dark, artificial",-79.5002,43.72
8001565696,14063,Driver,55 to 59,None,"Automobile, Station Wagon",Going Ahead,1,0,1,0,0,0,0,0,0,0,0,0,0,15,1520,Clear,Daylight,-79.1922,43.7646
8001565696,14064,Pedestrian,20 to 24,Major,NULL,NULL,1,0,1,0,0,0,0,0,0,0,0,0,0,15,1520,Clear,Daylight,-79.1922,43.7646
8001610788,14084,Driver,70 to 74,Major,Delivery Van,Going Ahead,0,0,1,0,0,0,0,0,0,0,0,0,1,9,852,Clear,Daylight,-79.3069,43.6746
8001610788,14085,Driver,45 to 49,None,"Automobile, Station Wagon",Going Ahead,0,0,1,0,0,0,0,0,0,0,0,0,1,9,852,Clear,Daylight,-79.3069,43.6746
8001632520,14099,Motorcycle Driver,45 to 49,Major,Motorcycle,Going Ahead,0,0,0,1,0,0,0,0,0,0,0,0,0,19,1902,Clear,Daylight,-79.1913,43.8038
8001644533,14102,Driver,40 to 44,None,Pick Up Truck,Turning Right,1,0,1,0,0,0,0,0,0,1,0,0,0,15,1500,Clear,Daylight,-79.4616,43.6687
8001644533,14103,Pedestrian,80 to 84,Major,NULL,NULL,1,0,1,0,0,0,0,0,0,1,0,0,0,15,1500,Clear,Daylight,-79.4616,43.6687
8001650518,14359,Motorcycle Driver,30 to 34,Major,Motorcycle,Going Ahead,0,0,1,1,0,0,0,0,0,1,0,0,0,12,1225,Clear,Daylight,-79.4402,43.6683
8001650518,14135,Driver,20 to 24,None,"Automobile, Station Wagon",Turning Left,0,0,1,1,0,0,0,0,0,1,0,0,0,12,1225,Clear,Daylight,-79.4402,43.6683
8001677447,14670,Driver,40 to 44,None,"Automobile, Station Wagon",Turning Left,1,0,1,0,0,0,0,0,0,1,0,0,0,15,1455,Rain,Daylight,-79.5088,43.6249
8001677447,14671,Pedestrian,80 to 84,Major,NULL,NULL,1,0,1,0,0,0,0,0,0,1,0,0,0,15,1455,Rain,Daylight,-79.5088,43.6249
8001711357,14698,Driver,35 to 39,None,"Automobile, Station Wagon",Turning Left,1,0,1,0,0,0,0,0,0,0,0,0,0,14,1400,Clear,Daylight,-79.4408,43.6783
8001711357,14699,Pedestrian,65 to 69,Major,NULL,NULL,1,0,1,0,0,0,0,0,0,0,0,0,0,14,1400,Clear,Daylight,-79.4408,43.6783
8001716162,14707,Driver,50 to 54,None,"Automobile, Station Wagon",Going Ahead,0,0,1,0,0,0,0,1,0,1,1,0,0,9,936,Clear,Daylight,-79.4078,43.7833
8001716162,14708,Driver,55 to 59,None,"Automobile, Station Wagon",Going Ahead,0,0,1,0,0,0,0,1,0,1,1,0,0,9,936,Clear,Daylight,-79.4078,43.7833
8001716162,14709,Passenger,50 to 54,Major,NULL,NULL,0,0,1,0,0,0,0,1,0,1,1,0,0,9,936,Clear,Daylight,-79.4078,43.7833
8001716162,14710,Passenger,10 to 14,Minimal,NULL,NULL,0,0,1,0,0,0,0,1,0,1,1,0,0,9,936,Clear,Daylight,-79.4078,43.7833
8001722145,14713,Truck Driver,55 to 59,None,Truck-Tractor,Turning Right,0,1,0,0,1,0,0,0,0,0,0,0,0,10,1001,Clear,Daylight,-79.4944,43.7815
8001722145,14714,Cyclist,15 to 19,Major,Bicycle,Going Ahead,0,1,0,0,1,0,0,0,0,0,0,0,0,10,1001,Clear,Daylight,-79.4944,43.7815
8001768874,14742,Driver,30 to 34,Major,Pick Up Truck,Other,0,0,1,0,0,0,0,0,0,0,0,0,0,11,1143,Clear,Daylight,-79.3393,43.6799
8001768874,14743,Driver,45 to 49,None,"Automobile, Station Wagon",Going Ahead,0,0,1,0,0,0,0,0,0,0,0,0,0,11,1143,Clear,Daylight,-79.3393,43.6799
8001842377,15589,Driver,30 to 34,None,Pick Up Truck,Going Ahead,0,0,1,0,0,0,0,1,1,1,0,0,0,15,1515,Clear,Daylight,-79.3202,43.6753
8001842377,15590,Passenger,25 to 29,Major,NULL,NULL,0,0,1,0,0,0,0,1,1,1,0,0,0,15,1515,Clear,Daylight,-79.3202,43.6753
8001932871,15632,Driver,65 to 69,None,"Automobile, Station Wagon",Going Ahead,1,0,1,0,0,0,0,1,0,0,0,0,0,18,1844,Clear,"Dark, artificial",-79.4332,43.6376
8001932871,15633,Pedestrian,45 to 49,Major,NULL,NULL,1,0,1,0,0,0,0,1,0,0,0,0,0,18,1844,Clear,"Dark, artificial",-79.4332,43.6376
8001932871,15634,Passenger,55 to 59,None,NULL,NULL,1,0,1,0,0,0,0,1,0,0,0,0,0,18,1844,Clear,"Dark, artificial",-79.4332,43.6376
8001933015,15635,Driver,30 to 34,None,"Automobile, Station Wagon",Going Ahead,1,0,1,0,0,0,0,0,0,0,0,0,0,19,1904,Clear,"Dark, artificial",-79.271,43.7678
8001933015,15636,Pedestrian,15 to 19,Major,NULL,NULL,1,0,1,0,0,0,0,0,0,0,0,0,0,19,1904,Clear,"Dark, artificial",-79.271,43.7678
8001951781,15642,Truck Driver,60 to 64,None,"Truck - Closed (Blazer, etc)",Turning Right,1,0,0,0,1,0,0,0,0,1,0,0,0,18,1840,Clear,"Dark, artificial",-79.4858,43.6655
8001951781,15643,Pedestrian,75 to 79,Major,NULL,NULL,1,0,0,0,1,0,0,0,0,1,0,0,0,18,1840,Clear,"Dark, artificial",-79.4858,43.6655
8001972979,15653,Driver,50 to 54,None,"Automobile, Station Wagon",Turning Left,0,0,1,1,0,0,0,1,0,1,0,0,0,22,2209,Clear,"Dark, artificial",-79.547,43.6059
8001972979,15654,Motorcycle Driver,50 to 54,Major,Motorcycle,Going Ahead,0,0,1,1,0,0,0,1,0,1,0,0,0,22,2209,Clear,"Dark, artificial",-79.547,43.6059
8001972979,15655,Motorcycle Passenger,10 to 14,Minor,NULL,NULL,0,0,1,1,0,0,0,1,0,1,0,0,0,22,2209,Clear,"Dark, artificial",-79.547,43.6059
8001975971,15656,Driver,unknown,None,"Automobile, Station Wagon",Reversing,0,0,1,0,0,0,0,0,0,0,0,0,0,12,1157,Clear,Daylight,-79.3588,43.6761
8001975971,15657,Driver,65 to 69,Major,"Automobile, Station Wagon",Stopped,0,0,1,0,0,0,0,0,0,0,0,0,0,12,1157,Clear,Daylight,-79.3588,43.6761
8002016979,15131,Driver,45 to 49,None,Taxi,Going Ahead,0,0,1,0,0,1,0,1,0,0,0,0,0,17,1712,Rain,Dark,-79.4158,43.7229
8002016979,15139,Driver,unknown,None,"Automobile, Station Wagon",Going Ahead,0,0,1,0,0,1,0,1,0,0,0,0,0,17,1712,Rain,Dark,-79.4158,43.7229
8002016979,15148,Driver,unknown,None,Municipal Transit Bus (TTC),Stopped,0,0,1,0,0,1,0,1,0,0,0,0,0,17,1712,Rain,Dark,-79.4158,43.7229
8002016979,15247,Passenger,55 to 59,Fatal,"Automobile, Station Wagon",NULL,0,0,1,0,0,1,0,1,0,0,0,0,0,17,1712,Rain,Dark,-79.4158,43.7229
8002097783,15778,Driver,20 to 24,Minimal,"Automobile, Station Wagon",Turning Left,1,0,1,0,0,0,0,0,0,1,1,0,0,8,827,Clear,Daylight,-79.4916,43.7656
8002097783,15779,Driver,30 to 34,None,Pick Up Truck,Going Ahead,1,0,1,0,0,0,0,0,0,1,1,0,0,8,827,Clear,Daylight,-79.4916,43.7656
7001667796,13856,Motorcycle Driver,15 to 19,Major,Motorcycle,Turning Right,0,0,1,1,0,0,0,0,0,0,0,0,0,16,1601,Clear,Daylight,-79.3363,43.7143
7001696237,13863,Cyclist,15 to 19,Major,Bicycle,Going Ahead,0,1,1,0,0,0,0,0,0,0,0,0,0,20,2019,Clear,"Dark, artificial",-79.4291,43.6313
7001696237,13864,Driver,60 to 64,None,"Automobile, Station Wagon",Going Ahead,0,1,1,0,0,0,0,0,0,0,0,0,0,20,2019,Clear,"Dark, artificial",-79.4291,43.6313
7001781629,13908,Cyclist,20 to 24,Major,Bicycle,Overtaking,0,1,0,0,1,0,0,1,0,0,0,0,0,18,1815,Clear,Daylight,-79.4038,43.6665
7001781629,13909,Truck Driver,25 to 29,None,Truck - Open,Turning Right,0,1,0,0,1,0,0,1,0,0,0,0,0,18,1815,Clear,Daylight,-79.4038,43.6665
7001781629,13910,Passenger,20 to 24,None,NULL,NULL,0,1,0,0,1,0,0,1,0,0,0,0,0,18,1815,Clear,Daylight,-79.4038,43.6665
7001781629,13911,Passenger,20 to 24,None,NULL,NULL,0,1,0,0,1,0,0,1,0,0,0,0,0,18,1815,Clear,Daylight,-79.4038,43.6665
7001786322,13914,Driver,35 to 39,Major,"Automobile, Station Wagon",Going Ahead,0,0,1,0,0,0,0,0,0,1,0,0,0,13,1327,Clear,Daylight,-79.2092,43.8461
7001786322,13915,Driver,25 to 29,Minimal,"Automobile, Station Wagon",Turning Left,0,0,1,0,0,0,0,0,0,1,0,0,0,13,1327,Clear,Daylight,-79.2092,43.8461
7001831033,14932,Motorcycle Driver,35 to 39,Major,Motorcycle,Going Ahead,0,0,0,1,0,0,0,0,0,0,0,0,0,15,1545,Clear,Daylight,-79.4521,43.7351
7001838870,14935,Driver,20 to 24,None,"Automobile, Station Wagon",Going Ahead,1,0,1,0,0,0,0,0,0,0,0,0,0,21,2100,Clear,"Dark, artificial",-79.275,43.825
7001838870,14936,Pedestrian,65 to 69,Major,NULL,NULL,1,0,1,0,0,0,0,0,0,0,0,0,0,21,2100,Clear,"Dark, artificial",-79.275,43.825
7001875614,14944,Passenger,45 to 49,Major,NULL,NULL,0,0,1,0,0,0,0,1,0,1,1,0,0,18,1800,Clear,"Dark, artificial",-79.233,43.7581
7001875614,14945,Passenger,15 to 19,None,NULL,NULL,0,0,1,0,0,0,0,1,0,1,1,0,0,18,1800,Clear,"Dark, artificial",-79.233,43.7581
7001875614,14946,Driver,50 to 54,Minor,"Automobile, Station Wagon",Turning Left,0,0,1,0,0,0,0,1,0,1,1,0,0,18,1800,Clear,"Dark, artificial",-79.233,43.7581
7001875614,14947,Driver,45 to 49,Minor,"Automobile, Station Wagon",Going Ahead,0,0,1,0,0,0,0,1,0,1,1,0,0,18,1800,Clear,"Dark, artificial",-79.233,43.7581
7001916414,14968,Driver,25 to 29,Major,"Automobile, Station Wagon",Going Ahead,0,0,1,0,0,0,0,0,0,1,0,0,0,4,427,Clear,"Dark, artificial",-79.4097,43.706
7001917146,14969,Pedestrian,60 to 64,Major,NULL,NULL,1,0,1,0,0,0,0,0,1,1,0,0,0,8,833,Clear,Daylight,-79.3101,43.7589
7001917146,14970,Driver,70 to 74,None,"Automobile, Station Wagon",Turning Left,1,0,1,0,0,0,0,0,1,1,0,0,0,8,833,Clear,Daylight,-79.3101,43.7589
7001917146,14971,Driver,25 to 29,None,"Automobile, Station Wagon",Going Ahead,1,0,1,0,0,0,0,0,1,1,0,0,0,8,833,Clear,Daylight,-79.3101,43.7589
7001917146,14972,Driver,20 to 24,None,"Automobile, Station Wagon",Turning Left,1,0,1,0,0,0,0,0,1,1,0,0,0,8,833,Clear,Daylight,-79.3101,43.7589
7001980351,14982,Pedestrian,45 to 49,Major,NULL,NULL,1,0,1,0,0,0,0,0,0,0,0,0,0,19,1903,Clear,"Daylight, artificial",-79.4818,43.7259
7001980351,14983,Driver,30 to 34,None,Pick Up Truck,Going Ahead,1,0,1,0,0,0,0,0,0,0,0,0,0,19,1903,Clear,"Daylight, artificial",-79.4818,43.7259
7001983803,14986,Pedestrian,60 to 64,Major,NULL,NULL,1,0,0,0,1,0,0,0,0,0,0,0,0,10,1047,Clear,Daylight,-79.4295,43.6446
7001983803,14987,Truck Driver,55 to 59,None,Truck - Car Carrier,Going Ahead,1,0,0,0,1,0,0,0,0,0,0,0,0,10,1047,Clear,Daylight,-79.4295,43.6446
7002025580,14112,Driver,55 to 59,None,"Automobile, Station Wagon",Turning Left,0,0,1,0,0,0,0,0,0,1,0,0,0,20,2009,Clear,"Dark, artificial",-79.4944,43.7815
7002025580,14121,Driver,20 to 24,Major,"Automobile, Station Wagon",Going Ahead,0,0,1,0,0,0,0,0,0,1,0,0,0,20,2009,Clear,"Dark, artificial",-79.4944,43.7815
7003071478,14189,Cyclist,35 to 39,None,Bicycle,Changing Lanes,0,1,1,0,0,0,0,0,0,0,0,0,0,24,2351,Clear,"Dark, artificial",-79.5535,43.6292
7003071478,14190,Driver,55 to 59,Major,"Automobile, Station Wagon",Going Ahead,0,1,1,0,0,0,0,0,0,0,0,0,0,24,2351,Clear,"Dark, artificial",-79.5535,43.6292
7003088501,14201,Driver,50 to 54,None,"Automobile, Station Wagon",Turning Left,1,0,1,0,0,0,0,0,0,1,0,0,0,14,1431,Clear,Daylight,-79.5179,43.6006
7003088501,14202,Pedestrian,30 to 34,Major,NULL,NULL,1,0,1,0,0,0,0,0,0,1,0,0,0,14,1431,Clear,Daylight,-79.5179,43.6006
7003133766,14212,Driver,35 to 39,None,"Automobile, Station Wagon",Going Ahead,0,0,1,0,0,0,0,1,0,1,0,0,0,6,557,Rain,"Dark, artificial",-79.4325,43.6524
7003133766,14211,Passenger,55 to 59,Major,NULL,NULL,0,0,1,0,0,0,0,1,0,1,0,0,0,6,557,Rain,"Dark, artificial",-79.4325,43.6524
7003133766,14213,Driver,20 to 24,None,"Automobile, Station Wagon",Going Ahead,0,0,1,0,0,0,0,1,0,1,0,0,0,6,557,Rain,"Dark, artificial",-79.4325,43.6524
7003224827,14243,Pedestrian,70 to 74,Major,NULL,NULL,1,0,0,0,1,0,0,0,0,1,0,0,0,6,603,Clear,Dark,-79.3165,43.6662
7003224827,14244,Truck Driver,30 to 34,None,"Truck - Closed (Blazer, etc)",Turning Left,1,0,0,0,1,0,0,0,0,1,0,0,0,6,603,Clear,Dark,-79.3165,43.6662
7003241293,14250,Pedestrian,40 to 44,Fatal,NULL,NULL,1,0,1,0,0,0,0,0,1,1,1,1,0,15,1528,Other,Daylight,-79.2708,43.6876
7003241293,14259,Driver,25 to 29,None,Passenger Van,Going Ahead,1,0,1,0,0,0,0,0,1,1,1,1,0,15,1528,Other,Daylight,-79.2708,43.6876
8000041197,14597,Driver,60 to 64,None,"Automobile, Station Wagon",Going Ahead,1,0,1,0,0,0,0,0,0,0,0,0,0,22,2151,Other,Dark,-79.2451,43.8379
8000041197,14598,Pedestrian,20 to 24,Fatal,NULL,NULL,1,0,1,0,0,0,0,0,0,0,0,0,0,22,2151,Other,Dark,-79.2451,43.8379
8000053420,14599,Driver,45 to 49,None,Delivery Van,Going Ahead,1,0,1,0,0,0,0,0,0,0,0,0,0,18,1817,Clear,Dark,-79.275,43.7304
8000053420,14600,Pedestrian,70 to 74,Fatal,NULL,NULL,1,0,1,0,0,0,0,0,0,0,0,0,0,18,1817,Clear,Dark,-79.275,43.7304
8000091274,14617,Pedestrian,45 to 49,Major,NULL,NULL,1,0,1,0,0,0,0,0,0,1,0,0,0,16,1623,Snow,Daylight,-79.3776,43.6484
8000091274,14618,Driver,45 to 49,None,Delivery Van,Going Ahead,1,0,1,0,0,0,0,0,0,1,0,0,0,16,1623,Snow,Daylight,-79.3776,43.6484
8000212340,14648,Pedestrian,60 to 64,Major,NULL,NULL,1,0,1,0,0,0,0,0,0,0,0,0,0,4,403,Clear,"Dark, artificial",-79.3679,43.6642
8000212340,14649,Driver,unknown,None,Delivery Van,Going Ahead,1,0,1,0,0,0,0,0,0,0,0,0,0,4,403,Clear,"Dark, artificial",-79.3679,43.6642
8000214982,14650,Other,unknown,None,NULL,Parked,0,1,0,0,0,0,0,0,0,0,0,0,0,15,1525,Clear,"Daylight, artificial",-79.4773,43.6887
8000214982,14651,Cyclist,15 to 19,Major,Bicycle,Going Ahead,0,1,0,0,0,0,0,0,0,0,0,0,0,15,1525,Clear,"Daylight, artificial",-79.4773,43.6887
8000231465,14652,Driver,35 to 39,Minor,"Automobile, Station Wagon",Going Ahead,0,0,1,0,0,0,0,0,1,1,0,0,0,9,913,Clear,Daylight,-79.4688,43.7485
8000231465,14653,Driver,35 to 39,Major,"Automobile, Station Wagon",Going Ahead,0,0,1,0,0,0,0,0,1,1,0,0,0,9,913,Clear,Daylight,-79.4688,43.7485
8000379612,14525,Passenger,0 to 4,None,NULL,NULL,1,0,1,0,0,0,0,1,0,0,0,0,0,21,2117,Clear,"Dusk, artificial",-79.6178,43.7349
8000379612,14526,Passenger,20 to 24,None,NULL,NULL,1,0,1,0,0,0,0,1,0,0,0,0,0,21,2117,Clear,"Dusk, artificial",-79.6178,43.7349
8000379612,14527,Pedestrian,20 to 24,Major,NULL,NULL,1,0,1,0,0,0,0,1,0,0,0,0,0,21,2117,Clear,"Dusk, artificial",-79.6178,43.7349
8000379612,14528,Driver,60 to 64,None,"Automobile, Station Wagon",Going Ahead,1,0,1,0,0,0,0,1,0,0,0,0,0,21,2117,Clear,"Dusk, artificial",-79.6178,43.7349
8000460505,14248,Driver,30 to 34,None,"Automobile, Station Wagon",Going Ahead,1,0,1,0,0,0,0,0,0,0,0,0,0,11,1130,Clear,Daylight,-79.3961,43.6532
8000460505,14151,Pedestrian,70 to 74,Major,NULL,NULL,1,0,1,0,0,0,0,0,0,0,0,0,0,11,1130,Clear,Daylight,-79.3961,43.6532
8000569238,14860,Pedestrian,35 to 39,Major,NULL,NULL,1,0,1,0,0,0,0,0,0,1,0,0,0,22,2226,Rain,"Daylight, artificial",-79.347,43.775
8000569238,14861,Driver,45 to 49,None,"Automobile, Station Wagon",Turning Right,1,0,1,0,0,0,0,0,0,1,0,0,0,22,2226,Rain,"Daylight, artificial",-79.347,43.775
8000710389,14885,Passenger,50 to 54,None,NULL,NULL,0,0,1,0,0,0,0,1,1,1,0,0,0,0,1,Clear,Dark,-79.164,43.7851
8000710389,14886,Passenger,60 to 64,Minimal,NULL,NULL,0,0,1,0,0,0,0,1,1,1,0,0,0,0,1,Clear,Dark,-79.164,43.7851
8000710389,14887,Passenger,60 to 64,None,NULL,NULL,0,0,1,0,0,0,0,1,1,1,0,0,0,0,1,Clear,Dark,-79.164,43.7851
8000710389,14888,Passenger,70 to 74,Major,NULL,NULL,0,0,1,0,0,0,0,1,1,1,0,0,0,0,1,Clear,Dark,-79.164,43.7851
8000710389,14889,Driver,70 to 74,None,"Automobile, Station Wagon",Going Ahead,0,0,1,0,0,0,0,1,1,1,0,0,0,0,1,Clear,Dark,-79.164,43.7851
8000710389,14890,Driver,20 to 24,Minimal,"Automobile, Station Wagon",Going Ahead,0,0,1,0,0,0,0,1,1,1,0,0,0,0,1,Clear,Dark,-79.164,43.7851
8000781512,14144,Motorcycle Driver,50 to 54,None,Motorcycle,Going Ahead,0,0,0,1,0,0,0,0,1,1,0,0,0,19,1905,Clear,Daylight,-79.2618,43.6977
8000781512,14150,Motorcycle Driver,25 to 29,Major,Motorcycle,Going Ahead,0,0,0,1,0,0,0,0,1,1,0,0,0,19,1905,Clear,Daylight,-79.2618,43.6977
8000880741,14301,Truck Driver,25 to 29,None,"Truck - Closed (Blazer, etc)",Turning Right,0,1,0,0,1,0,0,0,0,1,0,0,0,8,800,Clear,Daylight,-79.3342,43.666
8000880741,14302,Cyclist,50 to 54,Fatal,Bicycle,Going Ahead,0,1,0,0,1,0,0,0,0,1,0,0,0,8,800,Clear,Daylight,-79.3342,43.666
8000911603,14308,Pedestrian,80 to 84,Minimal,NULL,NULL,1,0,1,0,0,0,0,0,0,1,0,0,0,21,2117,Clear,"Dusk, artificial",-79.3221,43.818
8000911603,14309,Pedestrian,75 to 79,Major,NULL,NULL,1,0,1,0,0,0,0,0,0,1,0,0,0,21,2117,Clear,"Dusk, artificial",-79.3221,43.818
8000911603,14310,Driver,50 to 54,None,"Automobile, Station Wagon",Turning Left,1,0,1,0,0,0,0,0,0,1,0,0,0,21,2117,Clear,"Dusk, artificial",-79.3221,43.818
8000922403,14327,Passenger,65 to 69,None,NULL,NULL,0,1,1,0,0,0,0,1,0,0,0,0,0,16,1552,Clear,Daylight,-79.4531,43.6587
8000922403,14328,Driver,60 to 64,None,"Automobile, Station Wagon",Going Ahead,0,1,1,0,0,0,0,1,0,0,0,0,0,16,1552,Clear,Daylight,-79.4531,43.6587
8000922403,14329,Cyclist,50 to 54,Major,Bicycle,Turning Left,0,1,1,0,0,0,0,1,0,0,0,0,0,16,1552,Clear,Daylight,-79.4531,43.6587
8000956490,14333,Driver,50 to 54,None,"Automobile, Station Wagon",Turning Left,0,0,1,1,0,0,0,0,0,1,0,0,0,17,1700,Clear,Daylight,-79.3856,43.6674
8000956490,14334,Motorcycle Driver,30 to 34,Major,Motorcycle,Going Ahead,0,0,1,1,0,0,0,0,0,1,0,0,0,17,1700,Clear,Daylight,-79.3856,43.6674
8000970456,14339,Driver,35 to 39,None,"Automobile, Station Wagon",Turning Right,0,1,1,0,0,0,0,0,0,1,0,0,0,17,1700,Clear,Daylight,-79.3654,43.645
8000970456,14340,Cyclist,25 to 29,Major,Bicycle,Going Ahead,0,1,1,0,0,0,0,0,0,1,0,0,0,17,1700,Clear,Daylight,-79.3654,43.645
8001034649,14360,Cyclist,55 to 59,Major,Bicycle,Going Ahead,0,1,1,0,0,0,0,0,0,0,0,0,0,21,2128,Clear,"Dark, artificial",-79.4587,43.6747
8001034649,14263,Driver,50 to 54,Minor,Pick Up Truck,Turning Left,0,1,1,0,0,0,0,0,0,0,0,0,0,21,2128,Clear,"Dark, artificial",-79.4587,43.6747
7000795019,13367,Driver,70 to 74,Fatal,NULL,NULL,0,0,1,0,0,0,0,1,0,0,0,0,0,24,2359,Clear,"Dark, artificial",-79.2116,43.8166
7000831003,13386,Driver,unknown,None,"Automobile, Station Wagon",Overtaking,0,1,1,0,0,0,0,0,0,1,0,0,0,16,1550,Clear,Daylight,-79.3482,43.6781
7000831003,13387,Cyclist,20 to 24,Major,Bicycle,Going Ahead,0,1,1,0,0,0,0,0,0,1,0,0,0,16,1550,Clear,Daylight,-79.3482,43.6781
7000960688,13240,Driver,80 to 84,Minor,"Automobile, Station Wagon",Going Ahead,1,0,1,0,0,0,0,0,0,1,0,0,0,9,900,Clear,Daylight,-79.2417,43.7743
7000960688,13248,Pedestrian,20 to 24,Major,NULL,NULL,1,0,1,0,0,0,0,0,0,1,0,0,0,9,900,Clear,Daylight,-79.2417,43.7743
7000960688,13232,Driver,50 to 54,Minor,"Automobile, Station Wagon",Turning Left,1,0,1,0,0,0,0,0,0,1,0,0,0,9,900,Clear,Daylight,-79.2417,43.7743