ACCNUM,ObjectId,INVTYPE,INVAGE,INJURY,VEHTYPE,MANOEUVER,PEDESTRIAN,CYCLIST,AUTOMOBILE,MOTORCYCLE,TRUCK,TRSN_CITY_VEH,EMERG_VEH,PASSENGER,SPEEDING,AG_DRIV,REDLIGHT,ALCOHOL,DISABILITY,HOUR,TIME,VISIBILITY,LIGHT,collision_lat,collision_long
7000970282,13255,Driver,55 to 59,None,"Automobile, Station Wagon",Going Ahead,1,0,1,0,0,0,0,0,0,0,0,0,0,15,1504,Clear,Daylight,-79.3551,43.6647
7000970282,13256,Pedestrian,60 to 64,Major,NULL,NULL,1,0,1,0,0,0,0,0,0,0,0,0,0,15,1504,Clear,Daylight,-79.3551,43.6647
7000981173,13259,Pedestrian,20 to 24,Major,NULL,NULL,1,0,1,0,0,0,0,0,0,1,0,0,0,2,156,Clear,"Dark, artificial",-79.455,43.6945
7000981173,13260,Driver,35 to 39,Minimal,Pick Up Truck,Going Ahead,1,0,1,0,0,0,0,0,0,1,0,0,0,2,156,Clear,"Dark, artificial",-79.455,43.6945
7000998235,13265,Driver,30 to 34,None,"Automobile, Station Wagon",Going Ahead,0,0,1,1,0,0,0,1,0,1,0,0,0,17,1732,Clear,Daylight,-79.565,43.7081
7000998235,13266,Motorcycle Driver,60 to 64,Major,Motorcycle,Going Ahead,0,0,1,1,0,0,0,1,0,1,0,0,0,17,1732,Clear,Daylight,-79.565,43.7081
7000998235,13267,Passenger,55 to 59,None,NULL,NULL,0,0,1,1,0,0,0,1,0,1,0,0,0,17,1732,Clear,Daylight,-79.565,43.7081
7001007889,13273,Driver,55 to 59,None,"Automobile, Station Wagon",Turning Left,0,1,1,0,0,0,0,0,0,1,0,0,0,7,715,Clear,Daylight,-79.3851,43.6553
7001007889,13274,Cyclist,25 to 29,Major,Bicycle,Going Ahead,0,1,1,0,0,0,0,0,0,1,0,0,0,7,715,Clear,Daylight,-79.3851,43.6553
7001036218,13284,Driver,45 to 49,Major,"Automobile, Station Wagon",Going Ahead,0,0,1,0,0,0,0,0,1,1,0,0,0,6,635,Clear,"Dark, artificial",-79.5445,43.7536
7001076312,13318,Driver,70 to 74,None,"Automobile, Station Wagon",Going Ahead,1,0,1,0,0,0,0,0,0,0,0,0,0,21,2101,Rain,"Dark, artificial",-79.5981,43.75
7001076312,13319,Pedestrian,10 to 14,Major,NULL,NULL,1,0,1,0,0,0,0,0,0,0,0,0,0,21,2101,Rain,"Dark, artificial",-79.5981,43.75
7001269132,13950,Pedestrian,unknown,Major,NULL,NULL,1,0,1,0,0,0,0,1,0,1,0,0,0,13,1335,Clear,Daylight,-79.2166,43.8104
7001269132,13951,Passenger,30 to 34,None,NULL,NULL,1,0,1,0,0,0,0,1,0,1,0,0,0,13,1335,Clear,Daylight,-79.2166,43.8104
7001269132,13948,Driver,35 to 39,None,"Automobile, Station Wagon",Turning Left,1,0,1,0,0,0,0,1,0,1,0,0,0,13,1335,Clear,Daylight,-79.2166,43.8104
7001269132,13949,Driver,30 to 34,Minimal,"Automobile, Station Wagon",Going Ahead,1,0,1,0,0,0,0,1,0,1,0,0,0,13,1335,Clear,Daylight,-79.2166,43.8104
7001274774,13952,Motorcycle Driver,35 to 39,Major,Motorcycle,Going Ahead,0,0,0,1,0,0,0,0,1,1,0,0,0,10,1045,Clear,Daylight,-79.5885,43.7025
7001297222,13969,Driver,35 to 39,None,Municipal Transit Bus (TTC),Pulling Away from Shoulder or Curb,0,0,0,0,0,1,0,1,0,0,0,0,0,17,1659,Clear,Daylight,-79.281,43.7657
7001297222,13968,Passenger,55 to 59,Major,NULL,NULL,0,0,0,0,0,1,0,1,0,0,0,0,0,17,1659,Clear,Daylight,-79.281,43.7657
7001340005,13981,Motorcycle Driver,50 to 54,Major,Motorcycle,Going Ahead,0,0,1,1,0,0,0,0,0,1,0,0,0,7,746,Clear,Daylight,-79.3142,43.7414
7001340005,13982,Driver,20 to 24,None,"Automobile, Station Wagon",Slowing or Stopping,0,0,1,1,0,0,0,0,0,1,0,0,0,7,746,Clear,Daylight,-79.3142,43.7414
7001386186,13356,Driver,55 to 59,Major,"Automobile, Station Wagon",Turning Left,0,0,1,0,0,0,0,0,0,1,0,0,0,1,123,Clear,"Dark, artificial",-79.2682,43.7875
7001386186,13345,Driver,20 to 24,None,"Automobile, Station Wagon",Going Ahead,0,0,1,0,0,0,0,0,0,1,0,0,0,1,123,Clear,"Dark, artificial",-79.2682,43.7875
7001424903,13763,Driver,50 to 54,None,Pick Up Truck,Turning Left,1,0,1,0,0,0,0,0,0,1,0,0,0,8,801,Clear,Daylight,-79.2942,43.8017
7001424903,13766,Pedestrian,75 to 79,Major,NULL,NULL,1,0,1,0,0,0,0,0,0,1,0,0,0,8,801,Clear,Daylight,-79.2942,43.8017
7001432218,13768,Driver,25 to 29,Major,"Automobile, Station Wagon",Going Ahead,0,0,1,0,0,0,0,0,0,1,0,0,0,9,923,Clear,Daylight,-79.3546,43.6606
7001432218,13769,Driver,30 to 34,None,"Automobile, Station Wagon",Going Ahead,0,0,1,0,0,0,0,0,0,1,0,0,0,9,923,Clear,Daylight,-79.3546,43.6606
7001432218,13770,Truck Driver,25 to 29,Minor,Tow Truck,Stopped,0,0,1,0,0,0,0,0,0,1,0,0,0,9,923,Clear,Daylight,-79.3546,43.6606
7001442419,13771,Driver,50 to 54,Fatal,"Automobile, Station Wagon",Going Ahead,0,0,1,0,0,1,0,0,0,0,0,0,0,18,1810,Clear,Daylight,-79.1948,43.803
7001442419,13772,Driver,45 to 49,None,Municipal Transit Bus (TTC),Stopped,0,0,1,0,0,1,0,0,0,0,0,0,0,18,1810,Clear,Daylight,-79.1948,43.803
7001494097,13805,Driver,65 to 69,None,"Automobile, Station Wagon",Going Ahead,1,0,1,0,0,0,0,0,0,0,0,0,0,16,1622,Clear,Daylight,-79.258,43.7344
7001494097,13806,Pedestrian,25 to 29,Major,NULL,NULL,1,0,1,0,0,0,0,0,0,0,0,0,0,16,1622,Clear,Daylight,-79.258,43.7344
7001526213,13820,Driver,35 to 39,Major,"Automobile, Station Wagon",Going Ahead,0,0,1,0,0,0,0,0,0,1,0,0,0,15,1525,Clear,Daylight,-79.2268,43.8422
7001526213,13821,Driver,40 to 44,None,"Automobile, Station Wagon",Slowing or Stopping,0,0,1,0,0,0,0,0,0,1,0,0,0,15,1525,Clear,Daylight,-79.2268,43.8422
7001553608,13830,Pedestrian,25 to 29,Major,NULL,NULL,1,0,1,0,0,0,0,0,0,0,0,0,0,11,1105,Clear,Daylight,-79.4675,43.7156
7001553608,13831,Driver,unknown,None,"Automobile, Station Wagon",Going Ahead,1,0,1,0,0,0,0,0,0,0,0,0,0,11,1105,Clear,Daylight,-79.4675,43.7156
7001555657,13836,Passenger,35 to 39,Major,NULL,NULL,0,0,1,0,0,0,0,1,0,1,0,0,0,9,935,Clear,Daylight,-79.4369,43.7556
7001555657,13837,Passenger,10 to 14,None,NULL,NULL,0,0,1,0,0,0,0,1,0,1,0,0,0,9,935,Clear,Daylight,-79.4369,43.7556
7001555657,13838,Driver,70 to 74,Minimal,"Automobile, Station Wagon",Going Ahead,0,0,1,0,0,0,0,1,0,1,0,0,0,9,935,Clear,Daylight,-79.4369,43.7556
7001555657,13839,Driver,45 to 49,None,Pick Up Truck,Going Ahead,0,0,1,0,0,0,0,1,0,1,0,0,0,9,935,Clear,Daylight,-79.4369,43.7556
7001559045,13338,Motorcycle Driver,30 to 34,Major,Motorcycle,Going Ahead,0,0,1,1,0,0,0,0,0,0,0,0,0,18,1845,Clear,Daylight,-79.4242,43.6584
7001559045,13347,Driver,25 to 29,None,"Automobile, Station Wagon",Making U Turn,0,0,1,1,0,0,0,0,0,0,0,0,0,18,1845,Clear,Daylight,-79.4242,43.6584
7001757365,13890,Driver,35 to 39,None,"Automobile, Station Wagon",Going Ahead,1,0,1,0,0,0,0,0,1,1,0,0,0,21,2125,Clear,Dark,-79.3012,43.7634
7001757365,13887,Driver,unknown,None,"Automobile, Station Wagon",Unknown,1,0,1,0,0,0,0,0,1,1,0,0,0,21,2125,Clear,Dark,-79.3012,43.7634
7001757365,13888,Pedestrian,30 to 34,Fatal,NULL,NULL,1,0,1,0,0,0,0,0,1,1,0,0,0,21,2125,Clear,Dark,-79.3012,43.7634
7001757365,13889,Pedestrian,5 to 9,Fatal,NULL,NULL,1,0,1,0,0,0,0,0,1,1,0,0,0,21,2125,Clear,Dark,-79.3012,43.7634
7001764156,13895,Pedestrian,70 to 74,Fatal,NULL,NULL,1,0,1,0,0,0,0,0,0,0,0,0,0,21,2135,Clear,"Dark, artificial",-79.2749,43.8295
7001764156,13896,Driver,30 to 34,None,"Automobile, Station Wagon",Going Ahead,1,0,1,0,0,0,0,0,0,0,0,0,0,21,2135,Clear,"Dark, artificial",-79.2749,43.8295
7001799357,14473,Driver,35 to 39,None,"Automobile, Station Wagon",Going Ahead,0,1,1,0,0,0,0,0,0,0,0,0,0,11,1147,Clear,Daylight,-79.4038,43.6665
7001799357,14369,Cyclist,25 to 29,None,Bicycle,Overtaking,0,1,1,0,0,0,0,0,0,0,0,0,0,11,1147,Clear,Daylight,-79.4038,43.6665
7001799357,14562,Cyclist,50 to 54,Major,Bicycle,Going Ahead,0,1,1,0,0,0,0,0,0,0,0,0,0,11,1147,Clear,Daylight,-79.4038,43.6665
7001906466,14957,Passenger,70 to 74,Minimal,NULL,NULL,0,0,1,1,0,0,0,1,0,1,0,0,0,13,1310,Clear,Daylight,-79.5381,43.5933
7001906466,14958,Motorcycle Driver,25 to 29,Major,Motorcycle,Going Ahead,0,0,1,1,0,0,0,1,0,1,0,0,0,13,1310,Clear,Daylight,-79.5381,43.5933
7001906466,14959,Driver,70 to 74,Minimal,"Automobile, Station Wagon",Turning Left,0,0,1,1,0,0,0,1,0,1,0,0,0,13,1310,Clear,Daylight,-79.5381,43.5933
7001914819,14966,Pedestrian,25 to 29,Major,NULL,NULL,1,0,0,0,0,1,0,0,0,0,0,0,0,20,2007,Clear,"Dark, artificial",-79.4081,43.6427
7001914819,14967,Driver,55 to 59,None,Street Car,Going Ahead,1,0,0,0,0,1,0,0,0,0,0,0,0,20,2007,Clear,"Dark, artificial",-79.4081,43.6427
7001964937,14977,Driver,55 to 59,None,"Automobile, Station Wagon",Turning Left,1,0,1,0,0,0,0,0,0,1,0,0,0,14,1423,Clear,Daylight,-79.2799,43.7626
7001964937,14978,Pedestrian,55 to 59,Major,NULL,NULL,1,0,1,0,0,0,0,0,0,1,0,0,0,14,1423,Clear,Daylight,-79.2799,43.7626
7001989464,14992,Pedestrian,60 to 64,Major,NULL,NULL,1,0,1,0,0,0,0,0,0,1,0,0,0,6,649,Rain,"Dark, artificial",-79.47,43.7872
7001989464,14993,Driver,35 to 39,None,Pick Up Truck,Turning Right,1,0,1,0,0,0,0,0,0,1,0,0,0,6,649,Rain,"Dark, artificial",-79.47,43.7872
7003025582,14171,Other,5 to 9,Minor,NULL,NULL,0,0,1,0,0,0,0,0,0,1,1,0,0,1,145,Rain,"Dark, artificial",-79.2346,43.7838
7003025582,14172,Other,0 to 4,Major,NULL,NULL,0,0,1,0,0,0,0,0,0,1,1,0,0,1,145,Rain,"Dark, artificial",-79.2346,43.7838
7003025582,14168,Driver,30 to 34,Minor,"Automobile, Station Wagon",Going Ahead,0,0,1,0,0,0,0,0,0,1,1,0,0,1,145,Rain,"Dark, artificial",-79.2346,43.7838
7003025582,14169,Driver,30 to 34,Minimal,"Automobile, Station Wagon",Turning Left,0,0,1,0,0,0,0,0,0,1,1,0,0,1,145,Rain,"Dark, artificial",-79.2346,43.7838
7003025582,14170,Driver,35 to 39,None,"Automobile, Station Wagon",Turning Left,0,0,1,0,0,0,0,0,0,1,1,0,0,1,145,Rain,"Dark, artificial",-79.2346,43.7838
7003103184,14203,Cyclist,60 to 64,Major,Bicycle,Going Ahead,0,1,1,0,0,0,0,0,0,0,0,0,0,17,1709,Rain,Dusk,-79.3233,43.8115
7003103184,14204,Driver,60 to 64,None,"Automobile, Station Wagon",Turning Left,0,1,1,0,0,0,0,0,0,0,0,0,0,17,1709,Rain,Dusk,-79.3233,43.8115
7003173302,14226,Pedestrian,70 to 74,Major,NULL,NULL,1,0,1,0,0,0,0,0,0,0,0,0,0,9,854,Clear,Daylight,-79.5297,43.6475
7003173302,14227,Driver,35 to 39,None,"Automobile, Station Wagon",Turning Left,1,0,1,0,0,0,0,0,0,0,0,0,0,9,854,Clear,Daylight,-79.5297,43.6475
7003203834,14236,Pedestrian,55 to 59,Major,NULL,NULL,1,0,1,0,0,0,0,0,0,0,0,0,0,20,2005,Clear,"Dark, artificial",-79.384,43.6491
7003203834,14237,Driver,40 to 44,None,"Automobile, Station Wagon",Turning Left,1,0,1,0,0,0,0,0,0,0,0,0,0,20,2005,Clear,"Dark, artificial",-79.384,43.6491
7003228725,14245,Passenger,0 to 4,Minimal,NULL,NULL,0,0,1,0,0,0,0,1,0,1,1,0,0,17,1651,Clear,"Dark, artificial",-79.5781,43.7074
7003228725,14116,Driver,40 to 44,None,"Automobile, Station Wagon",Going Ahead,0,0,1,0,0,0,0,1,0,1,1,0,0,17,1651,Clear,"Dark, artificial",-79.5781,43.7074
7003228725,14003,Driver,30 to 34,Major,"Automobile, Station Wagon",Going Ahead,0,0,1,0,0,0,0,1,0,1,1,0,0,17,1651,Clear,"Dark, artificial",-79.5781,43.7074
8000000539,14572,Driver,35 to 39,Fatal,"Automobile, Station Wagon",Going Ahead,0,0,1,0,0,0,0,0,1,1,0,0,0,1,125,Clear,"Dark, artificial",-79.3619,43.692
8000139002,14631,Pedestrian,30 to 34,Major,NULL,NULL,1,0,1,0,0,0,0,0,0,0,0,0,0,23,2316,Rain,"Dark, artificial",-79.3974,43.6529
7001798069,14358,Cyclist,30 to 34,Major,Bicycle,Going Ahead,0,1,1,0,0,0,0,0,0,1,0,0,0,8,830,Clear,Daylight,-79.2644,43.724
7001798069,14137,Driver,80 to 84,None,"Automobile, Station Wagon",Turning Left,0,1,1,0,0,0,0,0,0,1,0,0,0,8,830,Clear,Daylight,-79.2644,43.724
7001909817,14962,Pedestrian,35 to 39,Major,NULL,NULL,1,0,1,0,0,0,0,0,0,0,0,0,0,0,14,Clear,"Dusk, artificial",-79.2297,43.7711
7001909817,14963,Driver,35 to 39,None,"Automobile, Station Wagon",Going Ahead,1,0,1,0,0,0,0,0,0,0,0,0,0,0,14,Clear,"Dusk, artificial",-79.2297,43.7711
7001941212,14973,Driver,65 to 69,None,"Automobile, Station Wagon",Going Ahead,1,0,1,0,0,0,0,0,0,1,0,0,0,19,1904,Clear,"Dark, artificial",-79.4199,43.7806
7001941212,14974,Pedestrian,65 to 69,Major,NULL,NULL,1,0,1,0,0,0,0,0,0,1,0,0,0,19,1904,Clear,"Dark, artificial",-79.4199,43.7806
7001991111,14996,Pedestrian,30 to 34,Major,NULL,NULL,1,0,1,0,0,0,0,0,0,0,0,0,0,12,1202,Clear,Daylight,-79.2729,43.7728
7001991111,14997,Driver,55 to 59,None,"Automobile, Station Wagon",Going Ahead,1,0,1,0,0,0,0,0,0,0,0,0,0,12,1202,Clear,Daylight,-79.2729,43.7728
7003055739,14180,Pedestrian,50 to 54,Major,NULL,NULL,1,0,1,0,0,0,0,0,0,0,0,0,0,16,1630,Clear,Dusk,-79.2421,43.7866
7003055739,14181,Driver,55 to 59,None,"Automobile, Station Wagon",Going Ahead,1,0,1,0,0,0,0,0,0,0,0,0,0,16,1630,Clear,Dusk,-79.2421,43.7866
7003122371,14209,Pedestrian,75 to 79,Fatal,NULL,NULL,1,0,1,0,0,0,0,0,0,0,0,0,0,13,1253,Clear,Daylight,-79.3898,43.6799
7003122371,14210,Driver,45 to 49,None,"Automobile, Station Wagon",Reversing,1,0,1,0,0,0,0,0,0,0,0,0,0,13,1253,Clear,Daylight,-79.3898,43.6799
7003137830,14220,Driver,35 to 39,None,"Automobile, Station Wagon",Turning Left,0,0,1,1,0,0,0,0,0,0,0,0,0,16,1646,Clear,"Dark, artificial",-79.2989,43.7825
7003137830,14221,Motorcycle Driver,50 to 54,Major,Motorcycle,Going Ahead,0,0,1,1,0,0,0,0,0,0,0,0,0,16,1646,Clear,"Dark, artificial",-79.2989,43.7825
8000010377,14582,Driver,30 to 34,None,Passenger Van,Going Ahead,0,0,1,0,0,0,0,1,0,0,0,0,0,19,1900,Clear,"Dark, artificial",-79.3621,43.7909
8000010377,14583,Driver,50 to 54,Minor,"Automobile, Station Wagon",Going Ahead,0,0,1,0,0,0,0,1,0,0,0,0,0,19,1900,Clear,"Dark, artificial",-79.3621,43.7909
8000010377,14584,Driver,45 to 49,None,Passenger Van,Going Ahead,0,0,1,0,0,0,0,1,0,0,0,0,0,19,1900,Clear,"Dark, artificial",-79.3621,43.7909
8000010377,14585,Passenger,50 to 54,Major,NULL,NULL,0,0,1,0,0,0,0,1,0,0,0,0,0,19,1900,Clear,"Dark, artificial",-79.3621,43.7909
8000010377,14586,Passenger,45 to 49,None,NULL,NULL,0,0,1,0,0,0,0,1,0,0,0,0,0,19,1900,Clear,"Dark, artificial",-79.3621,43.7909
8000010377,14587,Passenger,15 to 19,None,NULL,NULL,0,0,1,0,0,0,0,1,0,0,0,0,0,19,1900,Clear,"Dark, artificial",-79.3621,43.7909
8000040229,14595,Driver,25 to 29,None,"Automobile, Station Wagon",Going Ahead,0,0,1,0,0,0,0,0,0,1,0,1,0,18,1816,Other,Daylight,-79.5297,43.6816
8000040229,14596,Driver,85 to 89,Fatal,"Automobile, Station Wagon",Going Ahead,0,0,1,0,0,0,0,0,0,1,0,1,0,18,1816,Other,Daylight,-79.5297,43.6816
8000066808,14603,Pedestrian,60 to 64,Major,NULL,NULL,1,0,0,0,0,1,0,0,0,0,0,0,0,17,1727,Rain,"Dark, artificial",-79.3983,43.7066
8000066808,14604,Driver,45 to 49,None,Municipal Transit Bus (TTC),Going Ahead,1,0,0,0,0,1,0,0,0,0,0,0,0,17,1727,Rain,"Dark, artificial",-79.3983,43.7066
8000090859,14614,NULL,unknown,None,"Automobile, Station Wagon",Going Ahead,1,0,1,0,0,0,0,0,0,0,0,0,0,15,1520,Snow,Daylight,-79.4882,43.7279
8000090859,14615,Pedestrian,40 to 44,Minimal,NULL,NULL,1,0,1,0,0,0,0,0,0,0,0,0,0,15,1520,Snow,Daylight,-79.4882,43.7279
8000090859,14616,Pedestrian,5 to 9,Fatal,NULL,NULL,1,0,1,0,0,0,0,0,0,0,0,0,0,15,1520,Snow,Daylight,-79.4882,43.7279
8000165108,14639,Driver,35 to 39,Major,"Automobile, Station Wagon",Going Ahead,0,0,1,0,0,0,0,1,1,1,0,1,0,21,2055,Clear,"Dark, artificial",-79.2257,43.8046
8000165108,14640,Driver,35 to 39,Minor,"Automobile, Station Wagon",Going Ahead,0,0,1,0,0,0,0,1,1,1,0,1,0,21,2055,Clear,"Dark, artificial",-79.2257,43.8046
8000165108,14641,Passenger,55 to 59,Minimal,NULL,NULL,0,0,1,0,0,0,0,1,1,1,0,1,0,21,2055,Clear,"Dark, artificial",-79.2257,43.8046
8000275432,14477,Driver,50 to 54,None,"Automobile, Station Wagon",Making U Turn,0,0,1,0,0,0,0,0,1,1,0,0,0,2,247,Clear,"Dark, artificial",-79.4306,43.6476
8000275432,14478,Driver,20 to 24,Major,"Automobile, Station Wagon",Going Ahead,0,0,1,0,0,0,0,0,1,1,0,0,0,2,247,Clear,"Dark, artificial",-79.4306,43.6476
8000275432,14479,Other,unknown,None,NULL,Parked,0,0,1,0,0,0,0,0,1,1,0,0,0,2,247,Clear,"Dark, artificial",-79.4306,43.6476
8000311536,14489,Driver,35 to 39,None,"Automobile, Station Wagon",Turning Right,0,0,1,0,0,0,0,1,0,1,1,0,0,14,1442,Clear,Daylight,-79.5354,43.7117
8000311536,14490,Driver,20 to 24,Minor,"Automobile, Station Wagon",Going Ahead,0,0,1,0,0,0,0,1,0,1,1,0,0,14,1442,Clear,Daylight,-79.5354,43.7117
8000311536,14491,Driver,35 to 39,Major,"Automobile, Station Wagon",Changing Lanes,0,0,1,0,0,0,0,1,0,1,1,0,0,14,1442,Clear,Daylight,-79.5354,43.7117
8000311536,14492,Driver,85 to 89,None,"Automobile, Station Wagon",Slowing or Stopping,0,0,1,0,0,0,0,1,0,1,1,0,0,14,1442,Clear,Daylight,-79.5354,43.7117
8000311536,14493,Passenger,80 to 84,None,NULL,NULL,0,0,1,0,0,0,0,1,0,1,1,0,0,14,1442,Clear,Daylight,-79.5354,43.7117
8000332004,14504,Pedestrian,40 to 44,Fatal,NULL,NULL,1,0,0,0,1,0,0,0,0,0,0,0,0,18,1838,Clear,"Dark, artificial",-79.2827,43.7733
8000332004,14505,Truck Driver,30 to 34,None,Truck-Tractor,Going Ahead,1,0,0,0,1,0,0,0,0,0,0,0,0,18,1838,Clear,"Dark, artificial",-79.2827,43.7733
8000340465,14509,Passenger,20 to 24,Major,NULL,NULL,0,0,1,0,0,0,0,1,0,0,0,1,0,1,118,Clear,"Dark, artificial",-79.2318,43.7838
8000340465,14510,Passenger,20 to 24,Major,NULL,NULL,0,0,1,0,0,0,0,1,0,0,0,1,0,1,118,Clear,"Dark, artificial",-79.2318,43.7838
8000340465,14511,Driver,25 to 29,Minor,"Automobile, Station Wagon",Going Ahead,0,0,1,0,0,0,0,1,0,0,0,1,0,1,118,Clear,"Dark, artificial",-79.2318,43.7838
8000341044,14512,Driver,50 to 54,None,"Automobile, Station Wagon",Turning Left,1,0,1,0,0,0,0,0,0,0,0,0,0,6,612,Clear,Dark,-79.5114,43.6838
8000341044,14513,Pedestrian,50 to 54,Major,NULL,NULL,1,0,1,0,0,0,0,0,0,0,0,0,0,6,612,Clear,Dark,-79.5114,43.6838
8000407023,14544,Pedestrian,75 to 79,Major,NULL,NULL,1,0,1,0,0,0,0,1,0,0,0,0,0,8,820,Clear,Daylight,-79.4517,43.7006
8000407023,14545,Passenger,50 to 54,None,NULL,NULL,1,0,1,0,0,0,0,1,0,0,0,0,0,8,820,Clear,Daylight,-79.4517,43.7006
8000407023,14546,Passenger,20 to 24,None,NULL,NULL,1,0,1,0,0,0,0,1,0,0,0,0,0,8,820,Clear,Daylight,-79.4517,43.7006
8000407023,14547,Driver,50 to 54,None,"Automobile, Station Wagon",Slowing or Stopping,1,0,1,0,0,0,0,1,0,0,0,0,0,8,820,Clear,Daylight,-79.4517,43.7006
8000432892,14002,Pedestrian,20 to 24,Major,NULL,NULL,1,0,1,0,0,0,0,0,0,1,0,0,0,22,2240,Clear,"Dark, artificial",-79.5021,43.7796
8000432892,14113,Driver,20 to 24,None,"Automobile, Station Wagon",Going Ahead,1,0,1,0,0,0,0,0,0,1,0,0,0,22,2240,Clear,"Dark, artificial",-79.5021,43.7796
8000477164,14256,Pedestrian,20 to 24,Major,NULL,NULL,1,0,1,0,0,0,0,0,0,0,0,0,0,22,2150,Clear,"Dark, artificial",-79.4327,43.6696
8000477164,14262,Driver,50 to 54,None,"Automobile, Station Wagon",Going Ahead,1,0,1,0,0,0,0,0,0,0,0,0,0,22,2150,Clear,"Dark, artificial",-79.4327,43.6696
8000560882,14855,Driver,15 to 19,None,"Automobile, Station Wagon",Making U Turn,0,0,1,1,0,0,0,0,1,1,0,0,0,17,1749,Clear,Daylight,-79.3836,43.6843
8000560882,14856,Motorcycle Driver,35 to 39,Fatal,Motorcycle,Going Ahead,0,0,1,1,0,0,0,0,1,1,0,0,0,17,1749,Clear,Daylight,-79.3836,43.6843
8000655701,14875,Pedestrian,10 to 14,Minor,NULL,NULL,1,0,1,0,0,0,0,0,0,1,1,0,0,14,1425,Clear,Daylight,-79.4543,43.7715
8000655701,14876,Driver,35 to 39,None,"Automobile, Station Wagon",Turning Left,1,0,1,0,0,0,0,0,0,1,1,0,0,14,1425,Clear,Daylight,-79.4543,43.7715
8000655701,14877,Driver,80 to 84,Major,"Automobile, Station Wagon",Going Ahead,1,0,1,0,0,0,0,0,0,1,1,0,0,14,1425,Clear,Daylight,-79.4543,43.7715
8000810853,14270,Pedestrian,80 to 84,Major,NULL,NULL,1,0,1,0,0,0,0,0,0,0,0,0,0,18,1803,Clear,Daylight,-79.4778,43.7078
8000810853,14271,Driver,40 to 44,None,"Automobile, Station Wagon",Going Ahead,1,0,1,0,0,0,0,0,0,0,0,0,0,18,1803,Clear,Daylight,-79.4778,43.7078
8000812418,14272,Passenger,5 to 9,Major,NULL,NULL,0,0,1,0,0,0,0,1,0,1,0,0,0,22,2215,Clear,"Dark, artificial",-79.2317,43.7763
8000812418,14273,Passenger,0 to 4,Major,NULL,NULL,0,0,1,0,0,0,0,1,0,1,0,0,0,22,2215,Clear,"Dark, artificial",-79.2317,43.7763
8000812418,14274,Passenger,0 to 4,None,NULL,NULL,0,0,1,0,0,0,0,1,0,1,0,0,0,22,2215,Clear,"Dark, artificial",-79.2317,43.7763
8000812418,14275,Passenger,30 to 34,None,NULL,NULL,0,0,1,0,0,0,0,1,0,1,0,0,0,22,2215,Clear,"Dark, artificial",-79.2317,43.7763
8000812418,14276,Passenger,55 to 59,None,NULL,NULL,0,0,1,0,0,0,0,1,0,1,0,0,0,22,2215,Clear,"Dark, artificial",-79.2317,43.7763
8000812418,14277,Passenger,60 to 64,None,NULL,NULL,0,0,1,0,0,0,0,1,0,1,0,0,0,22,2215,Clear,"Dark, artificial",-79.2317,43.7763
8000812418,14278,Driver,40 to 44,None,"Automobile, Station Wagon",Going Ahead,0,0,1,0,0,0,0,1,0,1,0,0,0,22,2215,Clear,"Dark, artificial",-79.2317,43.7763
8000812418,14279,Driver,80 to 84,Minor,"Automobile, Station Wagon",Turning Left,0,0,1,0,0,0,0,1,0,1,0,0,0,22,2215,Clear,"Dark, artificial",-79.2317,43.7763
8000874551,14292,Driver,85 to 89,None,"Automobile, Station Wagon",Turning Right,1,0,1,0,0,0,0,0,0,1,0,0,0,9,935,NULL,Daylight,-79.4021,43.725
8000874551,14293,Pedestrian,70 to 74,Fatal,NULL,NULL,1,0,1,0,0,0,0,0,0,1,0,0,0,9,935,NULL,Daylight,-79.4021,43.725
8000957140,14335,Driver,20 to 24,None,"Automobile, Station Wagon",Going Ahead,1,0,1,0,0,0,0,0,0,1,0,0,0,19,1907,Clear,Daylight,-79.2299,43.8348
8000957140,14336,Pedestrian,65 to 69,Major,NULL,NULL,1,0,1,0,0,0,0,0,0,1,0,0,0,19,1907,Clear,Daylight,-79.2299,43.8348
8000967424,14337,Passenger,80 to 84,Fatal,NULL,NULL,0,0,0,0,0,1,0,1,0,0,0,0,0,9,934,Clear,Daylight,-79.307,43.8235
8000967424,14338,Driver,45 to 49,None,Municipal Transit Bus (TTC),Slowing or Stopping,0,0,0,0,0,1,0,1,0,0,0,0,0,9,934,Clear,Daylight,-79.307,43.8235
8001058392,14362,Driver,25 to 29,None,Pick Up Truck,Unknown,1,0,1,0,0,0,0,0,1,1,1,0,0,15,1500,Clear,Daylight,-79.452,43.7022
8001058392,14367,Pedestrian,50 to 54,Fatal,NULL,NULL,1,0,1,0,0,0,0,0,1,1,1,0,0,15,1500,Clear,Daylight,-79.452,43.7022
8001067265,14380,Driver,70 to 74,Major,"Automobile, Station Wagon",Going Ahead,1,0,1,0,0,0,0,0,0,0,0,0,0,19,1945,Clear,Daylight,-79.1955,43.7662