ACCNUM,ObjectId,INVTYPE,INVAGE,INJURY,VEHTYPE,MANOEUVER,PEDESTRIAN,CYCLIST,AUTOMOBILE,MOTORCYCLE,TRUCK,TRSN_CITY_VEH,EMERG_VEH,PASSENGER,SPEEDING,AG_DRIV,REDLIGHT,ALCOHOL,DISABILITY,HOUR,TIME,VISIBILITY,LIGHT,collision_lat,collision_long
8001067265,14381,Pedestrian,30 to 34,Minor,NULL,NULL,1,0,1,0,0,0,0,0,0,0,0,0,0,19,1945,Clear,Daylight,-79.1955,43.7662
8001081100,14390,Motorcycle Driver,25 to 29,Major,Motorcycle,Going Ahead,0,0,1,1,0,0,0,0,0,1,1,0,0,16,1645,Clear,Daylight,-79.4987,43.6844
8001081100,14391,Driver,50 to 54,None,"Automobile, Station Wagon",Turning Left,0,0,1,1,0,0,0,0,0,1,1,0,0,16,1645,Clear,Daylight,-79.4987,43.6844
8001095116,14394,Cyclist,20 to 24,Major,Bicycle,Going Ahead,0,1,1,0,0,0,0,0,0,0,0,0,0,16,1550,Clear,Daylight,-79.3617,43.706
8001095116,14395,Driver,20 to 24,None,"Automobile, Station Wagon",Going Ahead,0,1,1,0,0,0,0,0,0,0,0,0,0,16,1550,Clear,Daylight,-79.3617,43.706
8001140010,14433,Driver,unknown,None,"Automobile, Station Wagon",Going Ahead,1,0,1,0,0,0,0,0,1,1,0,0,0,2,205,Rain,"Dark, artificial",-79.5078,43.7592
8001140010,14434,Pedestrian,20 to 24,Major,NULL,NULL,1,0,1,0,0,0,0,0,1,1,0,0,0,2,205,Rain,"Dark, artificial",-79.5078,43.7592
7003112978,14208,Pedestrian,65 to 69,Fatal,NULL,NULL,1,0,1,0,0,0,0,0,0,0,0,0,0,23,2330,Clear,Dark,-79.2866,43.7518
8000000595,14579,Driver,20 to 24,Major,"Automobile, Station Wagon",Going Ahead,0,0,1,0,0,0,0,1,1,1,1,0,0,1,137,Clear,"Dark, artificial",-79.2163,43.795
8000000595,14573,Passenger,20 to 24,Major,NULL,NULL,0,0,1,0,0,0,0,1,1,1,1,0,0,1,137,Clear,"Dark, artificial",-79.2163,43.795
8000000595,14574,Passenger,75 to 79,Minimal,NULL,NULL,0,0,1,0,0,0,0,1,1,1,1,0,0,1,137,Clear,"Dark, artificial",-79.2163,43.795
8000000595,14575,Passenger,75 to 79,Minimal,NULL,NULL,0,0,1,0,0,0,0,1,1,1,1,0,0,1,137,Clear,"Dark, artificial",-79.2163,43.795
8000000595,14576,Passenger,75 to 79,Minimal,NULL,NULL,0,0,1,0,0,0,0,1,1,1,1,0,0,1,137,Clear,"Dark, artificial",-79.2163,43.795
8000000595,14577,Passenger,30 to 34,Major,NULL,NULL,0,0,1,0,0,0,0,1,1,1,1,0,0,1,137,Clear,"Dark, artificial",-79.2163,43.795
8000000595,14578,Driver,75 to 79,Minimal,"Automobile, Station Wagon",Going Ahead,0,0,1,0,0,0,0,1,1,1,1,0,0,1,137,Clear,"Dark, artificial",-79.2163,43.795
8000026643,14588,Driver,50 to 54,None,Delivery Van,Turning Left,1,0,1,0,0,0,0,0,0,1,0,0,0,11,1145,Other,Daylight,-79.382,43.6495
8000026643,14589,Pedestrian,85 to 89,Fatal,NULL,NULL,1,0,1,0,0,0,0,0,0,1,0,0,0,11,1145,Other,Daylight,-79.382,43.6495
8000074113,14607,Passenger,50 to 54,Minor,NULL,NULL,0,0,1,0,0,0,0,1,0,0,0,0,0,19,1901,Freezing Rain,"Dark, artificial",-79.2514,43.772
8000074113,14608,Passenger,15 to 19,Minor,NULL,NULL,0,0,1,0,0,0,0,1,0,0,0,0,0,19,1901,Freezing Rain,"Dark, artificial",-79.2514,43.772
8000074113,14609,Driver,40 to 44,Major,Passenger Van,Going Ahead,0,0,1,0,0,0,0,1,0,0,0,0,0,19,1901,Freezing Rain,"Dark, artificial",-79.2514,43.772
8000083490,14610,Driver,25 to 29,None,"Automobile, Station Wagon",Going Ahead,0,0,1,0,0,0,0,1,0,1,0,0,0,11,1059,Clear,Daylight,-79.4875,43.6295
8000083490,14611,Driver,unknown,Major,"Automobile, Station Wagon",Going Ahead,0,0,1,0,0,0,0,1,0,1,0,0,0,11,1059,Clear,Daylight,-79.4875,43.6295
8000083490,14612,Passenger,35 to 39,None,NULL,NULL,0,0,1,0,0,0,0,1,0,1,0,0,0,11,1059,Clear,Daylight,-79.4875,43.6295
8000083490,14613,Passenger,5 to 9,Minimal,NULL,NULL,0,0,1,0,0,0,0,1,0,1,0,0,0,11,1059,Clear,Daylight,-79.4875,43.6295
8000147254,14633,Pedestrian,25 to 29,Major,NULL,NULL,1,0,1,0,0,0,0,0,0,0,0,0,0,7,725,Clear,Daylight,-79.4099,43.6459
8000147254,14634,Driver,45 to 49,None,"Automobile, Station Wagon",Going Ahead,1,0,1,0,0,0,0,0,0,0,0,0,0,7,725,Clear,Daylight,-79.4099,43.6459
8000243481,14142,Driver,40 to 44,None,"Automobile, Station Wagon",Going Ahead,1,0,1,0,0,0,0,1,0,1,1,0,0,3,313,Clear,"Dark, artificial",-79.3963,43.6486
8000243481,14128,Passenger,35 to 39,None,NULL,NULL,1,0,1,0,0,0,0,1,0,1,1,0,0,3,313,Clear,"Dark, artificial",-79.3963,43.6486
8000243481,14132,Passenger,25 to 29,None,NULL,NULL,1,0,1,0,0,0,0,1,0,1,1,0,0,3,313,Clear,"Dark, artificial",-79.3963,43.6486
8000243481,14118,Pedestrian,20 to 24,Major,NULL,NULL,1,0,1,0,0,0,0,1,0,1,1,0,0,3,313,Clear,"Dark, artificial",-79.3963,43.6486
8000243481,14004,Pedestrian,15 to 19,Minor,NULL,NULL,1,0,1,0,0,0,0,1,0,1,1,0,0,3,313,Clear,"Dark, artificial",-79.3963,43.6486
8000264811,14363,Driver,55 to 59,None,Municipal Transit Bus (TTC),Slowing or Stopping,0,0,0,0,0,1,0,1,0,0,0,0,0,12,1225,Rain,Daylight,-79.5047,43.7065
8000264811,14368,Passenger,55 to 59,Major,NULL,NULL,0,0,0,0,0,1,0,1,0,0,0,0,0,12,1225,Rain,Daylight,-79.5047,43.7065
8000370625,14520,Pedestrian,10 to 14,Fatal,NULL,NULL,1,0,1,0,0,0,0,0,0,0,0,0,0,15,1530,Clear,Daylight,-79.3068,43.8185
8000370625,14521,Driver,75 to 79,None,Passenger Van,Going Ahead,1,0,1,0,0,0,0,0,0,0,0,0,0,15,1530,Clear,Daylight,-79.3068,43.8185
8000370625,14522,Driver,75 to 79,None,Passenger Van,Going Ahead,1,0,1,0,0,0,0,0,0,0,0,0,0,15,1530,Clear,Daylight,-79.3068,43.8185
8000395977,14538,Driver,15 to 19,Major,"Automobile, Station Wagon",Making U Turn,0,0,1,0,1,0,0,1,0,0,0,0,0,11,1111,Clear,Daylight,-79.3822,43.6466
8000395977,14539,Truck Driver,35 to 39,None,"Truck - Closed (Blazer, etc)",Going Ahead,0,0,1,0,1,0,0,1,0,0,0,0,0,11,1111,Clear,Daylight,-79.3822,43.6466
8000395977,14540,Passenger,20 to 24,None,NULL,NULL,0,0,1,0,1,0,0,1,0,0,0,0,0,11,1111,Clear,Daylight,-79.3822,43.6466
8000589211,14862,Pedestrian,50 to 54,Major,NULL,NULL,1,0,1,0,0,0,0,0,0,0,0,0,0,13,1310,Clear,Daylight,-79.417,43.7986
8000589211,14863,Driver,50 to 54,None,"Automobile, Station Wagon",Going Ahead,1,0,1,0,0,0,0,0,0,0,0,0,0,13,1310,Clear,Daylight,-79.417,43.7986
8000716427,14891,Driver,25 to 29,Fatal,"Automobile, Station Wagon",Going Ahead,0,0,1,0,0,0,0,0,1,1,0,0,0,23,2341,Clear,"Dark, artificial",-79.2135,43.8141
8000722475,14894,Driver,15 to 19,Minor,"Automobile, Station Wagon",Going Ahead,0,0,1,0,0,0,0,0,1,1,1,0,0,0,20,Clear,"Dark, artificial",-79.5362,43.7532
8000722475,14895,Driver,55 to 59,None,"Automobile, Station Wagon",NULL,0,0,1,0,0,0,0,0,1,1,1,0,0,0,20,Clear,"Dark, artificial",-79.5362,43.7532
8000722475,14896,Driver,40 to 44,Fatal,"Automobile, Station Wagon",Going Ahead,0,0,1,0,0,0,0,0,1,1,1,0,0,0,20,Clear,"Dark, artificial",-79.5362,43.7532
8000725279,14899,Driver,35 to 39,None,"Automobile, Station Wagon",Turning Left,1,0,1,0,0,0,0,0,0,1,0,0,0,12,1220,Clear,Daylight,-79.3863,43.6623
8000725279,14900,Pedestrian,85 to 89,Major,NULL,NULL,1,0,1,0,0,0,0,0,0,1,0,0,0,12,1220,Clear,Daylight,-79.3863,43.6623
8000738388,14905,Pedestrian,75 to 79,Major,NULL,NULL,1,0,1,0,0,0,0,0,0,1,0,0,0,11,1100,Rain,Daylight,-79.4374,43.7514
8000738388,14906,Driver,unknown,None,Delivery Van,Turning Right,1,0,1,0,0,0,0,0,0,1,0,0,0,11,1100,Rain,Daylight,-79.4374,43.7514
8000757049,14123,Pedestrian,60 to 64,Major,NULL,NULL,1,0,1,0,0,0,0,1,0,0,0,0,0,23,2300,Rain,"Dark, artificial",-79.5406,43.7714
8000757049,14136,Driver,35 to 39,None,"Automobile, Station Wagon",Going Ahead,1,0,1,0,0,0,0,1,0,0,0,0,0,23,2300,Rain,"Dark, artificial",-79.5406,43.7714
8000757049,14114,Passenger,10 to 14,None,NULL,NULL,1,0,1,0,0,0,0,1,0,0,0,0,0,23,2300,Rain,"Dark, artificial",-79.5406,43.7714
8000757049,14107,Passenger,10 to 14,None,NULL,NULL,1,0,1,0,0,0,0,1,0,0,0,0,0,23,2300,Rain,"Dark, artificial",-79.5406,43.7714
8000847454,14290,Passenger,25 to 29,Minor,NULL,NULL,0,0,1,0,0,0,0,1,1,1,0,0,0,2,209,Clear,Dark,-79.5901,43.7601
8000847454,14291,Driver,35 to 39,Major,"Automobile, Station Wagon",Going Ahead,0,0,1,0,0,0,0,1,1,1,0,0,0,2,209,Clear,Dark,-79.5901,43.7601
8000879182,14296,Driver,20 to 24,None,"Automobile, Station Wagon",Changing Lanes,0,0,1,0,0,0,0,1,1,1,0,1,0,22,2237,NULL,Dark,-79.5128,43.599
8000879182,14298,Other,unknown,None,School Bus,Parked,0,0,1,0,0,0,0,1,1,1,0,1,0,22,2237,NULL,Dark,-79.5128,43.599
8000879182,14297,Passenger,25 to 29,Fatal,NULL,NULL,0,0,1,0,0,0,0,1,1,1,0,1,0,22,2237,NULL,Dark,-79.5128,43.599
8000909501,14307,Driver,40 to 44,Major,"Automobile, Station Wagon",Going Ahead,0,0,1,0,0,0,0,0,1,1,0,0,0,14,1434,Clear,Daylight,-79.2359,43.8116
8001058650,14374,Driver,80 to 84,None,"Automobile, Station Wagon",Turning Left,1,0,1,0,0,0,0,0,0,0,0,0,0,15,1537,Clear,Daylight,-79.4558,43.6812
8001058650,14375,Pedestrian,85 to 89,Major,NULL,NULL,1,0,1,0,0,0,0,0,0,0,0,0,0,15,1537,Clear,Daylight,-79.4558,43.6812
8001118177,14413,Driver,20 to 24,None,"Automobile, Station Wagon",Going Ahead,1,0,1,0,0,0,0,1,0,1,0,0,0,0,12,Clear,"Dark, artificial",-79.6069,43.7429
8001118177,14414,Passenger,25 to 29,None,NULL,NULL,1,0,1,0,0,0,0,1,0,1,0,0,0,0,12,Clear,"Dark, artificial",-79.6069,43.7429
8001118177,14415,Passenger,25 to 29,None,NULL,NULL,1,0,1,0,0,0,0,1,0,1,0,0,0,0,12,Clear,"Dark, artificial",-79.6069,43.7429
8001118177,14416,Pedestrian,30 to 34,Major,NULL,NULL,1,0,1,0,0,0,0,1,0,1,0,0,0,0,12,Clear,"Dark, artificial",-79.6069,43.7429
8001149979,14437,Driver,25 to 29,None,Delivery Van,Turning Left,1,0,1,0,0,0,0,0,0,1,0,0,0,17,1740,Clear,"Daylight, artificial",-79.3773,43.6477
8001149979,14438,Driver,30 to 34,None,"Automobile, Station Wagon",Stopped,1,0,1,0,0,0,0,0,0,1,0,0,0,17,1740,Clear,"Daylight, artificial",-79.3773,43.6477
8001149979,14439,Pedestrian,60 to 64,Major,NULL,NULL,1,0,1,0,0,0,0,0,0,1,0,0,0,17,1740,Clear,"Daylight, artificial",-79.3773,43.6477
8001252382,14656,Pedestrian,25 to 29,Minor,NULL,NULL,1,0,1,0,0,0,0,1,1,1,0,0,0,21,2148,Clear,"Dark, artificial",-79.4045,43.6731
8001252382,14661,Passenger,20 to 24,Major,NULL,NULL,1,0,1,0,0,0,0,1,1,1,0,0,0,21,2148,Clear,"Dark, artificial",-79.4045,43.6731
8001252382,14564,Driver,unknown,None,"Automobile, Station Wagon",Going Ahead,1,0,1,0,0,0,0,1,1,1,0,0,0,21,2148,Clear,"Dark, artificial",-79.4045,43.6731
8001252382,14570,Driver,20 to 24,None,"Automobile, Station Wagon",Reversing,1,0,1,0,0,0,0,1,1,1,0,0,0,21,2148,Clear,"Dark, artificial",-79.4045,43.6731
8001367293,14794,Driver,45 to 49,None,"Automobile, Station Wagon",Turning Left,0,1,1,0,0,0,0,0,0,1,0,0,0,15,1515,Rain,"Daylight, artificial",-79.4295,43.6713
8001367293,14795,Cyclist,40 to 44,Major,Bicycle,Going Ahead,0,1,1,0,0,0,0,0,0,1,0,0,0,15,1515,Rain,"Daylight, artificial",-79.4295,43.6713
8001423637,14815,Driver,50 to 54,None,"Automobile, Station Wagon",Turning Left,1,0,1,0,0,0,0,0,0,1,0,0,0,17,1653,Clear,Daylight,-79.3335,43.7979
8001423637,14816,Pedestrian,45 to 49,Major,NULL,NULL,1,0,1,0,0,0,0,0,0,1,0,0,0,17,1653,Clear,Daylight,-79.3335,43.7979
8001542376,14048,Driver,unknown,None,"Automobile, Station Wagon",Turning Left,1,0,1,0,0,0,0,0,0,1,0,0,0,6,630,Clear,"Dawn, artificial",-79.4944,43.7815
8001542376,14049,Pedestrian,35 to 39,Major,NULL,NULL,1,0,1,0,0,0,0,0,0,1,0,0,0,6,630,Clear,"Dawn, artificial",-79.4944,43.7815
8001558608,14056,Driver,70 to 74,None,"Automobile, Station Wagon",Turning Left,1,0,1,0,0,0,0,0,0,1,0,0,0,15,1455,Clear,Daylight,-79.517,43.7547
8001558608,14057,Pedestrian,30 to 34,Major,NULL,NULL,1,0,1,0,0,0,0,0,0,1,0,0,0,15,1455,Clear,Daylight,-79.517,43.7547
8001600081,14082,Motorcycle Driver,unknown,None,Motorcycle,Going Ahead,1,0,0,1,0,0,0,0,0,0,0,0,0,17,1725,Clear,Daylight,-79.5329,43.6663
8001600081,14083,Pedestrian,80 to 84,Major,NULL,NULL,1,0,0,1,0,0,0,0,0,0,0,0,0,17,1725,Clear,Daylight,-79.5329,43.6663
8001649781,14127,Motorcycle Driver,40 to 44,Major,Motorcycle,Going Ahead,0,0,1,1,0,0,0,0,0,0,0,0,0,10,1027,Clear,Daylight,-79.381,43.7364
8001649781,14117,Driver,65 to 69,None,"Automobile, Station Wagon",Going Ahead,0,0,1,1,0,0,0,0,0,0,0,0,0,10,1027,Clear,Daylight,-79.381,43.7364
8001685122,14676,Pedestrian,70 to 74,Fatal,Other,NULL,1,0,1,0,0,0,0,0,0,0,0,0,0,17,1708,Clear,Daylight,-79.504,43.6009
8001685122,14677,Driver,25 to 29,None,"Automobile, Station Wagon",Going Ahead,1,0,1,0,0,0,0,0,0,0,0,0,0,17,1708,Clear,Daylight,-79.504,43.6009
8001717185,14711,Driver,unknown,None,NULL,Going Ahead,1,0,0,0,0,0,0,0,0,0,0,0,0,13,1329,Clear,Daylight,-79.4766,43.6654
8001717185,14712,Pedestrian,5 to 9,Major,NULL,NULL,1,0,0,0,0,0,0,0,0,0,0,0,0,13,1329,Clear,Daylight,-79.4766,43.6654
8001780816,14744,Driver,55 to 59,None,"Automobile, Station Wagon",Turning Left,1,0,1,0,0,0,0,0,0,1,0,0,0,6,645,Clear,"Dawn, artificial",-79.386,43.6551
8001780816,14745,Pedestrian,55 to 59,Major,NULL,NULL,1,0,1,0,0,0,0,0,0,1,0,0,0,6,645,Clear,"Dawn, artificial",-79.386,43.6551
6002108596,13718,Driver,60 to 64,None,"Automobile, Station Wagon",Going Ahead,1,0,1,0,0,0,0,0,0,0,0,0,0,1,124,Clear,"Dark, artificial",-79.421,43.6897
6002108596,13719,Pedestrian,70 to 74,Major,NULL,NULL,1,0,1,0,0,0,0,0,0,0,0,0,0,1,124,Clear,"Dark, artificial",-79.421,43.6897
6002127930,13729,Driver,35 to 39,None,"Automobile, Station Wagon",Going Ahead,1,0,1,0,0,0,0,0,1,1,0,0,0,21,2106,Rain,"Dark, artificial",-79.3283,43.7292
6002127930,13730,Pedestrian,65 to 69,Major,NULL,NULL,1,0,1,0,0,0,0,0,1,1,0,0,0,21,2106,Rain,"Dark, artificial",-79.3283,43.7292
6002166207,13751,Driver,50 to 54,None,"Automobile, Station Wagon",Turning Left,1,0,1,0,0,0,0,0,0,1,0,0,0,22,2220,Rain,"Dark, artificial",-79.3202,43.6752
6002166207,13752,Pedestrian,50 to 54,Major,NULL,NULL,1,0,1,0,0,0,0,0,0,1,0,0,0,22,2220,Rain,"Dark, artificial",-79.3202,43.6752
6002180149,13755,Driver,20 to 24,Major,"Automobile, Station Wagon",Going Ahead,0,0,1,0,0,0,0,0,1,1,0,1,0,3,255,Clear,"Dark, artificial",-79.183,43.7739
6002260647,13604,Driver,60 to 64,None,"Automobile, Station Wagon",Going Ahead,1,0,1,0,0,0,0,0,0,0,0,0,0,20,2030,Clear,"Dark, artificial",-79.3034,43.7932
6002260647,13605,Pedestrian,55 to 59,Major,NULL,NULL,1,0,1,0,0,0,0,0,0,0,0,0,0,20,2030,Clear,"Dark, artificial",-79.3034,43.7932
6002287717,13611,Driver,20 to 24,Minor,"Automobile, Station Wagon",Going Ahead,0,0,1,0,0,0,0,1,0,0,0,0,0,2,230,Clear,"Dark, artificial",-79.2457,43.8315
6002287717,13612,Passenger,20 to 24,Major,NULL,NULL,0,0,1,0,0,0,0,1,0,0,0,0,0,2,230,Clear,"Dark, artificial",-79.2457,43.8315
7000036465,13631,Driver,20 to 24,None,"Automobile, Station Wagon",Going Ahead,0,0,1,0,0,0,0,0,1,1,1,1,0,0,16,Clear,"Dark, artificial",-79.47,43.7872
7000036465,13632,Driver,65 to 69,Major,Pick Up Truck,Going Ahead,0,0,1,0,0,0,0,0,1,1,1,1,0,0,16,Clear,"Dark, artificial",-79.47,43.7872
7000036465,13633,Driver,35 to 39,Minimal,"Automobile, Station Wagon",Going Ahead,0,0,1,0,0,0,0,0,1,1,1,1,0,0,16,Clear,"Dark, artificial",-79.47,43.7872
7000041411,13634,Driver,20 to 24,Minor,"Automobile, Station Wagon",Going Ahead,0,0,1,0,0,0,0,1,0,1,0,0,0,22,2222,Clear,"Dark, artificial",-79.5237,43.6454
7000041411,13635,Driver,60 to 64,None,Pick Up Truck,Slowing or Stopping,0,0,1,0,0,0,0,1,0,1,0,0,0,22,2222,Clear,"Dark, artificial",-79.5237,43.6454
7000041411,13636,Passenger,20 to 24,Major,NULL,NULL,0,0,1,0,0,0,0,1,0,1,0,0,0,22,2222,Clear,"Dark, artificial",-79.5237,43.6454
7000041411,13637,Passenger,60 to 64,None,NULL,NULL,0,0,1,0,0,0,0,1,0,1,0,0,0,22,2222,Clear,"Dark, artificial",-79.5237,43.6454
7000117079,13657,Driver,65 to 69,None,"Automobile, Station Wagon",Going Ahead,1,0,1,0,0,0,0,0,0,0,0,0,0,18,1755,Clear,"Dark, artificial",-79.1831,43.7699
7000117079,13658,Pedestrian,55 to 59,Major,NULL,NULL,1,0,1,0,0,0,0,0,0,0,0,0,0,18,1755,Clear,"Dark, artificial",-79.1831,43.7699
7000156964,13670,Driver,unknown,None,"Automobile, Station Wagon",Turning Right,1,0,1,0,0,0,0,0,0,1,0,0,0,19,1934,Rain,"Dark, artificial",-79.4106,43.6637
7000156964,13671,Pedestrian,50 to 54,Major,NULL,NULL,1,0,1,0,0,0,0,0,0,1,0,0,0,19,1934,Rain,"Dark, artificial",-79.4106,43.6637
7000222779,13242,Driver,20 to 24,Major,"Automobile, Station Wagon",Going Ahead,0,0,1,0,0,0,0,0,0,0,0,0,0,3,314,Clear,Dark,-79.5363,43.6158
7000342920,13523,Driver,50 to 54,None,"Automobile, Station Wagon",Turning Left,1,0,1,0,0,0,0,0,0,1,0,0,0,6,615,Rain,Dawn,-79.4359,43.6371
7000342920,13524,Pedestrian,55 to 59,Major,NULL,NULL,1,0,1,0,0,0,0,0,0,1,0,0,0,6,615,Rain,Dawn,-79.4359,43.6371
7000346961,13525,Driver,70 to 74,None,"Automobile, Station Wagon",Going Ahead,1,0,1,0,0,0,0,0,0,0,0,0,0,18,1818,Clear,"Dark, artificial",-79.4411,43.6934
7000346961,13526,Pedestrian,25 to 29,Major,NULL,NULL,1,0,1,0,0,0,0,0,0,0,0,0,0,18,1818,Clear,"Dark, artificial",-79.4411,43.6934
7000419004,13547,Driver,30 to 34,Major,"Automobile, Station Wagon",Going Ahead,0,0,1,0,0,0,0,0,0,0,0,1,0,0,36,Clear,"Dark, artificial",-79.3954,43.6926
7000532785,13117,Driver,70 to 74,None,"Automobile, Station Wagon",Going Ahead,1,0,1,0,0,0,0,0,0,0,0,0,0,3,254,Rain,"Dark, artificial",-79.5161,43.7
7000532785,13122,Pedestrian,30 to 34,Major,NULL,NULL,1,0,1,0,0,0,0,0,0,0,0,0,0,3,254,Rain,"Dark, artificial",-79.5161,43.7
7000635280,13164,Driver,35 to 39,None,"Automobile, Station Wagon",Going Ahead,1,0,1,0,0,0,0,0,0,1,0,0,0,22,2229,Rain,Dark,-79.4724,43.6714
7000635280,13165,Pedestrian,50 to 54,Major,NULL,NULL,1,0,1,0,0,0,0,0,0,1,0,0,0,22,2229,Rain,Dark,-79.4724,43.6714
7000637893,13166,Pedestrian,50 to 54,Fatal,NULL,NULL,1,0,0,0,1,0,0,0,0,1,0,0,0,11,1056,Clear,Daylight,-79.4588,43.732
7000637893,13167,Truck Driver,60 to 64,None,"Truck - Closed (Blazer, etc)",Turning Right,1,0,0,0,1,0,0,0,0,1,0,0,0,11,1056,Clear,Daylight,-79.4588,43.732
7000659290,13172,Pedestrian,65 to 69,Fatal,NULL,NULL,1,0,0,0,0,1,0,0,0,0,0,0,0,18,1805,Clear,Daylight,-79.3974,43.6513
7000659290,13173,Driver,40 to 44,None,Street Car,Going Ahead,1,0,0,0,0,1,0,0,0,0,0,0,0,18,1805,Clear,Daylight,-79.3974,43.6513
7000676531,13186,Driver,85 to 89,None,"Automobile, Station Wagon",Turning Left,1,0,1,0,0,0,0,0,0,0,0,0,0,21,2132,Clear,"Dark, artificial",-79.4577,43.7528
7000676531,13187,Pedestrian,60 to 64,Major,NULL,NULL,1,0,1,0,0,0,0,0,0,0,0,0,0,21,2132,Clear,"Dark, artificial",-79.4577,43.7528
7000689985,13194,Pedestrian,25 to 29,Major,NULL,NULL,1,0,1,0,0,0,0,1,0,1,0,0,0,22,2206,Clear,"Dark, artificial",-79.3934,43.6591
7000689985,13192,Driver,35 to 39,None,"Automobile, Station Wagon",Going Ahead,1,0,1,0,0,0,0,1,0,1,0,0,0,22,2206,Clear,"Dark, artificial",-79.3934,43.6591
7000689985,13193,Passenger,20 to 24,None,NULL,NULL,1,0,1,0,0,0,0,1,0,1,0,0,0,22,2206,Clear,"Dark, artificial",-79.3934,43.6591
7000701050,13196,Pedestrian,5 to 9,Fatal,NULL,NULL,1,0,1,0,0,0,0,0,0,0,0,0,0,15,1530,Clear,"Daylight, artificial",-79.179,43.7937
7000701050,13197,Driver,50 to 54,None,"Automobile, Station Wagon",Going Ahead,1,0,1,0,0,0,0,0,0,0,0,0,0,15,1530,Clear,"Daylight, artificial",-79.179,43.7937
7000769510,13209,Driver,45 to 49,None,"Automobile, Station Wagon",Turning Right,0,1,1,0,0,0,0,0,0,0,0,0,0,6,645,Clear,"Dawn, artificial",-79.5746,43.728
7000769510,13210,Cyclist,60 to 64,Major,Bicycle,Going Ahead,0,1,1,0,0,0,0,0,0,0,0,0,0,6,645,Clear,"Dawn, artificial",-79.5746,43.728
7000776224,13211,Pedestrian,40 to 44,Major,NULL,NULL,1,0,0,0,1,0,0,0,0,0,0,0,0,7,716,Clear,Daylight,-79.3938,43.6537
7000776224,13212,Truck Driver,60 to 64,None,"Truck - Closed (Blazer, etc)",Going Ahead,1,0,0,0,1,0,0,0,0,0,0,0,0,7,716,Clear,Daylight,-79.3938,43.6537
7000802019,13372,Driver,20 to 24,Major,"Automobile, Station Wagon",Going Ahead,0,0,1,0,0,0,0,1,1,1,0,0,0,6,620,Clear,"Daylight, artificial",-79.3549,43.6576
7000802019,13373,Passenger,20 to 24,Minimal,NULL,NULL,0,0,1,0,0,0,0,1,1,1,0,0,0,6,620,Clear,"Daylight, artificial",-79.3549,43.6576
7000802019,13374,Passenger,20 to 24,Minimal,NULL,NULL,0,0,1,0,0,0,0,1,1,1,0,0,0,6,620,Clear,"Daylight, artificial",-79.3549,43.6576
7000802019,13375,Passenger,55 to 59,Minimal,NULL,NULL,0,0,1,0,0,0,0,1,1,1,0,0,0,6,620,Clear,"Daylight, artificial",-79.3549,43.6576
7000802019,13376,Passenger,25 to 29,Minimal,NULL,NULL,0,0,1,0,0,0,0,1,1,1,0,0,0,6,620,Clear,"Daylight, artificial",-79.3549,43.6576
7000802019,13370,Driver,40 to 44,None,"Automobile, Station Wagon",Going Ahead,0,0,1,0,0,0,0,1,1,1,0,0,0,6,620,Clear,"Daylight, artificial",-79.3549,43.6576
7000802019,13371,Driver,45 to 49,Minimal,"Automobile, Station Wagon",Slowing or Stopping,0,0,1,0,0,0,0,1,1,1,0,0,0,6,620,Clear,"Daylight, artificial",-79.3549,43.6576
7000832770,13388,Driver,unknown,None,Passenger Van,Turning Left,1,0,1,0,0,0,0,0,0,0,0,0,0,21,2100,Clear,"Dusk, artificial",-79.4399,43.6509
7000832770,13389,Pedestrian,25 to 29,Major,NULL,NULL,1,0,1,0,0,0,0,0,0,0,0,0,0,21,2100,Clear,"Dusk, artificial",-79.4399,43.6509
7000917334,13443,Cyclist,5 to 9,Fatal,Bicycle,Going Ahead,0,1,0,0,0,0,0,0,0,0,0,0,0,18,1815,Clear,Daylight,-79.4413,43.6354
7000933683,13447,Driver,25 to 29,Major,"Automobile, Station Wagon",Going Ahead,0,0,1,0,0,0,0,1,0,1,0,0,0,5,548,Clear,Dawn,-79.3026,43.7246
7000933683,13448,Driver,30 to 34,Minor,"Automobile, Station Wagon",Going Ahead,0,0,1,0,0,0,0,1,0,1,0,0,0,5,548,Clear,Dawn,-79.3026,43.7246
7000933683,13449,Passenger,30 to 34,None,NULL,NULL,0,0,1,0,0,0,0,1,0,1,0,0,0,5,548,Clear,Dawn,-79.3026,43.7246
7000941921,13451,Driver,40 to 44,Minor,"Automobile, Station Wagon",Going Ahead,0,0,1,1,0,0,0,1,0,1,1,0,0,13,1345,Clear,Daylight,-79.4066,43.744
7000941921,13452,Motorcycle Driver,30 to 34,Major,Motorcycle,Going Ahead,0,0,1,1,0,0,0,1,0,1,1,0,0,13,1345,Clear,Daylight,-79.4066,43.744
7000941921,13453,Driver,65 to 69,None,"Automobile, Station Wagon",Stopped,0,0,1,1,0,0,0,1,0,1,1,0,0,13,1345,Clear,Daylight,-79.4066,43.744