ACCNUM,ObjectId,INVTYPE,INVAGE,INJURY,VEHTYPE,MANOEUVER,PEDESTRIAN,CYCLIST,AUTOMOBILE,MOTORCYCLE,TRUCK,TRSN_CITY_VEH,EMERG_VEH,PASSENGER,SPEEDING,AG_DRIV,REDLIGHT,ALCOHOL,DISABILITY,HOUR,TIME,VISIBILITY,LIGHT,collision_lat,collision_long
7000941921,13454,Driver,55 to 59,None,"Automobile, Station Wagon",Stopped,0,0,1,1,0,0,0,1,0,1,1,0,0,13,1345,Clear,Daylight,-79.4066,43.744
7000941921,13455,Passenger,65 to 69,None,NULL,NULL,0,0,1,1,0,0,0,1,0,1,1,0,0,13,1345,Clear,Daylight,-79.4066,43.744
7000941921,13001,Passenger,75 to 79,None,NULL,NULL,0,0,1,1,0,0,0,1,0,1,1,0,0,13,1345,Clear,Daylight,-79.4066,43.744
7000948522,13003,Driver,60 to 64,None,"Automobile, Station Wagon",Turning Left,0,0,1,1,0,0,0,0,0,0,0,0,0,13,1343,Clear,Daylight,-79.4408,43.6925
7000948522,13005,Motorcycle Driver,35 to 39,Major,Motorcycle,Going Ahead,0,0,1,1,0,0,0,0,0,0,0,0,0,13,1343,Clear,Daylight,-79.4408,43.6925
7001052622,13294,Motorcycle Driver,20 to 24,Major,Motorcycle,Going Ahead,0,0,1,1,0,0,0,1,0,0,0,0,0,15,1505,Clear,Daylight,-79.5489,43.6487
7001052622,13295,Driver,60 to 64,None,"Automobile, Station Wagon",Stopped,0,0,1,1,0,0,0,1,0,0,0,0,0,15,1505,Clear,Daylight,-79.5489,43.6487
7001052622,13296,Passenger,70 to 74,None,NULL,NULL,0,0,1,1,0,0,0,1,0,0,0,0,0,15,1505,Clear,Daylight,-79.5489,43.6487
7001157436,13336,Driver,65 to 69,None,"Automobile, Station Wagon",Going Ahead,1,0,1,0,0,0,0,0,0,0,0,0,0,16,1648,Clear,Daylight,-79.2631,43.8232
7001157436,13234,Pedestrian,15 to 19,Major,NULL,NULL,1,0,1,0,0,0,0,0,0,0,0,0,0,16,1648,Clear,Daylight,-79.2631,43.8232
7001234625,13940,Driver,40 to 44,None,"Automobile, Station Wagon",Turning Left,1,0,1,0,0,0,0,0,0,1,0,0,0,12,1200,Clear,"Daylight, artificial",-79.3117,43.7478
7001234625,13941,Pedestrian,50 to 54,Major,NULL,NULL,1,0,1,0,0,0,0,0,0,1,0,0,0,12,1200,Clear,"Daylight, artificial",-79.3117,43.7478
7001343625,13983,Cyclist,60 to 64,Major,Bicycle,Going Ahead,0,1,1,0,0,0,0,0,0,0,0,0,0,18,1751,Clear,Daylight,-79.4048,43.652
7001343625,13984,Driver,50 to 54,None,"Automobile, Station Wagon",Turning Left,0,1,1,0,0,0,0,0,0,0,0,0,0,18,1751,Clear,Daylight,-79.4048,43.652
7001344660,13985,Pedestrian,65 to 69,Major,NULL,NULL,1,0,1,0,0,0,0,0,0,1,0,0,0,21,2100,Rain,"Dark, artificial",-79.3026,43.7246
7001344660,13986,Driver,55 to 59,None,"Automobile, Station Wagon",Turning Left,1,0,1,0,0,0,0,0,0,1,0,0,0,21,2100,Rain,"Dark, artificial",-79.3026,43.7246
7001375273,13222,Driver,25 to 29,Major,"Automobile, Station Wagon",Going Ahead,0,0,1,0,0,1,0,1,0,0,0,0,0,13,1345,Clear,Daylight,-79.5866,43.7259
7001375273,13224,Driver,45 to 49,None,Municipal Transit Bus (TTC),Turning Left,0,0,1,0,0,1,0,1,0,0,0,0,0,13,1345,Clear,Daylight,-79.5866,43.7259
7000534714,13123,Driver,65 to 69,Minimal,"Automobile, Station Wagon",Going Ahead,0,0,1,0,0,0,0,1,0,1,1,0,0,13,1310,Clear,Daylight,-79.2349,43.7756
7000534714,13124,Driver,25 to 29,None,"Automobile, Station Wagon",Turning Left,0,0,1,0,0,0,0,1,0,1,1,0,0,13,1310,Clear,Daylight,-79.2349,43.7756
7000534714,13125,Passenger,20 to 24,Minimal,NULL,NULL,0,0,1,0,0,0,0,1,0,1,1,0,0,13,1310,Clear,Daylight,-79.2349,43.7756
7000534714,13126,Passenger,20 to 24,Minimal,NULL,NULL,0,0,1,0,0,0,0,1,0,1,1,0,0,13,1310,Clear,Daylight,-79.2349,43.7756
7000534714,13127,Passenger,20 to 24,Major,NULL,NULL,0,0,1,0,0,0,0,1,0,1,1,0,0,13,1310,Clear,Daylight,-79.2349,43.7756
7000534714,13128,Passenger,70 to 74,Minimal,NULL,NULL,0,0,1,0,0,0,0,1,0,1,1,0,0,13,1310,Clear,Daylight,-79.2349,43.7756
7000534714,13129,Passenger,0 to 4,None,NULL,NULL,0,0,1,0,0,0,0,1,0,1,1,0,0,13,1310,Clear,Daylight,-79.2349,43.7756
7000534714,13130,Passenger,0 to 4,None,NULL,NULL,0,0,1,0,0,0,0,1,0,1,1,0,0,13,1310,Clear,Daylight,-79.2349,43.7756
7000570934,13140,Driver,unknown,None,"Automobile, Station Wagon",Going Ahead,1,0,1,0,0,0,0,0,0,0,0,0,0,2,208,Clear,"Dark, artificial",-79.4402,43.6584
7000570934,13141,Pedestrian,20 to 24,Major,NULL,NULL,1,0,1,0,0,0,0,0,0,0,0,0,0,2,208,Clear,"Dark, artificial",-79.4402,43.6584
7000591252,13150,Driver,30 to 34,None,"Automobile, Station Wagon",Turning Left,1,0,1,0,0,0,0,0,0,1,0,0,0,9,853,Rain,Daylight,-79.4314,43.6495
7000591252,13151,Pedestrian,65 to 69,Major,NULL,NULL,1,0,1,0,0,0,0,0,0,1,0,0,0,9,853,Rain,Daylight,-79.4314,43.6495
7000680975,13188,Driver,55 to 59,None,"Automobile, Station Wagon",Turning Right,0,1,1,0,0,0,0,0,0,1,0,0,0,15,1503,Clear,Daylight,-79.4384,43.7553
7000680975,13189,Cyclist,55 to 59,Major,Bicycle,Going Ahead,0,1,1,0,0,0,0,0,0,1,0,0,0,15,1503,Clear,Daylight,-79.4384,43.7553
7000750134,13203,Driver,20 to 24,Minimal,"Automobile, Station Wagon",Going Ahead,0,0,1,0,0,0,0,1,0,1,0,0,0,2,205,Clear,"Dark, artificial",-79.5829,43.7451
7000750134,13204,Driver,50 to 54,Major,"Automobile, Station Wagon",Going Ahead,0,0,1,0,0,0,0,1,0,1,0,0,0,2,205,Clear,"Dark, artificial",-79.5829,43.7451
7000750134,13205,Passenger,35 to 39,Minor,NULL,NULL,0,0,1,0,0,0,0,1,0,1,0,0,0,2,205,Clear,"Dark, artificial",-79.5829,43.7451
7000750134,13206,Passenger,25 to 29,Minor,NULL,NULL,0,0,1,0,0,0,0,1,0,1,0,0,0,2,205,Clear,"Dark, artificial",-79.5829,43.7451
7000750453,13207,Driver,70 to 74,None,"Automobile, Station Wagon",Going Ahead,1,0,1,0,0,0,0,0,0,0,0,0,0,3,325,Clear,"Dark, artificial",-79.4157,43.6766
7000750453,13208,Pedestrian,30 to 34,Major,NULL,NULL,1,0,1,0,0,0,0,0,0,0,0,0,0,3,325,Clear,"Dark, artificial",-79.4157,43.6766
7000787795,13227,Passenger,0 to 4,Minor,NULL,NULL,0,0,1,0,0,0,0,1,0,1,0,0,1,21,2110,Rain,"Dark, artificial",-79.2657,43.7535
7000787795,13236,Passenger,25 to 29,Major,NULL,NULL,0,0,1,0,0,0,0,1,0,1,0,0,1,21,2110,Rain,"Dark, artificial",-79.2657,43.7535
7000787795,13244,Driver,40 to 44,Minor,"Automobile, Station Wagon",Going Ahead,0,0,1,0,0,0,0,1,0,1,0,0,1,21,2110,Rain,"Dark, artificial",-79.2657,43.7535
7000787795,13339,Driver,65 to 69,Major,"Automobile, Station Wagon",Going Ahead,0,0,1,0,0,0,0,1,0,1,0,0,1,21,2110,Rain,"Dark, artificial",-79.2657,43.7535
7000788679,13344,Passenger,25 to 29,Major,NULL,NULL,0,0,0,0,0,0,0,1,0,0,0,0,0,2,151,Rain,"Dark, artificial",-79.5151,43.706
7000804511,13377,Driver,75 to 79,Major,"Automobile, Station Wagon",Going Ahead,0,0,1,0,0,0,0,1,0,0,0,0,1,16,1630,Clear,Daylight,-79.3472,43.7516
7000804511,13378,Passenger,75 to 79,Minor,NULL,NULL,0,0,1,0,0,0,0,1,0,0,0,0,1,16,1630,Clear,Daylight,-79.3472,43.7516
7000811654,13379,Motorcycle Driver,25 to 29,Fatal,Motorcycle,Going Ahead,0,0,1,1,0,0,0,0,0,1,0,0,0,18,1815,Clear,Daylight,-79.4472,43.7345
7000811654,13380,Driver,45 to 49,None,"Automobile, Station Wagon",Turning Left,0,0,1,1,0,0,0,0,0,1,0,0,0,18,1815,Clear,Daylight,-79.4472,43.7345
7000825885,13383,Driver,20 to 24,None,Pick Up Truck,Going Ahead,0,0,1,0,0,0,0,1,1,1,1,0,0,20,2017,Clear,"Dark, artificial",-79.292,43.7299
7000825885,13384,Driver,45 to 49,Major,"Automobile, Station Wagon",Turning Left,0,0,1,0,0,0,0,1,1,1,1,0,0,20,2017,Clear,"Dark, artificial",-79.292,43.7299
7000825885,13385,Passenger,15 to 19,Minor,NULL,NULL,0,0,1,0,0,0,0,1,1,1,1,0,0,20,2017,Clear,"Dark, artificial",-79.292,43.7299
7000844839,13403,Cyclist,25 to 29,Major,Bicycle,Going Ahead,0,1,1,0,0,0,0,0,0,0,0,0,0,17,1740,Clear,Daylight,-79.4114,43.6406
7000844839,13404,Driver,50 to 54,None,"Automobile, Station Wagon",Turning Right,0,1,1,0,0,0,0,0,0,0,0,0,0,17,1740,Clear,Daylight,-79.4114,43.6406
7000906394,13441,Driver,35 to 39,None,"Automobile, Station Wagon",Turning Left,0,1,1,0,0,0,0,0,0,0,0,0,0,9,900,Clear,Daylight,-79.3415,43.6647
7000906394,13442,Driver,55 to 59,None,"Automobile, Station Wagon",Turning Left,0,1,1,0,0,0,0,0,0,0,0,0,0,9,900,Clear,Daylight,-79.3415,43.6647
7000906394,13440,Cyclist,20 to 24,Major,Bicycle,Going Ahead,0,1,1,0,0,0,0,0,0,0,0,0,0,9,900,Clear,Daylight,-79.3415,43.6647
7000940892,13450,Driver,85 to 89,Major,"Automobile, Station Wagon",Going Ahead,0,0,1,0,0,0,0,0,0,0,0,0,1,10,1025,Clear,Daylight,-79.5245,43.7716
7000961019,13249,Driver,40 to 44,None,"Automobile, Station Wagon",Going Ahead,1,0,1,0,0,0,0,0,0,0,0,0,0,10,950,Clear,Daylight,-79.3908,43.7793
7000961019,13250,Pedestrian,15 to 19,Fatal,NULL,NULL,1,0,1,0,0,0,0,0,0,0,0,0,0,10,950,Clear,Daylight,-79.3908,43.7793
7000961019,13251,Pedestrian,15 to 19,Major,NULL,NULL,1,0,1,0,0,0,0,0,0,0,0,0,0,10,950,Clear,Daylight,-79.3908,43.7793
7000963426,13252,Cyclist,15 to 19,Major,Bicycle,Going Ahead,0,1,1,0,0,0,0,0,0,0,0,0,0,15,1540,Clear,Daylight,-79.1832,43.7878
7000963426,13253,Driver,35 to 39,None,"Automobile, Station Wagon",Going Ahead,0,1,1,0,0,0,0,0,0,0,0,0,0,15,1540,Clear,Daylight,-79.1832,43.7878
7000972243,13257,Driver,30 to 34,None,"Automobile, Station Wagon",Turning Left,0,0,1,1,0,0,0,0,0,0,0,0,0,20,2018,Clear,Daylight,-79.4289,43.67
7000972243,13258,Motorcycle Driver,25 to 29,Major,Motorcycle,Going Ahead,0,0,1,1,0,0,0,0,0,0,0,0,0,20,2018,Clear,Daylight,-79.4289,43.67
7001001490,13268,Motorcycle Driver,25 to 29,Major,Motorcycle,Slowing or Stopping,0,0,0,1,0,0,0,0,0,0,0,0,0,8,825,Rain,Daylight,-79.3637,43.6886
7001005616,13263,Driver,unknown,None,"Automobile, Station Wagon",Going Ahead,0,1,1,0,0,0,0,0,0,1,0,0,0,23,2330,Clear,"Dark, artificial",-79.4547,43.6752
7001005616,13264,Cyclist,40 to 44,Major,Bicycle,Going Ahead,0,1,1,0,0,0,0,0,0,1,0,0,0,23,2330,Clear,"Dark, artificial",-79.4547,43.6752
7001065894,13308,Driver,65 to 69,None,Municipal Transit Bus (TTC),Going Ahead,1,0,0,0,0,1,0,0,0,0,0,0,0,12,1200,Clear,Daylight,-79.2002,43.8189
7001065894,13309,Pedestrian,50 to 54,Major,NULL,NULL,1,0,0,0,0,1,0,0,0,0,0,0,0,12,1200,Clear,Daylight,-79.2002,43.8189
7001109368,13327,Driver,60 to 64,Major,"Automobile, Station Wagon",Going Ahead,0,0,1,0,0,0,0,1,0,0,0,0,0,17,1700,Clear,Daylight,-79.4184,43.7215
7001109368,13328,Passenger,60 to 64,None,NULL,NULL,0,0,1,0,0,0,0,1,0,0,0,0,0,17,1700,Clear,Daylight,-79.4184,43.7215
7001157981,13352,Passenger,0 to 4,None,NULL,NULL,0,1,1,0,0,0,0,1,0,0,0,0,0,18,1800,Clear,Daylight,-79.3421,43.6794
7001157981,13358,Passenger,0 to 4,None,NULL,NULL,0,1,1,0,0,0,0,1,0,0,0,0,0,18,1800,Clear,Daylight,-79.3421,43.6794
7001157981,13342,Cyclist,35 to 39,Major,Bicycle,Going Ahead,0,1,1,0,0,0,0,1,0,0,0,0,0,18,1800,Clear,Daylight,-79.3421,43.6794
7001157981,13241,Driver,35 to 39,None,"Automobile, Station Wagon",Turning Left,0,1,1,0,0,0,0,1,0,0,0,0,0,18,1800,Clear,Daylight,-79.3421,43.6794
7001174505,13920,Passenger,20 to 24,None,NULL,NULL,0,0,1,1,0,0,0,1,0,0,0,0,0,3,306,Clear,"Dark, artificial",-79.5037,43.7028
7001174505,13918,Motorcycle Driver,35 to 39,Major,Motorcycle,Going Ahead,0,0,1,1,0,0,0,1,0,0,0,0,0,3,306,Clear,"Dark, artificial",-79.5037,43.7028
7001174505,13919,Driver,65 to 69,None,"Automobile, Station Wagon",Slowing or Stopping,0,0,1,1,0,0,0,1,0,0,0,0,0,3,306,Clear,"Dark, artificial",-79.5037,43.7028
7001187926,13927,Cyclist,55 to 59,Major,Bicycle,Turning Left,0,1,0,0,0,1,0,0,0,0,0,0,0,13,1312,Clear,Daylight,-79.4014,43.6865
7001187926,13928,Driver,45 to 49,None,Street Car,Going Ahead,0,1,0,0,0,1,0,0,0,0,0,0,0,13,1312,Clear,Daylight,-79.4014,43.6865
7001300231,13970,Driver,20 to 24,None,"Automobile, Station Wagon",Going Ahead,1,0,1,0,0,0,0,0,0,0,0,0,0,6,624,Clear,Daylight,-79.3929,43.6404
7001300231,13971,Pedestrian,30 to 34,Major,NULL,NULL,1,0,1,0,0,0,0,0,0,0,0,0,0,6,624,Clear,Daylight,-79.3929,43.6404
7001357624,13994,Passenger,15 to 19,None,NULL,NULL,0,0,1,1,0,0,0,1,0,0,0,0,0,18,1830,Clear,Daylight,-79.4107,43.7606
7001357624,13989,Driver,55 to 59,None,"Automobile, Station Wagon",Changing Lanes,0,0,1,1,0,0,0,1,0,0,0,0,0,18,1830,Clear,Daylight,-79.4107,43.7606
7001357624,13990,Motorcycle Driver,50 to 54,Major,Motorcycle,Going Ahead,0,0,1,1,0,0,0,1,0,0,0,0,0,18,1830,Clear,Daylight,-79.4107,43.7606
7001357624,13991,Passenger,55 to 59,None,NULL,NULL,0,0,1,1,0,0,0,1,0,0,0,0,0,18,1830,Clear,Daylight,-79.4107,43.7606
7001357624,13992,Passenger,25 to 29,None,NULL,NULL,0,0,1,1,0,0,0,1,0,0,0,0,0,18,1830,Clear,Daylight,-79.4107,43.7606
7001357624,13993,Passenger,15 to 19,None,NULL,NULL,0,0,1,1,0,0,0,1,0,0,0,0,0,18,1830,Clear,Daylight,-79.4107,43.7606
7001383604,13228,Driver,20 to 24,None,"Automobile, Station Wagon",Turning Left,0,0,1,0,0,0,0,1,0,1,0,0,0,16,1648,Clear,Daylight,-79.4177,43.7889
7001383604,13239,Passenger,35 to 39,Major,NULL,NULL,0,0,1,0,0,0,0,1,0,1,0,0,0,16,1648,Clear,Daylight,-79.4177,43.7889
7001383604,13231,Driver,60 to 64,None,"Automobile, Station Wagon",Going Ahead,0,0,1,0,0,0,0,1,0,1,0,0,0,16,1648,Clear,Daylight,-79.4177,43.7889
7001383874,13246,Cyclist,30 to 34,Major,Bicycle,Going Ahead,0,1,1,0,0,0,0,0,0,0,0,0,0,17,1735,Clear,Daylight,-79.3965,43.652
7001383874,13340,Driver,60 to 64,None,"Automobile, Station Wagon",Slowing or Stopping,0,1,1,0,0,0,0,0,0,0,0,0,0,17,1735,Clear,Daylight,-79.3965,43.652
7001470435,13786,Pedestrian,45 to 49,Fatal,NULL,NULL,1,0,0,0,0,0,0,0,0,0,0,0,0,4,407,Rain,"Dark, artificial",-79.3705,43.6583
7001470435,13787,Driver,unknown,None,NULL,Going Ahead,1,0,0,0,0,0,0,0,0,0,0,0,0,4,407,Rain,"Dark, artificial",-79.3705,43.6583
7001474297,13788,Passenger,65 to 69,Minor,NULL,NULL,0,0,1,0,0,1,0,1,0,0,0,0,0,17,1700,Clear,Daylight,-79.4463,43.7346
7001474297,13789,Passenger,5 to 9,Minimal,NULL,NULL,0,0,1,0,0,1,0,1,0,0,0,0,0,17,1700,Clear,Daylight,-79.4463,43.7346
7001474297,13790,Passenger,5 to 9,Minimal,NULL,NULL,0,0,1,0,0,1,0,1,0,0,0,0,0,17,1700,Clear,Daylight,-79.4463,43.7346
7001474297,13792,Driver,30 to 34,None,Municipal Transit Bus (TTC),Going Ahead,0,0,1,0,0,1,0,1,0,0,0,0,0,17,1700,Clear,Daylight,-79.4463,43.7346
7001474297,13793,Driver,30 to 34,None,"Automobile, Station Wagon",Turning Left,0,0,1,0,0,1,0,1,0,0,0,0,0,17,1700,Clear,Daylight,-79.4463,43.7346
7001474297,13791,Passenger,35 to 39,Major,NULL,NULL,0,0,1,0,0,1,0,1,0,0,0,0,0,17,1700,Clear,Daylight,-79.4463,43.7346
7001553173,13832,Driver,45 to 49,None,"Automobile, Station Wagon",Going Ahead,1,0,1,0,0,0,0,0,0,1,0,0,0,21,2054,Clear,Dark,-79.249,43.837
7001553173,13833,Pedestrian,75 to 79,Fatal,NULL,NULL,1,0,1,0,0,0,0,0,0,1,0,0,0,21,2054,Clear,Dark,-79.249,43.837
7000539360,13132,Passenger,25 to 29,Minor,NULL,NULL,0,0,0,0,0,1,0,1,0,0,0,0,0,9,855,Clear,Daylight,-79.4154,43.703
7000669891,13181,Driver,50 to 54,None,"Bus (Other) (Go Bus, Gray Coach)",Going Ahead,1,0,0,0,0,1,0,0,0,0,0,0,0,16,1649,Clear,Daylight,-79.3809,43.6397
7000669891,13182,Pedestrian,35 to 39,Major,NULL,NULL,1,0,0,0,0,1,0,0,0,0,0,0,0,16,1649,Clear,Daylight,-79.3809,43.6397
7000675895,13185,Motorcycle Driver,15 to 19,Major,Motorcycle,Going Ahead,0,0,0,1,0,0,0,0,0,0,0,0,0,19,1858,Clear,Daylight,-79.5517,43.6548
7000689594,13190,Driver,65 to 69,None,"Automobile, Station Wagon",Going Ahead,1,0,1,0,0,0,0,0,0,0,0,0,0,20,2045,Clear,"Dark, artificial",-79.2568,43.7347
7000689594,13191,Pedestrian,45 to 49,Major,NULL,NULL,1,0,1,0,0,0,0,0,0,0,0,0,0,20,2045,Clear,"Dark, artificial",-79.2568,43.7347
7000714905,13198,Driver,25 to 29,None,Pick Up Truck,Turning Left,0,0,1,1,0,0,0,1,0,1,0,0,0,20,2044,Clear,Dusk,-79.3992,43.711
7000714905,13199,Motorcycle Driver,50 to 54,Major,Motorcycle,Going Ahead,0,0,1,1,0,0,0,1,0,1,0,0,0,20,2044,Clear,Dusk,-79.3992,43.711
7000714905,13200,Motorcycle Passenger,15 to 19,Major,NULL,NULL,0,0,1,1,0,0,0,1,0,1,0,0,0,20,2044,Clear,Dusk,-79.3992,43.711
7000797636,13369,Cyclist,70 to 74,Major,Bicycle,Going Ahead,0,1,1,0,0,0,0,0,0,1,0,0,0,12,1248,Clear,Daylight,-79.3813,43.6573
7000797636,13368,Driver,30 to 34,None,"Automobile, Station Wagon",Going Ahead,0,1,1,0,0,0,0,0,0,1,0,0,0,12,1248,Clear,Daylight,-79.3813,43.6573
7000846259,13405,Driver,60 to 64,None,"Automobile, Station Wagon",Turning Left,1,0,1,0,0,0,0,0,0,1,0,0,0,22,2246,Clear,"Dark, artificial",-79.4235,43.696
7000846259,13406,Pedestrian,55 to 59,Major,NULL,NULL,1,0,1,0,0,0,0,0,0,1,0,0,0,22,2246,Clear,"Dark, artificial",-79.4235,43.696
7000861875,13414,Driver,80 to 84,Fatal,"Automobile, Station Wagon",Going Ahead,0,0,1,0,0,0,0,0,0,0,0,0,1,11,1135,Clear,Daylight,-79.3111,43.7587
7000863403,13415,Pedestrian,5 to 9,Major,NULL,NULL,1,0,1,0,0,0,0,0,0,0,0,0,0,15,1535,Clear,Daylight,-79.4883,43.6713
7000863403,13416,Driver,45 to 49,None,"Automobile, Station Wagon",Going Ahead,1,0,1,0,0,0,0,0,0,0,0,0,0,15,1535,Clear,Daylight,-79.4883,43.6713
7000887166,13426,Driver,20 to 24,None,"Automobile, Station Wagon",Turning Right,0,0,1,0,0,0,0,1,0,0,0,1,0,24,2356,Clear,"Daylight, artificial",-79.4002,43.7062
7000887166,13427,Passenger,20 to 24,Major,NULL,NULL,0,0,1,0,0,0,0,1,0,0,0,1,0,24,2356,Clear,"Daylight, artificial",-79.4002,43.7062
7000887166,13428,Passenger,20 to 24,Minor,NULL,NULL,0,0,1,0,0,0,0,1,0,0,0,1,0,24,2356,Clear,"Daylight, artificial",-79.4002,43.7062
7000887166,13429,Passenger,20 to 24,Minimal,NULL,NULL,0,0,1,0,0,0,0,1,0,0,0,1,0,24,2356,Clear,"Daylight, artificial",-79.4002,43.7062
7001016401,13275,Truck Driver,35 to 39,None,"Truck - Closed (Blazer, etc)",Going Ahead,0,1,0,0,1,0,0,0,0,0,0,0,0,10,1030,Clear,Daylight,-79.3953,43.6748
7001016401,13276,Cyclist,20 to 24,Major,Bicycle,Going Ahead,0,1,0,0,1,0,0,0,0,0,0,0,0,10,1030,Clear,Daylight,-79.3953,43.6748
7001021387,13277,Driver,20 to 24,Major,"Automobile, Station Wagon",Going Ahead,0,0,1,0,0,0,0,0,0,1,0,0,0,1,135,Clear,"Dark, artificial",-79.451,43.6651
7001030494,13280,Driver,30 to 34,None,Municipal Transit Bus (TTC),Pulling Away from Shoulder or Curb,0,0,0,0,0,1,0,1,0,0,0,0,0,11,1055,Clear,Daylight,-79.2454,43.7387
7001030494,13281,Passenger,80 to 84,Major,NULL,NULL,0,0,0,0,0,1,0,1,0,0,0,0,0,11,1055,Clear,Daylight,-79.2454,43.7387
7001038789,13285,Cyclist,25 to 29,Major,Bicycle,Other,0,1,1,0,0,0,0,0,0,0,0,0,0,16,1605,Clear,Daylight,-79.3049,43.7159
7001038789,13286,Driver,40 to 44,None,"Automobile, Station Wagon",Going Ahead,0,1,1,0,0,0,0,0,0,0,0,0,0,16,1605,Clear,Daylight,-79.3049,43.7159
7001054440,13305,Motorcycle Driver,25 to 29,Major,Motorcycle,Changing Lanes,0,0,1,1,0,0,0,0,0,1,0,0,0,20,2001,Clear,Daylight,-79.3302,43.7252
7001054440,13306,Driver,20 to 24,None,"Automobile, Station Wagon",Going Ahead,0,0,1,1,0,0,0,0,0,1,0,0,0,20,2001,Clear,Daylight,-79.3302,43.7252
7001054440,13307,Driver,25 to 29,None,"Automobile, Station Wagon",Going Ahead,0,0,1,1,0,0,0,0,0,1,0,0,0,20,2001,Clear,Daylight,-79.3302,43.7252
7001165135,13685,Passenger,15 to 19,Minor,NULL,NULL,0,0,1,0,0,1,0,1,0,1,0,0,0,18,1808,Clear,Daylight,-79.5706,43.6519
7001165135,13578,Passenger,20 to 24,Major,NULL,NULL,0,0,1,0,0,1,0,1,0,1,0,0,0,18,1808,Clear,Daylight,-79.5706,43.6519
7001165135,13591,Passenger,20 to 24,Minor,NULL,NULL,0,0,1,0,0,1,0,1,0,1,0,0,0,18,1808,Clear,Daylight,-79.5706,43.6519
7001165135,13593,Passenger,20 to 24,Minor,NULL,NULL,0,0,1,0,0,1,0,1,0,1,0,0,0,18,1808,Clear,Daylight,-79.5706,43.6519
7001165135,13602,Passenger,15 to 19,Minor,NULL,NULL,0,0,1,0,0,1,0,1,0,1,0,0,0,18,1808,Clear,Daylight,-79.5706,43.6519
7001165135,13488,Passenger,20 to 24,Minor,NULL,NULL,0,0,1,0,0,1,0,1,0,1,0,0,0,18,1808,Clear,Daylight,-79.5706,43.6519
7001165135,13477,Driver,15 to 19,Minor,Passenger Van,Going Ahead,0,0,1,0,0,1,0,1,0,1,0,0,0,18,1808,Clear,Daylight,-79.5706,43.6519
7001165135,13482,Driver,40 to 44,Minor,Municipal Transit Bus (TTC),Going Ahead,0,0,1,0,0,1,0,1,0,1,0,0,0,18,1808,Clear,Daylight,-79.5706,43.6519
7001212407,13933,Driver,60 to 64,None,"Automobile, Station Wagon",Turning Left,0,0,1,1,0,0,0,0,0,1,0,0,0,23,2300,Clear,Dark,-79.598,43.7227
7001212407,13934,Motorcycle Driver,30 to 34,Major,Motorcycle,Going Ahead,0,0,1,1,0,0,0,0,0,1,0,0,0,23,2300,Clear,Dark,-79.598,43.7227
7001250133,13947,Motorcycle Driver,45 to 49,Major,Motorcycle,Going Ahead,0,0,0,1,0,0,0,0,0,0,0,0,0,16,1612,Rain,Daylight,-79.3509,43.6614
7001277580,13953,Motorcycle Driver,25 to 29,Major,Motorcycle,Going Ahead,0,0,0,1,0,0,0,0,1,1,0,0,0,20,2033,Clear,Daylight,-79.4669,43.6975
7001277580,13954,Motorcycle Driver,unknown,None,Motorcycle,Going Ahead,0,0,0,1,0,0,0,0,1,1,0,0,0,20,2033,Clear,Daylight,-79.4669,43.6975
7001457563,13781,Driver,20 to 24,None,"Automobile, Station Wagon",Going Ahead,0,0,1,0,0,0,0,0,0,1,0,1,0,2,237,Clear,"Dark, artificial",-79.5203,43.7687
7001457563,13782,Driver,25 to 29,Major,"Automobile, Station Wagon",Turning Left,0,0,1,0,0,0,0,0,0,1,0,1,0,2,237,Clear,"Dark, artificial",-79.5203,43.7687
7001493534,13800,Driver,25 to 29,Major,"Automobile, Station Wagon",Turning Left,0,0,1,0,0,0,0,1,0,1,0,0,0,14,1444,Clear,Daylight,-79.5573,43.6169
7001493534,13801,Driver,40 to 44,None,"Automobile, Station Wagon",Going Ahead,0,0,1,0,0,0,0,1,0,1,0,0,0,14,1444,Clear,Daylight,-79.5573,43.6169
7001493534,13802,Passenger,60 to 64,None,NULL,NULL,0,0,1,0,0,0,0,1,0,1,0,0,0,14,1444,Clear,Daylight,-79.5573,43.6169
7001493534,13803,Passenger,0 to 4,None,NULL,NULL,0,0,1,0,0,0,0,1,0,1,0,0,0,14,1444,Clear,Daylight,-79.5573,43.6169
7001493534,13804,Passenger,0 to 4,None,NULL,NULL,0,0,1,0,0,0,0,1,0,1,0,0,0,14,1444,Clear,Daylight,-79.5573,43.6169
7001512799,13816,Cyclist,35 to 39,Major,Bicycle,Going Ahead,0,1,1,0,0,0,0,0,1,1,0,0,0,16,1634,Clear,Daylight,-79.3999,43.6597
7001512799,13817,Driver,25 to 29,None,Delivery Van,Going Ahead,0,1,1,0,0,0,0,0,1,1,0,0,0,16,1634,Clear,Daylight,-79.3999,43.6597
7001633721,13847,Motorcycle Driver,45 to 49,Major,Motorcycle,Going Ahead,0,0,1,1,0,0,0,0,0,0,0,0,0,12,1221,Clear,Daylight,-79.3897,43.6501