ACCNUM,ObjectId,INVTYPE,INVAGE,INJURY,VEHTYPE,MANOEUVER,PEDESTRIAN,CYCLIST,AUTOMOBILE,MOTORCYCLE,TRUCK,TRSN_CITY_VEH,EMERG_VEH,PASSENGER,SPEEDING,AG_DRIV,REDLIGHT,ALCOHOL,DISABILITY,HOUR,TIME,VISIBILITY,LIGHT,collision_lat,collision_long
7001633721,13848,Driver,15 to 19,None,"Automobile, Station Wagon",Turning Left,0,0,1,1,0,0,0,0,0,0,0,0,0,12,1221,Clear,Daylight,-79.3897,43.6501
7001651562,13849,Truck Driver,45 to 49,None,"Truck - Closed (Blazer, etc)",Turning Right,0,1,0,0,1,0,0,0,0,0,0,0,0,8,844,Clear,Daylight,-79.3406,43.6913
7001651562,13850,Cyclist,35 to 39,Major,Bicycle,Going Ahead,0,1,0,0,1,0,0,0,0,0,0,0,0,8,844,Clear,Daylight,-79.3406,43.6913
7001671435,13857,Truck Driver,30 to 34,Minimal,Truck - Dump,Turning Left,0,0,1,0,1,0,0,1,1,1,0,0,0,7,652,Clear,Daylight,-79.6128,43.7556
7001671435,13858,Passenger,55 to 59,Fatal,NULL,NULL,0,0,1,0,1,0,0,1,1,1,0,0,0,7,652,Clear,Daylight,-79.6128,43.7556
7001671435,13859,Driver,50 to 54,Minor,"Automobile, Station Wagon",Going Ahead,0,0,1,0,1,0,0,1,1,1,0,0,0,7,652,Clear,Daylight,-79.6128,43.7556
7001671435,13860,Driver,20 to 24,Major,"Automobile, Station Wagon",Going Ahead,0,0,1,0,1,0,0,1,1,1,0,0,0,7,652,Clear,Daylight,-79.6128,43.7556
7001722344,13867,Driver,60 to 64,Major,"Automobile, Station Wagon",Turning Left,0,0,1,0,0,0,0,0,0,1,1,0,0,16,1632,Clear,Daylight,-79.5059,43.6767
7001722344,13868,Driver,60 to 64,None,"Automobile, Station Wagon",Going Ahead,0,0,1,0,0,0,0,0,0,1,1,0,0,16,1632,Clear,Daylight,-79.5059,43.6767
7001733942,13879,Driver,60 to 64,None,"Automobile, Station Wagon",Turning Right,0,1,1,0,0,0,0,0,0,0,0,0,0,13,1255,Clear,Daylight,-79.4512,43.6986
7001733942,13880,Cyclist,30 to 34,Major,Bicycle,Going Ahead,0,1,1,0,0,0,0,0,0,0,0,0,0,13,1255,Clear,Daylight,-79.4512,43.6986
7001744141,13883,Driver,55 to 59,None,"Automobile, Station Wagon",Going Ahead,1,0,1,0,0,0,0,0,1,1,0,0,0,23,2330,Clear,"Dark, artificial",-79.5206,43.77
7001744141,13884,Pedestrian,25 to 29,Major,NULL,NULL,1,0,1,0,0,0,0,0,1,1,0,0,0,23,2330,Clear,"Dark, artificial",-79.5206,43.77
7001748240,13885,Driver,60 to 64,None,"Automobile, Station Wagon",Turning Left,0,0,1,1,0,0,0,0,0,1,1,0,0,15,1505,Clear,Daylight,-79.5758,43.6424
7001748240,13886,Motorcycle Driver,25 to 29,Major,Motorcycle,Going Ahead,0,0,1,1,0,0,0,0,0,1,1,0,0,15,1505,Clear,Daylight,-79.5758,43.6424
7001803207,14655,Pedestrian,60 to 64,Fatal,NULL,NULL,1,0,1,0,0,0,0,0,0,0,0,1,0,23,2308,Clear,Dark,-79.3479,43.7555
7001803207,14568,Driver,unknown,None,"Automobile, Station Wagon",Going Ahead,1,0,1,0,0,0,0,0,0,0,0,1,0,23,2308,Clear,Dark,-79.3479,43.7555
7001806475,14756,Pedestrian,60 to 64,Major,NULL,NULL,1,0,1,0,0,0,0,0,0,0,0,0,0,13,1310,Clear,Daylight,-79.287,43.7264
7001806475,14760,Pedestrian,65 to 69,Minor,NULL,NULL,1,0,1,0,0,0,0,0,0,0,0,0,0,13,1310,Clear,Daylight,-79.287,43.7264
7001806475,14847,Driver,65 to 69,None,"Automobile, Station Wagon",Turning Right,1,0,1,0,0,0,0,0,0,0,0,0,0,13,1310,Clear,Daylight,-79.287,43.7264
7001844786,14941,Driver,60 to 64,Major,"Bus (Other) (Go Bus, Gray Coach)",Going Ahead,0,0,0,0,0,1,0,0,0,0,0,0,0,18,1847,Clear,"Dark, artificial",-79.3721,43.6611
7001905037,14955,Passenger,20 to 24,Major,NULL,NULL,0,0,1,0,0,0,0,1,0,0,0,0,0,6,648,Clear,"Dark, artificial",-79.5412,43.6792
7001905037,14956,Driver,15 to 19,None,"Automobile, Station Wagon",Pulling Onto Shoulder or towardCurb,0,0,1,0,0,0,0,1,0,0,0,0,0,6,648,Clear,"Dark, artificial",-79.5412,43.6792
7001954444,14975,Cyclist,30 to 34,Minor,Bicycle,Going Ahead,0,1,1,0,0,0,0,0,0,0,0,0,0,20,2031,Clear,Dark,-79.582,43.7431
7001954444,14976,Driver,45 to 49,Major,"Automobile, Station Wagon",Going Ahead,0,1,1,0,0,0,0,0,0,0,0,0,0,20,2031,Clear,Dark,-79.582,43.7431
7002059893,14161,Driver,40 to 44,Major,"Automobile, Station Wagon",Going Ahead,0,0,1,0,0,1,0,0,0,1,0,0,0,11,1054,Clear,Daylight,-79.2611,43.8342
7002059893,14162,Driver,50 to 54,None,"Bus (Other) (Go Bus, Gray Coach)",Stopped,0,0,1,0,0,1,0,0,0,1,0,0,0,11,1054,Clear,Daylight,-79.2611,43.8342
7003008719,14165,Pedestrian,80 to 84,Major,NULL,NULL,1,0,1,0,0,0,0,0,0,0,0,0,0,11,1120,Clear,Daylight,-79.3652,43.7902
8001078053,14388,Driver,50 to 54,None,"Automobile, Station Wagon",Turning Right,1,0,1,0,0,0,0,0,0,1,0,0,0,9,905,Clear,Daylight,-79.4098,43.7572
8001078053,14389,Pedestrian,45 to 49,Major,NULL,NULL,1,0,1,0,0,0,0,0,0,1,0,0,0,9,905,Clear,Daylight,-79.4098,43.7572
8001102397,14396,Driver,45 to 49,None,"Automobile, Station Wagon",Making U Turn,0,0,1,1,0,0,0,1,0,0,0,0,0,18,1810,Clear,Daylight,-79.4376,43.6844
8001102397,14397,Motorcycle Driver,35 to 39,Major,Motorcycle,Going Ahead,0,0,1,1,0,0,0,1,0,0,0,0,0,18,1810,Clear,Daylight,-79.4376,43.6844
8001102397,14398,Passenger,10 to 14,None,NULL,NULL,0,0,1,1,0,0,0,1,0,0,0,0,0,18,1810,Clear,Daylight,-79.4376,43.6844
8001102397,14399,Passenger,45 to 49,None,NULL,NULL,0,0,1,1,0,0,0,1,0,0,0,0,0,18,1810,Clear,Daylight,-79.4376,43.6844
8001102397,14400,Passenger,25 to 29,None,NULL,NULL,0,0,1,1,0,0,0,1,0,0,0,0,0,18,1810,Clear,Daylight,-79.4376,43.6844
8001115863,14407,Driver,45 to 49,Major,"Automobile, Station Wagon",Going Ahead,0,0,1,0,0,0,0,0,0,1,0,0,0,17,1700,Clear,Daylight,-79.4127,43.795
8001115863,14408,Driver,30 to 34,Minor,Pick Up Truck,Going Ahead,0,0,1,0,0,0,0,0,0,1,0,0,0,17,1700,Clear,Daylight,-79.4127,43.795
8001115863,14409,Driver,50 to 54,Major,"Automobile, Station Wagon",Going Ahead,0,0,1,0,0,0,0,0,0,1,0,0,0,17,1700,Clear,Daylight,-79.4127,43.795
8001115979,14410,Driver,55 to 59,Minimal,"Automobile, Station Wagon",Going Ahead,0,0,1,0,0,0,0,0,1,1,0,0,0,17,1717,Clear,Daylight,-79.4707,43.6624
8001115979,14411,Driver,50 to 54,Major,"Automobile, Station Wagon",Going Ahead,0,0,1,0,0,0,0,0,1,1,0,0,0,17,1717,Clear,Daylight,-79.4707,43.6624
8001115979,14412,Driver,50 to 54,Minimal,"Automobile, Station Wagon",Going Ahead,0,0,1,0,0,0,0,0,1,1,0,0,0,17,1717,Clear,Daylight,-79.4707,43.6624
8001135358,14421,Motorcycle Driver,60 to 64,Major,Motorcycle,Overtaking,0,0,1,1,0,0,0,0,0,1,0,0,0,12,1240,Clear,Daylight,-79.4886,43.725
8001135358,14422,Driver,55 to 59,None,"Automobile, Station Wagon",Turning Left,0,0,1,1,0,0,0,0,0,1,0,0,0,12,1240,Clear,Daylight,-79.4886,43.725
8001139682,14431,Driver,30 to 34,None,"Automobile, Station Wagon",Turning Left,0,0,1,0,0,0,0,1,0,1,0,1,0,0,36,Rain,"Dark, artificial",-79.2306,43.7734
8001139682,14432,Passenger,35 to 39,Major,NULL,NULL,0,0,1,0,0,0,0,1,0,1,0,1,0,0,36,Rain,"Dark, artificial",-79.2306,43.7734
8001177346,14444,Motorcycle Driver,50 to 54,Major,Motorcycle,Going Ahead,0,0,0,1,0,0,0,0,0,0,0,0,0,18,1803,Clear,Daylight,-79.3806,43.6782
8001179636,14448,Driver,25 to 29,Minor,"Automobile, Station Wagon",Going Ahead,1,0,1,0,0,0,0,0,1,1,0,0,0,1,123,Clear,"Dark, artificial",-79.5898,43.7595
8001179636,14449,Driver,25 to 29,None,"Automobile, Station Wagon",Stopped,1,0,1,0,0,0,0,0,1,1,0,0,0,1,123,Clear,"Dark, artificial",-79.5898,43.7595
8001179636,14450,Driver,55 to 59,Minor,"Automobile, Station Wagon",Turning Left,1,0,1,0,0,0,0,0,1,1,0,0,0,1,123,Clear,"Dark, artificial",-79.5898,43.7595
8001179636,14451,Pedestrian,15 to 19,Fatal,NULL,NULL,1,0,1,0,0,0,0,0,1,1,0,0,0,1,123,Clear,"Dark, artificial",-79.5898,43.7595
8001185934,14452,Driver,55 to 59,Minimal,"Automobile, Station Wagon",Turning Left,1,0,1,0,0,0,0,0,0,0,0,1,0,22,2215,Clear,"Dark, artificial",-79.4685,43.6653
8001185934,14453,Pedestrian,50 to 54,Major,NULL,NULL,1,0,1,0,0,0,0,0,0,0,0,1,0,22,2215,Clear,"Dark, artificial",-79.4685,43.6653
8001185934,14454,Pedestrian,40 to 44,Minor,NULL,NULL,1,0,1,0,0,0,0,0,0,0,0,1,0,22,2215,Clear,"Dark, artificial",-79.4685,43.6653
8001226350,14462,Driver,20 to 24,Major,"Automobile, Station Wagon",Going Ahead,0,0,1,0,1,0,0,1,1,1,0,0,0,22,2235,Clear,"Dark, artificial",-79.5915,43.6693
8001226350,14467,Passenger,20 to 24,Major,NULL,NULL,0,0,1,0,1,0,0,1,1,1,0,0,0,22,2235,Clear,"Dark, artificial",-79.5915,43.6693
8001226350,14472,Passenger,20 to 24,Minor,NULL,NULL,0,0,1,0,1,0,0,1,1,1,0,0,0,22,2235,Clear,"Dark, artificial",-79.5915,43.6693
8001226350,14370,Truck Driver,75 to 79,None,Truck-Tractor,Turning Left,0,0,1,0,1,0,0,1,1,1,0,0,0,22,2235,Clear,"Dark, artificial",-79.5915,43.6693
8001284576,14771,Driver,25 to 29,None,Pick Up Truck,Turning Left,1,0,1,0,0,0,0,0,0,0,0,0,0,15,1457,Clear,Daylight,-79.4718,43.7102
8001284576,14772,Pedestrian,50 to 54,Major,NULL,NULL,1,0,1,0,0,0,0,0,0,0,0,0,0,15,1457,Clear,Daylight,-79.4718,43.7102
8001425154,14817,Driver,45 to 49,None,"Automobile, Station Wagon",Turning Right,1,0,1,0,0,0,0,0,0,1,0,0,0,21,2127,Clear,"Dark, artificial",-79.3532,43.7736
8001425154,14818,Pedestrian,35 to 39,Major,NULL,NULL,1,0,1,0,0,0,0,0,0,1,0,0,0,21,2127,Clear,"Dark, artificial",-79.3532,43.7736
8001441387,14825,Truck Driver,50 to 54,None,"Truck - Closed (Blazer, etc)",Going Ahead,1,0,0,0,1,0,0,1,0,0,0,0,0,12,1207,Clear,Daylight,-79.4344,43.6409
8001441387,14826,Passenger,55 to 59,None,NULL,NULL,1,0,0,0,1,0,0,1,0,0,0,0,0,12,1207,Clear,Daylight,-79.4344,43.6409
8001441387,14827,Pedestrian,65 to 69,Major,NULL,NULL,1,0,0,0,1,0,0,1,0,0,0,0,0,12,1207,Clear,Daylight,-79.4344,43.6409
8001460468,14834,Driver,55 to 59,None,"Automobile, Station Wagon",Going Ahead,1,0,1,0,0,0,0,0,0,0,0,0,0,1,50,Clear,Dark,-79.1646,43.7849
8001460468,14835,Driver,20 to 24,None,"Automobile, Station Wagon",Going Ahead,1,0,1,0,0,0,0,0,0,0,0,0,0,1,50,Clear,Dark,-79.1646,43.7849
8001460468,14836,Pedestrian,25 to 29,Fatal,NULL,NULL,1,0,1,0,0,0,0,0,0,0,0,0,0,1,50,Clear,Dark,-79.1646,43.7849
8001463987,14837,Driver,30 to 34,None,"Automobile, Station Wagon",Turning Left,0,0,1,0,0,0,0,0,0,1,0,0,0,14,1415,Clear,Daylight,-79.5596,43.7132
8001463987,14838,Driver,70 to 74,Major,"Automobile, Station Wagon",Going Ahead,0,0,1,0,0,0,0,0,0,1,0,0,0,14,1415,Clear,Daylight,-79.5596,43.7132
8001484332,14013,Cyclist,30 to 34,Major,Bicycle,Going Ahead,0,1,1,0,0,0,0,0,0,0,0,0,0,14,1430,Clear,Daylight,-79.4548,43.6886
8001484332,14014,Driver,25 to 29,None,"Automobile, Station Wagon",Turning Left,0,1,1,0,0,0,0,0,0,0,0,0,0,14,1430,Clear,Daylight,-79.4548,43.6886
8001531985,14037,Driver,20 to 24,None,"Automobile, Station Wagon",Changing Lanes,0,1,1,0,0,0,0,1,0,0,0,0,0,15,1543,Clear,Daylight,-79.4011,43.6522
8001531985,14038,Cyclist,65 to 69,Minor,Bicycle,Going Ahead,0,1,1,0,0,0,0,1,0,0,0,0,0,15,1543,Clear,Daylight,-79.4011,43.6522
8001531985,14039,Passenger,20 to 24,None,NULL,NULL,0,1,1,0,0,0,0,1,0,0,0,0,0,15,1543,Clear,Daylight,-79.4011,43.6522
8001531985,14040,Cyclist Passenger,60 to 64,Major,NULL,NULL,0,1,1,0,0,0,0,1,0,0,0,0,0,15,1543,Clear,Daylight,-79.4011,43.6522
8001574808,14076,Driver,45 to 49,None,Passenger Van,Turning Left,0,1,1,0,0,0,0,0,0,0,0,0,0,23,2300,Clear,"Dark, artificial",-79.5239,43.7037
8001574808,14077,Cyclist,40 to 44,Major,Bicycle,Going Ahead,0,1,1,0,0,0,0,0,0,0,0,0,0,23,2300,Clear,"Dark, artificial",-79.5239,43.7037
8001616700,14088,Driver,20 to 24,Minimal,Pick Up Truck,Going Ahead,0,0,1,0,0,0,0,1,0,1,0,1,0,3,319,Clear,"Dark, artificial",-79.4875,43.7496
8001616700,14089,Passenger,25 to 29,Major,NULL,NULL,0,0,1,0,0,0,0,1,0,1,0,1,0,3,319,Clear,"Dark, artificial",-79.4875,43.7496
8001655857,14470,Driver,55 to 59,Minimal,"Automobile, Station Wagon",Going Ahead,1,0,1,0,0,0,0,0,0,0,0,0,0,7,729,Clear,Daylight,-79.347,43.775
8001655857,14560,Driver,40 to 44,None,"Automobile, Station Wagon",Going Ahead,1,0,1,0,0,0,0,0,0,0,0,0,0,7,729,Clear,Daylight,-79.347,43.775
8001655857,14566,Pedestrian,35 to 39,Major,NULL,NULL,1,0,1,0,0,0,0,0,0,0,0,0,0,7,729,Clear,Daylight,-79.347,43.775
8001708692,14693,Driver,25 to 29,None,"Automobile, Station Wagon",Going Ahead,0,0,1,1,0,0,0,1,0,0,0,0,0,2,240,Clear,Dark,-79.4582,43.6504
8001708692,14694,Motorcycle Driver,45 to 49,Fatal,Motorcycle,Going Ahead,0,0,1,1,0,0,0,1,0,0,0,0,0,2,240,Clear,Dark,-79.4582,43.6504
8001708692,14695,Passenger,unknown,Major,NULL,NULL,0,0,1,1,0,0,0,1,0,0,0,0,0,2,240,Clear,Dark,-79.4582,43.6504
8001715339,14704,Driver,unknown,None,"Automobile, Station Wagon",Going Ahead,0,0,1,0,0,0,0,1,0,0,0,0,0,4,408,Clear,"Dark, artificial",-79.15,43.7875
8001715339,14705,Passenger,25 to 29,Major,NULL,NULL,0,0,1,0,0,0,0,1,0,0,0,0,0,4,408,Clear,"Dark, artificial",-79.15,43.7875
8001715339,14706,Passenger,25 to 29,Minimal,NULL,NULL,0,0,1,0,0,0,0,1,0,0,0,0,0,4,408,Clear,"Dark, artificial",-79.15,43.7875
8001781427,14748,Driver,35 to 39,None,"Automobile, Station Wagon",Turning Left,0,1,1,0,0,0,0,0,0,0,0,0,0,9,900,Clear,Daylight,-79.4225,43.6743
8001781427,14749,Cyclist,20 to 24,Major,Bicycle,Going Ahead,0,1,1,0,0,0,0,0,0,0,0,0,0,9,900,Clear,Daylight,-79.4225,43.6743
8001797776,15345,Driver,25 to 29,Minor,"Automobile, Station Wagon",Turning Left,0,0,1,0,0,0,0,1,1,1,0,0,0,17,1723,Clear,Daylight,-79.4001,43.6834
8001797776,15450,Passenger,50 to 54,Major,NULL,NULL,0,0,1,0,0,0,0,1,1,1,0,0,0,17,1723,Clear,Daylight,-79.4001,43.6834
8001797776,15446,Driver,35 to 39,None,"Automobile, Station Wagon",Going Ahead,0,0,1,0,0,0,0,1,1,1,0,0,0,17,1723,Clear,Daylight,-79.4001,43.6834
8001845570,15594,Driver,20 to 24,Major,"Automobile, Station Wagon",Unknown,0,0,1,0,0,0,0,1,1,1,0,0,0,1,125,Clear,"Dark, artificial",-79.1315,43.7806
8001845570,15595,Passenger,20 to 24,Minor,NULL,NULL,0,0,1,0,0,0,0,1,1,1,0,0,0,1,125,Clear,"Dark, artificial",-79.1315,43.7806
8002017467,15445,Passenger,70 to 74,Major,NULL,NULL,1,0,1,0,0,0,0,1,0,0,0,0,0,18,1835,Rain,"Dark, artificial",-79.3049,43.6874
8002017467,15451,Pedestrian,30 to 34,Minimal,NULL,NULL,1,0,1,0,0,0,0,1,0,0,0,0,0,18,1835,Rain,"Dark, artificial",-79.3049,43.6874
8002017467,15347,Driver,75 to 79,Major,"Automobile, Station Wagon",Turning Left,1,0,1,0,0,0,0,1,0,0,0,0,0,18,1835,Rain,"Dark, artificial",-79.3049,43.6874
8002024697,15574,Driver,30 to 34,Major,"Automobile, Station Wagon",Going Ahead,0,0,1,0,0,0,0,0,0,0,0,0,0,19,1940,Clear,"Dark, artificial",-79.3349,43.8042
8002114840,15786,Driver,20 to 24,None,"Automobile, Station Wagon",Turning Left,1,0,1,0,0,0,0,0,0,1,0,0,0,20,2016,Snow,"Dark, artificial",-79.3961,43.8031
8002114840,15787,Pedestrian,15 to 19,Major,NULL,NULL,1,0,1,0,0,0,0,0,0,1,0,0,0,20,2016,Snow,"Dark, artificial",-79.3961,43.8031
8002129020,15795,Driver,60 to 64,None,"Automobile, Station Wagon",Turning Left,1,0,1,0,0,0,0,0,0,0,0,0,0,8,847,Clear,Daylight,-79.3272,43.6744
8002129020,15796,Pedestrian,0 to 4,Major,NULL,NULL,1,0,1,0,0,0,0,0,0,0,0,0,0,8,847,Clear,Daylight,-79.3272,43.6744
8002134677,15801,Driver,20 to 24,None,"Automobile, Station Wagon",Going Ahead,1,0,1,0,0,0,0,0,0,0,0,0,0,1,130,Clear,"Dark, artificial",-79.2452,43.7549
8002134677,15802,Pedestrian,20 to 24,Major,NULL,NULL,1,0,1,0,0,0,0,0,0,0,0,0,0,1,130,Clear,"Dark, artificial",-79.2452,43.7549
8002177170,15824,Driver,30 to 34,None,"Automobile, Station Wagon",Going Ahead,1,0,1,0,0,0,0,1,0,0,0,0,0,17,1651,Rain,"Dark, artificial",-79.3828,43.6566
8002177170,15825,Passenger,unknown,None,NULL,NULL,1,0,1,0,0,0,0,1,0,0,0,0,0,17,1651,Rain,"Dark, artificial",-79.3828,43.6566
8002177170,15826,Pedestrian,60 to 64,Major,NULL,NULL,1,0,1,0,0,0,0,1,0,0,0,0,0,17,1651,Rain,"Dark, artificial",-79.3828,43.6566
8002190612,15827,Driver,20 to 24,Major,"Automobile, Station Wagon",Going Ahead,0,0,1,0,0,0,0,1,0,0,0,0,0,18,1812,Clear,Dark,-79.3359,43.7021
8002190612,15828,Driver,40 to 44,Minor,"Automobile, Station Wagon",Going Ahead,0,0,1,0,0,0,0,1,0,0,0,0,0,18,1812,Clear,Dark,-79.3359,43.7021
8000139002,14632,Driver,40 to 44,None,"Automobile, Station Wagon",Going Ahead,1,0,1,0,0,0,0,0,0,0,0,0,0,23,2316,Rain,"Dark, artificial",-79.3974,43.6529
8000148881,14635,Pedestrian,60 to 64,Fatal,NULL,NULL,1,0,1,0,0,0,0,0,0,1,1,0,0,12,1150,Clear,Daylight,-79.3245,43.8142
8000148881,14636,Driver,55 to 59,None,"Automobile, Station Wagon",Going Ahead,1,0,1,0,0,0,0,0,0,1,1,0,0,12,1150,Clear,Daylight,-79.3245,43.8142
8000172626,14644,Pedestrian,50 to 54,Major,NULL,NULL,1,0,1,0,0,0,0,0,0,0,0,0,0,1,140,Clear,"Dark, artificial",-79.4258,43.7032
8000172626,14645,Driver,40 to 44,None,"Automobile, Station Wagon",Going Ahead,1,0,1,0,0,0,0,0,0,0,0,0,0,1,140,Clear,"Dark, artificial",-79.4258,43.7032
8000252171,14254,Pedestrian,75 to 79,Major,NULL,NULL,1,0,1,0,0,0,0,0,0,0,0,0,0,11,1125,Snow,Daylight,-79.3711,43.6486
8000252171,14257,Driver,25 to 29,None,"Automobile, Station Wagon",Reversing,1,0,1,0,0,0,0,0,0,0,0,0,0,11,1125,Snow,Daylight,-79.3711,43.6486
8000348646,14514,Pedestrian,65 to 69,Major,NULL,NULL,1,0,1,0,0,0,0,0,0,1,0,0,0,8,849,Clear,Daylight,-79.5175,43.6613
8000348646,14515,Driver,20 to 24,None,"Automobile, Station Wagon",Going Ahead,1,0,1,0,0,0,0,0,0,1,0,0,0,8,849,Clear,Daylight,-79.5175,43.6613
8000361053,14518,Other,60 to 64,Major,"Automobile, Station Wagon",Parked,0,0,1,0,0,0,0,0,0,0,0,0,0,8,842,Clear,Daylight,-79.3861,43.6723
8000361053,14519,Driver,55 to 59,None,"Automobile, Station Wagon",Going Ahead,0,0,1,0,0,0,0,0,0,0,0,0,0,8,842,Clear,Daylight,-79.3861,43.6723
8000397220,14541,Driver,45 to 49,None,Passenger Van,Going Ahead,0,0,1,0,0,0,0,1,0,1,0,0,0,15,1515,Clear,Daylight,-79.4457,43.7923
8000397220,14542,Driver,80 to 84,Minimal,"Automobile, Station Wagon",Going Ahead,0,0,1,0,0,0,0,1,0,1,0,0,0,15,1515,Clear,Daylight,-79.4457,43.7923
8000397220,14543,Passenger,75 to 79,Major,NULL,NULL,0,0,1,0,0,0,0,1,0,1,0,0,0,15,1515,Clear,Daylight,-79.4457,43.7923
8000471582,14249,Driver,15 to 19,None,"Automobile, Station Wagon",Going Ahead,1,0,1,0,0,0,0,0,1,1,0,1,0,2,226,Clear,"Dark, artificial",-79.3981,43.6581
8000471582,14251,Pedestrian,20 to 24,Fatal,NULL,NULL,1,0,1,0,0,0,0,0,1,1,0,1,0,2,226,Clear,"Dark, artificial",-79.3981,43.6581
8000509644,14654,Driver,35 to 39,Major,"Automobile, Station Wagon",Going Ahead,0,0,1,0,0,0,0,0,1,1,0,1,0,2,232,Clear,"Dark, artificial",-79.4832,43.7317
8000509644,14659,Driver,35 to 39,None,"Automobile, Station Wagon",Going Ahead,0,0,1,0,0,0,0,0,1,1,0,1,0,2,232,Clear,"Dark, artificial",-79.4832,43.7317
8000514399,14757,Driver,40 to 44,None,"Automobile, Station Wagon",Going Ahead,0,0,1,0,0,0,0,0,0,1,1,0,0,17,1720,Clear,Daylight,-79.4718,43.7102
8000514399,14758,Driver,55 to 59,Major,Passenger Van,Going Ahead,0,0,1,0,0,0,0,0,0,1,1,0,0,17,1720,Clear,Daylight,-79.4718,43.7102
8000516187,14761,Pedestrian,45 to 49,Major,NULL,NULL,1,0,1,0,0,0,0,0,0,0,0,0,0,23,2305,Clear,"Dark, artificial",-79.381,43.6397
8000516187,14846,Driver,65 to 69,None,"Automobile, Station Wagon",Going Ahead,1,0,1,0,0,0,0,0,0,0,0,0,0,23,2305,Clear,"Dark, artificial",-79.381,43.6397
8000546560,14853,Pedestrian,80 to 84,Major,NULL,NULL,1,0,1,0,0,0,0,0,0,1,0,0,0,16,1604,Clear,Daylight,-79.32,43.7994
8000546560,14854,Driver,40 to 44,None,"Automobile, Station Wagon",Turning Left,1,0,1,0,0,0,0,0,0,1,0,0,0,16,1604,Clear,Daylight,-79.32,43.7994
8000630918,14867,Passenger,10 to 14,Major,NULL,NULL,0,0,1,0,0,0,0,1,0,1,0,0,0,20,2030,Clear,"Dark, artificial",-79.5362,43.7532
8000630918,14868,Passenger,45 to 49,Minor,NULL,NULL,0,0,1,0,0,0,0,1,0,1,0,0,0,20,2030,Clear,"Dark, artificial",-79.5362,43.7532
8000630918,14869,Passenger,40 to 44,Minor,NULL,NULL,0,0,1,0,0,0,0,1,0,1,0,0,0,20,2030,Clear,"Dark, artificial",-79.5362,43.7532
8000630918,14870,Driver,60 to 64,Minor,"Automobile, Station Wagon",Stopped,0,0,1,0,0,0,0,1,0,1,0,0,0,20,2030,Clear,"Dark, artificial",-79.5362,43.7532
8000630918,14871,Driver,40 to 44,Minor,"Automobile, Station Wagon",Stopped,0,0,1,0,0,0,0,1,0,1,0,0,0,20,2030,Clear,"Dark, artificial",-79.5362,43.7532
8000630918,14872,Driver,30 to 34,None,"Automobile, Station Wagon",Going Ahead,0,0,1,0,0,0,0,1,0,1,0,0,0,20,2030,Clear,"Dark, artificial",-79.5362,43.7532
8000720463,14892,Pedestrian,60 to 64,Major,NULL,NULL,1,0,0,1,0,0,0,0,1,1,0,0,0,17,1706,Clear,"Dark, artificial",-79.4748,43.6895
8000720463,14893,Motorcycle Driver,unknown,None,Motorcycle,Going Ahead,1,0,0,1,0,0,0,0,1,1,0,0,0,17,1706,Clear,"Dark, artificial",-79.4748,43.6895
8000877104,14294,Driver,25 to 29,None,"Automobile, Station Wagon",Going Ahead,0,1,1,0,0,0,0,0,0,1,1,0,0,16,1558,Clear,Daylight,-79.4588,43.6377
8000877104,14295,Cyclist,35 to 39,Fatal,Bicycle,Going Ahead,0,1,1,0,0,0,0,0,0,1,1,0,0,16,1558,Clear,Daylight,-79.4588,43.6377
8000903951,14303,Driver,25 to 29,None,"Automobile, Station Wagon",Going Ahead,1,0,1,0,0,0,0,1,0,0,0,0,0,16,1550,Clear,Daylight,-79.4902,43.6158
8000903951,14304,Passenger,25 to 29,None,NULL,NULL,1,0,1,0,0,0,0,1,0,0,0,0,0,16,1550,Clear,Daylight,-79.4902,43.6158
8000903951,14305,Passenger,20 to 24,None,NULL,NULL,1,0,1,0,0,0,0,1,0,0,0,0,0,16,1550,Clear,Daylight,-79.4902,43.6158
8000903951,14306,Pedestrian,5 to 9,Major,NULL,NULL,1,0,1,0,0,0,0,1,0,0,0,0,0,16,1550,Clear,Daylight,-79.4902,43.6158
8000986648,14347,Driver,35 to 39,None,"Automobile, Station Wagon",Going Ahead,1,0,1,0,0,0,0,1,0,0,0,0,0,21,2054,Clear,Daylight,-79.1861,43.7683
8000986648,14348,Pedestrian,35 to 39,Major,NULL,NULL,1,0,1,0,0,0,0,1,0,0,0,0,0,21,2054,Clear,Daylight,-79.1861,43.7683
8000986648,14349,Passenger,40 to 44,None,NULL,NULL,1,0,1,0,0,0,0,1,0,0,0,0,0,21,2054,Clear,Daylight,-79.1861,43.7683
8000986648,14350,Passenger,0 to 4,None,NULL,NULL,1,0,1,0,0,0,0,1,0,0,0,0,0,21,2054,Clear,Daylight,-79.1861,43.7683
8001004322,14022,Motorcycle Driver,20 to 24,Major,Motorcycle,Going Ahead,0,0,1,1,0,0,0,1,0,1,0,0,0,12,1235,Clear,Daylight,-79.2311,43.7953