ACCNUM,ObjectId,INVTYPE,INVAGE,INJURY,VEHTYPE,MANOEUVER,PEDESTRIAN,CYCLIST,AUTOMOBILE,MOTORCYCLE,TRUCK,TRSN_CITY_VEH,EMERG_VEH,PASSENGER,SPEEDING,AG_DRIV,REDLIGHT,ALCOHOL,DISABILITY,HOUR,TIME,VISIBILITY,LIGHT,collision_lat,collision_long
8001004322,14119,Driver,50 to 54,None,"Automobile, Station Wagon",Going Ahead,0,0,1,1,0,0,0,1,0,1,0,0,0,12,1235,Clear,Daylight,-79.2311,43.7953
8001004322,14124,Passenger,55 to 59,None,NULL,NULL,0,0,1,1,0,0,0,1,0,1,0,0,0,12,1235,Clear,Daylight,-79.2311,43.7953
8001064286,14378,Truck Driver,65 to 69,None,Truck - Open,Turning Right,0,1,0,0,1,0,0,0,0,0,0,0,0,12,1204,Clear,Daylight,-79.3997,43.6674
8001064286,14379,Cyclist,55 to 59,Fatal,Bicycle,Going Ahead,0,1,0,0,1,0,0,0,0,0,0,0,0,12,1204,Clear,Daylight,-79.3997,43.6674
8001089353,14392,Driver,20 to 24,None,"Automobile, Station Wagon",Turning Left,1,0,1,0,0,0,0,0,0,1,0,0,0,19,1928,Clear,Daylight,-79.257,43.8351
8001089353,14393,Pedestrian,40 to 44,Major,NULL,NULL,1,0,1,0,0,0,0,0,0,1,0,0,0,19,1928,Clear,Daylight,-79.257,43.8351
8001139580,14425,Driver,35 to 39,Major,"Automobile, Station Wagon",Turning Left,0,0,1,0,0,0,0,1,0,1,0,0,0,0,15,Clear,Dark,-79.199,43.8002
8001139580,14426,Driver,50 to 54,Minimal,"Automobile, Station Wagon",Going Ahead,0,0,1,0,0,0,0,1,0,1,0,0,0,0,15,Clear,Dark,-79.199,43.8002
8001139580,14427,Driver,15 to 19,Minimal,"Automobile, Station Wagon",Stopped,0,0,1,0,0,0,0,1,0,1,0,0,0,0,15,Clear,Dark,-79.199,43.8002
8001139580,14428,Passenger,25 to 29,Minor,NULL,NULL,0,0,1,0,0,0,0,1,0,1,0,0,0,0,15,Clear,Dark,-79.199,43.8002
8001139580,14429,Passenger,15 to 19,None,NULL,NULL,0,0,1,0,0,0,0,1,0,1,0,0,0,0,15,Clear,Dark,-79.199,43.8002
8001139580,14430,Passenger,15 to 19,None,NULL,NULL,0,0,1,0,0,0,0,1,0,1,0,0,0,0,15,Clear,Dark,-79.199,43.8002
8001174329,14442,Driver,70 to 74,None,"Automobile, Station Wagon",Going Ahead,1,0,1,0,0,0,0,0,0,0,0,0,0,10,1024,Clear,Daylight,-79.3879,43.7636
8001174329,14443,Pedestrian,75 to 79,Major,NULL,NULL,1,0,1,0,0,0,0,0,0,0,0,0,0,10,1024,Clear,Daylight,-79.3879,43.7636
8001275127,14765,Driver,75 to 79,None,"Automobile, Station Wagon",Going Ahead,1,0,1,0,0,0,0,0,0,0,0,0,0,7,740,Clear,Daylight,-79.5157,43.7461
8001275127,14766,Pedestrian,20 to 24,Major,NULL,NULL,1,0,1,0,0,0,0,0,0,0,0,0,0,7,740,Clear,Daylight,-79.5157,43.7461
8001315456,14777,Driver,unknown,None,"Automobile, Station Wagon",Going Ahead,1,0,1,0,0,0,0,0,0,0,0,0,0,3,259,Clear,"Dark, artificial",-79.3916,43.6511
8001315456,14778,Pedestrian,35 to 39,Major,NULL,NULL,1,0,1,0,0,0,0,0,0,0,0,0,0,3,259,Clear,"Dark, artificial",-79.3916,43.6511
8001352624,14789,Driver,60 to 64,None,"Automobile, Station Wagon",Turning Left,1,0,1,0,0,0,0,0,0,1,0,0,0,15,1505,Clear,Daylight,-79.3863,43.6581
8001352624,14790,Pedestrian,25 to 29,Major,NULL,NULL,1,0,1,0,0,0,0,0,0,1,0,0,0,15,1505,Clear,Daylight,-79.3863,43.6581
8001431981,14820,Driver,55 to 59,None,Delivery Van,Going Ahead,1,0,1,0,0,0,0,1,0,0,0,0,0,21,2137,Clear,"Dark, artificial",-79.4562,43.6788
8001431981,14821,Pedestrian,20 to 24,Major,NULL,NULL,1,0,1,0,0,0,0,1,0,0,0,0,0,21,2137,Clear,"Dark, artificial",-79.4562,43.6788
8001431981,14822,Passenger,55 to 59,None,NULL,NULL,1,0,1,0,0,0,0,1,0,0,0,0,0,21,2137,Clear,"Dark, artificial",-79.4562,43.6788
8001473575,14841,Motorcycle Driver,70 to 74,Fatal,Motorcycle,Going Ahead,0,0,1,1,0,0,0,0,0,1,1,0,0,21,2055,Clear,Daylight,-79.2391,43.7673
8001473575,14842,Driver,30 to 34,None,"Automobile, Station Wagon",Going Ahead,0,0,1,1,0,0,0,0,0,1,1,0,0,21,2055,Clear,Daylight,-79.2391,43.7673
8001489549,14015,Driver,50 to 54,Minimal,"Automobile, Station Wagon",Going Ahead,0,0,1,0,0,0,0,1,0,1,0,0,0,10,1039,Clear,Daylight,-79.4908,43.7233
8001489549,14016,Passenger,50 to 54,Major,NULL,NULL,0,0,1,0,0,0,0,1,0,1,0,0,0,10,1039,Clear,Daylight,-79.4908,43.7233
8001489549,14017,Other,unknown,None,NULL,Parked,0,0,1,0,0,0,0,1,0,1,0,0,0,10,1039,Clear,Daylight,-79.4908,43.7233
8001494074,14018,Pedestrian,45 to 49,Major,NULL,NULL,1,0,1,0,0,0,0,0,0,0,0,0,0,23,2301,Clear,Dark,-79.5079,43.601
8001494074,14019,Driver,40 to 44,None,"Automobile, Station Wagon",Going Ahead,1,0,1,0,0,0,0,0,0,0,0,0,0,23,2301,Clear,Dark,-79.5079,43.601
8001556477,14054,Driver,unknown,None,"Automobile, Station Wagon",Pulling Away from Shoulder or Curb,0,0,1,1,0,0,0,0,0,1,0,0,0,9,909,Clear,Daylight,-79.4258,43.6951
8001556477,14055,Motorcycle Driver,40 to 44,Major,Motorcycle,Going Ahead,0,0,1,1,0,0,0,0,0,1,0,0,0,9,909,Clear,Daylight,-79.4258,43.6951
8001561276,14058,Driver,55 to 59,None,"Automobile, Station Wagon",Making U Turn,0,0,1,0,0,0,0,1,0,0,0,0,0,22,2235,Clear,"Dark, artificial",-79.5112,43.6183
8001561276,14059,Driver,35 to 39,Minimal,"Automobile, Station Wagon",Turning Left,0,0,1,0,0,0,0,1,0,0,0,0,0,22,2235,Clear,"Dark, artificial",-79.5112,43.6183
8001561276,14060,Passenger,85 to 89,Major,NULL,NULL,0,0,1,0,0,0,0,1,0,0,0,0,0,22,2235,Clear,"Dark, artificial",-79.5112,43.6183
8001561276,14061,Passenger,50 to 54,None,NULL,NULL,0,0,1,0,0,0,0,1,0,0,0,0,0,22,2235,Clear,"Dark, artificial",-79.5112,43.6183
8001561276,14062,Passenger,30 to 34,Minor,NULL,NULL,0,0,1,0,0,0,0,1,0,0,0,0,0,22,2235,Clear,"Dark, artificial",-79.5112,43.6183
8001571012,14070,Passenger,0 to 4,Minor,NULL,NULL,0,0,1,0,0,1,0,1,0,0,0,0,0,11,1112,Clear,Daylight,-79.417,43.7858
8001571012,14068,Driver,25 to 29,None,Municipal Transit Bus (TTC),Going Ahead,0,0,1,0,0,1,0,1,0,0,0,0,0,11,1112,Clear,Daylight,-79.417,43.7858
8002097783,15780,Pedestrian,50 to 54,Major,NULL,NULL,1,0,1,0,0,0,0,0,0,1,1,0,0,8,827,Clear,Daylight,-79.4916,43.7656
8002097783,15781,Pedestrian,10 to 14,Major,NULL,NULL,1,0,1,0,0,0,0,0,0,1,1,0,0,8,827,Clear,Daylight,-79.4916,43.7656
8002138681,15803,Driver,60 to 64,None,"Automobile, Station Wagon",Going Ahead,1,0,1,0,0,0,0,0,0,0,0,0,0,16,1606,Clear,"Dusk, artificial",-79.4653,43.7618
8002138681,15804,Pedestrian,20 to 24,Major,NULL,NULL,1,0,1,0,0,0,0,0,0,0,0,0,0,16,1606,Clear,"Dusk, artificial",-79.4653,43.7618
8002144295,15807,Driver,45 to 49,None,Construction Equipment,Pulling Away from Shoulder or Curb,0,0,1,0,0,0,0,0,0,0,0,0,0,13,1306,Clear,Daylight,-79.4894,43.6869
8002144295,15808,Driver,45 to 49,Major,"Automobile, Station Wagon",Going Ahead,0,0,1,0,0,0,0,0,0,0,0,0,0,13,1306,Clear,Daylight,-79.4894,43.6869
8002159261,15814,Driver,unknown,None,Pick Up Truck,Going Ahead,1,0,1,0,0,0,0,0,0,0,0,0,0,17,1739,Clear,Daylight,-79.285,43.7678
8002159261,15815,Pedestrian,45 to 49,Major,NULL,NULL,1,0,1,0,0,0,0,0,0,0,0,0,0,17,1739,Clear,Daylight,-79.285,43.7678
8002279692,15050,Driver,60 to 64,None,Municipal Transit Bus (TTC),Turning Left,1,0,0,0,0,1,0,0,0,1,0,0,0,15,1538,Clear,Daylight,-79.2348,43.7945
8002279692,15052,Pedestrian,60 to 64,Major,NULL,NULL,1,0,0,0,0,1,0,0,0,1,0,0,0,15,1538,Clear,Daylight,-79.2348,43.7945
8002281849,15055,Driver,20 to 24,Major,"Automobile, Station Wagon",Going Ahead,0,0,1,0,0,0,0,1,1,1,0,0,0,22,2205,Clear,"Dark, artificial",-79.3532,43.7858
8002281849,15056,Passenger,20 to 24,None,NULL,NULL,0,0,1,0,0,0,0,1,1,1,0,0,0,22,2205,Clear,"Dark, artificial",-79.3532,43.7858
8002281849,15057,Passenger,20 to 24,Minor,NULL,NULL,0,0,1,0,0,0,0,1,1,1,0,0,0,22,2205,Clear,"Dark, artificial",-79.3532,43.7858
8002281849,15058,Passenger,20 to 24,Minor,NULL,NULL,0,0,1,0,0,0,0,1,1,1,0,0,0,22,2205,Clear,"Dark, artificial",-79.3532,43.7858
9000040914,15048,Driver,65 to 69,None,"Automobile, Station Wagon",Going Ahead,1,0,1,0,0,0,0,0,1,1,0,0,0,20,2012,Rain,"Dark, artificial",-79.4355,43.6395
9000040914,15117,Wheelchair,60 to 64,Fatal,NULL,NULL,1,0,1,0,0,0,0,0,1,1,0,0,0,20,2012,Rain,"Dark, artificial",-79.4355,43.6395
9000047172,15126,Pedestrian,65 to 69,Fatal,NULL,NULL,1,0,1,0,0,0,0,0,0,0,0,0,0,18,1838,Rain,"Dark, artificial",-79.3117,43.7067
9000047172,15128,Driver,55 to 59,None,Delivery Van,Going Ahead,1,0,1,0,0,0,0,0,0,0,0,0,0,18,1838,Rain,"Dark, artificial",-79.3117,43.7067
9000097665,15163,Pedestrian,75 to 79,Fatal,NULL,NULL,1,0,0,0,1,0,0,0,0,0,0,0,0,13,1332,Clear,Daylight,-79.45,43.6952
9000097665,15164,Driver,25 to 29,None,Truck (other),Going Ahead,1,0,0,0,1,0,0,0,0,0,0,0,0,13,1332,Clear,Daylight,-79.45,43.6952
9000106457,15165,Driver,unknown,None,"Automobile, Station Wagon",Turning Left,1,0,1,0,0,0,0,0,0,1,0,0,0,19,1900,Clear,"Dark, artificial",-79.2763,43.6946
9000106457,15166,Pedestrian,65 to 69,Major,NULL,NULL,1,0,1,0,0,0,0,0,0,1,0,0,0,19,1900,Clear,"Dark, artificial",-79.2763,43.6946
9000181850,15181,Driver,50 to 54,Minor,"Automobile, Station Wagon",Going Ahead,0,0,1,0,0,0,0,1,0,1,1,0,0,15,1527,Clear,Daylight,-79.3201,43.7816
9000181850,15182,Driver,40 to 44,Minimal,"Automobile, Station Wagon",Going Ahead,0,0,1,0,0,0,0,1,0,1,1,0,0,15,1527,Clear,Daylight,-79.3201,43.7816
9000181850,15183,Passenger,25 to 29,Major,NULL,NULL,0,0,1,0,0,0,0,1,0,1,1,0,0,15,1527,Clear,Daylight,-79.3201,43.7816
9000181850,15184,Passenger,0 to 4,Minor,NULL,NULL,0,0,1,0,0,0,0,1,0,1,1,0,0,15,1527,Clear,Daylight,-79.3201,43.7816
9000294499,15216,Truck Driver,60 to 64,None,Truck-Tractor,Turning Right,1,0,0,0,1,0,0,1,0,1,0,0,0,20,2049,Clear,"Dark, artificial",-79.4767,43.6815
9000294499,15217,Passenger,40 to 44,None,NULL,NULL,1,0,0,0,1,0,0,1,0,1,0,0,0,20,2049,Clear,"Dark, artificial",-79.4767,43.6815
9000294499,15218,Pedestrian,55 to 59,Major,NULL,NULL,1,0,0,0,1,0,0,1,0,1,0,0,0,20,2049,Clear,"Dark, artificial",-79.4767,43.6815
9000296843,15219,Pedestrian,85 to 89,Fatal,NULL,NULL,1,0,1,0,0,0,0,0,0,0,0,0,0,9,907,Clear,Daylight,-79.3246,43.8153
9000296843,15220,Driver,50 to 54,None,"Automobile, Station Wagon",Going Ahead,1,0,1,0,0,0,0,0,0,0,0,0,0,9,907,Clear,Daylight,-79.3246,43.8153
9000320789,15221,Truck Driver,50 to 54,None,Truck-Tractor,Turning Right,1,0,0,0,1,0,0,0,0,1,0,0,0,8,815,Clear,Daylight,-79.338,43.6685
9000320789,15222,Pedestrian,70 to 74,Major,NULL,NULL,1,0,0,0,1,0,0,0,0,1,0,0,0,8,815,Clear,Daylight,-79.338,43.6685
9000402520,15109,Driver,25 to 29,None,"Automobile, Station Wagon",Going Ahead,1,0,1,0,0,0,0,0,0,0,0,0,0,18,1755,Clear,Daylight,-79.3703,43.6453
9000402520,15242,Pedestrian,25 to 29,Major,NULL,NULL,1,0,1,0,0,0,0,0,0,0,0,0,0,18,1755,Clear,Daylight,-79.3703,43.6453
9000419013,15448,Driver,55 to 59,None,Intercity Bus,Going Ahead,1,0,0,0,0,1,0,0,0,0,0,0,0,9,901,NULL,Daylight,-79.4602,43.6933
9000419013,15359,Pedestrian,75 to 79,Fatal,NULL,NULL,1,0,0,0,0,1,0,0,0,0,0,0,0,9,901,NULL,Daylight,-79.4602,43.6933
9000454509,15667,Pedestrian,70 to 74,Major,NULL,NULL,1,0,1,0,0,0,0,0,0,1,0,0,0,18,1830,Clear,Daylight,-79.1507,43.7874
9000454509,15580,Driver,65 to 69,None,"Automobile, Station Wagon",Going Ahead,1,0,1,0,0,0,0,0,0,1,0,0,0,18,1830,Clear,Daylight,-79.1507,43.7874
9000483734,15687,Driver,20 to 24,None,"Automobile, Station Wagon",Going Ahead,0,0,1,0,0,0,0,1,1,1,0,0,0,6,630,Clear,"Dark, artificial",-79.3637,43.6523
9000483734,15688,Passenger,20 to 24,Major,NULL,NULL,0,0,1,0,0,0,0,1,1,1,0,0,0,6,630,Clear,"Dark, artificial",-79.3637,43.6523
9000483734,15689,Passenger,15 to 19,None,NULL,NULL,0,0,1,0,0,0,0,1,1,1,0,0,0,6,630,Clear,"Dark, artificial",-79.3637,43.6523
9000568934,15721,Driver,20 to 24,None,"Automobile, Station Wagon",Turning Left,0,0,1,1,0,0,0,0,0,1,0,0,0,20,2022,Clear,Daylight,-79.3601,43.6701
9000568934,15722,Motorcycle Driver,25 to 29,Major,Motorcycle,Going Ahead,0,0,1,1,0,0,0,0,0,1,0,0,0,20,2022,Clear,Daylight,-79.3601,43.6701
9000570843,15723,Driver,30 to 34,Major,"Automobile, Station Wagon",Going Ahead,0,0,1,0,0,0,0,0,1,1,0,0,0,4,352,Clear,"Dark, artificial",-79.3086,43.7062
9000650063,15745,Passenger,25 to 29,Major,NULL,NULL,0,0,1,0,0,0,0,1,1,1,0,0,0,21,2138,Clear,"Dark, artificial",-79.2455,43.7404
9000650063,15746,Driver,20 to 24,None,"Automobile, Station Wagon",Going Ahead,0,0,1,0,0,0,0,1,1,1,0,0,0,21,2138,Clear,"Dark, artificial",-79.2455,43.7404
9000650063,15747,Driver,50 to 54,Minor,"Automobile, Station Wagon",Turning Left,0,0,1,0,0,0,0,1,1,1,0,0,0,21,2138,Clear,"Dark, artificial",-79.2455,43.7404
9000650063,15748,Passenger,15 to 19,None,NULL,NULL,0,0,1,0,0,0,0,1,1,1,0,0,0,21,2138,Clear,"Dark, artificial",-79.2455,43.7404
9000700060,15257,Driver,unknown,None,"Automobile, Station Wagon",Reversing,1,0,1,0,0,0,0,0,0,0,0,0,0,11,1145,Clear,Daylight,-79.3774,43.6512
9000700060,15259,Pedestrian,45 to 49,Major,NULL,NULL,1,0,1,0,0,0,0,0,0,0,0,0,0,11,1145,Clear,Daylight,-79.3774,43.6512
9000789111,15279,Driver,30 to 34,Major,"Automobile, Station Wagon",Going Ahead,0,0,1,0,0,0,0,0,0,0,0,1,0,2,200,Clear,"Dark, artificial",-79.5452,43.6016
9000814288,15284,Driver,25 to 29,Minor,"Automobile, Station Wagon",Going Ahead,0,0,1,0,0,0,0,1,1,1,0,0,0,15,1530,Clear,Daylight,-79.4685,43.7531
9000814288,15285,Driver,50 to 54,Major,"Automobile, Station Wagon",Merging,0,0,1,0,0,0,0,1,1,1,0,0,0,15,1530,Clear,Daylight,-79.4685,43.7531
9000814288,15286,Passenger,10 to 14,Minor,NULL,NULL,0,0,1,0,0,0,0,1,1,1,0,0,0,15,1530,Clear,Daylight,-79.4685,43.7531
9000814288,15287,Passenger,20 to 24,Major,NULL,NULL,0,0,1,0,0,0,0,1,1,1,0,0,0,15,1530,Clear,Daylight,-79.4685,43.7531
9000942318,15322,Driver,70 to 74,None,"Automobile, Station Wagon",Going Ahead,1,0,1,0,0,0,0,0,0,1,0,0,0,17,1730,Clear,Daylight,-79.3521,43.6582
9000942318,15323,Pedestrian,70 to 74,Major,NULL,NULL,1,0,1,0,0,0,0,0,0,1,0,0,0,17,1730,Clear,Daylight,-79.3521,43.6582
9001003042,15343,Driver,35 to 39,Major,"Automobile, Station Wagon",Going Ahead,0,0,1,0,0,0,0,0,1,1,0,1,0,0,45,Clear,"Dark, artificial",-79.494,43.7048
9001003042,15344,Driver,55 to 59,None,"Automobile, Station Wagon",Stopped,0,0,1,0,0,0,0,0,1,1,0,1,0,0,45,Clear,"Dark, artificial",-79.494,43.7048
9001044395,15839,Driver,85 to 89,Minimal,"Automobile, Station Wagon",Turning Left,0,0,1,1,0,0,0,0,0,1,1,0,0,21,2124,Clear,Dark,-79.448,43.7534
9001044395,15841,Motorcycle Driver,30 to 34,Fatal,Motorcycle,Going Ahead,0,0,1,1,0,0,0,0,0,1,1,0,0,21,2124,Clear,Dark,-79.448,43.7534
9001133946,15951,Cyclist,20 to 24,Major,Bicycle,Changing Lanes,0,1,1,0,0,0,0,1,0,0,0,0,0,9,925,Clear,Daylight,-79.2744,43.7217
9001133946,15952,Driver,25 to 29,None,"Automobile, Station Wagon",Going Ahead,0,1,1,0,0,0,0,1,0,0,0,0,0,9,925,Clear,Daylight,-79.2744,43.7217
9001133946,15953,Passenger,20 to 24,Minimal,NULL,NULL,0,1,1,0,0,0,0,1,0,0,0,0,0,9,925,Clear,Daylight,-79.2744,43.7217
9001146932,15959,Driver,unknown,None,"Automobile, Station Wagon",Turning Right,1,0,1,0,0,0,0,0,0,1,0,0,0,22,2204,Rain,"Dark, artificial",-79.271,43.714
9001146932,15960,Pedestrian,20 to 24,Major,NULL,NULL,1,0,1,0,0,0,0,0,0,1,0,0,0,22,2204,Rain,"Dark, artificial",-79.271,43.714
9001150354,15961,Driver,65 to 69,None,Pick Up Truck,Turning Left,0,0,1,1,0,0,0,0,0,1,0,0,0,12,1230,Clear,Daylight,-79.5226,43.6428
9001150354,15962,Motorcycle Driver,30 to 34,Major,Motorcycle,Going Ahead,0,0,1,1,0,0,0,0,0,1,0,0,0,12,1230,Clear,Daylight,-79.5226,43.6428
9001233814,15997,Driver,40 to 44,Major,"Automobile, Station Wagon",Going Ahead,0,0,1,0,0,0,0,0,0,0,0,0,1,6,635,Clear,Daylight,-79.3157,43.6924
9001264141,15348,Driver,25 to 29,Major,"Automobile, Station Wagon",Going Ahead,0,0,1,0,0,0,0,0,1,1,0,0,0,6,612,Clear,Daylight,-79.4638,43.6765
9001305617,15477,Driver,15 to 19,None,"Automobile, Station Wagon",Turning Left,0,0,1,1,0,0,0,0,0,1,0,0,0,18,1820,Clear,Daylight,-79.5511,43.7564
9001305617,15478,Motorcycle Driver,35 to 39,Major,Motorcycle,Going Ahead,0,0,1,1,0,0,0,0,0,1,0,0,0,18,1820,Clear,Daylight,-79.5511,43.7564
9001357521,15489,Driver,35 to 39,None,"Automobile, Station Wagon",Turning Left,0,0,1,0,0,0,0,1,0,0,0,0,0,19,1924,Clear,Daylight,-79.5191,43.757
9001357521,15490,Driver,70 to 74,None,"Automobile, Station Wagon",Going Ahead,0,0,1,0,0,0,0,1,0,0,0,0,0,19,1924,Clear,Daylight,-79.5191,43.757
9001357521,15491,Passenger,15 to 19,None,NULL,NULL,0,0,1,0,0,0,0,1,0,0,0,0,0,19,1924,Clear,Daylight,-79.5191,43.757
9001357521,15492,Passenger,60 to 64,Major,NULL,NULL,0,0,1,0,0,0,0,1,0,0,0,0,0,19,1924,Clear,Daylight,-79.5191,43.757
9001357521,15493,Passenger,50 to 54,None,NULL,NULL,0,0,1,0,0,0,0,1,0,0,0,0,0,19,1924,Clear,Daylight,-79.5191,43.757
9001357521,15494,Passenger,25 to 29,None,NULL,NULL,0,0,1,0,0,0,0,1,0,0,0,0,0,19,1924,Clear,Daylight,-79.5191,43.757
9001372867,15504,Motorcycle Driver,20 to 24,Major,Motorcycle,Going Ahead,0,0,0,1,0,1,0,0,1,1,0,0,0,0,21,Clear,"Dark, artificial",-79.4256,43.6619
9001372867,15505,Driver,30 to 34,None,Intercity Bus,Turning Left,0,0,0,1,0,1,0,0,1,1,0,0,0,0,21,Clear,"Dark, artificial",-79.4256,43.6619
9001400001,15508,Motorcycle Driver,45 to 49,Major,Motorcycle,Slowing or Stopping,0,0,1,1,0,0,0,0,0,0,0,0,0,17,1712,Clear,Daylight,-79.3664,43.8097
9001400001,15509,Driver,50 to 54,None,"Automobile, Station Wagon",Stopped,0,0,1,1,0,0,0,0,0,0,0,0,0,17,1712,Clear,Daylight,-79.3664,43.8097
8001178927,14447,Cyclist,55 to 59,Major,Bicycle,Going Ahead,0,1,0,0,0,0,0,0,0,0,0,0,0,22,2234,Clear,"Dark, artificial",-79.3211,43.771
8001330497,14781,Driver,65 to 69,Major,"Automobile, Station Wagon",Going Ahead,0,0,1,0,0,0,0,0,1,1,0,0,1,5,529,Clear,"Dawn, artificial",-79.4565,43.6644
8001355778,14791,Driver,20 to 24,Fatal,"Automobile, Station Wagon",Going Ahead,0,0,1,0,0,0,0,0,1,1,0,0,0,0,45,Clear,"Dark, artificial",-79.413,43.7776
8001389602,14799,Driver,60 to 64,None,"Automobile, Station Wagon",Going Ahead,1,0,1,0,0,0,0,1,0,0,0,0,0,21,2122,Clear,Dark,-79.3077,43.6637
8001389602,14800,Passenger,50 to 54,None,NULL,NULL,1,0,1,0,0,0,0,1,0,0,0,0,0,21,2122,Clear,Dark,-79.3077,43.6637
8001389602,14801,Pedestrian,45 to 49,Major,NULL,NULL,1,0,1,0,0,0,0,1,0,0,0,0,0,21,2122,Clear,Dark,-79.3077,43.6637
8001393342,14802,Driver,40 to 44,Major,"Automobile, Station Wagon",Turning Left,0,0,1,1,0,0,0,0,0,1,0,0,0,12,1238,Clear,Daylight,-79.2363,43.8007
8001393342,14803,Motorcycle Driver,35 to 39,Minor,Motorcycle,Going Ahead,0,0,1,1,0,0,0,0,0,1,0,0,0,12,1238,Clear,Daylight,-79.2363,43.8007
8001410781,14811,Driver,15 to 19,None,"Automobile, Station Wagon",Going Ahead,1,0,1,0,0,0,0,0,0,0,0,0,0,21,2100,Clear,"Dark, artificial",-79.515,43.747
8001410781,14812,Pedestrian,65 to 69,Major,NULL,NULL,1,0,1,0,0,0,0,0,0,0,0,0,0,21,2100,Clear,"Dark, artificial",-79.515,43.747
8001446568,14828,Driver,50 to 54,Minor,"Automobile, Station Wagon",Turning Left,0,0,1,1,0,0,0,0,0,0,0,0,0,9,900,Clear,Daylight,-79.4293,43.661
8001446568,14829,Motorcycle Driver,45 to 49,Major,Motorcycle,Going Ahead,0,0,1,1,0,0,0,0,0,0,0,0,0,9,900,Clear,Daylight,-79.4293,43.661
8001506875,14023,Driver,70 to 74,Major,"Automobile, Station Wagon",Going Ahead,0,0,1,0,0,0,0,0,0,0,0,0,1,19,1914,Clear,Daylight,-79.4339,43.6561
8001538973,14041,Passenger,45 to 49,None,NULL,NULL,0,0,1,0,0,1,0,1,1,1,1,0,0,16,1616,Clear,Daylight,-79.5497,43.6873
8001538973,14042,Driver,25 to 29,Minor,"Automobile, Station Wagon",Going Ahead,0,0,1,0,0,1,0,1,1,1,1,0,0,16,1616,Clear,Daylight,-79.5497,43.6873
8001538973,14043,Driver,55 to 59,Major,"Automobile, Station Wagon",Going Ahead,0,0,1,0,0,1,0,1,1,1,1,0,0,16,1616,Clear,Daylight,-79.5497,43.6873
8001538973,14044,Driver,45 to 49,None,Municipal Transit Bus (TTC),Stopped,0,0,1,0,0,1,0,1,1,1,1,0,0,16,1616,Clear,Daylight,-79.5497,43.6873
8001538973,14045,Passenger,25 to 29,Minor,NULL,NULL,0,0,1,0,0,1,0,1,1,1,1,0,0,16,1616,Clear,Daylight,-79.5497,43.6873
8001570901,14065,Driver,35 to 39,Minimal,"Automobile, Station Wagon",Turning Left,0,0,1,0,0,0,0,0,0,1,0,0,0,11,1100,Clear,Daylight,-79.5707,43.6915
8001570901,14066,Driver,40 to 44,Major,"Automobile, Station Wagon",Going Ahead,0,0,1,0,0,0,0,0,0,1,0,0,0,11,1100,Clear,Daylight,-79.5707,43.6915
8001653005,14813,Driver,unknown,None,Pick Up Truck,Pulling Onto Shoulder or towardCurb,0,1,1,0,0,0,0,0,0,1,0,0,0,13,1300,Clear,Daylight,-79.425,43.6619
8001653005,14814,Cyclist,45 to 49,Major,Bicycle,Going Ahead,0,1,1,0,0,0,0,0,0,1,0,0,0,13,1300,Clear,Daylight,-79.425,43.6619
8001683748,14674,Driver,45 to 49,Minor,Street Car,Going Ahead,0,0,0,0,0,1,0,1,0,0,0,0,0,13,1339,Clear,Daylight,-79.4469,43.641
8001683748,14675,Passenger,75 to 79,Major,NULL,NULL,0,0,0,0,0,1,0,1,0,0,0,0,0,13,1339,Clear,Daylight,-79.4469,43.641
8001686841,14678,Driver,50 to 54,Major,"Automobile, Station Wagon",Going Ahead,0,0,1,0,0,0,0,1,0,1,0,0,0,22,2200,Clear,"Dark, artificial",-79.3938,43.6537
8001686841,14679,Driver,35 to 39,None,"Automobile, Station Wagon",Going Ahead,0,0,1,0,0,0,0,1,0,1,0,0,0,22,2200,Clear,"Dark, artificial",-79.3938,43.6537
8001686841,14680,Passenger,45 to 49,None,NULL,NULL,0,0,1,0,0,0,0,1,0,1,0,0,0,22,2200,Clear,"Dark, artificial",-79.3938,43.6537
8001689735,14681,Driver,80 to 84,None,"Automobile, Station Wagon",Going Ahead,1,0,1,0,0,0,0,0,0,1,1,0,0,11,1115,Clear,Daylight,-79.3465,43.7364
8001689735,14682,Driver,60 to 64,None,"Automobile, Station Wagon",Going Ahead,1,0,1,0,0,0,0,0,0,1,1,0,0,11,1115,Clear,Daylight,-79.3465,43.7364
8001689735,14683,Pedestrian,80 to 84,Major,NULL,NULL,1,0,1,0,0,0,0,0,0,1,1,0,0,11,1115,Clear,Daylight,-79.3465,43.7364
8001693998,14688,Driver,30 to 34,None,"Automobile, Station Wagon",Going Ahead,1,0,1,0,0,0,0,0,0,0,0,0,0,23,2300,Clear,"Dark, artificial",-79.2522,43.7745
8001693998,14689,Pedestrian,50 to 54,Major,NULL,NULL,1,0,1,0,0,0,0,0,0,0,0,0,0,23,2300,Clear,"Dark, artificial",-79.2522,43.7745