ACCNUM,ObjectId,INVTYPE,INVAGE,INJURY,VEHTYPE,MANOEUVER,PEDESTRIAN,CYCLIST,AUTOMOBILE,MOTORCYCLE,TRUCK,TRSN_CITY_VEH,EMERG_VEH,PASSENGER,SPEEDING,AG_DRIV,REDLIGHT,ALCOHOL,DISABILITY,HOUR,TIME,VISIBILITY,LIGHT,collision_lat,collision_long
8001713771,14702,Driver,55 to 59,None,"Automobile, Station Wagon",Making U Turn,0,0,1,1,0,0,0,0,0,0,0,0,0,21,2130,Clear,"Dark, artificial",-79.3736,43.6546
8001713771,14703,Motorcycle Driver,45 to 49,Major,Motorcycle,Going Ahead,0,0,1,1,0,0,0,0,0,0,0,0,0,21,2130,Clear,"Dark, artificial",-79.3736,43.6546
8001722956,14715,Driver,55 to 59,None,"Bus (Other) (Go Bus, Gray Coach)",Turning Right,0,1,0,0,0,1,0,0,0,1,0,0,0,12,1204,Clear,Daylight,-79.3796,43.6472
8001722956,14716,Cyclist,30 to 34,Major,Bicycle,Going Ahead,0,1,0,0,0,1,0,0,0,1,0,0,0,12,1204,Clear,Daylight,-79.3796,43.6472
8001736723,14719,Motorcycle Driver,25 to 29,Major,Motorcycle,Overtaking,0,0,0,1,0,0,0,0,1,1,0,1,0,12,1242,Clear,Daylight,-79.3717,43.6452
8001752003,14724,Driver,40 to 44,None,"Automobile, Station Wagon",Making U Turn,0,0,1,0,1,0,0,1,0,0,0,0,0,17,1723,Rain,Daylight,-79.6034,43.7176
8001752003,14725,Truck Driver,50 to 54,Minimal,Truck - Dump,Going Ahead,0,0,1,0,1,0,0,1,0,0,0,0,0,17,1723,Rain,Daylight,-79.6034,43.7176
8001752003,14726,Passenger,40 to 44,None,NULL,NULL,0,0,1,0,1,0,0,1,0,0,0,0,0,17,1723,Rain,Daylight,-79.6034,43.7176
8001752003,14727,Passenger,65 to 69,Major,NULL,NULL,0,0,1,0,1,0,0,1,0,0,0,0,0,17,1723,Rain,Daylight,-79.6034,43.7176
8001752003,14728,Passenger,30 to 34,Minor,NULL,NULL,0,0,1,0,1,0,0,1,0,0,0,0,0,17,1723,Rain,Daylight,-79.6034,43.7176
8001752003,14729,Passenger,30 to 34,Minimal,NULL,NULL,0,0,1,0,1,0,0,1,0,0,0,0,0,17,1723,Rain,Daylight,-79.6034,43.7176
8001758367,14734,Motorcycle Driver,35 to 39,Major,Motorcycle,Going Ahead,0,0,1,1,0,0,0,0,0,1,0,0,0,17,1655,Clear,Daylight,-79.5206,43.6832
8001758367,14735,Driver,45 to 49,None,"Automobile, Station Wagon",Turning Right,0,0,1,1,0,0,0,0,0,1,0,0,0,17,1655,Clear,Daylight,-79.5206,43.6832
8001812158,15577,Driver,unknown,None,Construction Equipment,Changing Lanes,0,0,0,1,0,0,0,0,0,0,0,0,0,6,600,Rain,"Dark, artificial",-79.332,43.8178
8001812158,15582,Motorcycle Driver,25 to 29,Major,Motorcycle,Going Ahead,0,0,0,1,0,0,0,0,0,0,0,0,0,6,600,Rain,"Dark, artificial",-79.332,43.8178
8001812203,15583,Driver,35 to 39,None,Street Car,Going Ahead,1,0,0,0,0,1,0,0,0,0,0,0,0,6,622,Rain,"Daylight, artificial",-79.4692,43.6372
8001812203,15584,Pedestrian,50 to 54,Fatal,NULL,NULL,1,0,0,0,0,1,0,0,0,0,0,0,0,6,622,Rain,"Daylight, artificial",-79.4692,43.6372
8001836170,15587,Truck Driver,55 to 59,None,Truck - Open,Going Ahead,1,0,0,0,1,0,0,0,0,0,0,0,0,16,1630,Clear,Daylight,-79.5605,43.7673
8001836170,15588,Pedestrian,50 to 54,Major,NULL,NULL,1,0,0,0,1,0,0,0,0,0,0,0,0,16,1630,Clear,Daylight,-79.5605,43.7673
8001870911,15611,Driver,45 to 49,None,Pick Up Truck,Going Ahead,1,0,1,0,0,0,0,0,0,0,0,0,0,9,939,Clear,Daylight,-79.4226,43.6543
8001870911,15612,Pedestrian,75 to 79,Major,NULL,NULL,1,0,1,0,0,0,0,0,0,0,0,0,0,9,939,Clear,Daylight,-79.4226,43.6543
8001903113,14696,Driver,75 to 79,None,"Automobile, Station Wagon",Reversing,1,0,1,0,0,0,0,0,0,0,0,0,0,9,940,Rain,Daylight,-79.421,43.6825
8001903113,14697,Pedestrian,75 to 79,Major,NULL,NULL,1,0,1,0,0,0,0,0,0,0,0,0,0,9,940,Rain,Daylight,-79.421,43.6825
8001918049,15618,Driver,75 to 79,None,"Automobile, Station Wagon",Turning Left,0,1,1,0,0,0,0,0,0,1,0,0,0,16,1630,Clear,Daylight,-79.4762,43.651
8001918049,15619,Cyclist,30 to 34,Major,Bicycle,Going Ahead,0,1,1,0,0,0,0,0,0,1,0,0,0,16,1630,Clear,Daylight,-79.4762,43.651
8001963580,15646,Driver,25 to 29,None,"Automobile, Station Wagon",Turning Right,0,1,1,0,0,0,0,0,0,1,0,0,0,15,1455,Clear,Daylight,-79.4458,43.714
8001963580,15647,Cyclist,30 to 34,Major,Bicycle,Going Ahead,0,1,1,0,0,0,0,0,0,1,0,0,0,15,1455,Clear,Daylight,-79.4458,43.714
8002006909,15664,Driver,40 to 44,None,"Automobile, Station Wagon",Going Ahead,1,0,1,0,0,0,0,0,0,1,0,0,0,7,727,Rain,Dark,-79.3709,43.6582
8002006909,15665,Pedestrian,35 to 39,Major,NULL,NULL,1,0,1,0,0,0,0,0,0,1,0,0,0,7,727,Rain,Dark,-79.3709,43.6582
8002018204,15454,Pedestrian,90 to 94,Fatal,NULL,NULL,1,0,1,0,0,0,0,0,0,0,0,0,0,20,2043,Clear,Dark,-79.5857,43.7508
8002018204,15462,Driver,70 to 74,None,"Automobile, Station Wagon",Going Ahead,1,0,1,0,0,0,0,0,0,0,0,0,0,20,2043,Clear,Dark,-79.5857,43.7508
8002018661,15565,Driver,50 to 54,None,"Automobile, Station Wagon",Turning Left,1,0,1,0,0,0,0,0,0,0,0,0,0,22,2222,Rain,Dark,-79.6219,43.7468
8002018661,15571,Pedestrian,30 to 34,Major,NULL,NULL,1,0,1,0,0,0,0,0,0,0,0,0,0,22,2222,Rain,Dark,-79.6219,43.7468
8002056791,15762,Driver,80 to 84,None,"Automobile, Station Wagon",Going Ahead,1,0,1,0,0,0,0,0,0,0,0,0,0,19,1850,Clear,"Dark, artificial",-79.2585,43.8117
8002056791,15763,Pedestrian,65 to 69,Major,NULL,NULL,1,0,1,0,0,0,0,0,0,0,0,0,0,19,1850,Clear,"Dark, artificial",-79.2585,43.8117
8002065935,15768,Driver,unknown,None,NULL,NULL,1,0,1,0,0,0,0,0,0,0,0,0,0,7,650,Clear,"Dawn, artificial",-79.2919,43.7632
8002065935,15769,Pedestrian,30 to 34,Major,NULL,NULL,1,0,1,0,0,0,0,0,0,0,0,0,0,7,650,Clear,"Dawn, artificial",-79.2919,43.7632
8002065935,15770,Driver,45 to 49,Minor,"Automobile, Station Wagon",Going Ahead,1,0,1,0,0,0,0,0,0,0,0,0,0,7,650,Clear,"Dawn, artificial",-79.2919,43.7632
8002065935,15771,Pedestrian,55 to 59,Fatal,NULL,NULL,1,0,1,0,0,0,0,0,0,0,0,0,0,7,650,Clear,"Dawn, artificial",-79.2919,43.7632
8002171142,15822,Pedestrian,80 to 84,Fatal,NULL,NULL,1,0,1,0,0,0,0,0,0,1,0,0,0,18,1750,Clear,"Dark, artificial",-79.2325,43.7415
8002171142,15823,Driver,25 to 29,None,"Automobile, Station Wagon",Going Ahead,1,0,1,0,0,0,0,0,0,1,0,0,0,18,1750,Clear,"Dark, artificial",-79.2325,43.7415
8002266856,15042,Driver,50 to 54,None,"Automobile, Station Wagon",Going Ahead,1,0,1,0,0,0,0,0,0,0,0,0,0,16,1617,Clear,Daylight,-79.2872,43.7834
8002266856,15043,Pedestrian,20 to 24,Major,"Automobile, Station Wagon",NULL,1,0,1,0,0,0,0,0,0,0,0,0,0,16,1617,Clear,Daylight,-79.2872,43.7834
8002315042,15065,Driver,30 to 34,None,Delivery Van,Going Ahead,0,0,1,0,0,0,0,1,0,1,1,0,0,6,612,Clear,"Dark, artificial",-79.4576,43.7269
8002315042,15066,Driver,50 to 54,Minor,"Automobile, Station Wagon",Going Ahead,0,0,1,0,0,0,0,1,0,1,1,0,0,6,612,Clear,"Dark, artificial",-79.4576,43.7269
8002315042,15067,Passenger,70 to 74,Major,NULL,NULL,0,0,1,0,0,0,0,1,0,1,1,0,0,6,612,Clear,"Dark, artificial",-79.4576,43.7269
9000085978,15155,Driver,20 to 24,None,"Automobile, Station Wagon",Turning Left,1,0,1,0,0,0,0,1,0,1,0,0,0,19,1900,Clear,"Dark, artificial",-79.2022,43.7989
9000085978,15156,Pedestrian,25 to 29,Major,NULL,NULL,1,0,1,0,0,0,0,1,0,1,0,0,0,19,1900,Clear,"Dark, artificial",-79.2022,43.7989
9000085978,15157,Pedestrian,0 to 4,None,NULL,NULL,1,0,1,0,0,0,0,1,0,1,0,0,0,19,1900,Clear,"Dark, artificial",-79.2022,43.7989
8001795037,15244,Pedestrian,70 to 74,Major,NULL,NULL,1,0,1,0,0,0,0,0,0,0,0,0,0,10,1018,Clear,Daylight,-79.5009,43.6914
8001795037,15140,Driver,40 to 44,None,Pick Up Truck,Going Ahead,1,0,1,0,0,0,0,0,0,0,0,0,0,10,1018,Clear,Daylight,-79.5009,43.6914
8001806381,15564,Driver,75 to 79,None,"Automobile, Station Wagon",Going Ahead,1,0,1,0,0,0,0,0,0,0,0,0,0,3,310,Clear,"Dark, artificial",-79.4013,43.6406
8001806381,15568,Pedestrian,30 to 34,Major,NULL,NULL,1,0,1,0,0,0,0,0,0,0,0,0,0,3,310,Clear,"Dark, artificial",-79.4013,43.6406
8001843657,15591,Driver,45 to 49,None,"Automobile, Station Wagon",Going Ahead,0,0,1,1,0,0,0,0,0,1,0,0,0,19,1852,Clear,Daylight,-79.52,43.6953
8001843657,15592,Motorcycle Driver,45 to 49,Fatal,Motorcycle,Going Ahead,0,0,1,1,0,0,0,0,0,1,0,0,0,19,1852,Clear,Daylight,-79.52,43.6953
8001843657,15593,Driver,55 to 59,None,"Automobile, Station Wagon",Turning Left,0,0,1,1,0,0,0,0,0,1,0,0,0,19,1852,Clear,Daylight,-79.52,43.6953
8001848907,15598,Driver,30 to 34,Major,"Automobile, Station Wagon",Going Ahead,0,0,1,0,0,0,0,0,1,1,0,0,0,16,1630,Clear,Daylight,-79.4462,43.7805
8001851733,15603,Driver,20 to 24,Major,"Automobile, Station Wagon",Going Ahead,0,0,1,0,0,0,0,1,1,1,0,0,0,3,305,Rain,"Dark, artificial",-79.3517,43.6561
8001851733,15604,Driver,25 to 29,None,"Automobile, Station Wagon",Going Ahead,0,0,1,0,0,0,0,1,1,1,0,0,0,3,305,Rain,"Dark, artificial",-79.3517,43.6561
8001851733,15605,Passenger,20 to 24,None,NULL,NULL,0,0,1,0,0,0,0,1,1,1,0,0,0,3,305,Rain,"Dark, artificial",-79.3517,43.6561
8001903233,15622,Driver,45 to 49,None,"Automobile, Station Wagon",Reversing,1,0,1,0,0,0,0,0,0,0,0,0,0,10,1000,Clear,Daylight,-79.3825,43.6601
8001903233,15623,Pedestrian,75 to 79,Major,NULL,NULL,1,0,1,0,0,0,0,0,0,0,0,0,0,10,1000,Clear,Daylight,-79.3825,43.6601
8001923925,15626,Driver,30 to 34,None,"Automobile, Station Wagon",Going Ahead,1,0,1,0,0,0,0,0,0,1,0,0,0,12,1217,Clear,Daylight,-79.4262,43.6632
8001923925,15627,Pedestrian,Over 95,Fatal,Other,NULL,1,0,1,0,0,0,0,0,0,1,0,0,0,12,1217,Clear,Daylight,-79.4262,43.6632
8001966302,15648,Driver,35 to 39,None,"Automobile, Station Wagon",Going Ahead,1,0,1,0,0,0,0,1,0,0,0,0,0,22,2238,Clear,"Dark, artificial",-79.3865,43.6485
8001966302,15649,Passenger,35 to 39,None,NULL,NULL,1,0,1,0,0,0,0,1,0,0,0,0,0,22,2238,Clear,"Dark, artificial",-79.3865,43.6485
8001966302,15650,Pedestrian,25 to 29,Major,NULL,NULL,1,0,1,0,0,0,0,1,0,0,0,0,0,22,2238,Clear,"Dark, artificial",-79.3865,43.6485
8002006621,15662,Driver,30 to 34,Major,"Automobile, Station Wagon",Turning Left,1,0,1,0,0,0,0,0,0,1,0,0,0,6,609,Rain,"Dark, artificial",-79.3373,43.6548
8002006621,15663,Pedestrian,20 to 24,Minor,NULL,NULL,1,0,1,0,0,0,0,0,0,1,0,0,0,6,609,Rain,"Dark, artificial",-79.3373,43.6548
8002008114,15115,Passenger,15 to 19,Minor,NULL,NULL,0,0,1,0,0,0,0,1,0,0,0,0,0,11,1100,Rain,"Daylight, artificial",-79.4453,43.6369
8002008114,15120,Driver,40 to 44,Major,"Automobile, Station Wagon",Going Ahead,0,0,1,0,0,0,0,1,0,0,0,0,0,11,1100,Rain,"Daylight, artificial",-79.4453,43.6369
8002008114,15044,Driver,35 to 39,None,"Automobile, Station Wagon",Going Ahead,0,0,1,0,0,0,0,1,0,0,0,0,0,11,1100,Rain,"Daylight, artificial",-79.4453,43.6369
8002018629,15557,Driver,30 to 34,Major,"Automobile, Station Wagon",Going Ahead,0,0,1,0,0,0,0,0,0,0,0,0,0,22,2215,Rain,"Daylight, artificial",-79.4777,43.728
8002018629,15561,Driver,50 to 54,None,"Automobile, Station Wagon",Making U Turn,0,0,1,0,0,0,0,0,0,0,0,0,0,22,2215,Rain,"Daylight, artificial",-79.4777,43.728
8002061586,15764,Driver,30 to 34,None,Delivery Van,Turning Left,1,0,1,0,0,0,0,0,0,1,0,0,0,14,1400,Clear,"Daylight, artificial",-79.5273,43.684
8002061586,15765,Pedestrian,65 to 69,Major,NULL,NULL,1,0,1,0,0,0,0,0,0,1,0,0,0,14,1400,Clear,"Daylight, artificial",-79.5273,43.684
8002130924,15797,Driver,65 to 69,Major,"Automobile, Station Wagon",Turning Left,0,0,1,0,0,0,0,0,0,0,0,0,1,14,1353,Clear,Daylight,-79.4096,43.6514
8002130924,15798,Other,unknown,None,NULL,NULL,0,0,1,0,0,0,0,0,0,0,0,0,1,14,1353,Clear,Daylight,-79.4096,43.6514
8002132961,15799,Driver,65 to 69,None,"Automobile, Station Wagon",Going Ahead,1,0,1,0,0,0,0,0,0,0,0,0,0,18,1837,Clear,"Dark, artificial",-79.4324,43.6802
8002132961,15800,Pedestrian,45 to 49,Major,NULL,NULL,1,0,1,0,0,0,0,0,0,0,0,0,0,18,1837,Clear,"Dark, artificial",-79.4324,43.6802
8002149511,15811,Driver,45 to 49,None,"Automobile, Station Wagon",Turning Left,0,1,1,0,0,0,0,1,0,1,0,0,0,9,900,Clear,Daylight,-79.3,43.8252
8002149511,15812,Cyclist,65 to 69,Major,Bicycle,Going Ahead,0,1,1,0,0,0,0,1,0,1,0,0,0,9,900,Clear,Daylight,-79.3,43.8252
8002149511,15813,Passenger,60 to 64,None,NULL,NULL,0,1,1,0,0,0,0,1,0,1,0,0,0,9,900,Clear,Daylight,-79.3,43.8252
8002165186,15816,Driver,50 to 54,None,"Automobile, Station Wagon",Turning Left,1,0,1,0,0,0,0,1,0,0,0,0,0,17,1731,Rain,"Dark, artificial",-79.3109,43.7854
8002165186,15817,Passenger,45 to 49,None,NULL,NULL,1,0,1,0,0,0,0,1,0,0,0,0,0,17,1731,Rain,"Dark, artificial",-79.3109,43.7854
8002165186,15818,Pedestrian,60 to 64,Major,NULL,NULL,1,0,1,0,0,0,0,1,0,0,0,0,0,17,1731,Rain,"Dark, artificial",-79.3109,43.7854
8002165186,15819,Pedestrian,55 to 59,Minimal,NULL,NULL,1,0,1,0,0,0,0,1,0,0,0,0,0,17,1731,Rain,"Dark, artificial",-79.3109,43.7854
8002209662,15016,Driver,70 to 74,Minimal,"Automobile, Station Wagon",Turning Left,0,0,1,0,0,0,0,1,1,1,0,0,0,16,1555,Clear,Daylight,-79.2744,43.7217
8002209662,15017,Passenger,15 to 19,Major,NULL,NULL,0,0,1,0,0,0,0,1,1,1,0,0,0,16,1555,Clear,Daylight,-79.2744,43.7217
8002209662,15018,Passenger,15 to 19,Minor,NULL,NULL,0,0,1,0,0,0,0,1,1,1,0,0,0,16,1555,Clear,Daylight,-79.2744,43.7217
8002209662,15019,Passenger,55 to 59,Major,NULL,NULL,0,0,1,0,0,0,0,1,1,1,0,0,0,16,1555,Clear,Daylight,-79.2744,43.7217
8002209662,15015,Driver,15 to 19,Major,"Automobile, Station Wagon",Going Ahead,0,0,1,0,0,0,0,1,1,1,0,0,0,16,1555,Clear,Daylight,-79.2744,43.7217
8002260892,15040,Driver,65 to 69,Major,"Automobile, Station Wagon",Going Ahead,0,0,1,0,0,0,0,0,0,1,0,0,0,17,1650,Clear,Daylight,-79.3929,43.7269
8002260892,15041,Other,unknown,None,NULL,Parked,0,0,1,0,0,0,0,0,0,1,0,0,0,17,1650,Clear,Daylight,-79.3929,43.7269
8002341194,15073,Pedestrian,50 to 54,Fatal,NULL,NULL,1,0,1,0,0,0,0,0,1,1,0,0,0,6,623,Clear,"Dawn, artificial",-79.3941,43.6751
8002341194,15074,Pedestrian,50 to 54,Major,NULL,NULL,1,0,1,0,0,0,0,0,1,1,0,0,0,6,623,Clear,"Dawn, artificial",-79.3941,43.6751
8002341194,15075,Driver,55 to 59,None,"Automobile, Station Wagon",Going Ahead,1,0,1,0,0,0,0,0,1,1,0,0,0,6,623,Clear,"Dawn, artificial",-79.3941,43.6751
8002363781,15093,Driver,40 to 44,None,"Automobile, Station Wagon",Changing Lanes,1,0,1,0,0,0,0,0,0,0,0,0,0,19,1853,Clear,"Dark, artificial",-79.5297,43.6475
8002363781,15094,Pedestrian,75 to 79,Fatal,NULL,NULL,1,0,1,0,0,0,0,0,0,0,0,0,0,19,1853,Clear,"Dark, artificial",-79.5297,43.6475
8002388715,15095,Driver,60 to 64,None,"Automobile, Station Wagon",Going Ahead,0,0,1,0,0,0,0,1,0,1,1,0,0,7,650,Clear,"Dark, artificial",-79.2631,43.7752
8002388715,15096,Driver,20 to 24,Major,"Automobile, Station Wagon",Going Ahead,0,0,1,0,0,0,0,1,0,1,1,0,0,7,650,Clear,"Dark, artificial",-79.2631,43.7752
8002388715,15097,Passenger,55 to 59,None,NULL,NULL,0,0,1,0,0,0,0,1,0,1,1,0,0,7,650,Clear,"Dark, artificial",-79.2631,43.7752
8008069034,14261,Driver,25 to 29,None,"Automobile, Station Wagon",Going Ahead,1,0,1,0,0,0,0,0,0,0,0,0,0,24,2354,NULL,Dark,-79.5839,43.6884
8008069034,14258,Pedestrian,60 to 64,Fatal,NULL,NULL,1,0,1,0,0,0,0,0,0,0,0,0,0,24,2354,NULL,Dark,-79.5839,43.6884
9000023080,15104,Driver,45 to 49,None,"Automobile, Station Wagon",Turning Left,1,0,1,0,0,0,0,0,0,1,0,0,0,19,1920,Clear,"Dark, artificial",-79.3873,43.6604
9000023080,15105,Pedestrian,60 to 64,Major,NULL,NULL,1,0,1,0,0,0,0,0,0,1,0,0,0,19,1920,Clear,"Dark, artificial",-79.3873,43.6604
9000074527,15153,Driver,40 to 44,Fatal,"Automobile, Station Wagon",Changing Lanes,0,0,1,0,0,0,0,0,1,1,0,0,0,22,2213,Clear,"Dark, artificial",-79.2485,43.7644
9000074527,15154,Driver,30 to 34,None,"Automobile, Station Wagon",Going Ahead,0,0,1,0,0,0,0,0,1,1,0,0,0,22,2213,Clear,"Dark, artificial",-79.2485,43.7644
9000194955,15185,Driver,45 to 49,None,Street Car,Going Ahead,1,0,0,0,0,1,0,0,0,0,0,0,0,13,1345,Clear,Daylight,-79.4448,43.6774
9000194955,15186,Pedestrian,65 to 69,Major,NULL,NULL,1,0,0,0,0,1,0,0,0,0,0,0,0,13,1345,Clear,Daylight,-79.4448,43.6774
9000198863,15187,Passenger,35 to 39,Minor,NULL,NULL,0,0,1,0,0,0,0,1,0,0,0,0,0,3,258,Clear,"Dark, artificial",-79.1687,43.8041
9000198863,15188,Driver,30 to 34,Minor,"Automobile, Station Wagon",Going Ahead,0,0,1,0,0,0,0,1,0,0,0,0,0,3,258,Clear,"Dark, artificial",-79.1687,43.8041
9000198863,15189,Driver,40 to 44,Fatal,"Automobile, Station Wagon",Going Ahead,0,0,1,0,0,0,0,1,0,0,0,0,0,3,258,Clear,"Dark, artificial",-79.1687,43.8041
9000283937,15214,Driver,50 to 54,None,"Automobile, Station Wagon",Going Ahead,0,0,1,0,0,0,0,0,0,1,1,0,0,11,1112,Clear,Daylight,-79.4074,43.7472
9000283937,15215,Driver,60 to 64,Major,Passenger Van,Turning Left,0,0,1,0,0,0,0,0,0,1,1,0,0,11,1112,Clear,Daylight,-79.4074,43.7472
9000535271,15710,Driver,30 to 34,None,Passenger Van,Turning Left,0,0,1,0,0,0,0,1,0,1,0,0,0,22,2235,Clear,"Dark, artificial",-79.482,43.7265
9000535271,15711,Driver,15 to 19,Major,Passenger Van,Going Ahead,0,0,1,0,0,0,0,1,0,1,0,0,0,22,2235,Clear,"Dark, artificial",-79.482,43.7265
9000535271,15712,Passenger,15 to 19,None,NULL,NULL,0,0,1,0,0,0,0,1,0,1,0,0,0,22,2235,Clear,"Dark, artificial",-79.482,43.7265
9000535271,15713,Passenger,15 to 19,None,NULL,NULL,0,0,1,0,0,0,0,1,0,1,0,0,0,22,2235,Clear,"Dark, artificial",-79.482,43.7265
9000535271,15714,Passenger,15 to 19,None,NULL,NULL,0,0,1,0,0,0,0,1,0,1,0,0,0,22,2235,Clear,"Dark, artificial",-79.482,43.7265
9000544201,15717,Driver,30 to 34,None,"Automobile, Station Wagon",Going Ahead,0,0,1,1,0,0,0,0,0,1,0,0,0,9,930,Clear,Daylight,-79.3885,43.6553
9000544201,15718,Motorcycle Driver,60 to 64,Major,Motorcycle,Going Ahead,0,0,1,1,0,0,0,0,0,1,0,0,0,9,930,Clear,Daylight,-79.3885,43.6553
9000660367,15114,Driver,50 to 54,Major,Delivery Van,Going Ahead,0,0,1,0,0,0,0,0,0,0,0,0,1,12,1228,Clear,Daylight,-79.5076,43.7319
9000902435,15306,Driver,65 to 69,None,"Automobile, Station Wagon",Turning Left,0,0,1,1,0,0,0,0,0,1,0,0,0,21,2100,Clear,"Dark, artificial",-79.4286,43.6421
9000902435,15307,Motorcycle Driver,30 to 34,Major,Motorcycle,Going Ahead,0,0,1,1,0,0,0,0,0,1,0,0,0,21,2100,Clear,"Dark, artificial",-79.4286,43.6421
9000983985,15335,Driver,20 to 24,None,Truck (other),Reversing,0,0,0,0,1,0,0,1,0,0,0,0,0,13,1328,Clear,Daylight,-79.3997,43.7396
9000983985,15336,Passenger,25 to 29,Fatal,NULL,NULL,0,0,0,0,1,0,0,1,0,0,0,0,0,13,1328,Clear,Daylight,-79.3997,43.7396
9001012160,15248,Pedestrian,75 to 79,Major,NULL,NULL,1,0,1,0,0,0,0,0,0,1,0,0,0,12,1247,Clear,Daylight,-79.2199,43.8102
9001012160,15147,Driver,60 to 64,None,Pick Up Truck,Turning Left,1,0,1,0,0,0,0,0,0,1,0,0,0,12,1247,Clear,Daylight,-79.2199,43.8102
9001020471,15460,Pedestrian,10 to 14,Major,NULL,NULL,1,0,1,0,0,0,0,1,0,0,0,0,0,15,1524,Clear,Daylight,-79.28,43.7888
9001020471,15349,Driver,60 to 64,None,"Automobile, Station Wagon",Going Ahead,1,0,1,0,0,0,0,1,0,0,0,0,0,15,1524,Clear,Daylight,-79.28,43.7888
7001375273,13119,Passenger,65 to 69,Minimal,NULL,NULL,0,0,1,0,0,1,0,1,0,0,0,0,0,13,1345,Clear,Daylight,-79.5866,43.7259
7001415080,13600,Motorcycle Driver,40 to 44,Major,Motorcycle,Going Ahead,0,0,1,1,0,0,0,0,0,1,0,0,0,13,1255,Clear,Daylight,-79.4398,43.6703
7001415080,13596,Driver,55 to 59,None,"Automobile, Station Wagon",Turning Left,0,0,1,1,0,0,0,0,0,1,0,0,0,13,1255,Clear,Daylight,-79.4398,43.6703
7001535588,13824,Driver,40 to 44,None,"Automobile, Station Wagon",Going Ahead,1,0,1,0,0,0,0,0,0,0,0,0,0,23,2325,Clear,"Dark, artificial",-79.312,43.7487
7001535588,13825,Pedestrian,55 to 59,Fatal,"Automobile, Station Wagon",NULL,1,0,1,0,0,0,0,0,0,0,0,0,0,23,2325,Clear,"Dark, artificial",-79.312,43.7487
7001542101,13826,Pedestrian,30 to 34,Fatal,NULL,NULL,1,0,1,0,0,0,0,0,0,0,0,0,0,11,1130,Clear,Dark,-79.4289,43.6495
7001542101,13827,Driver,65 to 69,None,"Automobile, Station Wagon",Going Ahead,1,0,1,0,0,0,0,0,0,0,0,0,0,11,1130,Clear,Dark,-79.4289,43.6495
7001544325,13829,Driver,30 to 34,Fatal,"Automobile, Station Wagon",Going Ahead,0,0,1,0,0,0,0,0,1,1,0,0,0,11,1055,Clear,Daylight,-79.243,43.7204
7001556385,13233,Motorcycle Driver,75 to 79,Major,Motorcycle,Going Ahead,0,0,1,1,0,0,0,0,0,1,0,0,0,11,1135,Clear,Daylight,-79.4036,43.6905
7001556385,13243,Driver,55 to 59,None,"Automobile, Station Wagon",Going Ahead,0,0,1,1,0,0,0,0,0,1,0,0,0,11,1135,Clear,Daylight,-79.4036,43.6905
7001571864,13475,Truck Driver,55 to 59,None,Truck - Dump,Turning Right,0,1,0,0,1,0,0,0,0,0,0,0,0,17,1703,Clear,Daylight,-79.3906,43.6635
7001571864,13465,Cyclist,40 to 44,Major,Bicycle,Going Ahead,0,1,0,0,1,0,0,0,0,0,0,0,0,17,1703,Clear,Daylight,-79.3906,43.6635
7001580093,13480,Driver,20 to 24,None,Pick Up Truck,Turning Right,0,1,1,0,0,0,0,0,0,0,0,0,0,21,2141,Clear,"Daylight, artificial",-79.4045,43.7342
7001580093,13484,Cyclist,20 to 24,Major,Bicycle,Going Ahead,0,1,1,0,0,0,0,0,0,0,0,0,0,21,2141,Clear,"Daylight, artificial",-79.4045,43.7342
7001609078,13584,Driver,35 to 39,None,"Automobile, Station Wagon",Going Ahead,1,0,1,0,0,0,0,1,0,0,0,0,0,17,1735,Clear,Daylight,-79.3937,43.6999
7001609078,13588,Passenger,40 to 44,None,NULL,NULL,1,0,1,0,0,0,0,1,0,0,0,0,0,17,1735,Clear,Daylight,-79.3937,43.6999
7001609078,13595,Passenger,0 to 4,None,NULL,NULL,1,0,1,0,0,0,0,1,0,0,0,0,0,17,1735,Clear,Daylight,-79.3937,43.6999
7001609078,13597,Pedestrian,5 to 9,Major,NULL,NULL,1,0,1,0,0,0,0,1,0,0,0,0,0,17,1735,Clear,Daylight,-79.3937,43.6999
7001653729,13851,Driver,35 to 39,Minimal,"Automobile, Station Wagon",Going Ahead,0,0,1,0,0,0,0,0,0,0,0,0,0,14,1426,Clear,Daylight,-79.3149,43.8171
7001653729,13852,Driver,60 to 64,Major,"Automobile, Station Wagon",Going Ahead,0,0,1,0,0,0,0,0,0,0,0,0,0,14,1426,Clear,Daylight,-79.3149,43.8171
7001788522,13916,Driver,25 to 29,Major,"Automobile, Station Wagon",Going Ahead,0,0,1,0,0,0,0,0,0,0,0,0,0,19,1915,Clear,"Dark, artificial",-79.3498,43.6588
7001824954,14930,Motorcycle Driver,25 to 29,Major,Motorcycle,Going Ahead,0,0,1,1,0,0,0,0,0,0,0,0,0,12,1230,Clear,Daylight,-79.3798,43.6419