ACCNUM,ObjectId,INVTYPE,INVAGE,INJURY,VEHTYPE,MANOEUVER,PEDESTRIAN,CYCLIST,AUTOMOBILE,MOTORCYCLE,TRUCK,TRSN_CITY_VEH,EMERG_VEH,PASSENGER,SPEEDING,AG_DRIV,REDLIGHT,ALCOHOL,DISABILITY,HOUR,TIME,VISIBILITY,LIGHT,collision_lat,collision_long
7001824954,14931,Driver,40 to 44,None,"Automobile, Station Wagon",Changing Lanes,0,0,1,1,0,0,0,0,0,0,0,0,0,12,1230,Clear,Daylight,-79.3798,43.6419
7001845018,14942,Pedestrian,80 to 84,Major,NULL,NULL,1,0,1,0,0,0,0,0,0,1,0,0,0,19,1928,Rain,"Dark, artificial",-79.4313,43.7006
7001845018,14943,Driver,55 to 59,None,"Automobile, Station Wagon",Turning Left,1,0,1,0,0,0,0,0,0,1,0,0,0,19,1928,Rain,"Dark, artificial",-79.4313,43.7006
7001912808,14964,Motorcycle Driver,55 to 59,Major,Motorcycle,Going Ahead,0,0,1,1,0,0,0,0,0,0,0,0,0,14,1350,Clear,Daylight,-79.4168,43.7253
7001912808,14965,Driver,45 to 49,None,"Automobile, Station Wagon",Changing Lanes,0,0,1,1,0,0,0,0,0,0,0,0,0,14,1350,Clear,Daylight,-79.4168,43.7253
7001974417,14979,Passenger,45 to 49,Fatal,NULL,NULL,0,0,1,0,0,0,0,1,0,1,0,0,0,22,2223,Other,Dark,-79.4944,43.7815
7001974417,14980,Driver,55 to 59,Major,"Automobile, Station Wagon",Turning Left,0,0,1,0,0,0,0,1,0,1,0,0,0,22,2223,Other,Dark,-79.4944,43.7815
7001974417,14981,Driver,15 to 19,None,"Automobile, Station Wagon",Going Ahead,0,0,1,0,0,0,0,1,0,1,0,0,0,22,2223,Other,Dark,-79.4944,43.7815
7002024168,14998,Pedestrian,15 to 19,Major,NULL,NULL,1,0,1,0,0,0,0,0,0,1,0,0,0,16,1604,Clear,Daylight,-79.5335,43.7077
7002024168,14999,Driver,25 to 29,None,"Automobile, Station Wagon",Turning Right,1,0,1,0,0,0,0,0,0,1,0,0,0,16,1604,Clear,Daylight,-79.5335,43.7077
7003103720,14205,Pedestrian,65 to 69,Major,NULL,NULL,1,0,1,0,0,0,0,0,0,1,0,0,0,18,1825,Clear,"Dark, artificial",-79.4329,43.7184
7003103720,14206,Driver,70 to 74,None,"Automobile, Station Wagon",Turning Left,1,0,1,0,0,0,0,0,0,1,0,0,0,18,1825,Clear,"Dark, artificial",-79.4329,43.7184
7003197919,14228,Pedestrian,15 to 19,Major,NULL,NULL,1,0,1,0,0,0,0,0,0,0,0,0,0,23,2307,Clear,"Dark, artificial",-79.4756,43.6706
7003197919,14229,Driver,unknown,None,"Automobile, Station Wagon",Going Ahead,1,0,1,0,0,0,0,0,0,0,0,0,0,23,2307,Clear,"Dark, artificial",-79.4756,43.6706
7003200949,14232,Truck Driver,55 to 59,None,Truck (other),Turning Right,1,0,0,0,1,0,0,0,0,1,0,0,0,12,1237,Other,Daylight,-79.3738,43.6485
7003200949,14233,Pedestrian,20 to 24,Fatal,NULL,NULL,1,0,0,0,1,0,0,0,0,1,0,0,0,12,1237,Other,Daylight,-79.3738,43.6485
7003223464,14241,Pedestrian,35 to 39,Major,NULL,NULL,1,0,1,0,0,0,0,0,0,1,1,0,0,22,2151,Clear,"Dark, artificial",-79.5362,43.7532
7003223464,14242,Driver,70 to 74,None,"Automobile, Station Wagon",Going Ahead,1,0,1,0,0,0,0,0,0,1,1,0,0,22,2151,Clear,"Dark, artificial",-79.5362,43.7532
7003233329,14133,Truck Driver,50 to 54,None,Truck (other),Going Ahead,0,1,0,0,1,0,0,0,0,0,0,0,0,11,1139,Other,Daylight,-79.4226,43.6543
7003233329,14126,Cyclist,45 to 49,Fatal,Bicycle,Other,0,1,0,0,1,0,0,0,0,0,0,0,0,11,1139,Other,Daylight,-79.4226,43.6543
7003279287,14366,Pedestrian,25 to 29,Major,NULL,NULL,1,0,0,0,0,1,0,0,0,0,0,0,0,14,1418,Clear,Daylight,-79.4318,43.6379
7003279287,14372,Driver,40 to 44,None,Street Car,Going Ahead,1,0,0,0,0,1,0,0,0,0,0,0,0,14,1418,Clear,Daylight,-79.4318,43.6379
8000063695,14602,Driver,50 to 54,None,Pick Up Truck,Turning Left,1,0,1,0,0,0,0,0,0,0,0,0,0,9,923,Clear,Daylight,-79.4029,43.7277
8000063695,14601,Pedestrian,70 to 74,Major,NULL,NULL,1,0,1,0,0,0,0,0,0,0,0,0,0,9,923,Clear,Daylight,-79.4029,43.7277
8000162835,14637,Pedestrian,20 to 24,Major,NULL,NULL,1,0,0,0,0,1,0,0,0,0,0,0,0,14,1430,Clear,Daylight,-79.381,43.6397
8000162835,14638,Driver,40 to 44,None,Street Car,Going Ahead,1,0,0,0,0,1,0,0,0,0,0,0,0,14,1430,Clear,Daylight,-79.381,43.6397
8000265152,14476,Passenger,0 to 4,Major,NULL,NULL,0,0,1,0,0,0,0,1,0,0,0,0,1,13,1330,Freezing Rain,Daylight,-79.4062,43.7417
8000265152,14468,Passenger,40 to 44,Minor,NULL,NULL,0,0,1,0,0,0,0,1,0,0,0,0,1,13,1330,Freezing Rain,Daylight,-79.4062,43.7417
8000265152,14474,Passenger,10 to 14,Minimal,NULL,NULL,0,0,1,0,0,0,0,1,0,0,0,0,1,13,1330,Freezing Rain,Daylight,-79.4062,43.7417
8000265152,14475,Passenger,5 to 9,Major,NULL,NULL,0,0,1,0,0,0,0,1,0,0,0,0,1,13,1330,Freezing Rain,Daylight,-79.4062,43.7417
8000265152,14461,Driver,40 to 44,Minor,"Automobile, Station Wagon",Going Ahead,0,0,1,0,0,0,0,1,0,0,0,0,1,13,1330,Freezing Rain,Daylight,-79.4062,43.7417
8000303628,14488,Driver,45 to 49,Fatal,"Automobile, Station Wagon",Going Ahead,0,0,1,0,0,0,0,0,1,1,0,0,0,23,2319,NULL,Dark,-79.3927,43.7882
8000409756,14548,Driver,70 to 74,Minimal,"Automobile, Station Wagon",Going Ahead,0,0,1,0,0,0,0,1,0,1,0,0,0,15,1505,Clear,Daylight,-79.4244,43.6983
8000409756,14549,Driver,25 to 29,None,"Automobile, Station Wagon",Going Ahead,0,0,1,0,0,0,0,1,0,1,0,0,0,15,1505,Clear,Daylight,-79.4244,43.6983
8000409756,14550,Driver,45 to 49,None,"Automobile, Station Wagon",Going Ahead,0,0,1,0,0,0,0,1,0,1,0,0,0,15,1505,Clear,Daylight,-79.4244,43.6983
8000409756,14551,Passenger,20 to 24,None,NULL,NULL,0,0,1,0,0,0,0,1,0,1,0,0,0,15,1505,Clear,Daylight,-79.4244,43.6983
8000409756,14552,Passenger,50 to 54,Major,NULL,NULL,0,0,1,0,0,0,0,1,0,1,0,0,0,15,1505,Clear,Daylight,-79.4244,43.6983
8000409756,14553,Passenger,10 to 14,None,NULL,NULL,0,0,1,0,0,0,0,1,0,1,0,0,0,15,1505,Clear,Daylight,-79.4244,43.6983
8000409756,14554,Passenger,15 to 19,None,NULL,NULL,0,0,1,0,0,0,0,1,0,1,0,0,0,15,1505,Clear,Daylight,-79.4244,43.6983
8000443959,14139,Pedestrian,40 to 44,Major,NULL,NULL,1,0,0,0,0,1,0,0,0,0,0,0,0,16,1555,Clear,Daylight,-79.3196,43.6737
8000443959,14145,Driver,50 to 54,None,Municipal Transit Bus (TTC),Going Ahead,1,0,0,0,0,1,0,0,0,0,0,0,0,16,1555,Clear,Daylight,-79.3196,43.6737
8000498049,14371,Driver,70 to 74,None,Pick Up Truck,Turning Left,1,0,1,0,0,0,0,0,0,1,0,0,0,10,1032,Clear,Daylight,-79.3734,43.6572
8000498049,14464,Pedestrian,0 to 4,Major,NULL,NULL,1,0,1,0,0,0,0,0,0,1,0,0,0,10,1032,Clear,Daylight,-79.3734,43.6572
8000501010,14469,Driver,50 to 54,None,Passenger Van,Going Ahead,0,0,1,0,0,0,0,1,0,1,0,0,0,17,1741,Clear,Daylight,-79.5876,43.666
8000501010,14559,Driver,65 to 69,Major,"Automobile, Station Wagon",Stopped,0,0,1,0,0,0,0,1,0,1,0,0,0,17,1741,Clear,Daylight,-79.5876,43.666
8000501010,14563,Driver,55 to 59,None,"Automobile, Station Wagon",Stopped,0,0,1,0,0,0,0,1,0,1,0,0,0,17,1741,Clear,Daylight,-79.5876,43.666
8000501010,14569,Passenger,40 to 44,None,NULL,NULL,0,0,1,0,0,0,0,1,0,1,0,0,0,17,1741,Clear,Daylight,-79.5876,43.666
8000510129,14663,Passenger,25 to 29,Minimal,NULL,NULL,0,0,1,0,0,0,0,1,1,1,0,0,0,3,331,Clear,"Dark, artificial",-79.4999,43.6231
8000510129,14752,Passenger,25 to 29,Fatal,NULL,NULL,0,0,1,0,0,0,0,1,1,1,0,0,0,3,331,Clear,"Dark, artificial",-79.4999,43.6231
8000510129,14753,Driver,30 to 34,Minor,"Automobile, Station Wagon",Going Ahead,0,0,1,0,0,0,0,1,1,1,0,0,0,3,331,Clear,"Dark, artificial",-79.4999,43.6231
8000510129,14755,Driver,20 to 24,Minor,"Automobile, Station Wagon",Pulling Away from Shoulder or Curb,0,0,1,0,0,0,0,1,1,1,0,0,0,3,331,Clear,"Dark, artificial",-79.4999,43.6231
8000599048,14864,Pedestrian,40 to 44,Major,NULL,NULL,1,0,0,0,0,1,0,0,0,0,0,0,0,22,2220,Rain,"Dark, artificial",-79.4004,43.6361
8000599048,14865,Driver,20 to 24,None,Street Car,Going Ahead,1,0,0,0,0,1,0,0,0,0,0,0,0,22,2220,Rain,"Dark, artificial",-79.4004,43.6361
8000723660,14897,Driver,25 to 29,None,"Automobile, Station Wagon",Slowing or Stopping,1,0,1,0,0,0,0,0,0,0,0,0,0,8,801,Clear,Daylight,-79.5384,43.6031
8000723660,14898,Pedestrian,20 to 24,Major,NULL,NULL,1,0,1,0,0,0,0,0,0,0,0,0,0,8,801,Clear,Daylight,-79.5384,43.6031
8000749115,14912,Driver,25 to 29,None,"Automobile, Station Wagon",Turning Left,0,0,1,0,0,0,0,1,0,1,0,0,0,19,1942,Clear,"Dusk, artificial",-79.5652,43.7371
8000749115,14913,Driver,20 to 24,Major,"Automobile, Station Wagon",Going Ahead,0,0,1,0,0,0,0,1,0,1,0,0,0,19,1942,Clear,"Dusk, artificial",-79.5652,43.7371
8000749115,14914,Passenger,25 to 29,None,NULL,NULL,0,0,1,0,0,0,0,1,0,1,0,0,0,19,1942,Clear,"Dusk, artificial",-79.5652,43.7371
8000749115,14915,Passenger,0 to 4,Minor,NULL,NULL,0,0,1,0,0,0,0,1,0,1,0,0,0,19,1942,Clear,"Dusk, artificial",-79.5652,43.7371
8000749115,14916,Passenger,5 to 9,None,NULL,NULL,0,0,1,0,0,0,0,1,0,1,0,0,0,19,1942,Clear,"Dusk, artificial",-79.5652,43.7371
7003008719,14166,Pedestrian,80 to 84,Major,NULL,NULL,1,0,1,0,0,0,0,0,0,0,0,0,0,11,1120,Clear,Daylight,-79.3652,43.7902
7003008719,14167,Driver,70 to 74,None,"Automobile, Station Wagon",Going Ahead,1,0,1,0,0,0,0,0,0,0,0,0,0,11,1120,Clear,Daylight,-79.3652,43.7902
7003056643,14183,Driver,15 to 19,None,"Automobile, Station Wagon",Turning Left,0,1,1,0,0,0,0,0,0,0,0,0,0,19,1856,Clear,Dark,-79.2891,43.6802
7003056643,14182,Cyclist,55 to 59,Major,Bicycle,Going Ahead,0,1,1,0,0,0,0,0,0,0,0,0,0,19,1856,Clear,Dark,-79.2891,43.6802
7003072414,14191,Passenger,55 to 59,Major,NULL,NULL,0,0,1,0,0,0,0,1,0,1,0,0,0,3,327,Clear,"Dark, artificial",-79.2477,43.8239
7003072414,14192,Passenger,85 to 89,Minor,NULL,NULL,0,0,1,0,0,0,0,1,0,1,0,0,0,3,327,Clear,"Dark, artificial",-79.2477,43.8239
7003072414,14193,Driver,60 to 64,Minor,"Automobile, Station Wagon",Going Ahead,0,0,1,0,0,0,0,1,0,1,0,0,0,3,327,Clear,"Dark, artificial",-79.2477,43.8239
7003072414,14194,Driver,unknown,None,"Automobile, Station Wagon",Turning Left,0,0,1,0,0,0,0,1,0,1,0,0,0,3,327,Clear,"Dark, artificial",-79.2477,43.8239
7003085452,14195,Driver,20 to 24,None,"Automobile, Station Wagon",Going Ahead,0,0,1,0,0,0,0,1,0,1,0,0,0,6,558,Clear,"Dark, artificial",-79.5242,43.7558
7003085452,14196,Driver,35 to 39,Major,"Automobile, Station Wagon",Turning Left,0,0,1,0,0,0,0,1,0,1,0,0,0,6,558,Clear,"Dark, artificial",-79.5242,43.7558
7003085452,14197,Passenger,50 to 54,None,NULL,NULL,0,0,1,0,0,0,0,1,0,1,0,0,0,6,558,Clear,"Dark, artificial",-79.5242,43.7558
7003085452,14198,Other,35 to 39,None,NULL,NULL,0,0,1,0,0,0,0,1,0,1,0,0,0,6,558,Clear,"Dark, artificial",-79.5242,43.7558
7003087545,14199,Driver,50 to 54,None,Pick Up Truck,Turning Left,1,0,1,0,0,0,0,0,0,1,0,0,0,12,1212,Clear,Daylight,-79.4032,43.7071
7003087545,14200,Pedestrian,80 to 84,Fatal,NULL,NULL,1,0,1,0,0,0,0,0,0,1,0,0,0,12,1212,Clear,Daylight,-79.4032,43.7071
7003136062,14214,Pedestrian,55 to 59,Major,NULL,NULL,1,0,1,0,0,0,0,1,1,1,0,0,0,12,1232,Clear,Daylight,-79.364,43.7715
7003136062,14215,Passenger,50 to 54,None,NULL,NULL,1,0,1,0,0,0,0,1,1,1,0,0,0,12,1232,Clear,Daylight,-79.364,43.7715
7003136062,14216,Passenger,15 to 19,None,NULL,NULL,1,0,1,0,0,0,0,1,1,1,0,0,0,12,1232,Clear,Daylight,-79.364,43.7715
7003136062,14217,Driver,35 to 39,Minor,Delivery Van,Stopped,1,0,1,0,0,0,0,1,1,1,0,0,0,12,1232,Clear,Daylight,-79.364,43.7715
7003136062,14218,Driver,50 to 54,None,Passenger Van,Stopped,1,0,1,0,0,0,0,1,1,1,0,0,0,12,1232,Clear,Daylight,-79.364,43.7715
7003136062,14219,Driver,15 to 19,None,"Automobile, Station Wagon",Going Ahead,1,0,1,0,0,0,0,1,1,1,0,0,0,12,1232,Clear,Daylight,-79.364,43.7715
7003147948,14224,Pedestrian,40 to 44,Major,NULL,NULL,1,0,1,0,0,0,0,0,0,0,0,0,0,7,705,Clear,"Dark, artificial",-79.3706,43.6708
7003147948,14225,Driver,50 to 54,None,"Automobile, Station Wagon",Going Ahead,1,0,1,0,0,0,0,0,0,0,0,0,0,7,705,Clear,"Dark, artificial",-79.3706,43.6708
7003202275,14234,Pedestrian,35 to 39,Major,NULL,NULL,1,0,1,0,0,0,0,0,0,0,0,0,0,16,1605,Snow,"Dusk, artificial",-79.3532,43.6884
7003202275,14235,Driver,45 to 49,None,"Automobile, Station Wagon",Slowing or Stopping,1,0,1,0,0,0,0,0,0,0,0,0,0,16,1605,Snow,"Dusk, artificial",-79.3532,43.6884
7003222099,14239,Pedestrian,85 to 89,Fatal,NULL,NULL,1,0,1,0,0,0,0,0,0,0,0,0,0,17,1735,Clear,Daylight,-79.4951,43.6854
7003222099,14240,Driver,65 to 69,None,"Automobile, Station Wagon",Going Ahead,1,0,1,0,0,0,0,0,0,0,0,0,0,17,1735,Clear,Daylight,-79.4951,43.6854
8000009665,14580,Pedestrian,70 to 74,Fatal,NULL,NULL,1,0,1,0,0,0,0,0,0,0,0,0,0,17,1718,Clear,"Dusk, artificial",-79.2699,43.7905
8000009665,14581,Driver,60 to 64,None,"Automobile, Station Wagon",Going Ahead,1,0,1,0,0,0,0,0,0,0,0,0,0,17,1718,Clear,"Dusk, artificial",-79.2699,43.7905
8000027630,14590,Driver,25 to 29,None,"Automobile, Station Wagon",Turning Left,1,0,1,0,0,0,0,0,0,1,0,0,0,14,1412,Clear,Daylight,-79.42,43.7358
8000027630,14591,Pedestrian,30 to 34,Major,NULL,NULL,1,0,1,0,0,0,0,0,0,1,0,0,0,14,1412,Clear,Daylight,-79.42,43.7358
8000027630,14592,Pedestrian,25 to 29,Minimal,NULL,NULL,1,0,1,0,0,0,0,0,0,1,0,0,0,14,1412,Clear,Daylight,-79.42,43.7358
8000136344,14629,Driver,40 to 44,None,"Automobile, Station Wagon",Going Ahead,0,1,1,0,0,0,0,0,0,0,0,0,0,15,1525,Rain,Daylight,-79.3655,43.7014
8000136344,14630,Cyclist,15 to 19,Major,Bicycle,Going Ahead,0,1,1,0,0,0,0,0,0,0,0,0,0,15,1525,Rain,Daylight,-79.3655,43.7014
8000166254,14642,Truck Driver,45 to 49,None,Truck - Dump,Turning Left,0,0,1,0,1,0,0,0,0,1,0,0,0,1,116,Clear,"Dark, artificial",-79.3026,43.7246
8000166254,14643,Driver,50 to 54,Major,"Automobile, Station Wagon",Going Ahead,0,0,1,0,1,0,0,0,0,1,0,0,0,1,116,Clear,"Dark, artificial",-79.3026,43.7246
8000315155,14496,Driver,25 to 29,Major,"Automobile, Station Wagon",Going Ahead,0,0,1,0,0,0,0,0,0,1,0,1,0,6,602,Clear,"Dark, artificial",-79.2277,43.7749
8000324266,14502,Pedestrian,65 to 69,Fatal,NULL,NULL,1,0,0,0,1,0,0,0,0,1,0,0,0,16,1645,Rain,Daylight,-79.4408,43.7653
8000324266,14503,Truck Driver,20 to 24,None,"Truck - Closed (Blazer, etc)",Turning Left,1,0,0,0,1,0,0,0,0,1,0,0,0,16,1645,Rain,Daylight,-79.4408,43.7653
8000390730,14534,Pedestrian,20 to 24,Major,NULL,NULL,1,0,1,0,0,0,0,0,0,0,0,0,0,14,1435,Clear,Daylight,-79.5175,43.6997
8000390730,14535,Driver,50 to 54,None,"Automobile, Station Wagon",Going Ahead,1,0,1,0,0,0,0,0,0,0,0,0,0,14,1435,Clear,Daylight,-79.5175,43.6997
8000392366,14536,Pedestrian,65 to 69,Fatal,NULL,NULL,1,0,1,0,0,0,0,0,0,0,0,0,0,19,1914,Other,Dark,-79.2293,43.7568
8000392366,14537,Driver,65 to 69,None,"Automobile, Station Wagon",Going Ahead,1,0,1,0,0,0,0,0,0,0,0,0,0,19,1914,Other,Dark,-79.2293,43.7568
8000535071,14852,Driver,20 to 24,Major,"Automobile, Station Wagon",Going Ahead,0,0,1,0,0,0,0,0,1,1,0,0,0,19,1914,Clear,Daylight,-79.5201,43.7677
8000535071,14851,Driver,35 to 39,Major,"Automobile, Station Wagon",Going Ahead,0,0,1,0,0,0,0,0,1,1,0,0,0,19,1914,Clear,Daylight,-79.5201,43.7677
8000604278,14866,Motorcycle Driver,30 to 34,Major,Motorcycle,Going Ahead,0,0,0,1,0,0,0,0,0,0,0,0,0,16,1630,Clear,Daylight,-79.4452,43.7826
8000787702,14255,Driver,55 to 59,None,"Automobile, Station Wagon",Turning Left,0,0,1,1,0,0,0,0,0,1,0,0,0,16,1616,Clear,Daylight,-79.1491,43.7969
8000787702,14253,Motorcycle Driver,15 to 19,Major,Motorcycle,Going Ahead,0,0,1,1,0,0,0,0,0,1,0,0,0,16,1616,Clear,Daylight,-79.1491,43.7969
8000842221,14286,Driver,55 to 59,None,"Automobile, Station Wagon",Reversing,1,0,1,0,0,0,0,0,0,0,0,0,0,10,955,Clear,Daylight,-79.3785,43.6568
8000842221,14287,Pedestrian,55 to 59,Major,NULL,NULL,1,0,1,0,0,0,0,0,0,0,0,0,0,10,955,Clear,Daylight,-79.3785,43.6568
8000979295,14343,Cyclist,20 to 24,Major,Bicycle,Going Ahead,0,1,1,0,0,0,0,0,0,0,0,0,0,21,2103,Clear,"Dark, artificial",-79.3118,43.6833
8000979295,14344,Driver,30 to 34,None,"Automobile, Station Wagon",Turning Left,0,1,1,0,0,0,0,0,0,0,0,0,0,21,2103,Clear,"Dark, artificial",-79.3118,43.6833
8000981318,14345,Truck Driver,20 to 24,None,Truck - Dump,Turning Right,1,0,0,0,1,0,0,0,0,0,0,0,0,8,755,Clear,Daylight,-79.4857,43.6482
8000981318,14346,Pedestrian,35 to 39,Major,NULL,NULL,1,0,0,0,1,0,0,0,0,0,0,0,0,8,755,Clear,Daylight,-79.4857,43.6482
8001007364,14247,Pedestrian,65 to 69,Major,NULL,NULL,1,0,1,0,0,0,0,1,0,0,0,0,0,22,2238,Clear,Dark,-79.3085,43.6865
8001007364,14140,Driver,30 to 34,None,"Automobile, Station Wagon",Turning Right,1,0,1,0,0,0,0,1,0,0,0,0,0,22,2238,Clear,Dark,-79.3085,43.6865
8001007364,14147,Passenger,20 to 24,None,NULL,NULL,1,0,1,0,0,0,0,1,0,0,0,0,0,22,2238,Clear,Dark,-79.3085,43.6865
8001028038,14252,Driver,45 to 49,None,"Automobile, Station Wagon",Changing Lanes,0,0,1,1,0,0,0,0,0,0,0,0,0,23,2257,Clear,"Daylight, artificial",-79.2515,43.7058
8001028038,14260,Motorcycle Driver,30 to 34,Major,Motorcycle,Going Ahead,0,0,1,1,0,0,0,0,0,0,0,0,0,23,2257,Clear,"Daylight, artificial",-79.2515,43.7058
8001108986,14403,Driver,25 to 29,Major,"Automobile, Station Wagon",Going Ahead,0,0,1,0,0,0,0,0,0,0,0,0,0,17,1720,Clear,Daylight,-79.4198,43.7907
8001113536,14404,Motorcycle Driver,55 to 59,Major,Motorcycle,Going Ahead,0,0,1,1,0,0,0,0,0,1,0,0,0,11,1105,Clear,Daylight,-79.5383,43.7718
8001113536,14405,Driver,70 to 74,None,Pick Up Truck,Going Ahead,0,0,1,1,0,0,0,0,0,1,0,0,0,11,1105,Clear,Daylight,-79.5383,43.7718
8001113536,14406,Driver,85 to 89,None,"Automobile, Station Wagon",Stopped,0,0,1,1,0,0,0,0,0,1,0,0,0,11,1105,Clear,Daylight,-79.5383,43.7718
8001221845,14125,Driver,20 to 24,None,Street Car,Going Ahead,0,1,0,0,0,1,0,0,0,0,0,0,0,10,1030,Clear,Daylight,-79.4123,43.6454
8001221845,14134,Cyclist,50 to 54,Major,Bicycle,Going Ahead,0,1,0,0,0,1,0,0,0,0,0,0,0,10,1030,Clear,Daylight,-79.4123,43.6454
8001280273,14767,Motorcycle Driver,30 to 34,Major,Motorcycle,Going Ahead,0,0,1,1,0,0,0,1,0,0,0,0,0,21,2121,Clear,"Dark, artificial",-79.4772,43.6923
8001280273,14768,Driver,50 to 54,None,"Automobile, Station Wagon",Going Ahead,0,0,1,1,0,0,0,1,0,0,0,0,0,21,2121,Clear,"Dark, artificial",-79.4772,43.6923
8001280273,14769,Passenger,10 to 14,None,NULL,NULL,0,0,1,1,0,0,0,1,0,0,0,0,0,21,2121,Clear,"Dark, artificial",-79.4772,43.6923
8001280273,14770,Passenger,10 to 14,Minor,NULL,NULL,0,0,1,1,0,0,0,1,0,0,0,0,0,21,2121,Clear,"Dark, artificial",-79.4772,43.6923
8001315928,14779,Driver,45 to 49,None,"Automobile, Station Wagon",Overtaking,1,0,1,0,0,0,0,0,0,1,0,0,0,7,711,Clear,Daylight,-79.3551,43.6902
8001315928,14780,Pedestrian,40 to 44,Major,NULL,NULL,1,0,1,0,0,0,0,0,0,1,0,0,0,7,711,Clear,Daylight,-79.3551,43.6902
8001362922,14792,Truck Driver,35 to 39,None,Truck - Dump,Going Ahead,1,0,0,0,1,0,0,0,0,1,0,0,0,1,58,Clear,Dark,-79.4393,43.6979
8001362922,14793,Pedestrian,55 to 59,Fatal,NULL,NULL,1,0,0,0,1,0,0,0,0,1,0,0,0,1,58,Clear,Dark,-79.4393,43.6979
8001395482,14806,Driver,40 to 44,None,"Automobile, Station Wagon",Going Ahead,1,0,1,0,0,0,0,1,0,0,0,0,0,18,1755,Clear,Daylight,-79.4226,43.7973
8001395482,14807,Pedestrian,45 to 49,Major,NULL,NULL,1,0,1,0,0,0,0,1,0,0,0,0,0,18,1755,Clear,Daylight,-79.4226,43.7973
8001395482,14808,Passenger,40 to 44,None,NULL,NULL,1,0,1,0,0,0,0,1,0,0,0,0,0,18,1755,Clear,Daylight,-79.4226,43.7973
8001397714,14809,Motorcycle Driver,25 to 29,Major,Motorcycle,Going Ahead,0,0,0,1,0,0,0,0,1,1,0,0,0,2,150,Clear,"Dark, artificial",-79.5103,43.6979
8001397714,14810,Other,unknown,None,NULL,Parked,0,0,0,1,0,0,0,0,1,1,0,0,0,2,150,Clear,"Dark, artificial",-79.5103,43.6979
8001469544,14839,Driver,20 to 24,None,"Automobile, Station Wagon",Turning Left,1,0,1,0,0,0,0,0,0,1,0,0,0,10,1038,Clear,Daylight,-79.2979,43.6788
8001469544,14840,Pedestrian,20 to 24,Major,NULL,NULL,1,0,1,0,0,0,0,0,0,1,0,0,0,10,1038,Clear,Daylight,-79.2979,43.6788
8001478093,14843,Driver,45 to 49,Minor,"Automobile, Station Wagon",Stopped,1,0,1,0,0,0,0,1,0,1,0,0,0,14,1420,Clear,Daylight,-79.5114,43.6838
8001478093,14844,Driver,45 to 49,None,"Automobile, Station Wagon",Stopped,1,0,1,0,0,0,0,1,0,1,0,0,0,14,1420,Clear,Daylight,-79.5114,43.6838
8001478093,14845,Passenger,25 to 29,Minor,NULL,NULL,1,0,1,0,0,0,0,1,0,1,0,0,0,14,1420,Clear,Daylight,-79.5114,43.6838
8001478093,14001,Passenger,0 to 4,Minor,NULL,NULL,1,0,1,0,0,0,0,1,0,1,0,0,0,14,1420,Clear,Daylight,-79.5114,43.6838
8002190612,15829,Passenger,25 to 29,Minor,NULL,NULL,0,0,1,0,0,0,0,1,0,0,0,0,0,18,1812,Clear,Dark,-79.3359,43.7021
8002190612,15830,Passenger,25 to 29,Major,NULL,NULL,0,0,1,0,0,0,0,1,0,0,0,0,0,18,1812,Clear,Dark,-79.3359,43.7021
8002196256,15832,Driver,75 to 79,Minimal,"Automobile, Station Wagon",Making U Turn,0,0,1,0,0,0,0,1,0,0,0,0,0,15,1538,Clear,Daylight,-79.3451,43.8146
8002196256,15833,Driver,30 to 34,Minimal,"Automobile, Station Wagon",Going Ahead,0,0,1,0,0,0,0,1,0,0,0,0,0,15,1538,Clear,Daylight,-79.3451,43.8146
8002196256,15835,Passenger,85 to 89,Major,NULL,NULL,0,0,1,0,0,0,0,1,0,0,0,0,0,15,1538,Clear,Daylight,-79.3451,43.8146
8002196256,15834,Passenger,50 to 54,None,NULL,NULL,0,0,1,0,0,0,0,1,0,0,0,0,0,15,1538,Clear,Daylight,-79.3451,43.8146
8002197002,15836,Driver,60 to 64,None,"Automobile, Station Wagon",Going Ahead,0,1,1,0,0,0,0,1,0,1,0,0,0,17,1705,Clear,Dusk,-79.304,43.8168
8002197002,15837,Cyclist,70 to 74,Major,Bicycle,Going Ahead,0,1,1,0,0,0,0,1,0,1,0,0,0,17,1705,Clear,Dusk,-79.304,43.8168
8002197002,15838,Driver,35 to 39,None,"Automobile, Station Wagon",Going Ahead,0,1,1,0,0,0,0,1,0,1,0,0,0,17,1705,Clear,Dusk,-79.304,43.8168
8002197002,15001,Passenger,0 to 4,None,NULL,NULL,0,1,1,0,0,0,0,1,0,1,0,0,0,17,1705,Clear,Dusk,-79.304,43.8168
8002198438,15002,Driver,25 to 29,None,"Automobile, Station Wagon",Turning Left,1,0,1,0,0,0,0,0,0,0,0,0,0,22,2232,Clear,Dark,-79.449,43.6462
8002198438,15003,Pedestrian,80 to 84,Major,NULL,NULL,1,0,1,0,0,0,0,0,0,0,0,0,0,22,2232,Clear,Dark,-79.449,43.6462
8002203656,15006,Driver,35 to 39,None,"Automobile, Station Wagon",Turning Left,0,0,1,0,0,0,0,1,0,1,0,0,0,17,1720,Clear,Dusk,-79.4987,43.6844