ACCNUM,ObjectId,INVTYPE,INVAGE,INJURY,VEHTYPE,MANOEUVER,PEDESTRIAN,CYCLIST,AUTOMOBILE,MOTORCYCLE,TRUCK,TRSN_CITY_VEH,EMERG_VEH,PASSENGER,SPEEDING,AG_DRIV,REDLIGHT,ALCOHOL,DISABILITY,HOUR,TIME,VISIBILITY,LIGHT,collision_lat,collision_long
8002203656,15007,Driver,80 to 84,Minor,"Automobile, Station Wagon",Going Ahead,0,0,1,0,0,0,0,1,0,1,0,0,0,17,1720,Clear,Dusk,-79.4987,43.6844
8002203656,15009,Passenger,40 to 44,None,NULL,NULL,0,0,1,0,0,0,0,1,0,1,0,0,0,17,1720,Clear,Dusk,-79.4987,43.6844
8002203656,15011,Passenger,0 to 4,None,NULL,NULL,0,0,1,0,0,0,0,1,0,1,0,0,0,17,1720,Clear,Dusk,-79.4987,43.6844
8002203656,15012,Passenger,75 to 79,Major,NULL,NULL,0,0,1,0,0,0,0,1,0,1,0,0,0,17,1720,Clear,Dusk,-79.4987,43.6844
8002248508,15029,Driver,45 to 49,Major,"Automobile, Station Wagon",Going Ahead,0,0,1,0,0,0,0,1,0,0,0,0,0,15,1520,Clear,Daylight,-79.2687,43.7611
8002248508,15030,Driver,40 to 44,None,"Automobile, Station Wagon",Slowing or Stopping,0,0,1,0,0,0,0,1,0,0,0,0,0,15,1520,Clear,Daylight,-79.2687,43.7611
8002248508,15031,Driver,30 to 34,Minimal,"Automobile, Station Wagon",Stopped,0,0,1,0,0,0,0,1,0,0,0,0,0,15,1520,Clear,Daylight,-79.2687,43.7611
8002248508,15032,Passenger,40 to 44,Minimal,NULL,NULL,0,0,1,0,0,0,0,1,0,0,0,0,0,15,1520,Clear,Daylight,-79.2687,43.7611
8002248508,15034,Passenger,10 to 14,None,NULL,NULL,0,0,1,0,0,0,0,1,0,0,0,0,0,15,1520,Clear,Daylight,-79.2687,43.7611
8002248508,15033,Passenger,10 to 14,None,NULL,NULL,0,0,1,0,0,0,0,1,0,0,0,0,0,15,1520,Clear,Daylight,-79.2687,43.7611
8002306569,15063,Driver,unknown,None,"Automobile, Station Wagon",Turning Left,1,0,1,0,0,0,0,0,0,1,0,0,0,20,2000,Clear,"Dark, artificial",-79.6034,43.7191
8002306569,15064,Pedestrian,55 to 59,Major,NULL,NULL,1,0,1,0,0,0,0,0,0,1,0,0,0,20,2000,Clear,"Dark, artificial",-79.6034,43.7191
8002325561,15068,Driver,45 to 49,None,"Automobile, Station Wagon",Reversing,1,0,1,0,0,0,0,1,0,0,0,0,0,17,1740,Clear,"Dark, artificial",-79.3399,43.7855
8002325561,15069,Passenger,15 to 19,None,NULL,NULL,1,0,1,0,0,0,0,1,0,0,0,0,0,17,1740,Clear,"Dark, artificial",-79.3399,43.7855
8002325561,15070,Pedestrian,65 to 69,Major,NULL,NULL,1,0,1,0,0,0,0,1,0,0,0,0,0,17,1740,Clear,"Dark, artificial",-79.3399,43.7855
9000107139,15167,Pedestrian,65 to 69,Fatal,NULL,NULL,1,0,0,0,1,0,0,0,0,1,0,0,0,21,2122,Clear,"Dark, artificial",-79.4106,43.6637
9000107139,15168,Driver,55 to 59,None,"Truck - Closed (Blazer, etc)",Turning Right,1,0,0,0,1,0,0,0,0,1,0,0,0,21,2122,Clear,"Dark, artificial",-79.4106,43.6637
9000146770,15178,Driver,25 to 29,None,Pick Up Truck,Going Ahead,1,0,1,0,0,0,0,0,0,0,0,0,0,6,639,Freezing Rain,"Dark, artificial",-79.4375,43.6842
9000146770,15179,Pedestrian,50 to 54,Major,NULL,NULL,1,0,1,0,0,0,0,0,0,0,0,0,0,6,639,Freezing Rain,"Dark, artificial",-79.4375,43.6842
9000211864,15190,Driver,40 to 44,Major,"Automobile, Station Wagon",Going Ahead,0,0,1,0,0,0,0,0,0,0,0,1,0,23,2326,Snow,"Dark, artificial",-79.2592,43.737
9000211864,15191,Driver,30 to 34,Minor,"Automobile, Station Wagon",Going Ahead,0,0,1,0,0,0,0,0,0,0,0,1,0,23,2326,Snow,"Dark, artificial",-79.2592,43.737
9000232559,15203,Driver,40 to 44,None,"Automobile, Station Wagon",Making U Turn,0,0,1,0,0,0,0,1,0,0,0,0,0,6,619,Clear,"Dark, artificial",-79.4325,43.7374
9000232559,15204,Driver,30 to 34,Minor,"Automobile, Station Wagon",Going Ahead,0,0,1,0,0,0,0,1,0,0,0,0,0,6,619,Clear,"Dark, artificial",-79.4325,43.7374
9000232559,15205,Passenger,5 to 9,Major,NULL,NULL,0,0,1,0,0,0,0,1,0,0,0,0,0,6,619,Clear,"Dark, artificial",-79.4325,43.7374
9000355790,15223,Driver,30 to 34,None,"Automobile, Station Wagon",Going Ahead,1,0,1,0,0,0,0,1,0,0,0,0,0,15,1452,Clear,Daylight,-79.4512,43.6392
9000355790,15224,Passenger,25 to 29,None,NULL,NULL,1,0,1,0,0,0,0,1,0,0,0,0,0,15,1452,Clear,Daylight,-79.4512,43.6392
9000355790,15225,Pedestrian,35 to 39,Major,NULL,NULL,1,0,1,0,0,0,0,1,0,0,0,0,0,15,1452,Clear,Daylight,-79.4512,43.6392
9000359952,15228,Driver,60 to 64,None,"Automobile, Station Wagon",Turning Left,0,0,1,0,0,0,0,1,0,0,0,0,0,8,835,Clear,Daylight,-79.3458,43.7462
9000359952,15229,Driver,20 to 24,None,"Automobile, Station Wagon",Slowing or Stopping,0,0,1,0,0,0,0,1,0,0,0,0,0,8,835,Clear,Daylight,-79.3458,43.7462
9000359952,15230,Passenger,25 to 29,Major,NULL,NULL,0,0,1,0,0,0,0,1,0,0,0,0,0,8,835,Clear,Daylight,-79.3458,43.7462
9000365892,15231,Driver,65 to 69,None,"Automobile, Station Wagon",Going Ahead,1,0,1,0,0,0,0,1,0,0,0,0,0,6,602,Clear,Daylight,-79.3282,43.7937
9000365892,15232,Passenger,65 to 69,None,NULL,NULL,1,0,1,0,0,0,0,1,0,0,0,0,0,6,602,Clear,Daylight,-79.3282,43.7937
9000365892,15233,Pedestrian,30 to 34,Major,NULL,NULL,1,0,1,0,0,0,0,1,0,0,0,0,0,6,602,Clear,Daylight,-79.3282,43.7937
9000380935,15234,Driver,80 to 84,Major,"Automobile, Station Wagon",Going Ahead,0,0,1,0,0,0,0,0,0,1,0,0,0,11,1105,Clear,Daylight,-79.5813,43.7144
9000380935,15235,Driver,20 to 24,None,"Automobile, Station Wagon",Going Ahead,0,0,1,0,0,0,0,0,0,1,0,0,0,11,1105,Clear,Daylight,-79.5813,43.7144
9000383019,15236,Driver,15 to 19,None,"Automobile, Station Wagon",Going Ahead,1,0,1,0,0,0,0,1,0,0,0,0,0,16,1609,Clear,Daylight,-79.3236,43.7764
9000383019,15237,Pedestrian,65 to 69,Major,NULL,NULL,1,0,1,0,0,0,0,1,0,0,0,0,0,16,1609,Clear,Daylight,-79.3236,43.7764
9000383019,15238,Passenger,15 to 19,None,NULL,NULL,1,0,1,0,0,0,0,1,0,0,0,0,0,16,1609,Clear,Daylight,-79.3236,43.7764
9000383019,15239,Passenger,15 to 19,None,NULL,NULL,1,0,1,0,0,0,0,1,0,0,0,0,0,16,1609,Clear,Daylight,-79.3236,43.7764
9000383019,15240,Passenger,15 to 19,None,NULL,NULL,1,0,1,0,0,0,0,1,0,0,0,0,0,16,1609,Clear,Daylight,-79.3236,43.7764
9000383019,15241,Passenger,15 to 19,None,NULL,NULL,1,0,1,0,0,0,0,1,0,0,0,0,0,16,1609,Clear,Daylight,-79.3236,43.7764
9000405023,15129,Driver,45 to 49,Minimal,Municipal Transit Bus (TTC),Going Ahead,0,0,1,0,0,1,0,0,0,0,0,0,0,5,547,Clear,"Dark, artificial",-79.6013,43.7303
9000405023,15113,Driver,60 to 64,Major,"Automobile, Station Wagon",Going Ahead,0,0,1,0,0,1,0,0,0,0,0,0,0,5,547,Clear,"Dark, artificial",-79.6013,43.7303
9000405023,15125,Driver,45 to 49,Minimal,Municipal Transit Bus (TTC),Going Ahead,0,0,1,0,0,1,0,0,0,0,0,0,0,5,547,Clear,"Dark, artificial",-79.6013,43.7303
9000456825,15671,Driver,50 to 54,Minor,"Automobile, Station Wagon",Going Ahead,0,0,1,0,0,0,0,1,1,1,0,0,0,6,555,Clear,Dark,-79.2119,43.8455
9000456825,15672,Driver,50 to 54,Major,"Automobile, Station Wagon",Going Ahead,0,0,1,0,0,0,0,1,1,1,0,0,0,6,555,Clear,Dark,-79.2119,43.8455
9000456825,15673,Passenger,40 to 44,Minimal,NULL,NULL,0,0,1,0,0,0,0,1,1,1,0,0,0,6,555,Clear,Dark,-79.2119,43.8455
9000456825,15674,Passenger,50 to 54,Major,NULL,NULL,0,0,1,0,0,0,0,1,1,1,0,0,0,6,555,Clear,Dark,-79.2119,43.8455
9000456825,15675,Passenger,50 to 54,Minor,NULL,NULL,0,0,1,0,0,0,0,1,1,1,0,0,0,6,555,Clear,Dark,-79.2119,43.8455
9000481898,15685,Driver,60 to 64,None,"Automobile, Station Wagon",Turning Left,1,0,1,0,0,0,0,0,0,0,0,0,0,22,2155,Clear,"Dark, artificial",-79.3796,43.6472
9000481898,15686,Pedestrian,50 to 54,Major,NULL,NULL,1,0,1,0,0,0,0,0,0,0,0,0,0,22,2155,Clear,"Dark, artificial",-79.3796,43.6472
9000494467,15695,Driver,unknown,None,"Automobile, Station Wagon",Going Ahead,0,1,1,0,0,0,0,0,0,1,0,0,0,20,2016,Clear,"Dark, artificial",-79.3828,43.6566
9000494467,15696,Cyclist,35 to 39,Major,Bicycle,Stopped,0,1,1,0,0,0,0,0,0,1,0,0,0,20,2016,Clear,"Dark, artificial",-79.3828,43.6566
9000589078,15729,Driver,20 to 24,None,"Automobile, Station Wagon",Going Ahead,1,0,1,0,0,0,0,0,0,1,0,0,0,1,55,Clear,Dark,-79.3666,43.8097
9000589078,15730,Pedestrian,65 to 69,Major,NULL,NULL,1,0,1,0,0,0,0,0,0,1,0,0,0,1,55,Clear,Dark,-79.3666,43.8097
9000709404,15260,Driver,25 to 29,None,"Automobile, Station Wagon",Going Ahead,1,0,1,0,0,0,0,0,0,1,1,0,0,21,2145,Rain,"Dark, artificial",-79.4345,43.6332
9000709404,15261,Pedestrian,25 to 29,Major,NULL,NULL,1,0,1,0,0,0,0,0,0,1,1,0,0,21,2145,Rain,"Dark, artificial",-79.4345,43.6332
9000731621,15268,Driver,20 to 24,None,"Automobile, Station Wagon",Going Ahead,1,0,1,0,0,0,0,0,0,0,0,0,0,16,1632,Clear,Daylight,-79.2418,43.7275
9000731621,15269,Pedestrian,0 to 4,Major,NULL,NULL,1,0,1,0,0,0,0,0,0,0,0,0,0,16,1632,Clear,Daylight,-79.2418,43.7275
9000941507,15319,Driver,30 to 34,Minimal,Street Car,Going Ahead,0,0,1,0,0,1,0,1,1,1,0,0,0,15,1535,Clear,Daylight,-79.3886,43.6382
9000941507,15320,Passenger,30 to 34,Major,NULL,NULL,0,0,1,0,0,1,0,1,1,1,0,0,0,15,1535,Clear,Daylight,-79.3886,43.6382
9000941507,15321,Driver,25 to 29,Minor,"Automobile, Station Wagon",Going Ahead,0,0,1,0,0,1,0,1,1,1,0,0,0,15,1535,Clear,Daylight,-79.3886,43.6382
9000963732,15328,Driver,25 to 29,None,"Automobile, Station Wagon",Turning Left,0,1,1,0,0,0,0,0,0,1,0,0,0,18,1757,Clear,Daylight,-79.3692,43.6639
9000963732,15329,Driver,60 to 64,None,"Automobile, Station Wagon",Going Ahead,0,1,1,0,0,0,0,0,0,1,0,0,0,18,1757,Clear,Daylight,-79.3692,43.6639
9000963732,15330,Cyclist,30 to 34,Major,Bicycle,Going Ahead,0,1,1,0,0,0,0,0,0,1,0,0,0,18,1757,Clear,Daylight,-79.3692,43.6639
9000994854,15337,Driver,20 to 24,None,Passenger Van,Turning Right,0,0,1,1,0,0,0,1,0,1,0,0,0,22,2236,Clear,"Dark, artificial",-79.4197,43.6303
9000994854,15338,Motorcycle Driver,20 to 24,Major,Motorcycle,Going Ahead,0,0,1,1,0,0,0,1,0,1,0,0,0,22,2236,Clear,"Dark, artificial",-79.4197,43.6303
9000994854,15339,Passenger,20 to 24,None,NULL,NULL,0,0,1,1,0,0,0,1,0,1,0,0,0,22,2236,Clear,"Dark, artificial",-79.4197,43.6303
9001051786,15924,Driver,unknown,None,"Automobile, Station Wagon",Turning Right,1,0,1,0,0,0,0,0,0,1,0,0,0,20,2018,Clear,Dusk,-79.5522,43.7498
9001051786,15925,Pedestrian,35 to 39,Major,NULL,NULL,1,0,1,0,0,0,0,0,0,1,0,0,0,20,2018,Clear,Dusk,-79.5522,43.7498
9001076374,15930,Driver,55 to 59,None,"Automobile, Station Wagon",Going Ahead,1,0,1,0,0,0,0,1,0,1,0,0,0,13,1305,Clear,Daylight,-79.2667,43.7151
9001076374,15931,Passenger,55 to 59,None,NULL,NULL,1,0,1,0,0,0,0,1,0,1,0,0,0,13,1305,Clear,Daylight,-79.2667,43.7151
8001571012,14071,Passenger,50 to 54,Major,NULL,NULL,0,0,1,0,0,1,0,1,0,0,0,0,0,11,1112,Clear,Daylight,-79.417,43.7858
8001571012,14072,Passenger,60 to 64,Minor,NULL,NULL,0,0,1,0,0,1,0,1,0,0,0,0,0,11,1112,Clear,Daylight,-79.417,43.7858
8001571012,14073,Passenger,65 to 69,Minor,NULL,NULL,0,0,1,0,0,1,0,1,0,0,0,0,0,11,1112,Clear,Daylight,-79.417,43.7858
8001571012,14069,Passenger,30 to 34,Minor,NULL,NULL,0,0,1,0,0,1,0,1,0,0,0,0,0,11,1112,Clear,Daylight,-79.417,43.7858
8001571012,14074,Passenger,45 to 49,Minor,NULL,NULL,0,0,1,0,0,1,0,1,0,0,0,0,0,11,1112,Clear,Daylight,-79.417,43.7858
8001571012,14075,Passenger,35 to 39,None,NULL,NULL,0,0,1,0,0,1,0,1,0,0,0,0,0,11,1112,Clear,Daylight,-79.417,43.7858
8001644149,14101,Pedestrian,50 to 54,Fatal,NULL,NULL,1,0,0,0,1,0,0,0,0,0,0,0,0,14,1405,Clear,Daylight,-79.5256,43.5993
8001647335,14104,Driver,40 to 44,Major,Passenger Van,Going Ahead,0,0,1,0,0,0,0,1,0,1,0,0,0,22,2218,Clear,"Dark, artificial",-79.5615,43.7478
8001647335,14105,Driver,25 to 29,None,Pick Up Truck,Going Ahead,0,0,1,0,0,0,0,1,0,1,0,0,0,22,2218,Clear,"Dark, artificial",-79.5615,43.7478
8001647335,14005,Passenger,20 to 24,Minimal,NULL,NULL,0,0,1,0,0,0,0,1,0,1,0,0,0,22,2218,Clear,"Dark, artificial",-79.5615,43.7478
8001668494,14662,Driver,unknown,None,"Automobile, Station Wagon",Going Ahead,1,0,1,0,0,0,0,0,0,0,0,0,0,1,105,Clear,"Dark, artificial",-79.4627,43.7502
8001668494,14666,Pedestrian,80 to 84,Major,NULL,NULL,1,0,1,0,0,0,0,0,0,0,0,0,0,1,105,Clear,"Dark, artificial",-79.4627,43.7502
8001751421,14722,Driver,35 to 39,None,"Automobile, Station Wagon",Going Ahead,1,0,1,0,0,0,0,0,0,0,0,0,0,16,1600,Clear,Daylight,-79.3696,43.6633
8001751421,14723,Pedestrian,55 to 59,Fatal,NULL,NULL,1,0,1,0,0,0,0,0,0,0,0,0,0,16,1600,Clear,Daylight,-79.3696,43.6633
8001784875,14750,Cyclist,30 to 34,Major,Bicycle,Turning Left,0,1,1,0,0,0,0,0,0,0,0,0,0,18,1755,Clear,Daylight,-79.2797,43.8109
8001784875,14751,Driver,45 to 49,None,"Automobile, Station Wagon",Going Ahead,0,1,1,0,0,0,0,0,0,0,0,0,0,18,1755,Clear,Daylight,-79.2797,43.8109
8001860748,15609,Driver,30 to 34,None,Street Car,Going Ahead,0,1,1,0,0,1,0,0,0,0,0,0,0,20,2015,Clear,"Dusk, artificial",-79.3509,43.6585
8001860748,15610,Other,unknown,None,"Automobile, Station Wagon",Parked,0,1,1,0,0,1,0,0,0,0,0,0,0,20,2015,Clear,"Dusk, artificial",-79.3509,43.6585
8001860748,15608,Cyclist,60 to 64,Fatal,Bicycle,Going Ahead,0,1,1,0,0,1,0,0,0,0,0,0,0,20,2015,Clear,"Dusk, artificial",-79.3509,43.6585
8002146919,15809,Driver,unknown,None,"Automobile, Station Wagon",Turning Left,1,0,1,0,0,0,0,0,0,0,0,0,0,20,1952,Clear,Dark,-79.2608,43.7147
8002146919,15810,Pedestrian,20 to 24,Major,NULL,NULL,1,0,1,0,0,0,0,0,0,0,0,0,0,20,1952,Clear,Dark,-79.2608,43.7147
8002165675,15820,Driver,55 to 59,None,"Automobile, Station Wagon",Going Ahead,1,0,1,0,0,0,0,0,0,1,0,0,0,19,1855,Rain,"Dark, artificial",-79.3603,43.6543
8002165675,15821,Pedestrian,30 to 34,Major,NULL,NULL,1,0,1,0,0,0,0,0,0,1,0,0,0,19,1855,Rain,"Dark, artificial",-79.3603,43.6543
8002229899,15020,Driver,50 to 54,None,"Automobile, Station Wagon",Going Ahead,1,0,1,0,0,0,0,0,0,1,0,0,0,19,1932,Clear,Dark,-79.2676,43.7583
8002229899,15021,Pedestrian,55 to 59,Fatal,NULL,NULL,1,0,1,0,0,0,0,0,0,1,0,0,0,19,1932,Clear,Dark,-79.2676,43.7583
8002245364,15025,Driver,unknown,None,"Automobile, Station Wagon",Going Ahead,0,1,1,0,0,0,0,0,0,0,0,0,0,3,300,Drifting Snow,"Dark, artificial",-79.3478,43.6592
8002245364,15026,Cyclist,40 to 44,Major,Bicycle,Going Ahead,0,1,1,0,0,0,0,0,0,0,0,0,0,3,300,Drifting Snow,"Dark, artificial",-79.3478,43.6592
8002286980,15059,Driver,55 to 59,None,"Automobile, Station Wagon",Going Ahead,1,0,1,0,0,0,0,1,0,0,0,0,0,17,1737,Clear,Dark,-79.4097,43.6614
8002286980,15060,Passenger,20 to 24,None,NULL,NULL,1,0,1,0,0,0,0,1,0,0,0,0,0,17,1737,Clear,Dark,-79.4097,43.6614
8002286980,15061,Passenger,20 to 24,None,NULL,NULL,1,0,1,0,0,0,0,1,0,0,0,0,0,17,1737,Clear,Dark,-79.4097,43.6614
8002286980,15062,Pedestrian,10 to 14,Major,NULL,NULL,1,0,1,0,0,0,0,1,0,0,0,0,0,17,1737,Clear,Dark,-79.4097,43.6614
8002334933,15071,Driver,45 to 49,None,"Automobile, Station Wagon",Going Ahead,1,0,1,0,0,0,0,0,0,0,0,0,0,7,710,Rain,"Dark, artificial",-79.2375,43.7998
8002334933,15072,Pedestrian,20 to 24,Major,NULL,NULL,1,0,1,0,0,0,0,0,0,0,0,0,0,7,710,Rain,"Dark, artificial",-79.2375,43.7998
9000093036,15137,Driver,70 to 74,None,"Automobile, Station Wagon",Turning Right,1,0,1,0,0,0,0,0,0,0,0,0,0,21,2110,Rain,"Dark, artificial",-79.2136,43.8178
9000093036,15146,Pedestrian,45 to 49,Major,NULL,NULL,1,0,1,0,0,0,0,0,0,0,0,0,0,21,2110,Rain,"Dark, artificial",-79.2136,43.8178
9000115545,15169,Driver,20 to 24,Fatal,"Automobile, Station Wagon",Going Ahead,0,0,1,0,0,0,0,1,1,1,0,0,0,5,530,Clear,"Dark, artificial",-79.3593,43.7022
9000115545,15170,Passenger,20 to 24,None,NULL,NULL,0,0,1,0,0,0,0,1,1,1,0,0,0,5,530,Clear,"Dark, artificial",-79.3593,43.7022
9000244817,15209,Driver,65 to 69,Major,Pick Up Truck,Going Ahead,0,0,1,0,0,0,1,1,0,1,0,0,1,3,330,Clear,"Dark, artificial",-79.3858,43.6607
9000244817,15210,Driver,35 to 39,None,Fire Vehicle,Slowing or Stopping,0,0,1,0,0,0,1,1,0,1,0,0,1,3,330,Clear,"Dark, artificial",-79.3858,43.6607
9000244817,15211,Passenger,60 to 64,None,NULL,NULL,0,0,1,0,0,0,1,1,0,1,0,0,1,3,330,Clear,"Dark, artificial",-79.3858,43.6607
9000244817,15212,Passenger,30 to 34,None,NULL,NULL,0,0,1,0,0,0,1,1,0,1,0,0,1,3,330,Clear,"Dark, artificial",-79.3858,43.6607
9000244817,15213,Passenger,35 to 39,None,NULL,NULL,0,0,1,0,0,0,1,1,0,1,0,0,1,3,330,Clear,"Dark, artificial",-79.3858,43.6607
9000431673,15558,Passenger,15 to 19,Minor,NULL,NULL,0,0,1,0,0,0,0,1,0,1,0,1,0,2,231,Clear,"Dark, artificial",-79.3777,43.6429
9000431673,15560,Passenger,20 to 24,Minor,NULL,NULL,0,0,1,0,0,0,0,1,0,1,0,1,0,2,231,Clear,"Dark, artificial",-79.3777,43.6429
9000431673,15563,Passenger,15 to 19,Minor,NULL,NULL,0,0,1,0,0,0,0,1,0,1,0,1,0,2,231,Clear,"Dark, artificial",-79.3777,43.6429
9000431673,15457,Driver,35 to 39,Minor,"Automobile, Station Wagon",Going Ahead,0,0,1,0,0,0,0,1,0,1,0,1,0,2,231,Clear,"Dark, artificial",-79.3777,43.6429
9000431673,15458,Driver,50 to 54,Minor,"Automobile, Station Wagon",Stopped,0,0,1,0,0,0,0,1,0,1,0,1,0,2,231,Clear,"Dark, artificial",-79.3777,43.6429
9000431673,15464,Passenger,15 to 19,Major,NULL,NULL,0,0,1,0,0,0,0,1,0,1,0,1,0,2,231,Clear,"Dark, artificial",-79.3777,43.6429
9000475774,15683,Driver,80 to 84,None,"Automobile, Station Wagon",Going Ahead,1,0,1,0,0,0,0,0,0,0,0,0,0,22,2246,Rain,"Dark, artificial",-79.2758,43.8268
9000475774,15684,Pedestrian,15 to 19,Major,NULL,NULL,1,0,1,0,0,0,0,0,0,0,0,0,0,22,2246,Rain,"Dark, artificial",-79.2758,43.8268
9000492756,15692,Driver,50 to 54,None,"Automobile, Station Wagon",Going Ahead,1,0,1,0,0,0,0,1,0,0,0,0,0,15,1545,Clear,Daylight,-79.368,43.7899
9000492756,15693,Passenger,45 to 49,None,NULL,NULL,1,0,1,0,0,0,0,1,0,0,0,0,0,15,1545,Clear,Daylight,-79.368,43.7899
9000492756,15694,Pedestrian,10 to 14,Major,NULL,NULL,1,0,1,0,0,0,0,1,0,0,0,0,0,15,1545,Clear,Daylight,-79.368,43.7899
9000525520,15705,Truck Driver,55 to 59,None,Truck-Tractor,Going Ahead,0,0,1,0,1,0,0,1,0,1,0,0,0,11,1112,Clear,Daylight,-79.5631,43.6744
9000525520,15706,Driver,65 to 69,Minor,"Automobile, Station Wagon",Slowing or Stopping,0,0,1,0,1,0,0,1,0,1,0,0,0,11,1112,Clear,Daylight,-79.5631,43.6744
9000525520,15707,Passenger,65 to 69,Major,NULL,NULL,0,0,1,0,1,0,0,1,0,1,0,0,0,11,1112,Clear,Daylight,-79.5631,43.6744
9000583629,15724,Driver,30 to 34,None,Street Car,Going Ahead,1,0,1,0,0,1,0,0,0,1,0,0,0,8,848,Clear,Daylight,-79.3521,43.6582
9000583629,15725,Driver,40 to 44,Minimal,"Automobile, Station Wagon",Stopped,1,0,1,0,0,1,0,0,0,1,0,0,0,8,848,Clear,Daylight,-79.3521,43.6582
9000583629,15726,Pedestrian,30 to 34,Major,NULL,NULL,1,0,1,0,0,1,0,0,0,1,0,0,0,8,848,Clear,Daylight,-79.3521,43.6582
9000618194,15731,Pedestrian,85 to 89,Fatal,NULL,NULL,1,0,1,0,0,0,0,0,0,1,0,0,0,9,907,Clear,Daylight,-79.2528,43.8107
9000618194,15732,Driver,50 to 54,None,Pick Up Truck,Turning Left,1,0,1,0,0,0,0,0,0,1,0,0,0,9,907,Clear,Daylight,-79.2528,43.8107
9000663260,15743,Driver,35 to 39,None,"Automobile, Station Wagon",Changing Lanes,0,1,1,0,0,0,0,0,0,1,0,0,0,15,1515,Clear,Daylight,-79.4162,43.6446
9000663260,15744,Cyclist,unknown,Major,Bicycle,Going Ahead,0,1,1,0,0,0,0,0,0,1,0,0,0,15,1515,Clear,Daylight,-79.4162,43.6446
9000691466,15255,Passenger,30 to 34,None,NULL,NULL,1,0,1,0,0,0,0,1,0,0,0,0,0,8,805,Clear,Daylight,-79.2922,43.7822
9000691466,15256,Pedestrian,Over 95,Major,NULL,NULL,1,0,1,0,0,0,0,1,0,0,0,0,0,8,805,Clear,Daylight,-79.2922,43.7822
9000691466,15254,Driver,60 to 64,None,"Automobile, Station Wagon",Going Ahead,1,0,1,0,0,0,0,1,0,0,0,0,0,8,805,Clear,Daylight,-79.2922,43.7822
9000775776,15275,Driver,40 to 44,None,Municipal Transit Bus (TTC),Going Ahead,1,0,0,0,0,1,0,0,0,0,0,0,0,7,725,Clear,Daylight,-79.2314,43.8365
9000775776,15276,Pedestrian,15 to 19,Major,NULL,NULL,1,0,0,0,0,1,0,0,0,0,0,0,0,7,725,Clear,Daylight,-79.2314,43.8365
9000865737,15302,Driver,40 to 44,None,"Automobile, Station Wagon",Going Ahead,1,0,1,0,0,0,0,0,0,0,0,0,0,20,2045,Rain,"Dark, artificial",-79.5169,43.5981
9000865737,15303,Pedestrian,15 to 19,Major,NULL,NULL,1,0,1,0,0,0,0,0,0,0,0,0,0,20,2045,Rain,"Dark, artificial",-79.5169,43.5981
9000918002,15311,Driver,45 to 49,Minimal,Street Car,Going Ahead,1,0,0,0,0,1,0,0,0,0,0,0,0,9,920,Clear,Daylight,-79.3801,43.6398
9000918002,15312,Pedestrian,30 to 34,Major,NULL,NULL,1,0,0,0,0,1,0,0,0,0,0,0,0,9,920,Clear,Daylight,-79.3801,43.6398
9000933967,15317,Truck Driver,35 to 39,None,Truck - Tank,Going Ahead,1,0,0,0,1,0,0,0,0,0,0,0,0,14,1439,Clear,Daylight,-79.3993,43.6472
9000933967,15318,Pedestrian,45 to 49,Major,NULL,NULL,1,0,0,0,1,0,0,0,0,0,0,0,0,14,1439,Clear,Daylight,-79.3993,43.6472
9001001982,15340,Motorcycle Driver,35 to 39,Major,Motorcycle,Going Ahead,0,0,1,1,0,0,0,1,1,1,1,0,0,21,2123,Clear,Daylight,-79.3107,43.6807
9001001982,15341,Driver,45 to 49,None,"Automobile, Station Wagon",Turning Left,0,0,1,1,0,0,0,1,1,1,1,0,0,21,2123,Clear,Daylight,-79.3107,43.6807
9001001982,15342,Motorcycle Passenger,35 to 39,Major,NULL,NULL,0,0,1,1,0,0,0,1,1,1,1,0,0,21,2123,Clear,Daylight,-79.3107,43.6807
9001022166,15581,Driver,20 to 24,Major,"Automobile, Station Wagon",Turning Right,0,1,1,0,0,0,0,0,0,1,0,0,0,19,1936,Clear,Daylight,-79.4108,43.6323
9001022166,15670,Cyclist,25 to 29,Minimal,Bicycle,Going Ahead,0,1,1,0,0,0,0,0,0,1,0,0,0,19,1936,Clear,Daylight,-79.4108,43.6323
9001051544,15923,Pedestrian,55 to 59,Major,NULL,NULL,1,0,1,0,0,0,0,1,0,0,0,0,0,19,1925,Clear,"Daylight, artificial",-79.3225,43.6834
9001051544,15843,Driver,40 to 44,None,"Automobile, Station Wagon",Going Ahead,1,0,1,0,0,0,0,1,0,0,0,0,0,19,1925,Clear,"Daylight, artificial",-79.3225,43.6834
9001051544,15847,Passenger,35 to 39,None,NULL,NULL,1,0,1,0,0,0,0,1,0,0,0,0,0,19,1925,Clear,"Daylight, artificial",-79.3225,43.6834
9001400690,15510,Driver,15 to 19,Major,"Automobile, Station Wagon",Turning Left,0,0,1,0,0,0,0,0,0,1,0,0,0,19,1857,Clear,Daylight,-79.4324,43.7374
9001400690,15511,Driver,30 to 34,Minor,"Automobile, Station Wagon",Going Ahead,0,0,1,0,0,0,0,0,0,1,0,0,0,19,1857,Clear,Daylight,-79.4324,43.7374