ACCNUM,ObjectId,INVTYPE,INVAGE,INJURY,VEHTYPE,MANOEUVER,PEDESTRIAN,CYCLIST,AUTOMOBILE,MOTORCYCLE,TRUCK,TRSN_CITY_VEH,EMERG_VEH,PASSENGER,SPEEDING,AG_DRIV,REDLIGHT,ALCOHOL,DISABILITY,HOUR,TIME,VISIBILITY,LIGHT,collision_lat,collision_long
9001442933,15547,Passenger,25 to 29,None,NULL,NULL,0,1,1,0,0,0,0,1,0,1,0,0,0,17,1748,Clear,Daylight,-79.424,43.6477
9001442933,15548,Passenger,25 to 29,None,NULL,NULL,0,1,1,0,0,0,0,1,0,1,0,0,0,17,1748,Clear,Daylight,-79.424,43.6477
9001442933,15545,Driver,30 to 34,None,Pick Up Truck,Overtaking,0,1,1,0,0,0,0,1,0,1,0,0,0,17,1748,Clear,Daylight,-79.424,43.6477
9001442933,15546,Cyclist,15 to 19,Major,Bicycle,Going Ahead,0,1,1,0,0,0,0,1,0,1,0,0,0,17,1748,Clear,Daylight,-79.424,43.6477
9001462666,15555,Driver,55 to 59,Fatal,"Automobile, Station Wagon",Going Ahead,0,0,1,0,0,0,0,0,0,0,0,0,0,9,917,Clear,Daylight,-79.3013,43.7637
9001464095,15008,Cyclist,35 to 39,Major,Bicycle,Unknown,0,1,1,0,0,0,0,0,0,0,0,0,0,14,1435,Clear,"Daylight, artificial",-79.4536,43.7089
9001464095,15110,Driver,45 to 49,Minimal,"Automobile, Station Wagon",Going Ahead,0,1,1,0,0,0,0,0,0,0,0,0,0,14,1435,Clear,"Daylight, artificial",-79.4536,43.7089
9001464192,15118,Driver,25 to 29,Minor,"Automobile, Station Wagon",Going Ahead,1,0,1,0,0,0,0,0,0,0,0,0,0,15,1500,Clear,Daylight,-79.3812,43.6483
9001464192,15145,Pedestrian,15 to 19,Minimal,NULL,NULL,1,0,1,0,0,0,0,0,0,0,0,0,0,15,1500,Clear,Daylight,-79.3812,43.6483
9001464192,15127,Pedestrian,15 to 19,Major,NULL,NULL,1,0,1,0,0,0,0,0,0,0,0,0,0,15,1500,Clear,Daylight,-79.3812,43.6483
9001464192,15136,Pedestrian,15 to 19,Minor,NULL,NULL,1,0,1,0,0,0,0,0,0,0,0,0,0,15,1500,Clear,Daylight,-79.3812,43.6483
9001623743,15427,Driver,60 to 64,None,"Automobile, Station Wagon",Going Ahead,1,0,1,0,0,0,0,0,0,0,0,0,0,20,2035,Clear,Dark,-79.1863,43.771
9001623743,15428,Pedestrian,70 to 74,Fatal,NULL,NULL,1,0,1,0,0,0,0,0,0,0,0,0,0,20,2035,Clear,Dark,-79.1863,43.771
9001686602,15441,Driver,70 to 74,Major,"Automobile, Station Wagon",Going Ahead,0,0,1,0,0,0,0,0,0,0,0,0,0,18,1800,Clear,Daylight,-79.2843,43.7743
9001708503,15567,Pedestrian,75 to 79,Fatal,NULL,NULL,1,0,1,0,0,0,0,0,0,0,0,0,0,16,1617,Clear,Daylight,-79.5466,43.6969
9001708503,15573,Driver,45 to 49,None,"Automobile, Station Wagon",Going Ahead,1,0,1,0,0,0,0,0,0,0,0,0,0,16,1617,Clear,Daylight,-79.5466,43.6969
9001749979,15860,Driver,25 to 29,None,Pick Up Truck,Going Ahead,0,0,1,0,0,0,0,1,1,1,1,0,0,11,1055,Clear,Daylight,-79.5672,43.6444
9001749979,15861,Driver,50 to 54,Minor,"Automobile, Station Wagon",Going Ahead,0,0,1,0,0,0,0,1,1,1,1,0,0,11,1055,Clear,Daylight,-79.5672,43.6444
9001749979,15862,Passenger,25 to 29,Major,NULL,NULL,0,0,1,0,0,0,0,1,1,1,1,0,0,11,1055,Clear,Daylight,-79.5672,43.6444
9001759607,15865,Driver,30 to 34,None,Pick Up Truck,Going Ahead,1,0,1,0,0,0,0,0,0,0,0,0,0,16,1640,Clear,Daylight,-79.3831,43.6403
9001759607,15866,Pedestrian,50 to 54,Major,NULL,NULL,1,0,1,0,0,0,0,0,0,0,0,0,0,16,1640,Clear,Daylight,-79.3831,43.6403
9001762726,15867,Driver,60 to 64,Major,"Automobile, Station Wagon",Going Ahead,0,0,1,0,0,0,0,1,0,1,0,0,0,1,105,Rain,"Dark, artificial",-79.3254,43.7125
9001762726,15868,Driver,45 to 49,Minimal,"Automobile, Station Wagon",Going Ahead,0,0,1,0,0,0,0,1,0,1,0,0,0,1,105,Rain,"Dark, artificial",-79.3254,43.7125
9001762726,15869,Passenger,30 to 34,Minimal,NULL,NULL,0,0,1,0,0,0,0,1,0,1,0,0,0,1,105,Rain,"Dark, artificial",-79.3254,43.7125
9001788987,15878,Driver,20 to 24,None,"Automobile, Station Wagon",Turning Left,0,1,1,0,0,0,0,0,0,1,0,0,0,16,1630,Clear,Daylight,-79.5149,43.6865
9001788987,15879,Cyclist,50 to 54,Major,Bicycle,Going Ahead,0,1,1,0,0,0,0,0,0,1,0,0,0,16,1630,Clear,Daylight,-79.5149,43.6865
9001821850,15884,Driver,35 to 39,Major,Passenger Van,Turning Left,0,0,1,1,0,0,0,0,0,0,0,0,0,22,2242,Clear,Dark,-79.2446,43.7534
9001821850,15885,Motorcycle Driver,25 to 29,None,Motorcycle,Going Ahead,0,0,1,1,0,0,0,0,0,0,0,0,0,22,2242,Clear,Dark,-79.2446,43.7534
9001878764,15905,Pedestrian,55 to 59,Fatal,NULL,NULL,1,0,1,0,0,0,0,0,0,0,0,0,0,20,2031,Clear,"Daylight, artificial",-79.5647,43.7073
9001878764,15906,Driver,50 to 54,None,"Automobile, Station Wagon",Going Ahead,1,0,1,0,0,0,0,0,0,0,0,0,0,20,2031,Clear,"Daylight, artificial",-79.5647,43.7073
9001964458,16260,Driver,20 to 24,Minor,"Automobile, Station Wagon",Going Ahead,0,0,1,0,0,0,0,0,1,1,0,0,0,13,1320,Clear,Daylight,-79.2656,43.7267
9001964458,16267,Driver,85 to 89,Minimal,"Automobile, Station Wagon",Stopped,0,0,1,0,0,0,0,0,1,1,0,0,0,13,1320,Clear,Daylight,-79.2656,43.7267
9001964458,16271,Driver,60 to 64,None,"Automobile, Station Wagon",Stopped,0,0,1,0,0,0,0,0,1,1,0,0,0,13,1320,Clear,Daylight,-79.2656,43.7267
9001964458,16257,Driver,80 to 84,Major,"Automobile, Station Wagon",Turning Left,0,0,1,0,0,0,0,0,1,1,0,0,0,13,1320,Clear,Daylight,-79.2656,43.7267
9001965744,16276,Other,50 to 54,None,Truck (other),Going Ahead,0,0,1,0,1,0,0,0,0,0,0,0,1,16,1624,Clear,Daylight,-79.5218,43.641
9001965744,16284,Driver,50 to 54,Fatal,"Automobile, Station Wagon",Going Ahead,0,0,1,0,1,0,0,0,0,0,0,0,1,16,1624,Clear,Daylight,-79.5218,43.641
9002052338,16320,Driver,60 to 64,Minor,"Automobile, Station Wagon",Turning Left,0,0,1,0,0,0,0,1,0,1,0,0,0,10,1016,Clear,Daylight,-79.4409,43.6729
9002052338,16321,Driver,20 to 24,Major,Pick Up Truck,Going Ahead,0,0,1,0,0,0,0,1,0,1,0,0,0,10,1016,Clear,Daylight,-79.4409,43.6729
9002052338,16322,Passenger,50 to 54,Minor,NULL,NULL,0,0,1,0,0,0,0,1,0,1,0,0,0,10,1016,Clear,Daylight,-79.4409,43.6729
9002052338,16323,Passenger,30 to 34,Minimal,NULL,NULL,0,0,1,0,0,0,0,1,0,1,0,0,0,10,1016,Clear,Daylight,-79.4409,43.6729
9002072643,16331,Driver,20 to 24,Major,"Automobile, Station Wagon",Going Ahead,0,0,1,0,0,0,0,0,0,0,0,0,0,2,238,Rain,Dark,-79.5638,43.6308
9002113660,16352,Cyclist,40 to 44,Major,Bicycle,Going Ahead,0,1,1,0,0,0,0,1,0,0,0,0,0,19,1941,Clear,"Dark, artificial",-79.3355,43.6691
9002113660,16353,Driver,35 to 39,None,"Automobile, Station Wagon",Going Ahead,0,1,1,0,0,0,0,1,0,0,0,0,0,19,1941,Clear,"Dark, artificial",-79.3355,43.6691
9002113660,16354,Passenger,60 to 64,None,NULL,NULL,0,1,1,0,0,0,0,1,0,0,0,0,0,19,1941,Clear,"Dark, artificial",-79.3355,43.6691
9002113660,16355,Passenger,20 to 24,None,NULL,NULL,0,1,1,0,0,0,0,1,0,0,0,0,0,19,1941,Clear,"Dark, artificial",-79.3355,43.6691
9002147665,16359,Driver,40 to 44,None,"Automobile, Station Wagon",Turning Left,0,1,1,0,0,0,0,0,0,1,0,0,0,17,1732,Clear,"Dark, artificial",-79.3899,43.6436
9002147665,16360,Cyclist,50 to 54,Major,Bicycle,Going Ahead,0,1,1,0,0,0,0,0,0,1,0,0,0,17,1732,Clear,"Dark, artificial",-79.3899,43.6436
9002255296,16151,Driver,50 to 54,None,"Automobile, Station Wagon",Going Ahead,1,0,1,0,0,0,0,0,0,0,0,0,0,14,1352,Clear,Daylight,-79.4141,43.7224
9002255296,16259,Pedestrian,90 to 94,Fatal,NULL,NULL,1,0,1,0,0,0,0,0,0,0,0,0,0,14,1352,Clear,Daylight,-79.4141,43.7224
9002423251,16670,Driver,75 to 79,Major,"Automobile, Station Wagon",Going Ahead,0,0,1,0,0,0,0,1,0,0,0,0,0,16,1555,Clear,Daylight,-79.5218,43.6561
9002423251,16671,Driver,70 to 74,Minor,"Automobile, Station Wagon",Stopped,0,0,1,0,0,0,0,1,0,0,0,0,0,16,1555,Clear,Daylight,-79.5218,43.6561
9002423251,16672,Passenger,65 to 69,Minor,NULL,NULL,0,0,1,0,0,0,0,1,0,0,0,0,0,16,1555,Clear,Daylight,-79.5218,43.6561
9002484268,16695,Driver,20 to 24,Minimal,"Automobile, Station Wagon",Turning Left,0,0,1,0,0,0,0,1,0,0,0,0,0,21,2118,Clear,"Dark, artificial",-79.3698,43.6455
9002484268,16696,Driver,60 to 64,Minimal,"Automobile, Station Wagon",Going Ahead,0,0,1,0,0,0,0,1,0,0,0,0,0,21,2118,Clear,"Dark, artificial",-79.3698,43.6455
9002484268,16697,Driver,45 to 49,Minimal,"Automobile, Station Wagon",Going Ahead,0,0,1,0,0,0,0,1,0,0,0,0,0,21,2118,Clear,"Dark, artificial",-79.3698,43.6455
9002484268,16698,Passenger,25 to 29,Minor,NULL,NULL,0,0,1,0,0,0,0,1,0,0,0,0,0,21,2118,Clear,"Dark, artificial",-79.3698,43.6455
9002484268,16699,Passenger,80 to 84,Major,NULL,NULL,0,0,1,0,0,0,0,1,0,0,0,0,0,21,2118,Clear,"Dark, artificial",-79.3698,43.6455
9002484268,16700,Passenger,30 to 34,Minimal,NULL,NULL,0,0,1,0,0,0,0,1,0,0,0,0,0,21,2118,Clear,"Dark, artificial",-79.3698,43.6455
9002484268,16701,Passenger,0 to 4,Minimal,NULL,NULL,0,0,1,0,0,0,0,1,0,0,0,0,0,21,2118,Clear,"Dark, artificial",-79.3698,43.6455
9002484268,16010,Passenger,0 to 4,Minimal,NULL,NULL,0,0,1,0,0,0,0,1,0,0,0,0,0,21,2118,Clear,"Dark, artificial",-79.3698,43.6455
9085345312,15301,Passenger,45 to 49,Minor,NULL,NULL,0,0,1,0,0,0,0,1,0,1,0,0,1,22,2200,Clear,"Dark, artificial",-79.3519,43.6774
9085345312,15298,Driver,30 to 34,Major,"Automobile, Station Wagon",Going Ahead,0,0,1,0,0,0,0,1,0,1,0,0,1,22,2200,Clear,"Dark, artificial",-79.3519,43.6774
9085345312,15299,Driver,25 to 29,None,"Automobile, Station Wagon",Making U Turn,0,0,1,0,0,0,0,1,0,1,0,0,1,22,2200,Clear,"Dark, artificial",-79.3519,43.6774
9085345312,15300,Other,15 to 19,None,"Automobile, Station Wagon",Parked,0,0,1,0,0,0,0,1,0,1,0,0,1,22,2200,Clear,"Dark, artificial",-79.3519,43.6774
9000085978,15158,Passenger,20 to 24,None,NULL,NULL,1,0,1,0,0,0,0,1,0,1,0,0,0,19,1900,Clear,"Dark, artificial",-79.2022,43.7989
9000088115,15159,Pedestrian,55 to 59,Fatal,NULL,NULL,1,0,0,0,1,0,0,0,0,0,0,0,0,6,555,Clear,"Dark, artificial",-79.3853,43.6484
9000088115,15160,Driver,25 to 29,None,"Truck - Closed (Blazer, etc)",Reversing,1,0,0,0,1,0,0,0,0,0,0,0,0,6,555,Clear,"Dark, artificial",-79.3853,43.6484
9000121241,15173,Driver,35 to 39,None,Pick Up Truck,Going Ahead,0,0,1,0,0,0,0,1,0,0,0,0,0,5,515,Snow,"Dark, artificial",-79.572,43.7453
9000121241,15174,Driver,55 to 59,Minor,"Automobile, Station Wagon",Going Ahead,0,0,1,0,0,0,0,1,0,0,0,0,0,5,515,Snow,"Dark, artificial",-79.572,43.7453
9000121241,15175,Passenger,40 to 44,Major,NULL,NULL,0,0,1,0,0,0,0,1,0,0,0,0,0,5,515,Snow,"Dark, artificial",-79.572,43.7453
9000408644,15144,Driver,20 to 24,None,"Automobile, Station Wagon",Going Ahead,1,0,1,0,0,0,0,0,0,0,0,0,0,16,1640,Clear,Daylight,-79.2512,43.7062
9000408644,15258,Pedestrian,15 to 19,Major,NULL,NULL,1,0,1,0,0,0,0,0,0,0,0,0,0,16,1640,Clear,Daylight,-79.2512,43.7062
9000461892,15681,Driver,70 to 74,None,"Automobile, Station Wagon",Turning Left,1,0,1,0,0,0,0,0,0,0,0,0,0,21,2128,Clear,"Dark, artificial",-79.4059,43.6522
9000461892,15682,Pedestrian,60 to 64,Major,NULL,NULL,1,0,1,0,0,0,0,0,0,0,0,0,0,21,2128,Clear,"Dark, artificial",-79.4059,43.6522
9000625948,15737,Driver,65 to 69,None,Pick Up Truck,Turning Left,1,0,1,0,0,0,0,0,0,1,0,0,0,13,1330,Clear,Daylight,-79.1393,43.786
9000625948,15738,Pedestrian,45 to 49,Major,NULL,NULL,1,0,1,0,0,0,0,0,0,1,0,0,0,13,1330,Clear,Daylight,-79.1393,43.786
9000685425,15250,Driver,20 to 24,None,"Automobile, Station Wagon",Stopped,0,0,1,0,0,0,0,1,0,1,0,0,0,10,1000,Clear,Daylight,-79.3468,43.75
9000685425,15251,Passenger,60 to 64,Minimal,NULL,NULL,0,0,1,0,0,0,0,1,0,1,0,0,0,10,1000,Clear,Daylight,-79.3468,43.75
9000685425,15252,Passenger,55 to 59,Minimal,NULL,NULL,0,0,1,0,0,0,0,1,0,1,0,0,0,10,1000,Clear,Daylight,-79.3468,43.75
9000685425,15243,Driver,60 to 64,None,"Automobile, Station Wagon",Going Ahead,0,0,1,0,0,0,0,1,0,1,0,0,0,10,1000,Clear,Daylight,-79.3468,43.75
9000685425,15143,Driver,50 to 54,Minor,"Automobile, Station Wagon",Turning Left,0,0,1,0,0,0,0,1,0,1,0,0,0,10,1000,Clear,Daylight,-79.3468,43.75
9000685425,15253,Passenger,80 to 84,Major,NULL,NULL,0,0,1,0,0,0,0,1,0,1,0,0,0,10,1000,Clear,Daylight,-79.3468,43.75
9000716051,15262,Driver,20 to 24,None,"Automobile, Station Wagon",Changing Lanes,0,0,1,0,0,0,0,1,1,1,0,0,0,1,108,Clear,"Dark, artificial",-79.503,43.6224
9000716051,15263,Driver,15 to 19,Major,"Automobile, Station Wagon",Going Ahead,0,0,1,0,0,0,0,1,1,1,0,0,0,1,108,Clear,"Dark, artificial",-79.503,43.6224
9000716051,15264,Passenger,15 to 19,Minimal,NULL,NULL,0,0,1,0,0,0,0,1,1,1,0,0,0,1,108,Clear,"Dark, artificial",-79.503,43.6224
9000716051,15265,Passenger,15 to 19,Major,NULL,NULL,0,0,1,0,0,0,0,1,1,1,0,0,0,1,108,Clear,"Dark, artificial",-79.503,43.6224
9000736096,15270,Driver,60 to 64,None,"Automobile, Station Wagon",Turning Right,1,0,1,0,0,0,0,0,0,0,0,0,0,10,1005,Clear,Daylight,-79.3882,43.6547
9000736096,15271,Pedestrian,35 to 39,Major,NULL,NULL,1,0,1,0,0,0,0,0,0,0,0,0,0,10,1005,Clear,Daylight,-79.3882,43.6547
9000755866,15274,Driver,25 to 29,Major,"Automobile, Station Wagon",Going Ahead,0,0,1,0,0,0,0,0,1,1,0,0,0,3,309,Clear,"Dark, artificial",-79.3475,43.6564
9000794551,15280,Driver,35 to 39,None,"Automobile, Station Wagon",Turning Left,1,0,1,0,0,0,0,0,0,0,0,0,0,18,1755,Clear,Daylight,-79.5116,43.6242
9000794551,15281,Pedestrian,15 to 19,Major,NULL,NULL,1,0,1,0,0,0,0,0,0,0,0,0,0,18,1755,Clear,Daylight,-79.5116,43.6242
9000795261,15282,Driver,unknown,None,Pick Up Truck,Turning Left,0,0,1,1,0,0,0,0,0,1,0,0,0,19,1940,Clear,Dusk,-79.4395,43.6695
9000795261,15283,Motorcycle Driver,40 to 44,Major,Motorcycle,Going Ahead,0,0,1,1,0,0,0,0,0,1,0,0,0,19,1940,Clear,Dusk,-79.4395,43.6695
9000820433,15290,Driver,70 to 74,None,"Automobile, Station Wagon",Going Ahead,0,1,1,0,0,0,0,1,0,1,0,0,0,13,1320,Clear,Daylight,-79.4096,43.6514
9000820433,15291,Cyclist,65 to 69,Major,Bicycle,Going Ahead,0,1,1,0,0,0,0,1,0,1,0,0,0,13,1320,Clear,Daylight,-79.4096,43.6514
9000820433,15292,Passenger,60 to 64,None,NULL,NULL,0,1,1,0,0,0,0,1,0,1,0,0,0,13,1320,Clear,Daylight,-79.4096,43.6514
9000846736,15295,Driver,15 to 19,Fatal,"Automobile, Station Wagon",Going Ahead,0,0,1,0,0,0,0,1,1,1,0,0,0,1,124,Rain,"Dark, artificial",-79.2822,43.8164
9000846736,15296,Passenger,10 to 14,Major,NULL,NULL,0,0,1,0,0,0,0,1,1,1,0,0,0,1,124,Rain,"Dark, artificial",-79.2822,43.8164
9000846736,15297,Passenger,15 to 19,Minor,NULL,NULL,0,0,1,0,0,0,0,1,1,1,0,0,0,1,124,Rain,"Dark, artificial",-79.2822,43.8164
9000964152,15331,Driver,80 to 84,None,Passenger Van,Turning Left,1,0,1,0,0,0,0,1,0,1,0,0,0,19,1914,Clear,Daylight,-79.5537,43.6194
9000964152,15332,Passenger,35 to 39,None,NULL,NULL,1,0,1,0,0,0,0,1,0,1,0,0,0,19,1914,Clear,Daylight,-79.5537,43.6194
9000964152,15333,Passenger,5 to 9,None,NULL,NULL,1,0,1,0,0,0,0,1,0,1,0,0,0,19,1914,Clear,Daylight,-79.5537,43.6194
9000964152,15334,Pedestrian,15 to 19,Major,NULL,NULL,1,0,1,0,0,0,0,1,0,1,0,0,0,19,1914,Clear,Daylight,-79.5537,43.6194
9001065418,15928,Motorcycle Driver,30 to 34,Major,Motorcycle,Going Ahead,0,0,1,1,0,0,0,0,0,0,0,0,0,21,2132,Clear,"Dark, artificial",-79.373,43.6424
9001065418,15929,Driver,55 to 59,None,"Automobile, Station Wagon",Making U Turn,0,0,1,1,0,0,0,0,0,0,0,0,0,21,2132,Clear,"Dark, artificial",-79.373,43.6424
9001127498,15947,Driver,15 to 19,None,"Automobile, Station Wagon",Turning Left,0,0,1,1,0,0,0,1,0,1,0,0,0,12,1200,Clear,Daylight,-79.5561,43.6141
9001127498,15948,Motorcycle Driver,75 to 79,Fatal,Motorcycle,Going Ahead,0,0,1,1,0,0,0,1,0,1,0,0,0,12,1200,Clear,Daylight,-79.5561,43.6141
9001127498,15949,Passenger,15 to 19,None,"Automobile, Station Wagon",NULL,0,0,1,1,0,0,0,1,0,1,0,0,0,12,1200,Clear,Daylight,-79.5561,43.6141
9001180401,15970,Driver,50 to 54,Minimal,Pick Up Truck,Turning Left,0,1,1,0,0,0,0,0,0,0,0,0,0,16,1609,Clear,Daylight,-79.474,43.6788
9001180401,15971,Cyclist,10 to 14,Major,Bicycle,Going Ahead,0,1,1,0,0,0,0,0,0,0,0,0,0,16,1609,Clear,Daylight,-79.474,43.6788
9001220436,15990,Driver,55 to 59,None,"Automobile, Station Wagon",Going Ahead,1,0,1,0,0,0,0,0,0,0,0,0,0,7,719,Clear,Daylight,-79.4356,43.6795
9001220436,15991,Pedestrian,60 to 64,Major,NULL,NULL,1,0,1,0,0,0,0,0,0,0,0,0,0,7,719,Clear,Daylight,-79.4356,43.6795
9001234049,15998,Driver,40 to 44,None,"Automobile, Station Wagon",Turning Left,0,1,1,0,0,0,0,0,0,1,0,0,0,7,735,Clear,"Daylight, artificial",-79.424,43.6752
9001234049,15999,Cyclist,45 to 49,Major,Bicycle,Going Ahead,0,1,1,0,0,0,0,0,0,1,0,0,0,7,735,Clear,"Daylight, artificial",-79.424,43.6752
9001246543,15249,Passenger,30 to 34,Minimal,NULL,NULL,0,0,1,0,0,0,0,1,1,1,0,0,0,19,1915,Clear,Daylight,-79.4195,43.7962
9001246543,15130,Driver,30 to 34,Major,"Automobile, Station Wagon",Going Ahead,0,0,1,0,0,0,0,1,1,1,0,0,0,19,1915,Clear,Daylight,-79.4195,43.7962
9001246543,15141,Driver,70 to 74,Minor,"Automobile, Station Wagon",Turning Left,0,0,1,0,0,0,0,1,1,1,0,0,0,19,1915,Clear,Daylight,-79.4195,43.7962
9001271842,15469,Truck Driver,40 to 44,None,Truck-Tractor,Turning Left,0,0,0,1,1,0,0,1,0,0,0,0,0,10,1040,Clear,Daylight,-79.494,43.7048
9001271842,15470,Motorcycle Driver,50 to 54,Major,Motorcycle,Going Ahead,0,0,0,1,1,0,0,1,0,0,0,0,0,10,1040,Clear,Daylight,-79.494,43.7048
9001271842,15471,Motorcycle Passenger,20 to 24,Major,NULL,NULL,0,0,0,1,1,0,0,1,0,0,0,0,0,10,1040,Clear,Daylight,-79.494,43.7048
9001332621,15485,Pedestrian,65 to 69,Fatal,NULL,NULL,1,0,0,0,1,0,0,0,0,1,0,0,0,14,1401,Clear,Daylight,-79.3555,43.8045
9001332621,15486,Driver,45 to 49,None,Truck - Dump,Turning Left,1,0,0,0,1,0,0,0,0,1,0,0,0,14,1401,Clear,Daylight,-79.3555,43.8045
9001359532,15495,Driver,35 to 39,None,"Automobile, Station Wagon",Going Ahead,1,0,1,0,0,0,0,0,0,0,0,0,0,1,110,Clear,"Dark, artificial",-79.3962,43.6739
9001359532,15496,Pedestrian,50 to 54,Major,NULL,NULL,1,0,1,0,0,0,0,0,0,0,0,0,0,1,110,Clear,"Dark, artificial",-79.3962,43.6739
9001365685,15499,Driver,55 to 59,None,"Automobile, Station Wagon",Turning Right,1,0,1,0,0,0,0,1,0,1,0,0,0,22,2215,Rain,"Dark, artificial",-79.2974,43.7255
9001365685,15500,Passenger,40 to 44,None,NULL,NULL,1,0,1,0,0,0,0,1,0,1,0,0,0,22,2215,Rain,"Dark, artificial",-79.2974,43.7255
9001365685,15501,Passenger,10 to 14,None,NULL,NULL,1,0,1,0,0,0,0,1,0,1,0,0,0,22,2215,Rain,"Dark, artificial",-79.2974,43.7255
9001365685,15502,Passenger,10 to 14,None,NULL,NULL,1,0,1,0,0,0,0,1,0,1,0,0,0,22,2215,Rain,"Dark, artificial",-79.2974,43.7255
9001365685,15503,Pedestrian,40 to 44,Major,NULL,NULL,1,0,1,0,0,0,0,1,0,1,0,0,0,22,2215,Rain,"Dark, artificial",-79.2974,43.7255
9001388316,15506,Driver,45 to 49,None,"Automobile, Station Wagon",Turning Left,0,0,1,0,0,0,0,0,0,1,0,0,0,5,549,Clear,Daylight,-79.3144,43.7556
9001388316,15507,Driver,30 to 34,Major,"Automobile, Station Wagon",Going Ahead,0,0,1,0,0,0,0,0,0,1,0,0,0,5,549,Clear,Daylight,-79.3144,43.7556
9001460001,15553,Driver,65 to 69,None,Passenger Van,Turning Left,0,0,1,1,0,0,0,0,0,1,0,0,0,22,2237,Clear,Dark,-79.5676,43.7423
9001460001,15554,Motorcycle Driver,25 to 29,Fatal,Motorcycle,Going Ahead,0,0,1,1,0,0,0,0,0,1,0,0,0,22,2237,Clear,Dark,-79.5676,43.7423
9001479866,15363,Motorcycle Driver,20 to 24,Major,Motorcycle,Going Ahead,0,0,1,1,0,0,0,0,1,1,0,0,0,22,2220,Clear,"Dark, artificial",-79.3114,43.747
9001479866,15364,Driver,25 to 29,None,"Automobile, Station Wagon",Going Ahead,0,0,1,1,0,0,0,0,1,1,0,0,0,22,2220,Clear,"Dark, artificial",-79.3114,43.747
9001520840,15367,Driver,25 to 29,None,Passenger Van,Turning Left,0,0,1,0,0,0,0,1,0,0,0,0,0,15,1505,Clear,Daylight,-79.5081,43.719
9001520840,15368,Driver,25 to 29,None,"Automobile, Station Wagon",Going Ahead,0,0,1,0,0,0,0,1,0,0,0,0,0,15,1505,Clear,Daylight,-79.5081,43.719
9001520840,15369,Driver,40 to 44,None,Passenger Van,Stopped,0,0,1,0,0,0,0,1,0,0,0,0,0,15,1505,Clear,Daylight,-79.5081,43.719
9001520840,15370,Passenger,25 to 29,Major,NULL,NULL,0,0,1,0,0,0,0,1,0,0,0,0,0,15,1505,Clear,Daylight,-79.5081,43.719
9001520840,15371,Passenger,unknown,None,NULL,NULL,0,0,1,0,0,0,0,1,0,0,0,0,0,15,1505,Clear,Daylight,-79.5081,43.719
9001520840,15372,Passenger,5 to 9,None,NULL,NULL,0,0,1,0,0,0,0,1,0,0,0,0,0,15,1505,Clear,Daylight,-79.5081,43.719
9001536611,15377,Driver,80 to 84,Minimal,"Automobile, Station Wagon",Turning Left,0,1,1,0,0,0,0,1,0,1,0,0,0,17,1748,Clear,Daylight,-79.2801,43.6742
9001536611,15378,Cyclist,45 to 49,Major,Bicycle,Going Ahead,0,1,1,0,0,0,0,1,0,1,0,0,0,17,1748,Clear,Daylight,-79.2801,43.6742
9001536611,15379,Passenger,80 to 84,None,NULL,NULL,0,1,1,0,0,0,0,1,0,1,0,0,0,17,1748,Clear,Daylight,-79.2801,43.6742
9001536611,15380,Passenger,65 to 69,None,NULL,NULL,0,1,1,0,0,0,0,1,0,1,0,0,0,17,1748,Clear,Daylight,-79.2801,43.6742
9001536611,15381,Passenger,60 to 64,None,NULL,NULL,0,1,1,0,0,0,0,1,0,1,0,0,0,17,1748,Clear,Daylight,-79.2801,43.6742
9001541492,15382,Driver,25 to 29,None,"Automobile, Station Wagon",Turning Left,0,0,1,1,0,0,0,1,0,1,0,0,0,11,1149,Clear,Daylight,-79.4528,43.7056
9001541492,15383,Motorcycle Driver,25 to 29,Major,Motorcycle,Going Ahead,0,0,1,1,0,0,0,1,0,1,0,0,0,11,1149,Clear,Daylight,-79.4528,43.7056
7001559583,13350,Driver,25 to 29,Major,"Automobile, Station Wagon",Going Ahead,0,0,1,0,0,0,0,0,0,1,0,0,0,20,2010,Clear,"Dark, artificial",-79.5931,43.6763
7001568713,13361,Passenger,60 to 64,Minor,NULL,NULL,0,0,1,0,0,1,0,1,0,0,0,0,0,8,846,Clear,Daylight,-79.6098,43.734
7001568713,13460,Driver,55 to 59,None,Municipal Transit Bus (TTC),Stopped,0,0,1,0,0,1,0,1,0,0,0,0,0,8,846,Clear,Daylight,-79.6098,43.734
7001568713,13463,Driver,25 to 29,Major,Pick Up Truck,Going Ahead,0,0,1,0,0,1,0,1,0,0,0,0,0,8,846,Clear,Daylight,-79.6098,43.734
7001628368,13845,Driver,35 to 39,None,Passenger Van,Turning Right,0,1,1,0,0,0,0,0,0,1,0,0,0,15,1505,Clear,Daylight,-79.3737,43.7019
7001628368,13846,Cyclist,50 to 54,Major,Bicycle,Going Ahead,0,1,1,0,0,0,0,0,0,1,0,0,0,15,1505,Clear,Daylight,-79.3737,43.7019
7001725049,13869,Passenger,15 to 19,Major,NULL,NULL,0,0,1,0,0,0,0,1,1,1,0,0,0,1,50,Clear,"Dark, artificial",-79.4881,43.6741