ACCNUM,ObjectId,INVTYPE,INVAGE,INJURY,VEHTYPE,MANOEUVER,PEDESTRIAN,CYCLIST,AUTOMOBILE,MOTORCYCLE,TRUCK,TRSN_CITY_VEH,EMERG_VEH,PASSENGER,SPEEDING,AG_DRIV,REDLIGHT,ALCOHOL,DISABILITY,HOUR,TIME,VISIBILITY,LIGHT,collision_lat,collision_long
7001725049,13870,Passenger,15 to 19,Major,NULL,NULL,0,0,1,0,0,0,0,1,1,1,0,0,0,1,50,Clear,"Dark, artificial",-79.4881,43.6741
7001725049,13871,Passenger,15 to 19,Minor,NULL,NULL,0,0,1,0,0,0,0,1,1,1,0,0,0,1,50,Clear,"Dark, artificial",-79.4881,43.6741
7001725049,13872,Passenger,15 to 19,None,NULL,NULL,0,0,1,0,0,0,0,1,1,1,0,0,0,1,50,Clear,"Dark, artificial",-79.4881,43.6741
7001725049,13873,Passenger,15 to 19,Minor,NULL,NULL,0,0,1,0,0,0,0,1,1,1,0,0,0,1,50,Clear,"Dark, artificial",-79.4881,43.6741
7001725049,13874,Passenger,15 to 19,Minimal,NULL,NULL,0,0,1,0,0,0,0,1,1,1,0,0,0,1,50,Clear,"Dark, artificial",-79.4881,43.6741
7001725049,13875,Driver,20 to 24,Minimal,Passenger Van,Going Ahead,0,0,1,0,0,0,0,1,1,1,0,0,0,1,50,Clear,"Dark, artificial",-79.4881,43.6741
7001803830,14657,Pedestrian,20 to 24,Fatal,NULL,NULL,1,0,0,0,0,0,0,0,0,0,0,0,0,3,331,Clear,Dark,-79.4022,43.7253
7001803830,14660,Pedestrian,unknown,None,NULL,NULL,1,0,0,0,0,0,0,0,0,0,0,0,0,3,331,Clear,Dark,-79.4022,43.7253
7001803830,14664,Driver,25 to 29,None,NULL,Changing Lanes,1,0,0,0,0,0,0,0,0,0,0,0,0,3,331,Clear,Dark,-79.4022,43.7253
7001821559,14926,Motorcycle Passenger,15 to 19,Minimal,NULL,NULL,0,0,1,1,0,0,0,1,0,1,0,0,0,20,2025,Clear,"Daylight, artificial",-79.3885,43.6553
7001821559,14927,Passenger,30 to 34,None,NULL,NULL,0,0,1,1,0,0,0,1,0,1,0,0,0,20,2025,Clear,"Daylight, artificial",-79.3885,43.6553
7001821559,14928,Motorcycle Driver,25 to 29,Major,Motorcycle,Going Ahead,0,0,1,1,0,0,0,1,0,1,0,0,0,20,2025,Clear,"Daylight, artificial",-79.3885,43.6553
7001821559,14929,Driver,30 to 34,None,"Automobile, Station Wagon",Turning Left,0,0,1,1,0,0,0,1,0,1,0,0,0,20,2025,Clear,"Daylight, artificial",-79.3885,43.6553
7001879752,14948,Driver,65 to 69,None,"Automobile, Station Wagon",Turning Left,1,0,1,0,0,0,0,0,0,1,0,0,0,11,1143,Clear,Daylight,-79.3265,43.6905
7001879752,14949,Pedestrian,85 to 89,Major,NULL,NULL,1,0,1,0,0,0,0,0,0,1,0,0,0,11,1143,Clear,Daylight,-79.3265,43.6905
7001988112,14990,Pedestrian,30 to 34,Major,NULL,NULL,1,0,0,0,0,1,0,0,0,0,0,0,0,22,2215,Rain,Dark,-79.4254,43.6428
7001988112,14991,Driver,50 to 54,None,Street Car,Going Ahead,1,0,0,0,0,1,0,0,0,0,0,0,0,22,2215,Rain,Dark,-79.4254,43.6428
7001989594,14994,Pedestrian,50 to 54,Major,NULL,NULL,1,0,1,0,0,0,0,0,0,0,0,0,0,7,725,Clear,"Dawn, artificial",-79.5891,43.741
7001989594,14995,Driver,45 to 49,None,Pick Up Truck,Going Ahead,1,0,1,0,0,0,0,0,0,0,0,0,0,7,725,Clear,"Dawn, artificial",-79.5891,43.741
7002025111,15000,Cyclist,55 to 59,Major,Bicycle,Going Ahead,0,1,1,0,0,0,0,0,0,1,0,0,0,18,1838,Clear,"Dark, artificial",-79.4772,43.6923
7002025111,14108,Driver,60 to 64,None,"Automobile, Station Wagon",Going Ahead,0,1,1,0,0,0,0,0,0,1,0,0,0,18,1838,Clear,"Dark, artificial",-79.4772,43.6923
7002034653,14141,Driver,35 to 39,None,"Automobile, Station Wagon",Going Ahead,1,0,1,0,0,0,0,1,0,0,0,0,0,9,900,Clear,Daylight,-79.4139,43.7737
7002034653,14146,Driver,45 to 49,None,"Automobile, Station Wagon",Stopped,1,0,1,0,0,0,0,1,0,0,0,0,0,9,900,Clear,Daylight,-79.4139,43.7737
7002034653,14130,Driver,25 to 29,None,"Automobile, Station Wagon",Turning Left,1,0,1,0,0,0,0,1,0,0,0,0,0,9,900,Clear,Daylight,-79.4139,43.7737
7002034653,14152,Pedestrian,65 to 69,Major,NULL,NULL,1,0,1,0,0,0,0,1,0,0,0,0,0,9,900,Clear,Daylight,-79.4139,43.7737
7002034653,14153,Passenger,35 to 39,None,NULL,NULL,1,0,1,0,0,0,0,1,0,0,0,0,0,9,900,Clear,Daylight,-79.4139,43.7737
7002034653,14154,Passenger,45 to 49,None,NULL,NULL,1,0,1,0,0,0,0,1,0,0,0,0,0,9,900,Clear,Daylight,-79.4139,43.7737
7003011875,14163,Pedestrian,15 to 19,Major,NULL,NULL,1,0,1,0,0,0,0,0,0,1,0,0,0,21,2100,Clear,"Dark, artificial",-79.5012,43.7647
7003011875,14164,Driver,unknown,None,"Automobile, Station Wagon",Turning Left,1,0,1,0,0,0,0,0,0,1,0,0,0,21,2100,Clear,"Dark, artificial",-79.5012,43.7647
7003043829,14176,Driver,55 to 59,None,"Automobile, Station Wagon",Turning Left,1,0,1,0,0,0,0,0,0,1,0,0,0,23,2319,Clear,"Dark, artificial",-79.3831,43.6402
7003043829,14177,Pedestrian,60 to 64,Major,NULL,NULL,1,0,1,0,0,0,0,0,0,1,0,0,0,23,2319,Clear,"Dark, artificial",-79.3831,43.6402
7003043829,14178,Pedestrian,25 to 29,None,NULL,NULL,1,0,1,0,0,0,0,0,0,1,0,0,0,23,2319,Clear,"Dark, artificial",-79.3831,43.6402
7003211588,14238,Driver,50 to 54,Fatal,NULL,Going Ahead,0,0,0,0,0,0,0,0,1,1,0,0,0,0,41,Other,Dark,-79.2059,43.7495
7003278373,14266,Pedestrian,unknown,Major,NULL,NULL,1,0,1,0,0,0,0,0,0,1,0,0,0,11,1138,Clear,Daylight,-79.5287,43.6486
7003278373,14361,Driver,70 to 74,None,"Automobile, Station Wagon",Turning Left,1,0,1,0,0,0,0,0,0,1,0,0,0,11,1138,Clear,Daylight,-79.5287,43.6486
7003285352,14463,Passenger,65 to 69,Major,NULL,NULL,0,0,0,0,0,1,0,1,0,1,0,0,0,15,1515,Snow,Daylight,-79.2613,43.7164
7003285352,14465,Driver,45 to 49,None,Intercity Bus,Going Ahead,0,0,0,0,0,1,0,1,0,1,0,0,0,15,1515,Snow,Daylight,-79.2613,43.7164
8000125710,14625,Pedestrian,45 to 49,Major,NULL,NULL,1,0,1,0,0,0,0,0,0,0,0,0,0,21,2105,Clear,"Dark, artificial",-79.1974,43.7973
8000125710,14626,Driver,unknown,None,"Automobile, Station Wagon",Going Ahead,1,0,1,0,0,0,0,0,0,0,0,0,0,21,2105,Clear,"Dark, artificial",-79.1974,43.7973
8000134975,14627,Cyclist,65 to 69,Major,Bicycle,Going Ahead,0,1,1,0,0,0,0,0,0,1,0,0,0,11,1130,Rain,Daylight,-79.4529,43.7907
8000134975,14628,Driver,80 to 84,None,"Automobile, Station Wagon",Turning Left,0,1,1,0,0,0,0,0,0,1,0,0,0,11,1130,Rain,Daylight,-79.4529,43.7907
8000206699,14646,Pedestrian,70 to 74,Fatal,NULL,NULL,1,0,1,0,0,0,0,0,0,1,0,0,0,9,943,Clear,Daylight,-79.5622,43.7477
8000206699,14647,Driver,50 to 54,None,Delivery Van,Turning Left,1,0,1,0,0,0,0,0,0,1,0,0,0,9,943,Clear,Daylight,-79.5622,43.7477
8000244860,14246,Driver,60 to 64,None,"Automobile, Station Wagon",Turning Left,1,0,1,0,0,0,0,0,0,1,0,0,0,9,943,Clear,Daylight,-79.4281,43.6678
8000244860,14148,Pedestrian,25 to 29,Major,NULL,NULL,1,0,1,0,0,0,0,0,0,1,0,0,0,9,943,Clear,Daylight,-79.4281,43.6678
8000256570,14265,Pedestrian,40 to 44,Major,NULL,NULL,1,0,1,0,0,0,0,0,1,1,0,1,0,0,34,Drifting Snow,"Dark, artificial",-79.4059,43.6522
8000256570,14357,Driver,30 to 34,None,"Automobile, Station Wagon",Going Ahead,1,0,1,0,0,0,0,0,1,1,0,1,0,0,34,Drifting Snow,"Dark, artificial",-79.4059,43.6522
8000286363,14480,Pedestrian,85 to 89,Major,NULL,NULL,1,0,1,0,0,0,0,0,0,1,0,0,0,15,1545,Clear,Daylight,-79.5837,43.7467
8000286363,14481,Driver,75 to 79,None,Pick Up Truck,Turning Left,1,0,1,0,0,0,0,0,0,1,0,0,0,15,1545,Clear,Daylight,-79.5837,43.7467
8000300733,14482,Passenger,35 to 39,Major,NULL,NULL,0,0,1,0,0,0,0,1,0,1,1,0,0,18,1800,Clear,"Dark, artificial",-79.3408,43.7275
8000300733,14483,Passenger,35 to 39,Minor,NULL,NULL,0,0,1,0,0,0,0,1,0,1,1,0,0,18,1800,Clear,"Dark, artificial",-79.3408,43.7275
8000300733,14484,Driver,35 to 39,Minor,"Automobile, Station Wagon",Going Ahead,0,0,1,0,0,0,0,1,0,1,1,0,0,18,1800,Clear,"Dark, artificial",-79.3408,43.7275
8000300733,14485,Driver,50 to 54,Minor,"Automobile, Station Wagon",Turning Left,0,0,1,0,0,0,0,1,0,1,1,0,0,18,1800,Clear,"Dark, artificial",-79.3408,43.7275
8000301907,14486,Driver,50 to 54,None,"Automobile, Station Wagon",Going Ahead,0,0,1,0,0,0,0,1,0,0,0,1,0,21,2130,Clear,"Dark, artificial",-79.4931,43.6035
8000301907,14487,Passenger,50 to 54,Major,NULL,NULL,0,0,1,0,0,0,0,1,0,0,0,1,0,21,2130,Clear,"Dark, artificial",-79.4931,43.6035
8000315190,14497,Driver,60 to 64,Minor,"Automobile, Station Wagon",Slowing or Stopping,0,0,1,0,0,0,0,0,0,1,0,0,0,6,617,Clear,"Dark, artificial",-79.4475,43.7729
8000315190,14498,Driver,45 to 49,Major,"Automobile, Station Wagon",Stopped,0,0,1,0,0,0,0,0,0,1,0,0,0,6,617,Clear,"Dark, artificial",-79.4475,43.7729
8000315190,14499,Driver,25 to 29,Minor,Passenger Van,Going Ahead,0,0,1,0,0,0,0,0,0,1,0,0,0,6,617,Clear,"Dark, artificial",-79.4475,43.7729
8000324261,14500,Driver,65 to 69,None,Pick Up Truck,Going Ahead,1,0,1,0,0,0,0,0,0,1,0,0,0,16,1640,Clear,"Dusk, artificial",-79.3671,43.6549
8000324261,14501,Pedestrian,25 to 29,Major,NULL,NULL,1,0,1,0,0,0,0,0,0,1,0,0,0,16,1640,Clear,"Dusk, artificial",-79.3671,43.6549
8000388134,14529,Passenger,50 to 54,None,NULL,NULL,0,0,1,0,0,0,0,1,0,1,0,0,0,6,649,Clear,Daylight,-79.3322,43.7375
8000388134,14530,Driver,50 to 54,None,"Automobile, Station Wagon",Stopped,0,0,1,0,0,0,0,1,0,1,0,0,0,6,649,Clear,Daylight,-79.3322,43.7375
8000388134,14531,Driver,30 to 34,None,"Automobile, Station Wagon",Stopped,0,0,1,0,0,0,0,1,0,1,0,0,0,6,649,Clear,Daylight,-79.3322,43.7375
8000388134,14532,Driver,50 to 54,Major,"Automobile, Station Wagon",Stopped,0,0,1,0,0,0,0,1,0,1,0,0,0,6,649,Clear,Daylight,-79.3322,43.7375
8000388134,14533,Driver,40 to 44,None,School Bus,Going Ahead,0,0,1,0,0,0,0,1,0,1,0,0,0,6,649,Clear,Daylight,-79.3322,43.7375
8000479172,14364,Driver,55 to 59,None,"Automobile, Station Wagon",Turning Left,1,0,1,0,0,0,0,0,0,1,0,0,0,9,907,Clear,"Daylight, artificial",-79.4753,43.6486
8000479172,14267,Pedestrian,70 to 74,Major,NULL,NULL,1,0,1,0,0,0,0,0,0,1,0,0,0,9,907,Clear,"Daylight, artificial",-79.4753,43.6486
8000645053,14873,Driver,60 to 64,None,"Automobile, Station Wagon",Going Ahead,1,0,1,0,0,0,0,0,0,0,0,0,0,23,2256,Clear,"Dark, artificial",-79.4985,43.6655
8000645053,14874,Pedestrian,60 to 64,Major,NULL,NULL,1,0,1,0,0,0,0,0,0,0,0,0,0,23,2256,Clear,"Dark, artificial",-79.4985,43.6655
8000662467,14881,Driver,55 to 59,Minor,Passenger Van,Turning Left,1,0,1,0,0,0,0,0,1,1,0,0,0,15,1512,NULL,Daylight,-79.5081,43.719
8000662467,14882,Pedestrian,40 to 44,Fatal,NULL,NULL,1,0,1,0,0,0,0,0,1,1,0,0,0,15,1512,NULL,Daylight,-79.5081,43.719
8000732809,14903,Driver,45 to 49,None,"Automobile, Station Wagon",Going Ahead,0,0,1,0,0,0,0,0,0,1,0,0,0,14,1401,Clear,Daylight,-79.3034,43.7266
8000732809,14904,Driver,40 to 44,Major,"Automobile, Station Wagon",Turning Left,0,0,1,0,0,0,0,0,0,1,0,0,0,14,1401,Clear,Daylight,-79.3034,43.7266
8000743164,14902,Driver,70 to 74,None,"Automobile, Station Wagon",Turning Left,1,0,1,0,0,0,0,0,0,1,0,0,0,24,2358,Rain,"Dark, artificial",-79.4477,43.6572
9001020471,15449,Pedestrian,10 to 14,Major,NULL,NULL,1,0,1,0,0,0,0,1,0,0,0,0,0,15,1524,Clear,Daylight,-79.28,43.7888
9001020471,15444,Passenger,5 to 9,None,NULL,NULL,1,0,1,0,0,0,0,1,0,0,0,0,0,15,1524,Clear,Daylight,-79.28,43.7888
9001093833,15938,Pedestrian,65 to 69,Major,NULL,NULL,1,0,1,0,0,0,0,0,0,1,0,1,0,19,1917,Clear,Daylight,-79.4545,43.6947
9001093833,15939,Driver,25 to 29,None,"Automobile, Station Wagon",Going Ahead,1,0,1,0,0,0,0,0,0,1,0,1,0,19,1917,Clear,Daylight,-79.4545,43.6947
9001103097,15943,Driver,20 to 24,None,"Automobile, Station Wagon",Turning Left,0,1,1,0,0,0,0,0,0,1,0,0,0,0,48,Clear,"Dark, artificial",-79.4286,43.6421
9001103097,15944,Cyclist,45 to 49,Major,Bicycle,Going Ahead,0,1,1,0,0,0,0,0,0,1,0,0,0,0,48,Clear,"Dark, artificial",-79.4286,43.6421
9001128278,15950,Driver,70 to 74,Major,Passenger Van,Going Ahead,0,0,1,0,0,0,0,0,0,0,0,0,0,14,1416,Clear,Daylight,-79.5652,43.6884
9001182119,15972,Driver,20 to 24,None,"Automobile, Station Wagon",Going Ahead,1,0,1,0,0,0,0,1,0,0,0,0,0,20,2002,Clear,Daylight,-79.2661,43.7546
9001182119,15973,Driver,40 to 44,None,"Automobile, Station Wagon",Going Ahead,1,0,1,0,0,0,0,1,0,0,0,0,0,20,2002,Clear,Daylight,-79.2661,43.7546
9001182119,15974,Driver,40 to 44,None,Pick Up Truck,Turning Left,1,0,1,0,0,0,0,1,0,0,0,0,0,20,2002,Clear,Daylight,-79.2661,43.7546
9001182119,15975,Pedestrian,35 to 39,Major,NULL,NULL,1,0,1,0,0,0,0,1,0,0,0,0,0,20,2002,Clear,Daylight,-79.2661,43.7546
9001182119,15976,Driver,55 to 59,None,Passenger Van,Going Ahead,1,0,1,0,0,0,0,1,0,0,0,0,0,20,2002,Clear,Daylight,-79.2661,43.7546
9001182119,15977,Passenger,20 to 24,None,NULL,NULL,1,0,1,0,0,0,0,1,0,0,0,0,0,20,2002,Clear,Daylight,-79.2661,43.7546
9001182119,15978,Passenger,20 to 24,None,NULL,NULL,1,0,1,0,0,0,0,1,0,0,0,0,0,20,2002,Clear,Daylight,-79.2661,43.7546
9001182119,15979,Passenger,20 to 24,None,NULL,NULL,1,0,1,0,0,0,0,1,0,0,0,0,0,20,2002,Clear,Daylight,-79.2661,43.7546
9001227477,15992,Driver,55 to 59,None,"Automobile, Station Wagon",Going Ahead,0,0,1,0,0,0,0,1,0,1,1,0,0,10,1015,Clear,Daylight,-79.2403,43.7181
9001227477,15993,Driver,50 to 54,Minor,"Automobile, Station Wagon",Going Ahead,0,0,1,0,0,0,0,1,0,1,1,0,0,10,1015,Clear,Daylight,-79.2403,43.7181
9001227477,15994,Driver,30 to 34,None,"Automobile, Station Wagon",Stopped,0,0,1,0,0,0,0,1,0,1,1,0,0,10,1015,Clear,Daylight,-79.2403,43.7181
9001227477,15995,Passenger,60 to 64,Major,NULL,NULL,0,0,1,0,0,0,0,1,0,1,1,0,0,10,1015,Clear,Daylight,-79.2403,43.7181
9001227477,15996,Passenger,25 to 29,None,NULL,NULL,0,0,1,0,0,0,0,1,0,1,1,0,0,10,1015,Clear,Daylight,-79.2403,43.7181
9001287128,15472,Pedestrian,60 to 64,Major,NULL,NULL,1,0,1,0,0,0,0,0,0,0,0,0,0,12,1221,Clear,Daylight,-79.5215,43.7588
9001287128,15473,Driver,25 to 29,None,"Automobile, Station Wagon",Going Ahead,1,0,1,0,0,0,0,0,0,0,0,0,0,12,1221,Clear,Daylight,-79.5215,43.7588
9001287128,15474,Pedestrian,60 to 64,Fatal,NULL,NULL,1,0,1,0,0,0,0,0,0,0,0,0,0,12,1221,Clear,Daylight,-79.5215,43.7588
9001407321,15517,Driver,unknown,None,"Automobile, Station Wagon",Going Ahead,0,0,1,0,0,0,0,1,1,1,0,0,0,16,1630,Clear,Daylight,-79.2825,43.7654
9001407321,15518,Driver,60 to 64,Major,"Automobile, Station Wagon",Stopped,0,0,1,0,0,0,0,1,1,1,0,0,0,16,1630,Clear,Daylight,-79.2825,43.7654
9001407321,15519,Passenger,15 to 19,Minimal,NULL,NULL,0,0,1,0,0,0,0,1,1,1,0,0,0,16,1630,Clear,Daylight,-79.2825,43.7654
9001407321,15520,Passenger,20 to 24,None,NULL,NULL,0,0,1,0,0,0,0,1,1,1,0,0,0,16,1630,Clear,Daylight,-79.2825,43.7654
9001473932,15355,Driver,25 to 29,Minimal,"Automobile, Station Wagon",Going Ahead,0,0,1,0,0,0,0,1,1,1,1,0,0,0,41,Clear,"Dark, artificial",-79.3649,43.6568
9001473932,15356,Driver,20 to 24,Minor,"Automobile, Station Wagon",Going Ahead,0,0,1,0,0,0,0,1,1,1,1,0,0,0,41,Clear,"Dark, artificial",-79.3649,43.6568
9001473932,15357,Passenger,20 to 24,Minor,NULL,NULL,0,0,1,0,0,0,0,1,1,1,1,0,0,0,41,Clear,"Dark, artificial",-79.3649,43.6568
9001473932,15358,Passenger,20 to 24,Major,NULL,NULL,0,0,1,0,0,0,0,1,1,1,1,0,0,0,41,Clear,"Dark, artificial",-79.3649,43.6568
9001581091,15395,Motorcycle Driver,20 to 24,Major,Motorcycle,Overtaking,0,0,1,1,0,0,0,1,1,1,0,0,0,21,2118,Clear,"Dark, artificial",-79.2449,43.8174
9001581091,15396,Driver,25 to 29,None,"Automobile, Station Wagon",Going Ahead,0,0,1,1,0,0,0,1,1,1,0,0,0,21,2118,Clear,"Dark, artificial",-79.2449,43.8174
9001581091,15397,Motorcycle Passenger,20 to 24,Major,NULL,NULL,0,0,1,1,0,0,0,1,1,1,0,0,0,21,2118,Clear,"Dark, artificial",-79.2449,43.8174
9001585957,15400,Motorcycle Driver,50 to 54,Major,Motorcycle,Going Ahead,0,0,0,1,0,0,0,0,0,0,0,0,0,15,1522,Clear,Daylight,-79.4143,43.6731
9001588399,15401,Pedestrian,60 to 64,Fatal,NULL,NULL,1,0,1,0,0,0,0,0,0,0,0,0,0,21,2112,Clear,"Dark, artificial",-79.3857,43.8054
9001588399,15402,Driver,30 to 34,None,"Automobile, Station Wagon",Going Ahead,1,0,1,0,0,0,0,0,0,0,0,0,0,21,2112,Clear,"Dark, artificial",-79.3857,43.8054
9001620635,15425,Driver,unknown,None,"Automobile, Station Wagon",Going Ahead,1,0,1,0,0,0,0,0,0,1,0,0,0,11,1115,Clear,Daylight,-79.5679,43.636
9001620635,15426,Pedestrian,35 to 39,Major,NULL,NULL,1,0,1,0,0,0,0,0,0,1,0,0,0,11,1115,Clear,Daylight,-79.5679,43.636
9001695892,15447,Driver,25 to 29,None,Municipal Transit Bus (TTC),Turning Left,0,0,0,1,0,1,0,0,0,1,0,0,0,23,2307,Clear,"Dark, artificial",-79.4767,43.6815
9001695892,15456,Motorcycle Driver,40 to 44,Major,Motorcycle,Going Ahead,0,0,0,1,0,1,0,0,0,1,0,0,0,23,2307,Clear,"Dark, artificial",-79.4767,43.6815
9001729898,15850,Driver,35 to 39,Minor,"Automobile, Station Wagon",Going Ahead,0,0,1,0,0,0,0,0,0,1,1,0,0,16,1605,Clear,Daylight,-79.4155,43.7221
9001729898,15851,Driver,35 to 39,Major,"Automobile, Station Wagon",Turning Left,0,0,1,0,0,0,0,0,0,1,1,0,0,16,1605,Clear,Daylight,-79.4155,43.7221
9001763544,15870,Truck Driver,35 to 39,None,Truck-Tractor,Turning Right,0,1,0,0,1,0,0,0,0,0,0,0,0,5,511,Clear,"Daylight, artificial",-79.3726,43.6621
9001763544,15871,Cyclist,40 to 44,Major,Bicycle,Going Ahead,0,1,0,0,1,0,0,0,0,0,0,0,0,5,511,Clear,"Daylight, artificial",-79.3726,43.6621
9001853726,15892,Driver,70 to 74,None,"Automobile, Station Wagon",Reversing,1,0,1,0,0,0,0,0,0,0,0,0,0,9,923,Clear,Daylight,-79.406,43.6543
9001853726,15893,Driver,30 to 34,None,"Automobile, Station Wagon",Stopped,1,0,1,0,0,0,0,0,0,0,0,0,0,9,923,Clear,Daylight,-79.406,43.6543
9001853726,15894,Pedestrian,25 to 29,Major,NULL,NULL,1,0,1,0,0,0,0,0,0,0,0,0,0,9,923,Clear,Daylight,-79.406,43.6543
9001921394,15911,Driver,35 to 39,None,"Automobile, Station Wagon",Turning Left,0,1,1,0,0,0,0,0,0,0,0,0,0,16,1611,Clear,Daylight,-79.4005,43.6762
9001921394,15912,Cyclist,60 to 64,Major,Bicycle,Going Ahead,0,1,1,0,0,0,0,0,0,0,0,0,0,16,1611,Clear,Daylight,-79.4005,43.6762
9001987144,16302,Driver,35 to 39,Major,Pick Up Truck,Going Ahead,0,0,1,1,0,0,0,0,1,1,0,0,1,5,457,Clear,Daylight,-79.4916,43.6823
9001987144,16303,Driver,unknown,None,"Automobile, Station Wagon",Parked,0,0,1,1,0,0,0,0,1,1,0,0,1,5,457,Clear,Daylight,-79.4916,43.6823
9001987144,16304,Motorcycle Driver,unknown,None,Motorcycle,Parked,0,0,1,1,0,0,0,0,1,1,0,0,1,5,457,Clear,Daylight,-79.4916,43.6823
9001987144,16305,Driver,unknown,None,"Automobile, Station Wagon",Parked,0,0,1,1,0,0,0,0,1,1,0,0,1,5,457,Clear,Daylight,-79.4916,43.6823
9001991012,16306,Driver,50 to 54,None,"Automobile, Station Wagon",Turning Right,1,0,1,0,0,0,0,0,0,1,0,0,0,15,1548,Clear,Daylight,-79.2324,43.725
9001991012,16307,Pedestrian,10 to 14,Major,NULL,NULL,1,0,1,0,0,0,0,0,0,1,0,0,0,15,1548,Clear,Daylight,-79.2324,43.725
9001991874,16308,Driver,25 to 29,None,Delivery Van,Going Ahead,1,0,1,0,0,0,0,0,0,1,0,0,0,18,1751,Clear,Daylight,-79.3766,43.7094
9001991874,16309,Pedestrian,75 to 79,Major,NULL,NULL,1,0,1,0,0,0,0,0,0,1,0,0,0,18,1751,Clear,Daylight,-79.3766,43.7094
9002093475,16343,Driver,55 to 59,None,"Automobile, Station Wagon",Going Ahead,1,0,1,0,0,0,0,0,0,1,0,0,0,3,304,Clear,"Dark, artificial",-79.3727,43.6526
9002093475,16344,Pedestrian,60 to 64,Major,NULL,NULL,1,0,1,0,0,0,0,0,0,1,0,0,0,3,304,Clear,"Dark, artificial",-79.3727,43.6526
9002173783,16372,Passenger,5 to 9,None,NULL,NULL,0,0,1,1,0,0,0,1,0,1,0,0,0,14,1445,Clear,Daylight,-79.4672,43.6813
9002173783,16371,Passenger,5 to 9,None,NULL,NULL,0,0,1,1,0,0,0,1,0,1,0,0,0,14,1445,Clear,Daylight,-79.4672,43.6813
9002173783,16368,Driver,40 to 44,None,Passenger Van,Turning Left,0,0,1,1,0,0,0,1,0,1,0,0,0,14,1445,Clear,Daylight,-79.4672,43.6813
9002173783,16369,Motorcycle Driver,45 to 49,Major,Motorcycle,Going Ahead,0,0,1,1,0,0,0,1,0,1,0,0,0,14,1445,Clear,Daylight,-79.4672,43.6813
9002173783,16370,Passenger,35 to 39,None,NULL,NULL,0,0,1,1,0,0,0,1,0,1,0,0,0,14,1445,Clear,Daylight,-79.4672,43.6813
9002221424,16377,Driver,unknown,None,"Automobile, Station Wagon",Going Ahead,1,0,1,0,0,0,0,0,0,1,0,0,0,15,1515,Clear,Daylight,-79.381,43.6519
9002221424,16378,Pedestrian,50 to 54,Major,NULL,NULL,1,0,1,0,0,0,0,0,0,1,0,0,0,15,1515,Clear,Daylight,-79.381,43.6519
9002258373,16278,Pedestrian,35 to 39,Major,NULL,NULL,1,0,1,0,0,0,0,0,0,1,0,0,0,21,2135,Clear,"Dark, artificial",-79.3022,43.7373
9002258373,16268,Driver,unknown,None,"Automobile, Station Wagon",Turning Left,1,0,1,0,0,0,0,0,0,1,0,0,0,21,2135,Clear,"Dark, artificial",-79.3022,43.7373
9002262489,16283,Driver,65 to 69,None,"Automobile, Station Wagon",Going Ahead,1,0,1,0,0,0,0,0,0,0,0,0,0,22,2200,Clear,Dark,-79.5216,43.7754
9002262489,16397,Pedestrian,35 to 39,Major,NULL,NULL,1,0,1,0,0,0,0,0,0,0,0,0,0,22,2200,Clear,Dark,-79.5216,43.7754
9002263717,16606,Driver,unknown,None,Passenger Van,Turning Right,0,1,1,0,0,0,0,0,0,1,0,0,0,17,1714,Clear,Dusk,-79.524,43.7174
9002263717,16609,Cyclist,30 to 34,Major,Bicycle,Going Ahead,0,1,1,0,0,0,0,0,0,1,0,0,0,17,1714,Clear,Dusk,-79.524,43.7174
9002354867,16637,Driver,45 to 49,None,"Automobile, Station Wagon",Going Ahead,1,0,1,0,0,0,0,0,0,0,0,0,0,18,1800,Snow,"Dark, artificial",-79.3597,43.7145
9002354867,16638,Pedestrian,55 to 59,Major,NULL,NULL,1,0,1,0,0,0,0,0,0,0,0,0,0,18,1800,Snow,"Dark, artificial",-79.3597,43.7145
9002380779,16646,Driver,80 to 84,Fatal,"Automobile, Station Wagon",Going Ahead,0,0,1,0,0,0,0,1,0,1,1,0,0,15,1454,Clear,Daylight,-79.4225,43.7589
9002380779,16647,Driver,45 to 49,None,"Automobile, Station Wagon",Turning Left,0,0,1,0,0,0,0,1,0,1,1,0,0,15,1454,Clear,Daylight,-79.4225,43.7589
9002380779,16648,Passenger,75 to 79,Major,NULL,NULL,0,0,1,0,0,0,0,1,0,1,1,0,0,15,1454,Clear,Daylight,-79.4225,43.7589
9002389784,16651,Driver,70 to 74,Minimal,"Automobile, Station Wagon",Turning Left,0,0,1,0,0,0,0,1,0,0,0,0,0,18,1843,Clear,"Dark, artificial",-79.6034,43.7191
9002389784,16652,Driver,25 to 29,Minimal,"Automobile, Station Wagon",Going Ahead,0,0,1,0,0,0,0,1,0,0,0,0,0,18,1843,Clear,"Dark, artificial",-79.6034,43.7191
9002389784,16653,Passenger,70 to 74,Fatal,NULL,NULL,0,0,1,0,0,0,0,1,0,0,0,0,0,18,1843,Clear,"Dark, artificial",-79.6034,43.7191