ACCNUM,ObjectId,INVTYPE,INVAGE,INJURY,VEHTYPE,MANOEUVER,PEDESTRIAN,CYCLIST,AUTOMOBILE,MOTORCYCLE,TRUCK,TRSN_CITY_VEH,EMERG_VEH,PASSENGER,SPEEDING,AG_DRIV,REDLIGHT,ALCOHOL,DISABILITY,HOUR,TIME,VISIBILITY,LIGHT,collision_lat,collision_long
9002389784,16654,Driver,75 to 79,None,"Automobile, Station Wagon",Stopped,0,0,1,0,0,0,0,1,0,0,0,0,0,18,1843,Clear,"Dark, artificial",-79.6034,43.7191
9002407490,16659,Driver,35 to 39,Major,"Automobile, Station Wagon",Going Ahead,0,0,1,0,0,0,0,0,0,1,1,0,0,7,720,Rain,Daylight,-79.4431,43.7162
9002407490,16660,Driver,45 to 49,None,"Automobile, Station Wagon",Turning Left,0,0,1,0,0,0,0,0,0,1,1,0,0,7,720,Rain,Daylight,-79.4431,43.7162
9002413473,16667,Driver,20 to 24,None,"Automobile, Station Wagon",Slowing or Stopping,0,0,1,0,0,0,0,1,1,1,0,0,0,3,309,Clear,Dark,-79.3892,43.706
8000749115,14917,Passenger,5 to 9,None,NULL,NULL,0,0,1,0,0,0,0,1,0,1,0,0,0,19,1942,Clear,"Dusk, artificial",-79.5652,43.7371
8000749115,14918,Passenger,20 to 24,None,NULL,NULL,0,0,1,0,0,0,0,1,0,1,0,0,0,19,1942,Clear,"Dusk, artificial",-79.5652,43.7371
8000824301,14280,Driver,50 to 54,None,"Automobile, Station Wagon",Turning Right,1,0,1,0,0,0,0,0,0,1,0,0,0,17,1746,Clear,Daylight,-79.3208,43.6838
8000824301,14281,Wheelchair,75 to 79,Major,NULL,NULL,1,0,1,0,0,0,0,0,0,1,0,0,0,17,1746,Clear,Daylight,-79.3208,43.6838
8000825405,14282,Pedestrian,60 to 64,Major,NULL,NULL,1,0,1,0,0,0,0,0,0,0,0,0,0,21,2050,Clear,"Dark, artificial",-79.3727,43.6526
8000825405,14283,Driver,unknown,None,"Automobile, Station Wagon",Going Ahead,1,0,1,0,0,0,0,0,0,0,0,0,0,21,2050,Clear,"Dark, artificial",-79.3727,43.6526
8000832716,14284,Driver,55 to 59,Major,"Automobile, Station Wagon",Going Ahead,0,0,1,0,0,0,0,0,0,0,0,0,0,21,2140,Clear,"Dark, artificial",-79.4105,43.7599
8000832716,14285,Driver,25 to 29,Minimal,"Automobile, Station Wagon",Changing Lanes,0,0,1,0,0,0,0,0,0,0,0,0,0,21,2140,Clear,"Dark, artificial",-79.4105,43.7599
8000921444,14324,Pedestrian,50 to 54,Major,NULL,NULL,1,0,1,0,0,0,0,1,0,0,0,0,0,13,1325,Clear,"Daylight, artificial",-79.3656,43.7796
8000921444,14325,Passenger,65 to 69,None,NULL,NULL,1,0,1,0,0,0,0,1,0,0,0,0,0,13,1325,Clear,"Daylight, artificial",-79.3656,43.7796
8000921444,14326,Driver,70 to 74,None,"Automobile, Station Wagon",Going Ahead,1,0,1,0,0,0,0,1,0,0,0,0,0,13,1325,Clear,"Daylight, artificial",-79.3656,43.7796
8000931824,14330,Motorcycle Driver,25 to 29,Major,Motorcycle,Changing Lanes,0,0,0,1,0,0,0,0,0,0,0,0,0,23,2325,Clear,"Dark, artificial",-79.2541,43.7023
8000973371,14342,Motorcycle Driver,20 to 24,Fatal,Motorcycle,Going Ahead,0,0,0,1,1,0,0,0,1,1,0,0,0,3,329,NULL,Dark,-79.5771,43.7051
8000973371,14341,Truck Driver,50 to 54,None,"Truck - Closed (Blazer, etc)",Turning Left,0,0,0,1,1,0,0,0,1,1,0,0,0,3,329,NULL,Dark,-79.5771,43.7051
8001000021,14351,Driver,55 to 59,None,"Automobile, Station Wagon",Going Ahead,1,0,1,0,0,0,0,0,0,1,0,0,0,18,1845,Clear,Daylight,-79.4228,43.6495
8001000021,14352,Pedestrian,0 to 4,Major,NULL,NULL,1,0,1,0,0,0,0,0,0,1,0,0,0,18,1845,Clear,Daylight,-79.4228,43.6495
8001000138,14353,Motorcycle Driver,50 to 54,Fatal,Motorcycle,Going Ahead,0,0,1,1,0,0,0,0,0,0,0,0,0,19,1903,Clear,Daylight,-79.4271,43.6305
8001000138,14356,Driver,55 to 59,None,"Automobile, Station Wagon",Going Ahead,0,0,1,1,0,0,0,0,0,0,0,0,0,19,1903,Clear,Daylight,-79.4271,43.6305
8001077165,14386,Motorcycle Driver,55 to 59,Fatal,Motorcycle,Going Ahead,0,0,1,1,0,0,0,0,0,1,0,0,0,6,558,Clear,Daylight,-79.2598,43.7167
8001077165,14387,Driver,unknown,None,"Automobile, Station Wagon",Turning Left,0,0,1,1,0,0,0,0,0,1,0,0,0,6,558,Clear,Daylight,-79.2598,43.7167
8001142339,14435,Driver,50 to 54,None,"Automobile, Station Wagon",Going Ahead,1,0,1,0,0,0,0,0,0,0,0,0,0,13,1259,Rain,Daylight,-79.4116,43.7038
8001142339,14436,Pedestrian,70 to 74,Fatal,NULL,NULL,1,0,1,0,0,0,0,0,0,0,0,0,0,13,1259,Rain,Daylight,-79.4116,43.7038
8001217493,14455,Driver,70 to 74,Major,"Automobile, Station Wagon",Going Ahead,0,0,1,0,0,0,0,0,1,1,0,0,0,17,1720,Clear,Daylight,-79.2445,43.7462
8001217493,14456,Driver,50 to 54,Major,"Automobile, Station Wagon",Going Ahead,0,0,1,0,0,0,0,0,1,1,0,0,0,17,1720,Clear,Daylight,-79.2445,43.7462
8001218664,14457,Driver,25 to 29,None,"Automobile, Station Wagon",Going Ahead,0,0,1,0,0,0,0,1,0,0,0,0,0,20,2043,Clear,"Daylight, artificial",-79.3176,43.7789
8001218664,14458,Passenger,25 to 29,Major,NULL,NULL,0,0,1,0,0,0,0,1,0,0,0,0,0,20,2043,Clear,"Daylight, artificial",-79.3176,43.7789
8001218664,14459,Passenger,0 to 4,None,NULL,NULL,0,0,1,0,0,0,0,1,0,0,0,0,0,20,2043,Clear,"Daylight, artificial",-79.3176,43.7789
8001265172,14763,Motorcycle Driver,55 to 59,None,Motorcycle,Going Ahead,1,0,0,1,0,0,0,0,0,0,0,0,0,18,1820,Clear,Daylight,-79.4216,43.7397
8001265172,14764,Pedestrian,55 to 59,Major,NULL,NULL,1,0,0,1,0,0,0,0,0,0,0,0,0,18,1820,Clear,Daylight,-79.4216,43.7397
8001304642,14775,Cyclist,60 to 64,Major,Bicycle,Turning Left,0,1,1,0,0,0,0,0,0,0,0,0,0,15,1506,Clear,Daylight,-79.2872,43.7268
8001304642,14776,Driver,30 to 34,None,"Automobile, Station Wagon",Going Ahead,0,1,1,0,0,0,0,0,0,0,0,0,0,15,1506,Clear,Daylight,-79.2872,43.7268
8001384948,14797,Pedestrian,15 to 19,Major,NULL,NULL,1,0,1,0,0,0,0,0,0,1,0,0,0,3,330,Clear,Daylight,-79.491,43.7634
8001384948,14796,Driver,unknown,None,"Automobile, Station Wagon",Turning Left,1,0,1,0,0,0,0,0,0,1,0,0,0,3,330,Clear,Daylight,-79.491,43.7634
8001481293,14010,Motorcycle Driver,30 to 34,Major,Motorcycle,Overtaking,0,0,1,1,0,0,0,1,1,1,0,0,0,0,26,Clear,"Dark, artificial",-79.4478,43.6897
8001481293,14011,Driver,30 to 34,Minor,"Automobile, Station Wagon",Going Ahead,0,0,1,1,0,0,0,1,1,1,0,0,0,0,26,Clear,"Dark, artificial",-79.4478,43.6897
8001481293,14012,Motorcycle Passenger,25 to 29,Major,NULL,NULL,0,0,1,1,0,0,0,1,1,1,0,0,0,0,26,Clear,"Dark, artificial",-79.4478,43.6897
8001498021,14020,Driver,30 to 34,Major,"Automobile, Station Wagon",Turning Left,0,0,1,0,0,0,0,0,1,1,0,0,0,14,1443,Clear,Daylight,-79.5323,43.7092
8001498021,14021,Driver,40 to 44,Minimal,"Automobile, Station Wagon",Going Ahead,0,0,1,0,0,0,0,0,1,1,0,0,0,14,1443,Clear,Daylight,-79.5323,43.7092
8001610872,14086,Driver,85 to 89,Minimal,"Automobile, Station Wagon",Turning Left,0,0,1,1,0,0,0,0,0,1,0,0,0,9,911,Clear,Daylight,-79.5265,43.6822
8001610872,14087,Motorcycle Driver,20 to 24,Major,Motorcycle,Going Ahead,0,0,1,1,0,0,0,0,0,1,0,0,0,9,911,Clear,Daylight,-79.5265,43.6822
8001625092,14090,Driver,55 to 59,None,Pick Up Truck,Turning Left,0,0,1,0,0,0,0,0,1,1,0,0,0,13,1346,Clear,Daylight,-79.4464,43.6666
8001625092,14091,Driver,30 to 34,Major,"Automobile, Station Wagon",Going Ahead,0,0,1,0,0,0,0,0,1,1,0,0,0,13,1346,Clear,Daylight,-79.4464,43.6666
8001631452,14096,Driver,30 to 34,Minor,"Automobile, Station Wagon",Going Ahead,0,0,1,0,0,0,0,1,0,1,1,0,0,15,1522,Clear,Daylight,-79.4061,43.6987
8001631452,14097,Driver,30 to 34,Minor,"Automobile, Station Wagon",Going Ahead,0,0,1,0,0,0,0,1,0,1,1,0,0,15,1522,Clear,Daylight,-79.4061,43.6987
8001631452,14098,Passenger,60 to 64,Major,NULL,NULL,0,0,1,0,0,0,0,1,0,1,1,0,0,15,1522,Clear,Daylight,-79.4061,43.6987
8001667999,14658,Pedestrian,40 to 44,Major,NULL,NULL,1,0,0,0,0,1,0,0,0,0,0,0,0,23,2317,Clear,"Dark, artificial",-79.3484,43.6591
8001667999,14571,Driver,30 to 34,None,Street Car,Going Ahead,1,0,0,0,0,1,0,0,0,0,0,0,0,23,2317,Clear,"Dark, artificial",-79.3484,43.6591
8001690114,14684,Driver,60 to 64,Minimal,"Automobile, Station Wagon",Going Ahead,1,0,1,0,1,0,0,0,0,1,1,0,0,12,1205,Clear,Daylight,-79.446,43.6854
8001690114,14685,Truck Driver,45 to 49,Minimal,"Truck - Closed (Blazer, etc)",Going Ahead,1,0,1,0,1,0,0,0,0,1,1,0,0,12,1205,Clear,Daylight,-79.446,43.6854
8001690114,14686,Driver,55 to 59,None,Pick Up Truck,Stopped,1,0,1,0,1,0,0,0,0,1,1,0,0,12,1205,Clear,Daylight,-79.446,43.6854
8001690114,14687,Pedestrian,70 to 74,Major,NULL,NULL,1,0,1,0,1,0,0,0,0,1,1,0,0,12,1205,Clear,Daylight,-79.446,43.6854
8001708273,14690,Driver,45 to 49,None,"Automobile, Station Wagon",Making U Turn,0,1,1,0,0,0,0,0,0,0,0,0,0,1,50,Clear,"Dark, artificial",-79.4382,43.6663
8001708273,14691,Cyclist,45 to 49,Major,Bicycle,Going Ahead,0,1,1,0,0,0,0,0,0,0,0,0,0,1,50,Clear,"Dark, artificial",-79.4382,43.6663
8001708273,14692,Cyclist,30 to 34,Minor,Bicycle,Going Ahead,0,1,1,0,0,0,0,0,0,0,0,0,0,1,50,Clear,"Dark, artificial",-79.4382,43.6663
8001712147,14700,Driver,50 to 54,None,"Automobile, Station Wagon",Turning Left,0,0,1,1,0,0,0,0,0,1,0,0,0,16,1625,Clear,Daylight,-79.5567,43.6945
8001712147,14701,Motorcycle Driver,60 to 64,Major,Motorcycle,Going Ahead,0,0,1,1,0,0,0,0,0,1,0,0,0,16,1625,Clear,Daylight,-79.5567,43.6945
8001753831,14730,Driver,unknown,None,"Automobile, Station Wagon",Going Ahead,1,0,1,0,0,0,0,0,0,1,0,0,0,22,2227,Clear,Dark,-79.274,43.7755
8001753831,14731,Pedestrian,20 to 24,Major,NULL,NULL,1,0,1,0,0,0,0,0,0,1,0,0,0,22,2227,Clear,Dark,-79.274,43.7755
8001764546,14738,Driver,45 to 49,None,"Automobile, Station Wagon",Turning Left,0,1,1,0,0,0,0,0,0,1,0,0,0,17,1735,Clear,Daylight,-79.3323,43.6814
8001764546,14739,Cyclist,70 to 74,Major,Bicycle,Going Ahead,0,1,1,0,0,0,0,0,0,1,0,0,0,17,1735,Clear,Daylight,-79.3323,43.6814
8001765943,14740,Driver,55 to 59,None,"Automobile, Station Wagon",Turning Right,0,1,1,0,0,0,0,0,0,1,0,0,0,22,2228,Clear,"Dark, artificial",-79.5983,43.6557
8001765943,14741,Cyclist,35 to 39,Major,Bicycle,Going Ahead,0,1,1,0,0,0,0,0,0,1,0,0,0,22,2228,Clear,"Dark, artificial",-79.5983,43.6557
8001785891,15010,Driver,unknown,None,"Automobile, Station Wagon",Going Ahead,1,0,1,0,0,0,0,0,0,1,0,0,0,21,2053,Clear,"Dark, artificial",-79.2924,43.7822
8001785891,15112,Pedestrian,75 to 79,Fatal,NULL,NULL,1,0,1,0,0,0,0,0,0,1,0,0,0,21,2053,Clear,"Dark, artificial",-79.2924,43.7822
8001832356,15585,Driver,25 to 29,None,"Automobile, Station Wagon",Changing Lanes,0,1,1,0,0,0,0,0,0,0,0,0,0,7,700,Rain,Dawn,-79.343,43.664
8001832356,15586,Cyclist,20 to 24,Major,Bicycle,Going Ahead,0,1,1,0,0,0,0,0,0,0,0,0,0,7,700,Rain,Dawn,-79.343,43.664
8001856890,15606,Pedestrian,30 to 34,Fatal,NULL,NULL,1,0,1,0,0,0,0,0,0,0,0,0,0,1,117,Clear,"Dark, artificial",-79.4062,43.7624
8001856890,15607,Driver,unknown,None,"Automobile, Station Wagon",Going Ahead,1,0,1,0,0,0,0,0,0,0,0,0,0,1,117,Clear,"Dark, artificial",-79.4062,43.7624
8001885947,15615,Driver,15 to 19,None,"Automobile, Station Wagon",Changing Lanes,1,0,1,0,0,0,0,1,1,1,0,0,0,13,1335,Clear,Daylight,-79.2907,43.6859
8001885947,15616,Passenger,15 to 19,None,NULL,NULL,1,0,1,0,0,0,0,1,1,1,0,0,0,13,1335,Clear,Daylight,-79.2907,43.6859
8001885947,15617,Pedestrian,20 to 24,Major,NULL,NULL,1,0,1,0,0,0,0,1,1,1,0,0,0,13,1335,Clear,Daylight,-79.2907,43.6859
8001891156,15620,Driver,45 to 49,None,"Automobile, Station Wagon",Turning Left,1,0,1,0,0,0,0,0,0,1,0,0,0,9,907,Clear,Daylight,-79.2622,43.6929
8001891156,15621,Pedestrian,65 to 69,Major,NULL,NULL,1,0,1,0,0,0,0,0,0,1,0,0,0,9,907,Clear,Daylight,-79.2622,43.6929
8001922622,15624,Driver,25 to 29,Major,"Automobile, Station Wagon",Going Ahead,0,0,1,0,1,0,0,0,1,1,0,0,0,8,840,Clear,Daylight,-79.444,43.6363
8001922622,15625,Truck Driver,60 to 64,None,Truck-Tractor,Going Ahead,0,0,1,0,1,0,0,0,1,1,0,0,0,8,840,Clear,Daylight,-79.444,43.6363
8001943043,15637,Motorcycle Driver,35 to 39,Major,Motorcycle,Overtaking,0,0,1,1,0,0,0,0,0,1,0,0,0,12,1213,Clear,Daylight,-79.3832,43.6424
8001943043,15638,Driver,45 to 49,None,"Automobile, Station Wagon",Turning Left,0,0,1,1,0,0,0,0,0,1,0,0,0,12,1213,Clear,Daylight,-79.3832,43.6424
8001961813,15644,Driver,unknown,None,"Automobile, Station Wagon",Turning Left,0,0,1,0,0,0,0,0,1,1,0,0,0,10,1026,Clear,Daylight,-79.3237,43.7407
8001478093,14006,Passenger,0 to 4,Minor,NULL,NULL,1,0,1,0,0,0,0,1,0,1,0,0,0,14,1420,Clear,Daylight,-79.5114,43.6838
8001478093,14007,Pedestrian,30 to 34,Minor,NULL,NULL,1,0,1,0,0,0,0,1,0,1,0,0,0,14,1420,Clear,Daylight,-79.5114,43.6838
8001478093,14008,Driver,25 to 29,None,"Automobile, Station Wagon",Turning Left,1,0,1,0,0,0,0,1,0,1,0,0,0,14,1420,Clear,Daylight,-79.5114,43.6838
8001478093,14009,Driver,25 to 29,Major,"Automobile, Station Wagon",Going Ahead,1,0,1,0,0,0,0,1,0,1,0,0,0,14,1420,Clear,Daylight,-79.5114,43.6838
8001512528,14026,NULL,unknown,None,NULL,NULL,0,0,1,0,1,0,0,0,0,0,0,0,0,16,1555,Clear,Daylight,-79.3503,43.7185
8001512528,14024,Driver,85 to 89,Fatal,Passenger Van,Turning Left,0,0,1,0,1,0,0,0,0,0,0,0,0,16,1555,Clear,Daylight,-79.3503,43.7185
8001512528,14025,Truck Driver,25 to 29,None,"Truck - Closed (Blazer, etc)",Going Ahead,0,0,1,0,1,0,0,0,0,0,0,0,0,16,1555,Clear,Daylight,-79.3503,43.7185
8001518550,14027,Motorcycle Driver,50 to 54,Major,Motorcycle,Going Ahead,0,0,0,1,0,0,0,0,0,0,0,0,0,14,1410,Clear,Daylight,-79.3874,43.6505
8001540104,14046,Driver,55 to 59,None,Municipal Transit Bus (TTC),Going Ahead,1,0,0,0,0,1,0,0,0,0,0,0,0,19,1918,Clear,Daylight,-79.3213,43.6994
8001540104,14047,Pedestrian,85 to 89,Major,NULL,NULL,1,0,0,0,0,1,0,0,0,0,0,0,0,19,1918,Clear,Daylight,-79.3213,43.6994
8001595104,14078,Driver,30 to 34,None,"Automobile, Station Wagon",Going Ahead,1,0,1,0,0,0,0,0,0,0,0,0,0,23,2341,Clear,"Dark, artificial",-79.4617,43.6589
8001595104,14079,Pedestrian,70 to 74,Major,NULL,NULL,1,0,1,0,0,0,0,0,0,0,0,0,0,23,2341,Clear,"Dark, artificial",-79.4617,43.6589
8001626185,14092,Driver,40 to 44,None,"Automobile, Station Wagon",Going Ahead,0,0,1,0,0,0,0,0,0,0,0,0,0,17,1712,Clear,"Daylight, artificial",-79.2511,43.8365
8001626185,14093,Driver,25 to 29,Major,"Automobile, Station Wagon",Stopped,0,0,1,0,0,0,0,0,0,0,0,0,0,17,1712,Clear,"Daylight, artificial",-79.2511,43.8365
8001626185,14094,Driver,25 to 29,None,"Automobile, Station Wagon",Stopped,0,0,1,0,0,0,0,0,0,0,0,0,0,17,1712,Clear,"Daylight, artificial",-79.2511,43.8365
8001626185,14095,Driver,25 to 29,None,"Automobile, Station Wagon",Stopped,0,0,1,0,0,0,0,0,0,0,0,0,0,17,1712,Clear,"Daylight, artificial",-79.2511,43.8365
8001650785,14466,Passenger,45 to 49,None,NULL,NULL,0,1,1,0,0,0,0,1,0,0,0,0,0,13,1310,Clear,Daylight,-79.4593,43.7306
8001650785,14365,Cyclist,30 to 34,Major,Bicycle,Going Ahead,0,1,1,0,0,0,0,1,0,0,0,0,0,13,1310,Clear,Daylight,-79.4593,43.7306
8001650785,14373,Driver,30 to 34,None,"Automobile, Station Wagon",Going Ahead,0,1,1,0,0,0,0,1,0,0,0,0,0,13,1310,Clear,Daylight,-79.4593,43.7306
8001672359,14668,Driver,30 to 34,None,"Automobile, Station Wagon",Going Ahead,1,0,1,0,0,0,0,0,0,0,0,0,0,18,1823,Clear,Daylight,-79.2483,43.825
8001672359,14669,Pedestrian,70 to 74,Major,NULL,NULL,1,0,1,0,0,0,0,0,0,0,0,0,0,18,1823,Clear,Daylight,-79.2483,43.825
8001672359,14667,Driver,40 to 44,None,Pick Up Truck,Going Ahead,1,0,1,0,0,0,0,0,0,0,0,0,0,18,1823,Clear,Daylight,-79.2483,43.825
8001679287,14672,Cyclist,55 to 59,Major,Bicycle,Going Ahead,0,1,1,0,0,0,0,0,0,0,0,0,0,20,1957,Rain,"Dusk, artificial",-79.262,43.82
8001679287,14673,Driver,25 to 29,None,"Automobile, Station Wagon",Going Ahead,0,1,1,0,0,0,0,0,0,0,0,0,0,20,1957,Rain,"Dusk, artificial",-79.262,43.82
8001758272,14732,Driver,40 to 44,None,"Automobile, Station Wagon",Turning Left,0,0,1,1,0,0,0,0,0,1,0,0,0,16,1635,Clear,Daylight,-79.2172,43.7434
8001758272,14733,Motorcycle Driver,15 to 19,Major,Motorcycle,Going Ahead,0,0,1,1,0,0,0,0,0,1,0,0,0,16,1635,Clear,Daylight,-79.2172,43.7434
8001803881,15465,Driver,55 to 59,None,"Automobile, Station Wagon",Going Ahead,1,0,1,0,0,0,0,0,0,0,0,0,0,17,1730,Clear,Daylight,-79.4037,43.6463
8001803881,15559,Pedestrian,25 to 29,Major,NULL,NULL,1,0,1,0,0,0,0,0,0,0,0,0,0,17,1730,Clear,Daylight,-79.4037,43.6463
8001881817,15613,Driver,20 to 24,None,"Automobile, Station Wagon",Turning Left,0,0,1,1,0,0,0,0,0,1,0,0,0,20,2009,Clear,"Daylight, artificial",-79.4762,43.651
8001881817,15614,Motorcycle Driver,25 to 29,Major,Motorcycle,Going Ahead,0,0,1,1,0,0,0,0,0,1,0,0,0,20,2009,Clear,"Daylight, artificial",-79.4762,43.651
8001927322,15628,Driver,45 to 49,None,"Automobile, Station Wagon",Turning Right,1,0,1,0,0,0,0,0,0,0,0,0,0,22,2208,Clear,"Dark, artificial",-79.3456,43.7795
8001927322,15629,Pedestrian,50 to 54,Major,NULL,NULL,1,0,1,0,0,0,0,0,0,0,0,0,0,22,2208,Clear,"Dark, artificial",-79.3456,43.7795
8001947521,15640,Pedestrian,20 to 24,Major,NULL,NULL,1,0,1,0,0,0,0,1,0,0,0,0,0,8,755,Clear,Daylight,-79.2924,43.7134
8001947521,15641,Driver,50 to 54,None,"Automobile, Station Wagon",Going Ahead,1,0,1,0,0,0,0,1,0,0,0,0,0,8,755,Clear,Daylight,-79.2924,43.7134
8001947521,15639,Passenger,25 to 29,None,NULL,NULL,1,0,1,0,0,0,0,1,0,0,0,0,0,8,755,Clear,Daylight,-79.2924,43.7134
8001993193,15658,Driver,20 to 24,None,"Automobile, Station Wagon",Going Ahead,1,0,1,0,0,0,0,0,0,1,0,0,0,5,535,Clear,"Dark, artificial",-79.463,43.6734
8001993193,15659,Pedestrian,30 to 34,Major,NULL,NULL,1,0,1,0,0,0,0,0,0,1,0,0,0,5,535,Clear,"Dark, artificial",-79.463,43.6734
8002039812,15668,Pedestrian,75 to 79,Major,NULL,NULL,1,0,1,0,0,0,0,0,0,0,0,0,0,9,912,Rain,Daylight,-79.295,43.7741
8002039812,15579,Driver,30 to 34,None,"Automobile, Station Wagon",Turning Left,1,0,1,0,0,0,0,0,0,0,0,0,0,9,912,Rain,Daylight,-79.295,43.7741
8002080527,15772,Driver,unknown,None,"Automobile, Station Wagon",Going Ahead,1,0,1,0,0,0,0,0,1,1,0,0,0,14,1420,Clear,"Daylight, artificial",-79.191,43.7658
8002080527,15773,Pedestrian,10 to 14,Major,NULL,NULL,1,0,1,0,0,0,0,0,1,1,0,0,0,14,1420,Clear,"Daylight, artificial",-79.191,43.7658
8002088057,15774,Driver,75 to 79,None,Pick Up Truck,Turning Left,1,0,1,0,0,0,0,0,0,1,0,0,0,18,1754,Clear,Dark,-79.5161,43.7
8002088057,15775,Pedestrian,55 to 59,Major,NULL,NULL,1,0,1,0,0,0,0,0,0,1,0,0,0,18,1754,Clear,Dark,-79.5161,43.7
8002088211,15776,Driver,75 to 79,None,"Automobile, Station Wagon",Going Ahead,1,0,1,0,0,0,0,0,0,0,0,0,0,18,1822,Clear,"Dark, artificial",-79.2022,43.7831
8002088211,15777,Pedestrian,50 to 54,Fatal,NULL,NULL,1,0,1,0,0,0,0,0,0,0,0,0,0,18,1822,Clear,"Dark, artificial",-79.2022,43.7831
8002192666,15831,Driver,20 to 24,Major,"Automobile, Station Wagon",Turning Right,0,0,1,0,0,0,0,0,0,0,0,1,0,3,253,Clear,"Dark, artificial",-79.2467,43.8241
8002249590,15035,Driver,60 to 64,None,Passenger Van,Going Ahead,1,0,1,0,0,0,0,0,0,0,0,0,0,18,1830,Clear,Dark,-79.2995,43.8003
8002249590,15036,Pedestrian,80 to 84,Fatal,NULL,NULL,1,0,1,0,0,0,0,0,0,0,0,0,0,18,1830,Clear,Dark,-79.2995,43.8003
8002254764,15037,Driver,50 to 54,None,Municipal Transit Bus (TTC),Slowing or Stopping,0,0,0,0,0,1,0,1,0,0,0,0,0,16,1601,Clear,Daylight,-79.6025,43.7579
8002254764,15038,Passenger,50 to 54,Major,NULL,NULL,0,0,0,0,0,1,0,1,0,0,0,0,0,16,1601,Clear,Daylight,-79.6025,43.7579
9000001415,15098,Driver,unknown,None,NULL,Going Ahead,1,0,0,0,0,0,0,0,0,0,0,0,0,4,438,Clear,"Dark, artificial",-79.443,43.6778
9000001415,15099,Pedestrian,30 to 34,Major,NULL,NULL,1,0,0,0,0,0,0,0,0,0,0,0,0,4,438,Clear,"Dark, artificial",-79.443,43.6778
9000021101,15102,Driver,35 to 39,None,"Automobile, Station Wagon",Turning Left,1,0,1,0,0,0,0,0,0,1,0,0,0,13,1325,Clear,Daylight,-79.4372,43.7506
9000021101,15103,Pedestrian,30 to 34,Major,NULL,NULL,1,0,1,0,0,0,0,0,0,1,0,0,0,13,1325,Clear,Daylight,-79.4372,43.7506
9000097480,15161,Pedestrian,40 to 44,Fatal,NULL,NULL,1,0,0,0,1,0,0,0,0,0,0,0,0,13,1303,Clear,Daylight,-79.4449,43.7158
9000097480,15162,Driver,unknown,None,Truck - Dump,Turning Right,1,0,0,0,1,0,0,0,0,0,0,0,0,13,1303,Clear,Daylight,-79.4449,43.7158
9000212648,15192,Driver,30 to 34,Minor,Pick Up Truck,Going Ahead,0,0,1,0,0,0,0,1,0,0,0,1,0,3,255,Rain,"Dark, artificial",-79.2769,43.6834
9000212648,15193,Driver,20 to 24,Major,"Automobile, Station Wagon",Going Ahead,0,0,1,0,0,0,0,1,0,0,0,1,0,3,255,Rain,"Dark, artificial",-79.2769,43.6834
9000212648,15194,Passenger,25 to 29,Major,NULL,NULL,0,0,1,0,0,0,0,1,0,0,0,1,0,3,255,Rain,"Dark, artificial",-79.2769,43.6834
9000212648,15195,Passenger,20 to 24,Major,NULL,NULL,0,0,1,0,0,0,0,1,0,0,0,1,0,3,255,Rain,"Dark, artificial",-79.2769,43.6834
9000223499,15199,Driver,85 to 89,None,"Automobile, Station Wagon",Going Ahead,1,0,1,0,0,0,0,0,0,0,0,0,0,19,1904,Rain,"Dark, artificial",-79.3201,43.8045
9000223499,15200,Driver,60 to 64,None,"Automobile, Station Wagon",Going Ahead,1,0,1,0,0,0,0,0,0,0,0,0,0,19,1904,Rain,"Dark, artificial",-79.3201,43.8045
9000223499,15201,Driver,unknown,None,"Automobile, Station Wagon",Going Ahead,1,0,1,0,0,0,0,0,0,0,0,0,0,19,1904,Rain,"Dark, artificial",-79.3201,43.8045
9000223499,15202,Pedestrian,45 to 49,Major,NULL,NULL,1,0,1,0,0,0,0,0,0,0,0,0,0,19,1904,Rain,"Dark, artificial",-79.3201,43.8045
9000449704,15569,Driver,35 to 39,Minor,"Automobile, Station Wagon",Going Ahead,0,0,1,0,0,0,0,1,0,1,0,0,0,0,44,Clear,Dark,-79.28,43.6929
9000449704,15572,Driver,45 to 49,Minor,"Automobile, Station Wagon",Going Ahead,0,0,1,0,0,0,0,1,0,1,0,0,0,0,44,Clear,Dark,-79.28,43.6929
9000449704,15576,Passenger,35 to 39,Major,NULL,NULL,0,0,1,0,0,0,0,1,0,1,0,0,0,0,44,Clear,Dark,-79.28,43.6929
9000457599,15676,Driver,35 to 39,Minor,"Automobile, Station Wagon",Overtaking,0,0,1,0,0,0,0,0,0,1,0,0,0,9,915,Clear,Daylight,-79.514,43.6534
9000457599,15677,Driver,15 to 19,None,"Automobile, Station Wagon",Going Ahead,0,0,1,0,0,0,0,0,0,1,0,0,0,9,915,Clear,Daylight,-79.514,43.6534