ACCNUM,ObjectId,INVTYPE,INVAGE,INJURY,VEHTYPE,MANOEUVER,PEDESTRIAN,CYCLIST,AUTOMOBILE,MOTORCYCLE,TRUCK,TRSN_CITY_VEH,EMERG_VEH,PASSENGER,SPEEDING,AG_DRIV,REDLIGHT,ALCOHOL,DISABILITY,HOUR,TIME,VISIBILITY,LIGHT,collision_lat,collision_long
9000457599,15678,Driver,70 to 74,Major,"Automobile, Station Wagon",Going Ahead,0,0,1,0,0,0,0,0,0,1,0,0,0,9,915,Clear,Daylight,-79.514,43.6534
9000460326,15679,Driver,55 to 59,None,Municipal Transit Bus (TTC),Going Ahead,1,0,0,0,0,1,0,0,0,0,0,0,0,17,1650,Clear,Daylight,-79.3812,43.651
9000460326,15680,Pedestrian,50 to 54,Major,NULL,NULL,1,0,0,0,0,1,0,0,0,0,0,0,0,17,1650,Clear,Daylight,-79.3812,43.651
9000505193,15697,Driver,40 to 44,None,"Automobile, Station Wagon",Going Ahead,1,0,1,0,0,0,0,1,0,0,0,0,0,12,1222,Clear,Daylight,-79.5454,43.6213
9000505193,15698,Passenger,30 to 34,None,NULL,NULL,1,0,1,0,0,0,0,1,0,0,0,0,0,12,1222,Clear,Daylight,-79.5454,43.6213
9000505193,15699,Pedestrian,60 to 64,Major,NULL,NULL,1,0,1,0,0,0,0,1,0,0,0,0,0,12,1222,Clear,Daylight,-79.5454,43.6213
9000528494,15708,Driver,60 to 64,None,"Automobile, Station Wagon",Turning Left,0,1,1,0,0,0,0,0,0,0,0,0,0,20,1950,Clear,Daylight,-79.3859,43.6634
9000528494,15709,Cyclist,30 to 34,Major,Bicycle,Going Ahead,0,1,1,0,0,0,0,0,0,0,0,0,0,20,1950,Clear,Daylight,-79.3859,43.6634
9000541174,15715,Driver,45 to 49,None,"Automobile, Station Wagon",Turning Right,1,0,1,0,0,0,0,0,0,1,0,0,0,19,1900,Clear,Daylight,-79.4365,43.7828
9000541174,15716,Pedestrian,65 to 69,Major,NULL,NULL,1,0,1,0,0,0,0,0,0,1,0,0,0,19,1900,Clear,Daylight,-79.4365,43.7828
9000563702,15719,Pedestrian,60 to 64,Fatal,NULL,NULL,1,0,0,0,0,1,0,0,0,0,0,0,0,6,630,Other,Other,-79.3768,43.6722
9000563702,15720,Driver,50 to 54,None,Municipal Transit Bus (TTC),Going Ahead,1,0,0,0,0,1,0,0,0,0,0,0,0,6,630,Other,Other,-79.3768,43.6722
9000588881,15727,Driver,20 to 24,None,"Automobile, Station Wagon",Going Ahead,1,0,1,0,0,0,0,0,1,1,0,0,0,23,2343,Clear,"Dark, artificial",-79.2514,43.772
9001076374,15932,Pedestrian,20 to 24,Major,NULL,NULL,1,0,1,0,0,0,0,1,0,1,0,0,0,13,1305,Clear,Daylight,-79.2667,43.7151
9001160017,15963,Passenger,10 to 14,Minor,"Automobile, Station Wagon",NULL,0,0,1,0,0,0,0,1,0,1,1,0,0,19,1909,Clear,Daylight,-79.2158,43.7617
9001160017,15964,Passenger,70 to 74,Minor,NULL,NULL,0,0,1,0,0,0,0,1,0,1,1,0,0,19,1909,Clear,Daylight,-79.2158,43.7617
9001160017,15965,Driver,75 to 79,Fatal,"Automobile, Station Wagon",Going Ahead,0,0,1,0,0,0,0,1,0,1,1,0,0,19,1909,Clear,Daylight,-79.2158,43.7617
9001160017,15966,Passenger,20 to 24,Minor,"Automobile, Station Wagon",NULL,0,0,1,0,0,0,0,1,0,1,1,0,0,19,1909,Clear,Daylight,-79.2158,43.7617
9001160017,15967,Driver,20 to 24,None,"Automobile, Station Wagon",Going Ahead,0,0,1,0,0,0,0,1,0,1,1,0,0,19,1909,Clear,Daylight,-79.2158,43.7617
9001268275,15452,Driver,20 to 24,None,"Automobile, Station Wagon",Turning Left,1,0,1,0,0,0,0,0,0,0,0,0,0,20,2010,Clear,Daylight,-79.2176,43.798
9001268275,15455,Pedestrian,25 to 29,Major,NULL,NULL,1,0,1,0,0,0,0,0,0,0,0,0,0,20,2010,Clear,Daylight,-79.2176,43.798
9001409746,15521,Driver,25 to 29,None,"Automobile, Station Wagon",Turning Left,0,0,1,0,0,0,0,1,0,1,0,1,0,23,2310,Clear,"Dark, artificial",-79.3152,43.7577
9001409746,15522,Driver,30 to 34,Major,"Automobile, Station Wagon",Going Ahead,0,0,1,0,0,0,0,1,0,1,0,1,0,23,2310,Clear,"Dark, artificial",-79.3152,43.7577
9001409746,15523,Passenger,30 to 34,Minimal,NULL,NULL,0,0,1,0,0,0,0,1,0,1,0,1,0,23,2310,Clear,"Dark, artificial",-79.3152,43.7577
9001409746,15524,Passenger,20 to 24,Minimal,NULL,NULL,0,0,1,0,0,0,0,1,0,1,0,1,0,23,2310,Clear,"Dark, artificial",-79.3152,43.7577
9001409746,15525,Passenger,30 to 34,Minimal,NULL,NULL,0,0,1,0,0,0,0,1,0,1,0,1,0,23,2310,Clear,"Dark, artificial",-79.3152,43.7577
9001409746,15526,Passenger,25 to 29,Major,NULL,NULL,0,0,1,0,0,0,0,1,0,1,0,1,0,23,2310,Clear,"Dark, artificial",-79.3152,43.7577
9001429449,15533,Cyclist,55 to 59,Major,Bicycle,Going Ahead,0,1,1,0,0,0,0,1,0,0,0,0,0,19,1937,Clear,Daylight,-79.3427,43.6676
9001429449,15534,Driver,35 to 39,None,"Automobile, Station Wagon",Going Ahead,0,1,1,0,0,0,0,1,0,0,0,0,0,19,1937,Clear,Daylight,-79.3427,43.6676
9001429449,15535,Passenger,15 to 19,None,NULL,NULL,0,1,1,0,0,0,0,1,0,0,0,0,0,19,1937,Clear,Daylight,-79.3427,43.6676
9001441633,15541,Truck Driver,50 to 54,None,Truck - Dump,Slowing or Stopping,0,0,1,0,1,0,0,0,1,1,0,0,0,14,1423,Clear,Daylight,-79.5338,43.6163
9001441633,15542,Driver,55 to 59,Major,"Automobile, Station Wagon",Slowing or Stopping,0,0,1,0,1,0,0,0,1,1,0,0,0,14,1423,Clear,Daylight,-79.5338,43.6163
9001441633,15543,Driver,55 to 59,Major,"Automobile, Station Wagon",Stopped,0,0,1,0,1,0,0,0,1,1,0,0,0,14,1423,Clear,Daylight,-79.5338,43.6163
9001441633,15544,Driver,55 to 59,Minimal,Delivery Van,Stopped,0,0,1,0,1,0,0,0,1,1,0,0,0,14,1423,Clear,Daylight,-79.5338,43.6163
9001468146,15352,Driver,20 to 24,None,"Automobile, Station Wagon",Going Ahead,1,0,1,0,0,0,0,0,0,0,0,0,0,3,257,Clear,Daylight,-79.4103,43.6629
9001468146,15353,Driver,30 to 34,Minimal,"Automobile, Station Wagon",Going Ahead,1,0,1,0,0,0,0,0,0,0,0,0,0,3,257,Clear,Daylight,-79.4103,43.6629
9001468146,15354,Pedestrian,25 to 29,Major,NULL,NULL,1,0,1,0,0,0,0,0,0,0,0,0,0,3,257,Clear,Daylight,-79.4103,43.6629
9001585918,15398,Driver,25 to 29,None,"Automobile, Station Wagon",Turning Left,1,0,1,0,0,0,0,0,0,1,0,0,0,15,1515,Clear,Daylight,-79.2387,43.7937
9001585918,15399,Pedestrian,70 to 74,Major,NULL,NULL,1,0,1,0,0,0,0,0,0,1,0,0,0,15,1515,Clear,Daylight,-79.2387,43.7937
9001663278,15432,Driver,50 to 54,None,Pick Up Truck,Turning Left,1,0,1,0,0,0,0,0,0,1,0,0,0,7,740,Clear,Daylight,-79.3801,43.6744
9001663278,15433,Pedestrian,70 to 74,Major,NULL,NULL,1,0,1,0,0,0,0,0,0,1,0,0,0,7,740,Clear,Daylight,-79.3801,43.6744
9001733746,15854,Driver,40 to 44,None,"Automobile, Station Wagon",Making U Turn,1,0,1,0,0,0,0,0,0,0,0,0,0,7,740,Clear,Daylight,-79.4989,43.7639
9001733746,15855,Pedestrian,75 to 79,Major,NULL,NULL,1,0,1,0,0,0,0,0,0,0,0,0,0,7,740,Clear,Daylight,-79.4989,43.7639
9001746758,15858,Driver,35 to 39,None,"Automobile, Station Wagon",Turning Left,1,0,1,0,0,0,0,0,0,1,0,0,0,21,2056,Rain,"Dark, artificial",-79.515,43.747
9001746758,15859,Pedestrian,60 to 64,Major,NULL,NULL,1,0,1,0,0,0,0,0,0,1,0,0,0,21,2056,Rain,"Dark, artificial",-79.515,43.747
9001790358,15880,Driver,55 to 59,Minimal,Pick Up Truck,Turning Left,1,0,1,0,0,0,0,0,0,0,0,0,0,20,2000,Clear,Daylight,-79.2918,43.7458
9001790358,15881,Pedestrian,55 to 59,Fatal,NULL,NULL,1,0,1,0,0,0,0,0,0,0,0,0,0,20,2000,Clear,Daylight,-79.2918,43.7458
9001855890,15895,Cyclist,50 to 54,Major,Bicycle,Changing Lanes,0,1,1,0,0,0,0,0,0,0,0,0,0,14,1445,Clear,Daylight,-79.3243,43.7245
9001855890,15896,Driver,35 to 39,None,Delivery Van,Going Ahead,0,1,1,0,0,0,0,0,0,0,0,0,0,14,1445,Clear,Daylight,-79.3243,43.7245
9001855890,15897,Driver,25 to 29,None,Delivery Van,Going Ahead,0,1,1,0,0,0,0,0,0,0,0,0,0,14,1445,Clear,Daylight,-79.3243,43.7245
9001976844,16293,Driver,30 to 34,None,"Automobile, Station Wagon",Going Ahead,1,0,1,0,0,0,0,1,0,0,0,0,0,10,1049,Clear,Daylight,-79.3098,43.7591
9001976844,16294,Pedestrian,35 to 39,Major,NULL,NULL,1,0,1,0,0,0,0,1,0,0,0,0,0,10,1049,Clear,Daylight,-79.3098,43.7591
9001976844,16295,Pedestrian,55 to 59,Major,NULL,NULL,1,0,1,0,0,0,0,1,0,0,0,0,0,10,1049,Clear,Daylight,-79.3098,43.7591
9001976844,16296,Pedestrian,0 to 4,Major,NULL,NULL,1,0,1,0,0,0,0,1,0,0,0,0,0,10,1049,Clear,Daylight,-79.3098,43.7591
9001976844,16297,Passenger,40 to 44,None,NULL,NULL,1,0,1,0,0,0,0,1,0,0,0,0,0,10,1049,Clear,Daylight,-79.3098,43.7591
9001993381,16310,Driver,55 to 59,None,"Automobile, Station Wagon",Turning Left,0,1,1,0,0,0,0,0,0,0,0,0,0,22,2216,Clear,"Dark, artificial",-79.318,43.6758
9001993381,16311,Cyclist,30 to 34,Major,Bicycle,Going Ahead,0,1,1,0,0,0,0,0,0,0,0,0,0,22,2216,Clear,"Dark, artificial",-79.318,43.6758
9002000570,16312,Motorcycle Driver,25 to 29,Major,Motorcycle,Going Ahead,0,0,1,1,0,0,0,0,1,1,0,0,0,23,2251,Clear,"Dark, artificial",-79.3482,43.6781
9002000570,16313,Driver,35 to 39,None,"Automobile, Station Wagon",Making U Turn,0,0,1,1,0,0,0,0,1,1,0,0,0,23,2251,Clear,"Dark, artificial",-79.3482,43.6781
9002072728,16332,Driver,30 to 34,Major,"Automobile, Station Wagon",Going Ahead,0,0,1,0,0,0,0,1,1,1,0,0,0,3,255,Rain,"Dark, artificial",-79.1748,43.7896
9002072728,16333,Passenger,30 to 34,Minor,NULL,NULL,0,0,1,0,0,0,0,1,1,1,0,0,0,3,255,Rain,"Dark, artificial",-79.1748,43.7896
9002099158,16345,Driver,35 to 39,None,"Automobile, Station Wagon",Going Ahead,1,0,1,0,0,0,0,1,0,0,0,0,0,20,2006,Rain,"Dark, artificial",-79.2719,43.8178
9002099158,16346,Pedestrian,75 to 79,Major,NULL,NULL,1,0,1,0,0,0,0,1,0,0,0,0,0,20,2006,Rain,"Dark, artificial",-79.2719,43.8178
9002099158,16347,Passenger,5 to 9,None,NULL,NULL,1,0,1,0,0,0,0,1,0,0,0,0,0,20,2006,Rain,"Dark, artificial",-79.2719,43.8178
9002250023,16139,Driver,35 to 39,None,"Automobile, Station Wagon",Turning Left,1,0,1,0,0,0,0,0,0,1,0,0,0,18,1800,Rain,"Dark, artificial",-79.4906,43.6866
9002250023,16145,Pedestrian,15 to 19,Major,NULL,NULL,1,0,1,0,0,0,0,0,0,1,0,0,0,18,1800,Rain,"Dark, artificial",-79.4906,43.6866
9002262069,16511,Passenger,25 to 29,None,NULL,NULL,0,0,1,1,0,0,0,1,0,1,0,0,0,12,1245,Clear,Daylight,-79.2794,43.7612
9002262069,16502,Driver,65 to 69,None,"Automobile, Station Wagon",Turning Left,0,0,1,1,0,0,0,1,0,1,0,0,0,12,1245,Clear,Daylight,-79.2794,43.7612
9002262069,16508,Motorcycle Driver,20 to 24,Major,Motorcycle,Going Ahead,0,0,1,1,0,0,0,1,0,1,0,0,0,12,1245,Clear,Daylight,-79.2794,43.7612
9002468442,16688,Driver,55 to 59,None,Delivery Van,Turning Right,1,0,1,0,0,0,0,0,0,1,0,0,0,7,657,Clear,Dawn,-79.4647,43.6783
9002468442,16689,Pedestrian,25 to 29,Major,NULL,NULL,1,0,1,0,0,0,0,0,0,1,0,0,0,7,657,Clear,Dawn,-79.4647,43.6783
9002481518,16693,Driver,45 to 49,None,"Automobile, Station Wagon",Turning Left,1,0,1,0,0,0,0,0,0,1,0,0,0,9,850,Clear,Daylight,-79.347,43.775
9002481518,16694,Pedestrian,35 to 39,Major,NULL,NULL,1,0,1,0,0,0,0,0,0,1,0,0,0,9,850,Clear,Daylight,-79.347,43.775
9002496688,16127,Driver,20 to 24,None,"Automobile, Station Wagon",Going Ahead,1,0,1,0,0,0,0,0,0,1,0,0,0,23,2324,Clear,"Dark, artificial",-79.5166,43.7532
9002496688,16133,Pedestrian,10 to 14,Major,NULL,NULL,1,0,1,0,0,0,0,0,0,1,0,0,0,23,2324,Clear,"Dark, artificial",-79.5166,43.7532
9002501134,16279,Driver,20 to 24,None,"Automobile, Station Wagon",Turning Left,1,0,1,0,0,0,0,1,0,0,0,0,0,17,1740,Clear,Dark,-79.5707,43.6915
9002501134,16286,Passenger,15 to 19,None,NULL,NULL,1,0,1,0,0,0,0,1,0,0,0,0,0,17,1740,Clear,Dark,-79.5707,43.6915
9002501134,16387,Pedestrian,50 to 54,Major,NULL,NULL,1,0,1,0,0,0,0,1,0,0,0,0,0,17,1740,Clear,Dark,-79.5707,43.6915
9001053641,15926,Motorcycle Driver,25 to 29,Major,Motorcycle,Merging,0,0,0,1,0,0,0,0,0,0,0,0,0,2,235,Clear,"Dark, artificial",-79.468,43.636
9001064376,15927,Driver,25 to 29,Major,"Automobile, Station Wagon",Going Ahead,0,0,1,0,0,0,0,0,1,1,0,0,0,18,1812,Clear,Daylight,-79.4744,43.6355
9001080301,15933,Driver,20 to 24,None,"Automobile, Station Wagon",Going Ahead,1,0,1,0,0,0,0,0,0,0,0,0,0,23,2313,Clear,"Dark, artificial",-79.463,43.6734
9001080301,15934,Pedestrian,75 to 79,Major,NULL,NULL,1,0,1,0,0,0,0,0,0,0,0,0,0,23,2313,Clear,"Dark, artificial",-79.463,43.6734
9001086071,15935,Driver,55 to 59,None,"Automobile, Station Wagon",Turning Left,1,0,1,0,0,0,0,0,0,1,0,0,0,18,1750,Clear,Daylight,-79.5395,43.6408
9001086071,15936,Pedestrian,20 to 24,Major,NULL,NULL,1,0,1,0,0,0,0,0,0,1,0,0,0,18,1750,Clear,Daylight,-79.5395,43.6408
9001086071,15937,Pedestrian,45 to 49,Minor,NULL,NULL,1,0,1,0,0,0,0,0,0,1,0,0,0,18,1750,Clear,Daylight,-79.5395,43.6408
9001144678,15956,Driver,70 to 74,None,"Automobile, Station Wagon",Making U Turn,0,0,1,1,0,0,0,1,0,0,0,0,0,15,1532,Clear,Daylight,-79.3362,43.6805
9001144678,15957,Motorcycle Driver,45 to 49,Major,Motorcycle,Going Ahead,0,0,1,1,0,0,0,1,0,0,0,0,0,15,1532,Clear,Daylight,-79.3362,43.6805
9001144678,15958,Passenger,65 to 69,None,NULL,NULL,0,0,1,1,0,0,0,1,0,0,0,0,0,15,1532,Clear,Daylight,-79.3362,43.6805
9001242183,15111,Driver,60 to 64,None,School Bus,Turning Left,0,0,0,1,0,0,0,0,0,1,0,0,0,9,910,Clear,Daylight,-79.3046,43.7432
9001242183,15122,Motorcycle Driver,55 to 59,Major,Motorcycle,Going Ahead,0,0,0,1,0,0,0,0,0,1,0,0,0,9,910,Clear,Daylight,-79.3046,43.7432
9001303685,15475,Driver,80 to 84,None,"Automobile, Station Wagon",Going Ahead,1,0,1,0,0,0,0,0,0,1,0,0,0,14,1415,Clear,Daylight,-79.4701,43.7837
9001303685,15476,Pedestrian,20 to 24,Major,NULL,NULL,1,0,1,0,0,0,0,0,0,1,0,0,0,14,1415,Clear,Daylight,-79.4701,43.7837
9001351159,15487,Driver,55 to 59,None,"Automobile, Station Wagon",Turning Left,0,0,1,1,0,0,0,0,0,1,0,0,0,22,2240,Clear,"Dark, artificial",-79.5246,43.6531
9001351159,15488,Motorcycle Driver,25 to 29,Fatal,Motorcycle,Going Ahead,0,0,1,1,0,0,0,0,0,1,0,0,0,22,2240,Clear,"Dark, artificial",-79.5246,43.6531
9001401954,15512,Driver,50 to 54,None,"Automobile, Station Wagon",Turning Left,0,0,1,0,0,0,0,0,0,1,0,0,0,22,2245,Clear,"Dark, artificial",-79.1433,43.8006
9001401954,15513,Driver,50 to 54,Major,"Automobile, Station Wagon",Going Ahead,0,0,1,0,0,0,0,0,0,1,0,0,0,22,2245,Clear,"Dark, artificial",-79.1433,43.8006
9001420476,15531,Driver,85 to 89,Minimal,"Automobile, Station Wagon",Going Ahead,0,0,1,1,0,0,0,0,0,1,0,0,0,15,1503,Clear,Daylight,-79.2982,43.7085
9001420476,15532,Motorcycle Driver,55 to 59,Major,Motorcycle,Going Ahead,0,0,1,1,0,0,0,0,0,1,0,0,0,15,1503,Clear,Daylight,-79.2982,43.7085
9001431003,15536,Driver,30 to 34,None,"Automobile, Station Wagon",Going Ahead,1,0,1,0,0,0,0,0,0,1,0,1,0,0,39,Rain,"Dark, artificial",-79.3855,43.6582
9001431003,15537,Pedestrian,50 to 54,Major,NULL,NULL,1,0,1,0,0,0,0,0,0,1,0,1,0,0,39,Rain,"Dark, artificial",-79.3855,43.6582
9001547206,15385,Driver,30 to 34,None,"Automobile, Station Wagon",Going Ahead,1,0,1,0,0,0,0,1,0,1,1,0,0,6,648,Clear,Daylight,-79.3886,43.6503
9001547206,15386,Passenger,0 to 4,None,NULL,NULL,1,0,1,0,0,0,0,1,0,1,1,0,0,6,648,Clear,Daylight,-79.3886,43.6503
9001547206,15387,Pedestrian,60 to 64,Major,NULL,NULL,1,0,1,0,0,0,0,1,0,1,1,0,0,6,648,Clear,Daylight,-79.3886,43.6503
9001567652,15391,Driver,25 to 29,None,"Automobile, Station Wagon",Going Ahead,1,0,1,0,0,0,0,0,0,0,0,0,0,23,2305,Clear,"Dark, artificial",-79.2664,43.8079
9001567652,15392,Pedestrian,35 to 39,Major,NULL,NULL,1,0,1,0,0,0,0,0,0,0,0,0,0,23,2305,Clear,"Dark, artificial",-79.2664,43.8079
9001591969,15403,Driver,45 to 49,None,Truck - Tank,Turning Right,1,0,1,0,1,0,0,0,0,1,0,0,0,11,1130,Clear,Daylight,-79.2785,43.7852
9001591969,15404,Driver,unknown,None,"Automobile, Station Wagon",Unknown,1,0,1,0,1,0,0,0,0,1,0,0,0,11,1130,Clear,Daylight,-79.2785,43.7852
9001591969,15405,Pedestrian,75 to 79,Fatal,NULL,NULL,1,0,1,0,1,0,0,0,0,1,0,0,0,11,1130,Clear,Daylight,-79.2785,43.7852
9001600712,15408,Driver,50 to 54,None,"Automobile, Station Wagon",Going Ahead,1,0,1,0,0,0,0,1,0,1,1,0,0,15,1521,Clear,Daylight,-79.3858,43.6607
9001600712,15409,Driver,20 to 24,Major,"Automobile, Station Wagon",Going Ahead,1,0,1,0,0,0,0,1,0,1,1,0,0,15,1521,Clear,Daylight,-79.3858,43.6607
9001600712,15410,Driver,20 to 24,None,Pick Up Truck,Going Ahead,1,0,1,0,0,0,0,1,0,1,1,0,0,15,1521,Clear,Daylight,-79.3858,43.6607
9001600712,15411,Passenger,20 to 24,None,NULL,NULL,1,0,1,0,0,0,0,1,0,1,1,0,0,15,1521,Clear,Daylight,-79.3858,43.6607
9001600712,15412,Pedestrian,0 to 4,Minimal,NULL,NULL,1,0,1,0,0,0,0,1,0,1,1,0,0,15,1521,Clear,Daylight,-79.3858,43.6607
9001600712,15413,Pedestrian,40 to 44,Minor,NULL,NULL,1,0,1,0,0,0,0,1,0,1,1,0,0,15,1521,Clear,Daylight,-79.3858,43.6607
9001600712,15414,Pedestrian,65 to 69,Major,NULL,NULL,1,0,1,0,0,0,0,1,0,1,1,0,0,15,1521,Clear,Daylight,-79.3858,43.6607
9001600712,15415,Pedestrian,50 to 54,Major,NULL,NULL,1,0,1,0,0,0,0,1,0,1,1,0,0,15,1521,Clear,Daylight,-79.3858,43.6607
9001618361,15423,Driver,15 to 19,None,"Automobile, Station Wagon",Going Ahead,1,0,1,0,0,0,0,0,0,0,0,0,0,0,20,Clear,Dark,-79.2534,43.8298
9001618361,15424,Pedestrian,35 to 39,Major,NULL,NULL,1,0,1,0,0,0,0,0,0,0,0,0,0,0,20,Clear,Dark,-79.2534,43.8298
9001666503,15434,Driver,65 to 69,None,"Automobile, Station Wagon",Turning Right,0,1,1,0,0,0,0,0,0,1,0,0,0,17,1746,Clear,Daylight,-79.5803,43.7349
9001666503,15435,Cyclist,55 to 59,Major,Bicycle,Going Ahead,0,1,1,0,0,0,0,0,0,1,0,0,0,17,1746,Clear,Daylight,-79.5803,43.7349
9001679481,15439,Driver,20 to 24,None,"Automobile, Station Wagon",Turning Right,0,1,1,0,0,0,0,0,0,1,0,0,0,18,1802,Clear,Daylight,-79.3072,43.7889
9001679481,15440,Cyclist,30 to 34,Major,Bicycle,Going Ahead,0,1,1,0,0,0,0,0,0,1,0,0,0,18,1802,Clear,Daylight,-79.3072,43.7889
9001687107,15051,Driver,25 to 29,None,"Automobile, Station Wagon",Going Ahead,1,0,1,0,0,0,0,0,0,0,0,0,0,19,1910,Clear,Daylight,-79.4443,43.6622
9001687107,15116,Pedestrian,25 to 29,Major,NULL,NULL,1,0,1,0,0,0,0,0,0,0,0,0,0,19,1910,Clear,Daylight,-79.4443,43.6622
9001709057,15666,Pedestrian,50 to 54,Major,NULL,NULL,1,0,1,0,0,0,0,0,0,0,0,0,0,17,1740,Clear,Daylight,-79.3798,43.6514
9001709057,15578,Driver,45 to 49,Minimal,"Automobile, Station Wagon",Turning Right,1,0,1,0,0,0,0,0,0,0,0,0,0,17,1740,Clear,Daylight,-79.3798,43.6514
9001734593,15856,Pedestrian,50 to 54,Fatal,NULL,NULL,1,0,0,0,1,0,0,0,0,0,0,0,0,10,959,Clear,Daylight,-79.3992,43.711
9001734593,15857,Driver,55 to 59,None,Truck - Open,Turning Right,1,0,0,0,1,0,0,0,0,0,0,0,0,10,959,Clear,Daylight,-79.3992,43.711
9001753960,15863,Driver,50 to 54,None,"Automobile, Station Wagon",Going Ahead,0,1,1,0,0,0,0,0,0,0,0,0,0,21,2103,Clear,"Dark, artificial",-79.5631,43.6744
9001753960,15864,Cyclist,25 to 29,Major,Bicycle,Going Ahead,0,1,1,0,0,0,0,0,0,0,0,0,0,21,2103,Clear,"Dark, artificial",-79.5631,43.6744
9001776305,15874,Driver,30 to 34,None,"Automobile, Station Wagon",Going Ahead,1,0,1,0,0,0,0,0,0,0,0,0,0,0,42,Clear,"Dark, artificial",-79.3733,43.654
9001776305,15875,Pedestrian,35 to 39,Major,NULL,NULL,1,0,1,0,0,0,0,0,0,0,0,0,0,0,42,Clear,"Dark, artificial",-79.3733,43.654
9001837052,15888,Driver,20 to 24,None,"Automobile, Station Wagon",Going Ahead,0,0,1,0,0,0,0,1,0,0,0,1,0,3,321,Clear,"Dark, artificial",-79.5644,43.6741
9001837052,15889,Passenger,20 to 24,Major,NULL,NULL,0,0,1,0,0,0,0,1,0,0,0,1,0,3,321,Clear,"Dark, artificial",-79.5644,43.6741
9001949959,15915,Driver,80 to 84,Major,"Automobile, Station Wagon",Turning Left,0,0,1,0,0,0,0,0,0,1,0,0,0,14,1446,Clear,Daylight,-79.1476,43.7978
9001949959,15916,Driver,65 to 69,Minor,Pick Up Truck,Going Ahead,0,0,1,0,0,0,0,0,0,1,0,0,0,14,1446,Clear,Daylight,-79.1476,43.7978
9002099223,16348,Pedestrian,55 to 59,Fatal,NULL,NULL,1,0,1,0,0,0,0,0,0,0,0,0,0,20,2015,Rain,"Dark, artificial",-79.2894,43.7504
9002099223,16349,Driver,25 to 29,None,"Automobile, Station Wagon",Going Ahead,1,0,1,0,0,0,0,0,0,0,0,0,0,20,2015,Rain,"Dark, artificial",-79.2894,43.7504
9002117462,15442,Cyclist,45 to 49,Major,Bicycle,Going Ahead,0,1,1,0,0,0,0,0,0,0,0,0,0,19,1903,Clear,Dark,-79.4,43.6443
9002117462,15443,Driver,30 to 34,None,"Automobile, Station Wagon",Going Ahead,0,1,1,0,0,0,0,0,0,0,0,0,0,19,1903,Clear,Dark,-79.4,43.6443
9002123332,16356,Driver,70 to 74,Major,"Automobile, Station Wagon",Going Ahead,0,0,1,0,0,0,0,0,0,1,0,0,0,6,618,Clear,Daylight,-79.4477,43.6895
9002229546,16379,Driver,unknown,None,"Automobile, Station Wagon",Going Ahead,1,0,1,0,0,0,0,1,0,0,0,0,0,18,1830,Rain,"Dark, artificial",-79.2964,43.8242
9002229546,16380,Driver,35 to 39,None,"Automobile, Station Wagon",Going Ahead,1,0,1,0,0,0,0,1,0,0,0,0,0,18,1830,Rain,"Dark, artificial",-79.2964,43.8242
9002229546,16381,Pedestrian,45 to 49,Major,NULL,NULL,1,0,1,0,0,0,0,1,0,0,0,0,0,18,1830,Rain,"Dark, artificial",-79.2964,43.8242
9002229546,16382,Passenger,5 to 9,None,NULL,NULL,1,0,1,0,0,0,0,1,0,0,0,0,0,18,1830,Rain,"Dark, artificial",-79.2964,43.8242
9002229546,16383,Passenger,0 to 4,None,NULL,NULL,1,0,1,0,0,0,0,1,0,0,0,0,0,18,1830,Rain,"Dark, artificial",-79.2964,43.8242
9002248311,16122,Cyclist,65 to 69,Fatal,Bicycle,NULL,0,1,1,0,0,0,0,0,0,0,0,0,0,13,1340,Rain,Daylight,-79.2691,43.8115
9002294353,16620,Pedestrian,75 to 79,Fatal,NULL,NULL,1,0,0,0,0,0,0,0,0,0,0,0,0,6,623,Clear,Dark,-79.5683,43.7483
9002294353,16621,Driver,unknown,None,NULL,Going Ahead,1,0,0,0,0,0,0,0,0,0,0,0,0,6,623,Clear,Dark,-79.5683,43.7483
9002437548,16673,Driver,70 to 74,Major,"Automobile, Station Wagon",Going Ahead,0,0,1,0,0,0,0,0,0,1,0,0,1,15,1538,Clear,"Dark, artificial",-79.4759,43.6283
9002437548,16674,Driver,30 to 34,Minor,"Automobile, Station Wagon",Stopped,0,0,1,0,0,0,0,0,0,1,0,0,1,15,1538,Clear,"Dark, artificial",-79.4759,43.6283
9002500260,16155,Driver,50 to 54,None,"Automobile, Station Wagon",Going Ahead,1,0,1,0,0,0,0,0,0,1,1,0,0,15,1514,Clear,Daylight,-79.3848,43.6584
9002500260,16264,Driver,25 to 29,None,"Automobile, Station Wagon",Going Ahead,1,0,1,0,0,0,0,0,0,1,1,0,0,15,1514,Clear,Daylight,-79.3848,43.6584
9002500260,16273,Pedestrian,25 to 29,Major,NULL,NULL,1,0,1,0,0,0,0,0,0,1,1,0,0,15,1514,Clear,Daylight,-79.3848,43.6584
9001541492,15384,Motorcycle Passenger,20 to 24,None,NULL,NULL,0,0,1,1,0,0,0,1,0,1,0,0,0,11,1149,Clear,Daylight,-79.4528,43.7056