ACCNUM,ObjectId,INVTYPE,INVAGE,INJURY,VEHTYPE,MANOEUVER,PEDESTRIAN,CYCLIST,AUTOMOBILE,MOTORCYCLE,TRUCK,TRSN_CITY_VEH,EMERG_VEH,PASSENGER,SPEEDING,AG_DRIV,REDLIGHT,ALCOHOL,DISABILITY,HOUR,TIME,VISIBILITY,LIGHT,collision_lat,collision_long
9001579618,15393,Motorcycle Driver,25 to 29,Major,Motorcycle,Changing Lanes,0,0,1,1,0,0,0,0,0,0,0,0,0,17,1730,Clear,Daylight,-79.2716,43.6871
9001579618,15394,Driver,35 to 39,None,"Automobile, Station Wagon",Going Ahead,0,0,1,1,0,0,0,0,0,0,0,0,0,17,1730,Clear,Daylight,-79.2716,43.6871
9001598052,15406,Driver,40 to 44,None,Pick Up Truck,Going Ahead,0,0,1,1,0,0,0,0,0,1,0,0,0,8,815,Clear,Daylight,-79.5319,43.6642
9001598052,15407,Motorcycle Driver,65 to 69,Major,Motorcycle,Going Ahead,0,0,1,1,0,0,0,0,0,1,0,0,0,8,815,Clear,Daylight,-79.5319,43.6642
9001704678,15562,Driver,25 to 29,None,"Automobile, Station Wagon",Going Ahead,1,0,1,0,0,0,0,0,0,0,0,0,0,6,630,Clear,Daylight,-79.3219,43.8083
9001704678,15463,Pedestrian,Over 95,Fatal,NULL,NULL,1,0,1,0,0,0,0,0,0,0,0,0,0,6,630,Clear,Daylight,-79.3219,43.8083
9001711653,15669,Driver,40 to 44,None,"Automobile, Station Wagon",Turning Left,0,0,1,1,0,0,0,0,1,1,0,0,0,0,17,Clear,Dark,-79.3246,43.7407
9001711653,15752,Motorcycle Driver,20 to 24,Fatal,Motorcycle,Going Ahead,0,0,1,1,0,0,0,0,1,1,0,0,0,0,17,Clear,Dark,-79.3246,43.7407
9001714515,15754,Truck Driver,50 to 54,None,Truck - Open,Overtaking,0,1,0,0,1,0,0,0,0,0,0,0,0,12,1244,Clear,Daylight,-79.5266,43.5902
9001714515,15756,Cyclist,50 to 54,Major,Bicycle,Unknown,0,1,0,0,1,0,0,0,0,0,0,0,0,12,1244,Clear,Daylight,-79.5266,43.5902
9001722454,15842,Driver,30 to 34,Minimal,"Automobile, Station Wagon",Going Ahead,0,0,1,0,0,0,0,1,0,1,1,0,0,15,1515,Clear,Daylight,-79.3204,43.8204
9001722454,15844,Driver,65 to 69,Major,"Automobile, Station Wagon",Turning Left,0,0,1,0,0,0,0,1,0,1,1,0,0,15,1515,Clear,Daylight,-79.3204,43.8204
9001722454,15845,Passenger,30 to 34,Minimal,NULL,NULL,0,0,1,0,0,0,0,1,0,1,1,0,0,15,1515,Clear,Daylight,-79.3204,43.8204
9001722454,15846,Passenger,0 to 4,Minimal,NULL,NULL,0,0,1,0,0,0,0,1,0,1,1,0,0,15,1515,Clear,Daylight,-79.3204,43.8204
9001722454,15848,Passenger,5 to 9,None,NULL,NULL,0,0,1,0,0,0,0,1,0,1,1,0,0,15,1515,Clear,Daylight,-79.3204,43.8204
9001722454,15849,Passenger,65 to 69,Major,NULL,NULL,0,0,1,0,0,0,0,1,0,1,1,0,0,15,1515,Clear,Daylight,-79.3204,43.8204
9001731704,15852,Driver,45 to 49,None,"Automobile, Station Wagon",Turning Left,0,0,1,0,0,0,0,0,0,1,0,0,0,20,2043,Clear,Dark,-79.4277,43.7004
9001731704,15853,Driver,35 to 39,Major,"Automobile, Station Wagon",Going Ahead,0,0,1,0,0,0,0,0,0,1,0,0,0,20,2043,Clear,Dark,-79.4277,43.7004
9001771919,15872,Driver,80 to 84,Major,"Automobile, Station Wagon",Going Ahead,0,0,1,0,0,0,0,0,0,1,0,0,1,10,1030,Clear,Daylight,-79.441,43.7358
9001771919,15873,Driver,35 to 39,None,Pick Up Truck,Slowing or Stopping,0,0,1,0,0,0,0,0,0,1,0,0,1,10,1030,Clear,Daylight,-79.441,43.7358
9001818682,15882,Driver,60 to 64,None,Municipal Transit Bus (TTC),Going Ahead,1,0,0,0,0,1,0,0,0,0,0,0,0,14,1430,Clear,Daylight,-79.1963,43.7601
9001818682,15883,Pedestrian,25 to 29,Major,NULL,NULL,1,0,0,0,0,1,0,0,0,0,0,0,0,14,1430,Clear,Daylight,-79.1963,43.7601
9001868191,15898,Driver,55 to 59,Major,"Automobile, Station Wagon",Going Ahead,0,0,1,0,0,1,0,0,1,1,0,0,0,6,649,Rain,"Dark, artificial",-79.5118,43.7394
9001868191,15899,Driver,50 to 54,Minor,Municipal Transit Bus (TTC),Going Ahead,0,0,1,0,0,1,0,0,1,1,0,0,0,6,649,Rain,"Dark, artificial",-79.5118,43.7394
9001916632,15909,Driver,20 to 24,None,"Automobile, Station Wagon",Turning Left,1,0,1,0,0,0,0,0,0,0,0,0,0,22,2231,Clear,Dark,-79.3996,43.6364
9001916632,15910,Pedestrian,30 to 34,Major,NULL,NULL,1,0,1,0,0,0,0,0,0,0,0,0,0,22,2231,Clear,Dark,-79.3996,43.6364
9001959130,15921,Driver,45 to 49,None,"Automobile, Station Wagon",Going Ahead,1,0,1,0,0,0,0,0,0,0,0,0,0,18,1821,Clear,Daylight,-79.2912,43.746
9001959130,15922,Pedestrian,10 to 14,Major,NULL,NULL,1,0,1,0,0,0,0,0,0,0,0,0,0,18,1821,Clear,Daylight,-79.2912,43.746
9002067554,16328,Driver,70 to 74,Major,"Automobile, Station Wagon",Going Ahead,0,0,1,0,0,0,0,0,0,0,0,0,1,11,1145,Clear,Daylight,-79.2849,43.7214
9002067554,16329,Driver,50 to 54,None,"Automobile, Station Wagon",Stopped,0,0,1,0,0,0,0,0,0,0,0,0,1,11,1145,Clear,Daylight,-79.2849,43.7214
9002067554,16330,Driver,50 to 54,None,"Automobile, Station Wagon",Stopped,0,0,1,0,0,0,0,0,0,0,0,0,1,11,1145,Clear,Daylight,-79.2849,43.7214
9002076820,16334,Truck Driver,45 to 49,None,"Truck - Closed (Blazer, etc)",Turning Left,0,0,0,1,1,0,0,0,0,0,0,0,0,18,1820,Clear,Daylight,-79.3012,43.7634
9002076820,16335,Motorcycle Driver,45 to 49,Major,Motorcycle,Going Ahead,0,0,0,1,1,0,0,0,0,0,0,0,0,18,1820,Clear,Daylight,-79.3012,43.7634
9002079433,16336,Driver,60 to 64,None,"Automobile, Station Wagon",Turning Right,1,0,1,0,0,0,0,0,0,0,0,0,1,6,629,Clear,"Dark, artificial",-79.3388,43.7204
9002079433,16337,Pedestrian,70 to 74,Fatal,NULL,NULL,1,0,1,0,0,0,0,0,0,0,0,0,1,6,629,Clear,"Dark, artificial",-79.3388,43.7204
9002320157,16625,Driver,25 to 29,None,"Automobile, Station Wagon",Going Ahead,0,0,1,0,0,0,0,1,1,1,0,0,0,20,2010,Snow,"Dark, artificial",-79.2922,43.7458
9002320157,16626,Driver,50 to 54,None,"Automobile, Station Wagon",Going Ahead,0,0,1,0,0,0,0,1,1,1,0,0,0,20,2010,Snow,"Dark, artificial",-79.2922,43.7458
9002320157,16627,Driver,50 to 54,Minor,"Automobile, Station Wagon",Going Ahead,0,0,1,0,0,0,0,1,1,1,0,0,0,20,2010,Snow,"Dark, artificial",-79.2922,43.7458
9002320157,16628,Driver,25 to 29,None,"Automobile, Station Wagon",Going Ahead,0,0,1,0,0,0,0,1,1,1,0,0,0,20,2010,Snow,"Dark, artificial",-79.2922,43.7458
9002320157,16629,Passenger,20 to 24,Major,NULL,NULL,0,0,1,0,0,0,0,1,1,1,0,0,0,20,2010,Snow,"Dark, artificial",-79.2922,43.7458
9002320157,16630,Passenger,30 to 34,None,NULL,NULL,0,0,1,0,0,0,0,1,1,1,0,0,0,20,2010,Snow,"Dark, artificial",-79.2922,43.7458
9002320157,16631,Passenger,30 to 34,Minimal,NULL,NULL,0,0,1,0,0,0,0,1,1,1,0,0,0,20,2010,Snow,"Dark, artificial",-79.2922,43.7458
9002320157,16632,Passenger,35 to 39,None,NULL,NULL,0,0,1,0,0,0,0,1,1,1,0,0,0,20,2010,Snow,"Dark, artificial",-79.2922,43.7458
9002389266,16649,Driver,55 to 59,None,"Automobile, Station Wagon",Turning Left,1,0,1,0,0,0,0,0,0,1,0,0,0,17,1725,Clear,"Dark, artificial",-79.3026,43.7246
9002389266,16650,Pedestrian,40 to 44,Major,NULL,NULL,1,0,1,0,0,0,0,0,0,1,0,0,0,17,1725,Clear,"Dark, artificial",-79.3026,43.7246
9002410570,16661,Driver,50 to 54,None,"Automobile, Station Wagon",Turning Right,0,1,1,0,0,0,0,0,0,1,0,0,0,17,1705,Rain,"Dark, artificial",-79.3574,43.7534
9002410570,16662,Cyclist,40 to 44,Major,Bicycle,Going Ahead,0,1,1,0,0,0,0,0,0,1,0,0,0,17,1705,Rain,"Dark, artificial",-79.3574,43.7534
9002439136,16675,Driver,30 to 34,Major,"Automobile, Station Wagon",Going Ahead,0,0,1,0,0,0,0,0,0,0,0,0,0,19,1945,Clear,"Dusk, artificial",-79.221,43.7756
9002450194,16676,Driver,75 to 79,None,"Automobile, Station Wagon",Going Ahead,0,0,1,0,0,0,0,1,0,1,0,0,0,12,1230,Clear,Daylight,-79.2522,43.7745
9002450194,16677,Driver,30 to 34,None,"Automobile, Station Wagon",Stopped,0,0,1,0,0,0,0,1,0,1,0,0,0,12,1230,Clear,Daylight,-79.2522,43.7745
9002450194,16678,Passenger,80 to 84,Major,NULL,NULL,0,0,1,0,0,0,0,1,0,1,0,0,0,12,1230,Clear,Daylight,-79.2522,43.7745
9002450194,16679,Passenger,40 to 44,Minimal,NULL,NULL,0,0,1,0,0,0,0,1,0,1,0,0,0,12,1230,Clear,Daylight,-79.2522,43.7745
9002450194,16680,Passenger,30 to 34,None,NULL,NULL,0,0,1,0,0,0,0,1,0,1,0,0,0,12,1230,Clear,Daylight,-79.2522,43.7745
9002450194,16681,Passenger,35 to 39,Minimal,NULL,NULL,0,0,1,0,0,0,0,1,0,1,0,0,0,12,1230,Clear,Daylight,-79.2522,43.7745
9002465950,16684,Pedestrian,15 to 19,Fatal,NULL,NULL,1,0,1,0,0,0,0,0,0,0,0,1,0,18,1834,Clear,"Dark, artificial",-79.2329,43.7821
9002465950,16685,Pedestrian,20 to 24,Major,NULL,NULL,1,0,1,0,0,0,0,0,0,0,0,1,0,18,1834,Clear,"Dark, artificial",-79.2329,43.7821
9002465950,16686,Pedestrian,15 to 19,Fatal,NULL,NULL,1,0,1,0,0,0,0,0,0,0,0,1,0,18,1834,Clear,"Dark, artificial",-79.2329,43.7821
9002465950,16687,Driver,40 to 44,Minimal,"Automobile, Station Wagon",Going Ahead,1,0,1,0,0,0,0,0,0,0,0,1,0,18,1834,Clear,"Dark, artificial",-79.2329,43.7821
8000743164,14901,Pedestrian,60 to 64,Major,NULL,NULL,1,0,1,0,0,0,0,0,0,1,0,0,0,24,2358,Rain,"Dark, artificial",-79.4477,43.6572
8000743389,14907,Driver,20 to 24,Major,"Automobile, Station Wagon",Going Ahead,0,0,1,0,0,1,0,1,1,1,0,0,0,1,105,Rain,"Dark, artificial",-79.5232,43.6981
8000743389,14908,Driver,50 to 54,None,Municipal Transit Bus (TTC),Turning Left,0,0,1,0,0,1,0,1,1,1,0,0,0,1,105,Rain,"Dark, artificial",-79.5232,43.6981
8000743389,14909,Passenger,unknown,Minor,NULL,NULL,0,0,1,0,0,1,0,1,1,1,0,0,0,1,105,Rain,"Dark, artificial",-79.5232,43.6981
8000743389,14911,Passenger,60 to 64,Minor,NULL,NULL,0,0,1,0,0,1,0,1,1,1,0,0,0,1,105,Rain,"Dark, artificial",-79.5232,43.6981
8000743389,14910,Passenger,20 to 24,Minor,NULL,NULL,0,0,1,0,0,1,0,1,1,1,0,0,0,1,105,Rain,"Dark, artificial",-79.5232,43.6981
8000912175,14314,Passenger,10 to 14,Major,NULL,NULL,0,0,1,0,0,0,0,1,1,1,0,0,0,23,2307,Clear,"Dark, artificial",-79.4385,43.7363
8000912175,14315,Passenger,10 to 14,Major,NULL,NULL,0,0,1,0,0,0,0,1,1,1,0,0,0,23,2307,Clear,"Dark, artificial",-79.4385,43.7363
8000912175,14311,Driver,40 to 44,Fatal,"Automobile, Station Wagon",Changing Lanes,0,0,1,0,0,0,0,1,1,1,0,0,0,23,2307,Clear,"Dark, artificial",-79.4385,43.7363
8000912175,14312,Driver,40 to 44,Minor,"Automobile, Station Wagon",Going Ahead,0,0,1,0,0,0,0,1,1,1,0,0,0,23,2307,Clear,"Dark, artificial",-79.4385,43.7363
8000912175,14313,Passenger,35 to 39,Major,NULL,NULL,0,0,1,0,0,0,0,1,1,1,0,0,0,23,2307,Clear,"Dark, artificial",-79.4385,43.7363
8000916945,14316,Passenger,20 to 24,Minor,NULL,NULL,0,0,1,0,0,0,0,1,1,1,0,0,0,20,2020,Clear,"Dark, artificial",-79.6155,43.755
8000916945,14317,Passenger,20 to 24,Minor,NULL,NULL,0,0,1,0,0,0,0,1,1,1,0,0,0,20,2020,Clear,"Dark, artificial",-79.6155,43.755
8000916945,14318,Passenger,40 to 44,Minor,NULL,NULL,0,0,1,0,0,0,0,1,1,1,0,0,0,20,2020,Clear,"Dark, artificial",-79.6155,43.755
8000916945,14319,Passenger,15 to 19,Minor,NULL,NULL,0,0,1,0,0,0,0,1,1,1,0,0,0,20,2020,Clear,"Dark, artificial",-79.6155,43.755
8000916945,14320,Passenger,15 to 19,Minimal,NULL,NULL,0,0,1,0,0,0,0,1,1,1,0,0,0,20,2020,Clear,"Dark, artificial",-79.6155,43.755
8000916945,14321,Driver,45 to 49,Minimal,"Automobile, Station Wagon",Stopped,0,0,1,0,0,0,0,1,1,1,0,0,0,20,2020,Clear,"Dark, artificial",-79.6155,43.755
8000916945,14322,Driver,25 to 29,Major,"Automobile, Station Wagon",Stopped,0,0,1,0,0,0,0,1,1,1,0,0,0,20,2020,Clear,"Dark, artificial",-79.6155,43.755
8000916945,14323,Driver,30 to 34,None,"Automobile, Station Wagon",Going Ahead,0,0,1,0,0,0,0,1,1,1,0,0,0,20,2020,Clear,"Dark, artificial",-79.6155,43.755
8000954337,14331,Driver,55 to 59,None,"Automobile, Station Wagon",Going Ahead,1,0,1,0,0,0,0,0,0,0,0,0,0,10,1010,Clear,Daylight,-79.425,43.68
8000954337,14332,Pedestrian,85 to 89,Major,NULL,NULL,1,0,1,0,0,0,0,0,0,0,0,0,0,10,1010,Clear,Daylight,-79.425,43.68
8001005899,14138,Driver,85 to 89,Major,"Automobile, Station Wagon",Going Ahead,0,0,1,0,0,0,0,0,0,0,0,0,1,17,1730,Clear,Daylight,-79.4095,43.7564
8001071783,14382,Driver,45 to 49,None,Municipal Transit Bus (TTC),Going Ahead,0,0,0,0,0,1,0,1,0,0,0,0,0,12,1241,Clear,Daylight,-79.3805,43.6782
8001071783,14383,Passenger,85 to 89,Major,NULL,NULL,0,0,0,0,0,1,0,1,0,0,0,0,0,12,1241,Clear,Daylight,-79.3805,43.6782
8001105642,14401,Driver,65 to 69,Major,Pick Up Truck,Stopped,0,0,1,0,0,0,0,0,0,0,0,0,1,8,844,Clear,Daylight,-79.5355,43.6422
8001105642,14402,Driver,30 to 34,None,Pick Up Truck,Going Ahead,0,0,1,0,0,0,0,0,0,0,0,0,1,8,844,Clear,Daylight,-79.5355,43.6422
8001139262,14423,Driver,25 to 29,Major,"Automobile, Station Wagon",Going Ahead,0,0,1,0,0,0,0,0,1,1,0,0,0,23,2314,Rain,"Dark, artificial",-79.3639,43.6544
8001139262,14424,Driver,40 to 44,None,"Automobile, Station Wagon",Going Ahead,0,0,1,0,0,0,0,0,1,1,0,0,0,23,2314,Rain,"Dark, artificial",-79.3639,43.6544
8001165906,14440,Driver,45 to 49,None,"Automobile, Station Wagon",Going Ahead,1,0,1,0,0,0,0,0,0,0,0,0,0,1,100,Clear,"Dark, artificial",-79.457,43.7246
8001165906,14441,Pedestrian,25 to 29,Major,NULL,NULL,1,0,1,0,0,0,0,0,0,0,0,0,0,1,100,Clear,"Dark, artificial",-79.457,43.7246
8001223082,14460,Driver,30 to 34,None,Delivery Van,Changing Lanes,1,0,1,0,0,0,0,0,0,0,0,0,0,8,830,Clear,Daylight,-79.52,43.7011
8001223082,14109,Driver,55 to 59,Minimal,"Automobile, Station Wagon",Going Ahead,1,0,1,0,0,0,0,0,0,0,0,0,0,8,830,Clear,Daylight,-79.52,43.7011
8001223082,14110,Pedestrian,30 to 34,Major,NULL,NULL,1,0,1,0,0,0,0,0,0,0,0,0,0,8,830,Clear,Daylight,-79.52,43.7011
8001223082,14120,Pedestrian,30 to 34,Major,NULL,NULL,1,0,1,0,0,0,0,0,0,0,0,0,0,8,830,Clear,Daylight,-79.52,43.7011
8001252744,14754,Pedestrian,25 to 29,Major,NULL,NULL,1,0,1,0,0,0,0,0,0,0,0,0,0,23,2302,Clear,"Dark, artificial",-79.2748,43.7494
8001252744,14665,Driver,50 to 54,None,"Automobile, Station Wagon",Going Ahead,1,0,1,0,0,0,0,0,0,0,0,0,0,23,2302,Clear,"Dark, artificial",-79.2748,43.7494
8001264786,14759,Driver,45 to 49,None,"Automobile, Station Wagon",Turning Left,0,0,1,1,0,0,0,0,0,1,0,0,0,17,1720,Clear,Daylight,-79.5794,43.6513
8001264786,14762,Motorcycle Driver,40 to 44,Major,Motorcycle,Going Ahead,0,0,1,1,0,0,0,0,0,1,0,0,0,17,1720,Clear,Daylight,-79.5794,43.6513
8001299322,14773,Cyclist,35 to 39,Major,Bicycle,Going Ahead,0,1,1,0,0,0,0,0,0,0,0,0,0,19,1928,Clear,Daylight,-79.3659,43.6593
8001299322,14774,Driver,55 to 59,None,"Automobile, Station Wagon",Going Ahead,0,1,1,0,0,0,0,0,0,0,0,0,0,19,1928,Clear,Daylight,-79.3659,43.6593
8001333226,14782,Passenger,70 to 74,Minor,NULL,NULL,0,0,1,0,0,0,0,1,0,0,0,0,0,15,1548,Clear,Daylight,-79.342,43.7321
8001333226,14783,Passenger,60 to 64,Major,NULL,NULL,0,0,1,0,0,0,0,1,0,0,0,0,0,15,1548,Clear,Daylight,-79.342,43.7321
8001333226,14784,Passenger,45 to 49,Minor,NULL,NULL,0,0,1,0,0,0,0,1,0,0,0,0,0,15,1548,Clear,Daylight,-79.342,43.7321
8001333226,14785,Passenger,10 to 14,Minor,NULL,NULL,0,0,1,0,0,0,0,1,0,0,0,0,0,15,1548,Clear,Daylight,-79.342,43.7321
8001333226,14786,Driver,40 to 44,None,"Automobile, Station Wagon",Turning Left,0,0,1,0,0,0,0,1,0,0,0,0,0,15,1548,Clear,Daylight,-79.342,43.7321
8001333226,14787,Driver,25 to 29,Minor,"Automobile, Station Wagon",Going Ahead,0,0,1,0,0,0,0,1,0,0,0,0,0,15,1548,Clear,Daylight,-79.342,43.7321
8001394045,14804,Driver,35 to 39,None,Delivery Van,Turning Left,1,0,1,0,0,0,0,0,0,0,0,0,0,14,1427,Clear,Daylight,-79.2827,43.7161
8001394045,14805,Pedestrian,65 to 69,Fatal,NULL,NULL,1,0,1,0,0,0,0,0,0,0,0,0,0,14,1427,Clear,Daylight,-79.2827,43.7161
8001453091,14830,Driver,45 to 49,None,Fire Vehicle,Going Ahead,1,0,0,0,0,0,1,1,0,0,0,0,0,2,244,Rain,"Dark, artificial",-79.4107,43.6457
8001453091,14831,Passenger,50 to 54,None,NULL,NULL,1,0,0,0,0,0,1,1,0,0,0,0,0,2,244,Rain,"Dark, artificial",-79.4107,43.6457
8001453091,14832,Passenger,45 to 49,None,NULL,NULL,1,0,0,0,0,0,1,1,0,0,0,0,0,2,244,Rain,"Dark, artificial",-79.4107,43.6457
8001453091,14833,Pedestrian,30 to 34,Major,NULL,NULL,1,0,0,0,0,0,1,1,0,0,0,0,0,2,244,Rain,"Dark, artificial",-79.4107,43.6457
8001522708,14028,Driver,25 to 29,None,"Automobile, Station Wagon",Going Ahead,1,0,1,0,0,0,0,1,0,0,0,0,0,2,223,Clear,"Dark, artificial",-79.3402,43.6425
8001522708,14029,Passenger,20 to 24,None,NULL,NULL,1,0,1,0,0,0,0,1,0,0,0,0,0,2,223,Clear,"Dark, artificial",-79.3402,43.6425
8001522708,14030,Pedestrian,20 to 24,Major,NULL,NULL,1,0,1,0,0,0,0,1,0,0,0,0,0,2,223,Clear,"Dark, artificial",-79.3402,43.6425
8001529236,14031,Driver,30 to 34,None,"Automobile, Station Wagon",Making U Turn,0,0,1,0,0,0,0,1,0,0,0,0,0,5,459,Clear,"Dark, artificial",-79.3181,43.6844
8001529236,14032,Driver,35 to 39,Minor,"Automobile, Station Wagon",Going Ahead,0,0,1,0,0,0,0,1,0,0,0,0,0,5,459,Clear,"Dark, artificial",-79.3181,43.6844
8001529236,14033,Passenger,25 to 29,None,NULL,NULL,0,0,1,0,0,0,0,1,0,0,0,0,0,5,459,Clear,"Dark, artificial",-79.3181,43.6844
8001529236,14034,Passenger,30 to 34,Minor,NULL,NULL,0,0,1,0,0,0,0,1,0,0,0,0,0,5,459,Clear,"Dark, artificial",-79.3181,43.6844
8001529236,14035,Passenger,20 to 24,Minor,NULL,NULL,0,0,1,0,0,0,0,1,0,0,0,0,0,5,459,Clear,"Dark, artificial",-79.3181,43.6844
8001529236,14036,Passenger,25 to 29,Major,NULL,NULL,0,0,1,0,0,0,0,1,0,0,0,0,0,5,459,Clear,"Dark, artificial",-79.3181,43.6844
8001547811,14050,Driver,30 to 34,None,"Automobile, Station Wagon",Making U Turn,0,0,1,0,0,0,0,1,0,0,0,0,0,23,2300,Clear,"Dark, artificial",-79.4026,43.6668
8001547811,14051,Driver,30 to 34,Major,"Automobile, Station Wagon",Going Ahead,0,0,1,0,0,0,0,1,0,0,0,0,0,23,2300,Clear,"Dark, artificial",-79.4026,43.6668
8001547811,14052,Passenger,25 to 29,None,NULL,NULL,0,0,1,0,0,0,0,1,0,0,0,0,0,23,2300,Clear,"Dark, artificial",-79.4026,43.6668
8001595420,14080,Driver,20 to 24,Major,"Automobile, Station Wagon",Going Ahead,0,0,1,0,0,0,0,1,1,1,0,0,0,1,115,Clear,"Dark, artificial",-79.2922,43.713
8001595420,14081,Passenger,20 to 24,Major,NULL,NULL,0,0,1,0,0,0,0,1,1,1,0,0,0,1,115,Clear,"Dark, artificial",-79.2922,43.713
8001732179,14717,Motorcycle Driver,40 to 44,Fatal,Motorcycle,Going Ahead,0,0,1,1,0,0,0,0,1,1,0,0,0,19,1850,Clear,Daylight,-79.472,43.6831
8001732179,14718,Driver,50 to 54,None,"Automobile, Station Wagon",Turning Left,0,0,1,1,0,0,0,0,1,1,0,0,0,19,1850,Clear,Daylight,-79.472,43.6831
8001744519,14720,Pedestrian,90 to 94,Fatal,NULL,NULL,1,0,1,0,0,0,0,0,0,0,0,0,0,16,1600,Clear,Daylight,-79.4517,43.7006
8001744519,14721,Driver,55 to 59,None,"Automobile, Station Wagon",Going Ahead,1,0,1,0,0,0,0,0,0,0,0,0,0,16,1600,Clear,Daylight,-79.4517,43.7006
8001771158,14736,Driver,unknown,None,"Automobile, Station Wagon",Going Ahead,0,1,1,0,0,0,0,0,0,1,0,0,0,14,1430,Clear,Daylight,-79.3773,43.6477
8001771158,14737,Cyclist,20 to 24,Major,Bicycle,Slowing or Stopping,0,1,1,0,0,0,0,0,0,1,0,0,0,14,1430,Clear,Daylight,-79.3773,43.6477
8001780907,14747,Driver,unknown,None,Passenger Van,Going Ahead,1,0,1,0,0,0,0,0,0,1,1,0,0,7,709,Clear,Daylight,-79.247,43.7195
8001780907,14746,Pedestrian,60 to 64,Fatal,NULL,NULL,1,0,1,0,0,0,0,0,0,1,1,0,0,7,709,Clear,Daylight,-79.247,43.7195
8001794335,15123,Driver,unknown,None,Delivery Van,Going Ahead,1,0,1,0,0,0,0,0,0,0,0,0,0,8,806,Clear,Daylight,-79.2738,43.7307
8001794335,15133,Pedestrian,25 to 29,Major,NULL,NULL,1,0,1,0,0,0,0,0,0,0,0,0,0,8,806,Clear,Daylight,-79.2738,43.7307
8001801273,15459,Pedestrian,80 to 84,Major,NULL,NULL,1,0,1,0,0,0,0,0,0,1,0,0,0,8,820,Clear,Daylight,-79.3221,43.7734
8001801273,15453,Driver,unknown,None,"Automobile, Station Wagon",Unknown,1,0,1,0,0,0,0,0,0,1,0,0,0,8,820,Clear,Daylight,-79.3221,43.7734
8001846413,15596,Driver,70 to 74,None,"Automobile, Station Wagon",Going Ahead,1,0,1,0,0,0,0,0,0,0,0,0,0,6,635,Rain,"Dawn, artificial",-79.2904,43.6964
8001846413,15597,Pedestrian,25 to 29,Major,NULL,NULL,1,0,1,0,0,0,0,0,0,0,0,0,0,6,635,Rain,"Dawn, artificial",-79.2904,43.6964
8001849626,15599,Motorcycle Driver,15 to 19,Major,Motorcycle,Going Ahead,0,0,1,1,0,0,0,1,1,1,0,0,0,19,1850,Clear,Daylight,-79.1947,43.7619
8001849626,15600,Driver,30 to 34,None,Pick Up Truck,Turning Left,0,0,1,1,0,0,0,1,1,1,0,0,0,19,1850,Clear,Daylight,-79.1947,43.7619
8001849626,15601,Motorcycle Passenger,15 to 19,Major,NULL,NULL,0,0,1,1,0,0,0,1,1,1,0,0,0,19,1850,Clear,Daylight,-79.1947,43.7619
9002413473,16668,Driver,55 to 59,Minimal,"Automobile, Station Wagon",Going Ahead,0,0,1,0,0,0,0,1,1,1,0,0,0,3,309,Clear,Dark,-79.3892,43.706
9002413473,16669,Passenger,30 to 34,Major,NULL,NULL,0,0,1,0,0,0,0,1,1,1,0,0,0,3,309,Clear,Dark,-79.3892,43.706
9002471073,16690,Driver,65 to 69,Major,"Automobile, Station Wagon",Making U Turn,0,0,1,0,0,0,0,1,0,1,0,0,0,14,1415,Clear,Daylight,-79.517,43.6603
9002471073,16691,Driver,55 to 59,Minimal,"Automobile, Station Wagon",Going Ahead,0,0,1,0,0,0,0,1,0,1,0,0,0,14,1415,Clear,Daylight,-79.517,43.6603
9002471073,16692,Passenger,15 to 19,Minor,NULL,NULL,0,0,1,0,0,0,0,1,0,1,0,0,0,14,1415,Clear,Daylight,-79.517,43.6603
9000588881,15728,Pedestrian,20 to 24,Major,NULL,NULL,1,0,1,0,0,0,0,0,1,1,0,0,0,23,2343,Clear,"Dark, artificial",-79.2514,43.772
9000638923,15741,Driver,20 to 24,None,"Automobile, Station Wagon",Going Ahead,1,0,1,0,0,0,0,0,0,1,0,0,0,11,1132,Clear,Daylight,-79.394,43.688
9000638923,15742,Pedestrian,45 to 49,Major,NULL,NULL,1,0,1,0,0,0,0,0,0,1,0,0,0,11,1132,Clear,Daylight,-79.394,43.688
9000671452,15135,Pedestrian,20 to 24,Major,NULL,NULL,1,0,1,0,0,0,0,0,0,0,0,0,0,2,151,Clear,"Dark, artificial",-79.4,43.6579
9000671452,15124,Driver,25 to 29,None,"Automobile, Station Wagon",Going Ahead,1,0,1,0,0,0,0,0,0,0,0,0,0,2,151,Clear,"Dark, artificial",-79.4,43.6579
9000824432,15293,Driver,25 to 29,Major,"Automobile, Station Wagon",Going Ahead,0,0,1,0,0,0,0,1,1,1,0,0,0,2,211,Clear,"Dark, artificial",-79.305,43.667
9000824432,15294,Passenger,20 to 24,Minor,NULL,NULL,0,0,1,0,0,0,0,1,1,1,0,0,0,2,211,Clear,"Dark, artificial",-79.305,43.667
9000912450,15308,Driver,25 to 29,None,"Automobile, Station Wagon",Turning Left,1,0,1,0,0,0,0,0,0,1,0,0,0,12,1154,Clear,Daylight,-79.4359,43.6371