ACCNUM,ObjectId,INVTYPE,INVAGE,INJURY,VEHTYPE,MANOEUVER,PEDESTRIAN,CYCLIST,AUTOMOBILE,MOTORCYCLE,TRUCK,TRSN_CITY_VEH,EMERG_VEH,PASSENGER,SPEEDING,AG_DRIV,REDLIGHT,ALCOHOL,DISABILITY,HOUR,TIME,VISIBILITY,LIGHT,collision_lat,collision_long
9000912450,15309,Driver,65 to 69,None,"Automobile, Station Wagon",Going Ahead,1,0,1,0,0,0,0,0,0,1,0,0,0,12,1154,Clear,Daylight,-79.4359,43.6371
9000912450,15310,Pedestrian,55 to 59,Major,NULL,NULL,1,0,1,0,0,0,0,0,0,1,0,0,0,12,1154,Clear,Daylight,-79.4359,43.6371
9000946918,15324,Driver,50 to 54,None,"Automobile, Station Wagon",Turning Right,0,1,1,0,0,0,0,0,0,1,0,0,0,11,1100,Clear,Daylight,-79.3589,43.6551
9000946918,15325,Cyclist,55 to 59,Major,Bicycle,Going Ahead,0,1,1,0,0,0,0,0,0,1,0,0,0,11,1100,Clear,Daylight,-79.3589,43.6551
9001113942,15945,Cyclist,50 to 54,Major,Bicycle,Going Ahead,0,1,1,0,0,0,0,0,0,0,0,0,0,17,1710,Clear,Daylight,-79.5188,43.6169
9001113942,15946,Driver,70 to 74,None,"Automobile, Station Wagon",Going Ahead,0,1,1,0,0,0,0,0,0,0,0,0,0,17,1710,Clear,Daylight,-79.5188,43.6169
9001234628,16000,Driver,45 to 49,Minimal,"Automobile, Station Wagon",Going Ahead,1,0,1,0,0,0,0,0,0,0,0,0,0,9,920,Clear,Daylight,-79.478,43.7085
9001234628,15107,Pedestrian,50 to 54,Major,NULL,NULL,1,0,1,0,0,0,0,0,0,0,0,0,0,9,920,Clear,Daylight,-79.478,43.7085
9001419121,15529,Driver,25 to 29,None,"Automobile, Station Wagon",Turning Left,1,0,1,0,0,0,0,0,0,1,0,0,0,11,1054,Clear,Daylight,-79.5717,43.7599
9001419121,15530,Pedestrian,70 to 74,Fatal,NULL,NULL,1,0,1,0,0,0,0,0,0,1,0,0,0,11,1054,Clear,Daylight,-79.5717,43.7599
9001478077,15361,Driver,40 to 44,None,"Automobile, Station Wagon",Turning Left,0,0,1,1,0,0,0,0,0,1,0,0,0,16,1648,Clear,Daylight,-79.376,43.8076
9001478077,15362,Motorcycle Driver,25 to 29,Fatal,Motorcycle,Going Ahead,0,0,1,1,0,0,0,0,0,1,0,0,0,16,1648,Clear,Daylight,-79.376,43.8076
9001504654,15365,Pedestrian,65 to 69,Fatal,NULL,NULL,1,0,1,0,0,0,0,0,0,0,0,0,0,9,945,Clear,Daylight,-79.4132,43.7801
9001504654,15366,Driver,35 to 39,None,"Automobile, Station Wagon",Going Ahead,1,0,1,0,0,0,0,0,0,0,0,0,0,9,945,Clear,Daylight,-79.4132,43.7801
9001602169,15416,Driver,50 to 54,Major,"Automobile, Station Wagon",Going Ahead,0,0,1,1,0,0,0,0,0,1,0,0,0,18,1823,Clear,Dusk,-79.3148,43.6622
9001602169,15417,Motorcycle Driver,50 to 54,Major,Motorcycle,Slowing or Stopping,0,0,1,1,0,0,0,0,0,1,0,0,0,18,1823,Clear,Dusk,-79.3148,43.6622
9001631104,15429,Motorcycle Driver,45 to 49,Major,Motorcycle,Going Ahead,0,0,0,1,0,0,0,0,0,1,0,0,0,20,2046,Clear,Dark,-79.1567,43.8134
9001689966,15134,Cyclist,10 to 14,Major,Bicycle,Going Ahead,0,1,1,0,0,0,0,0,0,1,0,0,0,8,800,Clear,Daylight,-79.3074,43.7361
9001689966,15121,Driver,55 to 59,Minimal,Pick Up Truck,Turning Right,0,1,1,0,0,0,0,0,0,1,0,0,0,8,800,Clear,Daylight,-79.3074,43.7361
9001835582,15886,Pedestrian,15 to 19,Fatal,NULL,NULL,1,0,1,0,0,0,0,0,0,0,0,0,0,20,2019,Clear,Dusk,-79.2142,43.7572
9001835582,15887,Driver,20 to 24,None,"Automobile, Station Wagon",Going Ahead,1,0,1,0,0,0,0,0,0,0,0,0,0,20,2019,Clear,Dusk,-79.2142,43.7572
9001843126,15890,Pedestrian,65 to 69,Fatal,NULL,NULL,1,0,1,0,0,0,0,0,0,0,0,0,0,20,2046,Clear,"Dark, artificial",-79.2822,43.6924
9001843126,15891,Driver,40 to 44,None,"Automobile, Station Wagon",Going Ahead,1,0,1,0,0,0,0,0,0,0,0,0,0,20,2046,Clear,"Dark, artificial",-79.2822,43.6924
9001872287,15900,Passenger,40 to 44,None,"Automobile, Station Wagon",NULL,0,0,1,0,0,0,0,1,0,1,1,0,0,20,2015,Clear,"Dark, artificial",-79.2613,43.7164
9001872287,15901,Driver,65 to 69,Fatal,"Automobile, Station Wagon",Going Ahead,0,0,1,0,0,0,0,1,0,1,1,0,0,20,2015,Clear,"Dark, artificial",-79.2613,43.7164
9001872287,15902,Passenger,60 to 64,Minor,"Automobile, Station Wagon",NULL,0,0,1,0,0,0,0,1,0,1,1,0,0,20,2015,Clear,"Dark, artificial",-79.2613,43.7164
9001872287,15903,Driver,35 to 39,None,"Automobile, Station Wagon",Going Ahead,0,0,1,0,0,0,0,1,0,1,1,0,0,20,2015,Clear,"Dark, artificial",-79.2613,43.7164
9001872287,15904,Passenger,5 to 9,Minor,"Automobile, Station Wagon",NULL,0,0,1,0,0,0,0,1,0,1,1,0,0,20,2015,Clear,"Dark, artificial",-79.2613,43.7164
9001959528,16123,Pedestrian,80 to 84,Major,NULL,NULL,1,0,1,0,0,0,0,0,0,0,0,0,0,19,1918,Clear,Daylight,-79.3683,43.7914
9001959528,16119,Driver,65 to 69,None,"Automobile, Station Wagon",Going Ahead,1,0,1,0,0,0,0,0,0,0,0,0,0,19,1918,Clear,Daylight,-79.3683,43.7914
9001960766,16131,Motorcycle Driver,40 to 44,Major,Motorcycle,Going Ahead,0,0,1,1,0,0,0,0,0,0,0,0,0,23,2259,Clear,"Dark, artificial",-79.5248,43.6212
9001960766,16126,Driver,40 to 44,None,"Automobile, Station Wagon",Changing Lanes,0,0,1,1,0,0,0,0,0,0,0,0,0,23,2259,Clear,"Dark, artificial",-79.5248,43.6212
9001963574,16152,Pedestrian,10 to 14,Major,NULL,NULL,1,0,1,0,0,0,0,0,0,0,0,0,0,11,1100,Clear,Daylight,-79.2832,43.6833
9001963574,16143,Driver,20 to 24,None,"Automobile, Station Wagon",Going Ahead,1,0,1,0,0,0,0,0,0,0,0,0,0,11,1100,Clear,Daylight,-79.2832,43.6833
9001966767,16289,Driver,45 to 49,None,"Automobile, Station Wagon",Going Ahead,1,0,1,0,0,0,0,0,0,0,0,0,0,19,1900,Clear,"Dusk, artificial",-79.3845,43.6649
9001966767,16290,Pedestrian,40 to 44,Major,NULL,NULL,1,0,1,0,0,0,0,0,0,0,0,0,0,19,1900,Clear,"Dusk, artificial",-79.3845,43.6649
9001971045,16291,Driver,55 to 59,None,"Automobile, Station Wagon",Turning Left,1,0,1,0,0,0,0,0,0,1,0,0,0,12,1215,Clear,Daylight,-79.4647,43.6783
9001971045,16292,Pedestrian,0 to 4,Major,NULL,NULL,1,0,1,0,0,0,0,0,0,1,0,0,0,12,1215,Clear,Daylight,-79.4647,43.6783
9001987118,16298,Driver,10 to 14,None,"Automobile, Station Wagon",Going Ahead,0,0,1,0,1,1,0,1,1,1,0,0,0,4,442,Clear,"Dark, artificial",-79.4668,43.7687
9001987118,16299,Truck Driver,30 to 34,None,"Truck - Closed (Blazer, etc)",Turning Left,0,0,1,0,1,1,0,1,1,1,0,0,0,4,442,Clear,"Dark, artificial",-79.4668,43.7687
9001987118,16300,Driver,35 to 39,None,Municipal Transit Bus (TTC),Going Ahead,0,0,1,0,1,1,0,1,1,1,0,0,0,4,442,Clear,"Dark, artificial",-79.4668,43.7687
9001987118,16301,Passenger,10 to 14,Major,NULL,NULL,0,0,1,0,1,1,0,1,1,1,0,0,0,4,442,Clear,"Dark, artificial",-79.4668,43.7687
9002330341,16633,Driver,55 to 59,None,"Automobile, Station Wagon",Turning Left,1,0,1,0,0,0,0,0,0,1,0,0,0,10,1030,Clear,Daylight,-79.243,43.8128
9002330341,16634,Pedestrian,70 to 74,Major,NULL,NULL,1,0,1,0,0,0,0,0,0,1,0,0,0,10,1030,Clear,Daylight,-79.243,43.8128
9002403050,16666,Pedestrian,75 to 79,Fatal,NULL,NULL,1,0,1,0,0,0,0,0,0,0,0,0,0,1,129,NULL,Dark,-79.25,43.7544
9002404959,16657,Driver,65 to 69,None,"Automobile, Station Wagon",Turning Left,1,0,1,0,0,0,0,0,0,1,0,0,0,20,2041,Clear,"Dark, artificial",-79.4864,43.7447
9002404959,16658,Pedestrian,50 to 54,Major,NULL,NULL,1,0,1,0,0,0,0,0,0,1,0,0,0,20,2041,Clear,"Dark, artificial",-79.4864,43.7447
9002410938,16663,Pedestrian,55 to 59,Major,NULL,NULL,1,0,0,0,0,0,0,0,0,0,0,0,0,18,1815,Rain,"Dark, artificial",-79.285,43.7712
9002410938,16664,Driver,unknown,None,NULL,Going Ahead,1,0,0,0,0,0,0,0,0,0,0,0,0,18,1815,Rain,"Dark, artificial",-79.285,43.7712
9002463440,16682,Driver,50 to 54,None,Street Car,Going Ahead,1,0,0,0,0,1,0,0,0,0,0,0,0,11,1055,Clear,"Daylight, artificial",-79.4344,43.6409
9002463440,16683,Pedestrian,80 to 84,Major,NULL,NULL,1,0,0,0,0,1,0,0,0,0,0,0,0,11,1055,Clear,"Daylight, artificial",-79.4344,43.6409
8001961813,15645,Driver,45 to 49,Major,"Automobile, Station Wagon",Going Ahead,0,0,1,0,0,0,0,0,1,1,0,0,0,10,1026,Clear,Daylight,-79.3237,43.7407
8001972538,15651,Driver,unknown,None,NULL,Unknown,1,0,0,0,0,0,0,0,0,0,0,0,0,20,2020,Clear,"Dark, artificial",-79.4014,43.7816
8001972538,15652,Pedestrian,65 to 69,Major,NULL,NULL,1,0,0,0,0,0,0,0,0,0,0,0,0,20,2020,Clear,"Dark, artificial",-79.4014,43.7816
8002001180,15660,Cyclist,80 to 84,Major,Bicycle,Turning Right,0,1,1,0,0,0,0,0,0,0,0,0,0,10,1037,Clear,Daylight,-79.3243,43.8195
8002001180,15661,Driver,45 to 49,None,"Automobile, Station Wagon",Turning Right,0,1,1,0,0,0,0,0,0,0,0,0,0,10,1037,Clear,Daylight,-79.3243,43.8195
8002043584,15753,Driver,70 to 74,None,"Automobile, Station Wagon",Going Ahead,1,0,1,0,0,0,0,0,0,0,0,0,0,19,1855,Clear,"Dark, artificial",-79.4524,43.7037
8002043584,15757,Pedestrian,65 to 69,Major,NULL,NULL,1,0,1,0,0,0,0,0,0,0,0,0,0,19,1855,Clear,"Dark, artificial",-79.4524,43.7037
8002098708,15782,Truck Driver,45 to 49,None,"Truck - Closed (Blazer, etc)",Turning Right,1,0,0,0,1,0,0,0,0,1,0,0,0,11,1107,Clear,Daylight,-79.3574,43.7534
8002098708,15783,Pedestrian,45 to 49,Major,NULL,NULL,1,0,0,0,1,0,0,0,0,1,0,0,0,11,1107,Clear,Daylight,-79.3574,43.7534
8002111291,15784,Driver,25 to 29,None,Pick Up Truck,Turning Left,1,0,1,0,0,0,0,0,0,0,0,0,0,10,1011,Snow,Daylight,-79.4336,43.7201
8002111291,15785,Pedestrian,25 to 29,Major,NULL,NULL,1,0,1,0,0,0,0,0,0,0,0,0,0,10,1011,Snow,Daylight,-79.4336,43.7201
8002139374,15805,Driver,50 to 54,Minor,Municipal Transit Bus (TTC),Turning Left,1,0,0,0,0,1,0,0,0,0,0,0,0,18,1804,Clear,"Dark, artificial",-79.4449,43.7158
8002139374,15806,Pedestrian,55 to 59,Fatal,NULL,NULL,1,0,0,0,0,1,0,0,0,0,0,0,0,18,1804,Clear,"Dark, artificial",-79.4449,43.7158
8002257421,15039,Driver,25 to 29,Major,"Automobile, Station Wagon",Going Ahead,0,0,1,0,0,0,0,0,0,0,0,0,0,0,49,Clear,"Dark, artificial",-79.5811,43.6508
8002343129,15080,Pedestrian,25 to 29,Major,NULL,NULL,1,0,1,0,0,0,0,0,0,0,0,0,0,15,1514,Clear,Daylight,-79.3947,43.649
8002343129,15079,Driver,35 to 39,None,"Automobile, Station Wagon",Going Ahead,1,0,1,0,0,0,0,0,0,0,0,0,0,15,1514,Clear,Daylight,-79.3947,43.649
8002359893,15086,Driver,50 to 54,Major,"Automobile, Station Wagon",Going Ahead,0,0,1,0,0,0,1,1,1,1,0,0,0,21,2130,Clear,"Dark, artificial",-79.3198,43.6958
8002359893,15087,Driver,30 to 34,None,Police Vehicle,Going Ahead,0,0,1,0,0,0,1,1,1,1,0,0,0,21,2130,Clear,"Dark, artificial",-79.3198,43.6958
8002359893,15088,Other,unknown,None,Pick Up Truck,Parked,0,0,1,0,0,0,1,1,1,1,0,0,0,21,2130,Clear,"Dark, artificial",-79.3198,43.6958
8002359893,15092,Other,40 to 44,None,NULL,NULL,0,0,1,0,0,0,1,1,1,1,0,0,0,21,2130,Clear,"Dark, artificial",-79.3198,43.6958
8002359893,15089,Passenger,80 to 84,Minor,NULL,NULL,0,0,1,0,0,0,1,1,1,1,0,0,0,21,2130,Clear,"Dark, artificial",-79.3198,43.6958
8002359893,15091,Passenger,55 to 59,Minor,NULL,NULL,0,0,1,0,0,0,1,1,1,1,0,0,0,21,2130,Clear,"Dark, artificial",-79.3198,43.6958
8002359893,15090,Passenger,75 to 79,Minor,NULL,NULL,0,0,1,0,0,0,1,1,1,1,0,0,0,21,2130,Clear,"Dark, artificial",-79.3198,43.6958
9000008532,15100,Passenger,50 to 54,Fatal,NULL,NULL,0,0,1,0,0,0,0,1,0,1,0,0,0,14,1405,Clear,Daylight,-79.6017,43.7441
9000008532,15101,Driver,unknown,None,"Automobile, Station Wagon",Going Ahead,0,0,1,0,0,0,0,1,0,1,0,0,0,14,1405,Clear,Daylight,-79.6017,43.7441
9000067447,15151,Driver,50 to 54,None,"Automobile, Station Wagon",Going Ahead,1,0,1,0,0,0,0,0,0,0,0,0,0,18,1836,Clear,"Dark, artificial",-79.1882,43.7865
9000067447,15152,Pedestrian,20 to 24,Major,NULL,NULL,1,0,1,0,0,0,0,0,0,0,0,0,0,18,1836,Clear,"Dark, artificial",-79.1882,43.7865
9000128132,15176,Driver,50 to 54,None,"Automobile, Station Wagon",Going Ahead,1,0,1,0,0,0,0,0,0,1,1,0,0,11,1125,Clear,Daylight,-79.3796,43.6472
9000128132,15177,Pedestrian,65 to 69,Major,NULL,NULL,1,0,1,0,0,0,0,0,0,1,1,0,0,11,1125,Clear,Daylight,-79.3796,43.6472
9000160108,15180,Driver,55 to 59,Major,"Automobile, Station Wagon",Turning Left,0,0,1,0,0,0,0,0,0,0,0,1,0,2,230,Clear,"Dark, artificial",-79.2672,43.8095
9000219394,15196,Truck Driver,35 to 39,None,"Truck - Closed (Blazer, etc)",Turning Left,1,0,0,0,1,0,0,1,0,1,0,0,0,9,854,Clear,Daylight,-79.4804,43.6501
9000219394,15197,Passenger,15 to 19,None,NULL,NULL,1,0,0,0,1,0,0,1,0,1,0,0,0,9,854,Clear,Daylight,-79.4804,43.6501
9000219394,15198,Pedestrian,60 to 64,Major,NULL,NULL,1,0,0,0,1,0,0,1,0,1,0,0,0,9,854,Clear,Daylight,-79.4804,43.6501
9000357586,15226,Driver,60 to 64,None,"Automobile, Station Wagon",Going Ahead,1,0,1,0,0,0,0,0,0,0,0,0,0,19,1949,Other,Dark,-79.5623,43.7476
9000357586,15227,Pedestrian,80 to 84,Fatal,NULL,NULL,1,0,1,0,0,0,0,0,0,0,0,0,0,19,1949,Other,Dark,-79.5623,43.7476
9000490113,15690,Driver,30 to 34,None,Pick Up Truck,Turning Right,1,0,1,0,0,0,0,0,0,1,0,0,0,9,914,Clear,Daylight,-79.3401,43.6798
9000490113,15691,Pedestrian,50 to 54,Major,NULL,NULL,1,0,1,0,0,0,0,0,0,1,0,0,0,9,914,Clear,Daylight,-79.3401,43.6798
9000507586,15700,Driver,35 to 39,None,"Automobile, Station Wagon",Making U Turn,0,0,1,0,0,0,0,1,0,0,0,0,0,18,1822,Clear,Daylight,-79.3934,43.6687
9000507586,15701,Driver,50 to 54,Major,"Automobile, Station Wagon",Going Ahead,0,0,1,0,0,0,0,1,0,0,0,0,0,18,1822,Clear,Daylight,-79.3934,43.6687
9000507586,15702,Passenger,20 to 24,None,NULL,NULL,0,0,1,0,0,0,0,1,0,0,0,0,0,18,1822,Clear,Daylight,-79.3934,43.6687
9000625223,15736,Driver,25 to 29,Major,"Automobile, Station Wagon",Going Ahead,0,0,1,0,0,0,0,0,0,0,0,0,0,11,1113,Clear,Daylight,-79.5659,43.6421
9000637791,15739,Driver,20 to 24,None,"Automobile, Station Wagon",Going Ahead,1,0,1,0,0,0,0,0,0,0,0,0,0,9,853,Clear,Daylight,-79.4992,43.6858
9000637791,15740,Pedestrian,10 to 14,Major,NULL,NULL,1,0,1,0,0,0,0,0,0,0,0,0,0,9,853,Clear,Daylight,-79.4992,43.6858
9000814604,15288,Driver,45 to 49,None,"Automobile, Station Wagon",Turning Left,0,0,1,1,0,0,0,0,0,1,0,0,0,16,1630,Clear,Daylight,-79.6104,43.7496
9000814604,15289,Motorcycle Driver,50 to 54,Major,Motorcycle,Going Ahead,0,0,1,1,0,0,0,0,0,1,0,0,0,16,1630,Clear,Daylight,-79.6104,43.7496
9000885812,15304,Driver,25 to 29,None,"Automobile, Station Wagon",Turning Left,0,1,1,0,0,0,0,0,0,1,0,0,0,16,1559,Clear,Daylight,-79.4628,43.6634
9000885812,15305,Cyclist,40 to 44,Major,Bicycle,Going Ahead,0,1,1,0,0,0,0,0,0,1,0,0,0,16,1559,Clear,Daylight,-79.4628,43.6634
9000925412,15313,Driver,75 to 79,None,"Automobile, Station Wagon",Turning Left,1,0,1,0,0,0,0,0,0,1,0,0,0,11,1143,Clear,Daylight,-79.4162,43.6446
9000925412,15314,Pedestrian,80 to 84,Major,NULL,NULL,1,0,1,0,0,0,0,0,0,1,0,0,0,11,1143,Clear,Daylight,-79.4162,43.6446
9000931177,15315,Motorcycle Driver,20 to 24,Major,Motorcycle,Going Ahead,0,0,1,1,0,0,0,0,0,1,1,0,0,7,724,Clear,Daylight,-79.2965,43.8011
9000931177,15316,Driver,35 to 39,None,"Automobile, Station Wagon",Going Ahead,0,0,1,1,0,0,0,0,0,1,1,0,0,7,724,Clear,Daylight,-79.2965,43.8011
9001020911,15466,Driver,45 to 49,None,"Automobile, Station Wagon",Going Ahead,1,0,1,0,0,0,0,1,0,0,0,0,0,16,1624,Clear,Daylight,-79.3833,43.806
9001020911,15566,Passenger,10 to 14,None,NULL,NULL,1,0,1,0,0,0,0,1,0,0,0,0,0,16,1624,Clear,Daylight,-79.3833,43.806
9001020911,15570,Passenger,5 to 9,None,NULL,NULL,1,0,1,0,0,0,0,1,0,0,0,0,0,16,1624,Clear,Daylight,-79.3833,43.806
9001020911,15575,Pedestrian,45 to 49,Major,NULL,NULL,1,0,1,0,0,0,0,1,0,0,0,0,0,16,1624,Clear,Daylight,-79.3833,43.806
9001196370,15984,Driver,40 to 44,None,Pick Up Truck,Turning Left,1,0,1,0,0,0,0,0,0,1,0,0,0,19,1850,Clear,Daylight,-79.5085,43.5999
9001196370,15985,Pedestrian,80 to 84,Major,NULL,NULL,1,0,1,0,0,0,0,0,0,1,0,0,0,19,1850,Clear,Daylight,-79.5085,43.5999
9001201240,15986,Cyclist,60 to 64,Major,Bicycle,Turning Left,0,1,1,0,0,0,0,1,0,0,0,0,0,12,1222,Clear,Daylight,-79.3647,43.6529
9001201240,15987,Driver,25 to 29,None,"Automobile, Station Wagon",Going Ahead,0,1,1,0,0,0,0,1,0,0,0,0,0,12,1222,Clear,Daylight,-79.3647,43.6529
9001201240,15988,Passenger,25 to 29,None,NULL,NULL,0,1,1,0,0,0,0,1,0,0,0,0,0,12,1222,Clear,Daylight,-79.3647,43.6529
9001201240,15989,Passenger,25 to 29,None,NULL,NULL,0,1,1,0,0,0,0,1,0,0,0,0,0,12,1222,Clear,Daylight,-79.3647,43.6529
9001270000,15467,Passenger,30 to 34,None,NULL,NULL,1,0,1,0,0,0,0,1,0,0,0,0,0,3,251,Clear,"Dark, artificial",-79.4576,43.6482
9001270000,15468,Pedestrian,40 to 44,Major,NULL,NULL,1,0,1,0,0,0,0,1,0,0,0,0,0,3,251,Clear,"Dark, artificial",-79.4576,43.6482
9001270000,15461,Driver,45 to 49,None,"Automobile, Station Wagon",Going Ahead,1,0,1,0,0,0,0,1,0,0,0,0,0,3,251,Clear,"Dark, artificial",-79.4576,43.6482
9001359659,15497,Driver,35 to 39,None,"Automobile, Station Wagon",Going Ahead,0,1,1,0,0,0,0,0,0,0,0,0,0,1,135,Clear,"Dark, artificial",-79.3883,43.6698
9001359659,15498,Cyclist,40 to 44,Major,Bicycle,Merging,0,1,1,0,0,0,0,0,0,0,0,0,0,1,135,Clear,"Dark, artificial",-79.3883,43.6698
9001526087,15373,Driver,20 to 24,None,Delivery Van,Turning Right,0,1,1,0,0,0,0,0,0,1,0,0,0,10,1044,Clear,Daylight,-79.3862,43.65
9001526087,15374,Cyclist,45 to 49,Major,Bicycle,Going Ahead,0,1,1,0,0,0,0,0,0,1,0,0,0,10,1044,Clear,Daylight,-79.3862,43.65
9001534741,15375,Motorcycle Driver,40 to 44,Fatal,Motorcycle,Going Ahead,0,0,1,1,0,0,0,0,0,1,0,0,0,13,1329,Clear,Daylight,-79.2751,43.8309
9001534741,15376,Driver,35 to 39,None,"Automobile, Station Wagon",Turning Left,0,0,1,1,0,0,0,0,0,1,0,0,0,13,1329,Clear,Daylight,-79.2751,43.8309
9001661234,15430,Pedestrian,30 to 34,Fatal,NULL,Going Ahead,1,0,1,0,0,0,0,0,0,0,0,0,0,20,2023,Clear,Dark,-79.3138,43.7772
9001661234,15431,Driver,unknown,None,"Automobile, Station Wagon",Going Ahead,1,0,1,0,0,0,0,0,0,0,0,0,0,20,2023,Clear,Dark,-79.3138,43.7772
9001678425,15436,Motorcycle Driver,20 to 24,Major,Motorcycle,Going Ahead,0,0,1,1,0,0,0,0,1,1,0,0,0,14,1448,Clear,Daylight,-79.568,43.6479
9001678425,15437,Driver,30 to 34,None,"Automobile, Station Wagon",Going Ahead,0,0,1,1,0,0,0,0,1,1,0,0,0,14,1448,Clear,Daylight,-79.568,43.6479
9001678425,15438,Motorcycle Driver,unknown,None,Motorcycle,Going Ahead,0,0,1,1,0,0,0,0,1,1,0,0,0,14,1448,Clear,Daylight,-79.568,43.6479
9001693858,15350,Passenger,45 to 49,Minimal,NULL,NULL,0,0,1,0,0,0,0,1,1,1,1,1,0,17,1722,Clear,Daylight,-79.3044,43.7188
9001693858,15246,Driver,50 to 54,None,"Automobile, Station Wagon",Going Ahead,0,0,1,0,0,0,0,1,1,1,1,1,0,17,1722,Clear,Daylight,-79.3044,43.7188
9001693858,15142,Driver,50 to 54,Major,"Automobile, Station Wagon",Going Ahead,0,0,1,0,0,0,0,1,1,1,1,1,0,17,1722,Clear,Daylight,-79.3044,43.7188
9001718859,15840,Cyclist,45 to 49,Major,Bicycle,Going Ahead,0,1,1,0,0,0,0,0,0,0,0,1,0,1,106,Clear,Dark,-79.4,43.6443
9001718859,15759,Driver,20 to 24,None,"Automobile, Station Wagon",Turning Right,0,1,1,0,0,0,0,0,0,0,0,1,0,1,106,Clear,Dark,-79.4,43.6443
8001849626,15602,Passenger,30 to 34,Minimal,NULL,NULL,0,0,1,1,0,0,0,1,1,1,0,0,0,19,1850,Clear,Daylight,-79.1947,43.7619
8001928612,15630,Driver,25 to 29,None,Pick Up Truck,Turning Left,1,0,1,0,0,0,0,0,0,0,0,0,0,6,630,Clear,"Dark, artificial",-79.427,43.7078
8001928612,15631,Pedestrian,30 to 34,Major,NULL,NULL,1,0,1,0,0,0,0,0,0,0,0,0,0,6,630,Clear,"Dark, artificial",-79.427,43.7078
8002051381,15760,Driver,20 to 24,None,"Automobile, Station Wagon",Turning Left,0,1,1,0,0,0,0,0,0,0,0,0,0,23,2315,Rain,"Dark, artificial",-79.481,43.7846
8002051381,15761,Cyclist,15 to 19,Major,Bicycle,Going Ahead,0,1,1,0,0,0,0,0,0,0,0,0,0,23,2315,Rain,"Dark, artificial",-79.481,43.7846
8002063591,15766,Cyclist,20 to 24,Major,Bicycle,Turning Left,0,1,1,0,0,0,0,0,0,0,0,0,0,19,1900,Clear,Dark,-79.4047,43.6688
8002063591,15767,Driver,25 to 29,None,"Automobile, Station Wagon",Turning Left,0,1,1,0,0,0,0,0,0,0,0,0,0,19,1900,Clear,Dark,-79.4047,43.6688
8002123284,15791,Passenger,30 to 34,Minor,NULL,NULL,0,0,1,0,0,0,0,1,0,1,1,0,0,7,720,Clear,Daylight,-79.394,43.6686
8002123284,15788,Driver,20 to 24,Minor,"Automobile, Station Wagon",Going Ahead,0,0,1,0,0,0,0,1,0,1,1,0,0,7,720,Clear,Daylight,-79.394,43.6686
8002123284,15789,Driver,25 to 29,Minimal,Delivery Van,Going Ahead,0,0,1,0,0,0,0,1,0,1,1,0,0,7,720,Clear,Daylight,-79.394,43.6686
8002123284,15790,Passenger,20 to 24,Major,NULL,NULL,0,0,1,0,0,0,0,1,0,1,1,0,0,7,720,Clear,Daylight,-79.394,43.6686
8002128352,15792,Driver,60 to 64,None,"Automobile, Station Wagon",Turning Left,1,0,1,0,0,0,0,1,0,1,0,0,0,6,617,Clear,Dark,-79.2739,43.8224
8002128352,15793,Passenger,20 to 24,None,NULL,NULL,1,0,1,0,0,0,0,1,0,1,0,0,0,6,617,Clear,Dark,-79.2739,43.8224
8002128352,15794,Pedestrian,30 to 34,Major,NULL,NULL,1,0,1,0,0,0,0,1,0,1,0,0,0,6,617,Clear,Dark,-79.2739,43.8224
8002202544,15004,Driver,55 to 59,None,"Automobile, Station Wagon",Going Ahead,0,0,1,0,0,0,0,0,0,1,0,0,0,14,1440,Clear,Daylight,-79.4731,43.6857
8002202544,15005,Driver,30 to 34,Major,"Automobile, Station Wagon",Going Ahead,0,0,1,0,0,0,0,0,0,1,0,0,0,14,1440,Clear,Daylight,-79.4731,43.6857
8002203899,15013,Driver,45 to 49,None,"Automobile, Station Wagon",Turning Left,1,0,1,0,0,0,0,0,0,1,0,0,0,18,1750,Clear,Dark,-79.5634,43.7047
8002203899,15014,Pedestrian,65 to 69,Major,NULL,NULL,1,0,1,0,0,0,0,0,0,1,0,0,0,18,1750,Clear,Dark,-79.5634,43.7047
8002244914,15022,Driver,35 to 39,Major,"Automobile, Station Wagon",Going Ahead,0,0,1,0,0,0,0,0,0,0,0,0,0,0,27,Snow,"Dark, artificial",-79.3916,43.7828
8002244914,15023,Driver,20 to 24,Minor,"Automobile, Station Wagon",Going Ahead,0,0,1,0,0,0,0,0,0,0,0,0,0,0,27,Snow,"Dark, artificial",-79.3916,43.7828
8002244914,15024,Driver,25 to 29,None,"Automobile, Station Wagon",Going Ahead,0,0,1,0,0,0,0,0,0,0,0,0,0,0,27,Snow,"Dark, artificial",-79.3916,43.7828
8002245661,15027,Driver,65 to 69,None,"Automobile, Station Wagon",Going Ahead,1,0,1,0,0,0,0,0,0,0,0,0,0,6,600,Clear,"Dark, artificial",-79.5801,43.7117
8002245661,15028,Pedestrian,25 to 29,Major,NULL,NULL,1,0,1,0,0,0,0,0,0,0,0,0,0,6,600,Clear,"Dark, artificial",-79.5801,43.7117