ACCNUM,ObjectId,INVTYPE,INVAGE,INJURY,VEHTYPE,MANOEUVER,PEDESTRIAN,CYCLIST,AUTOMOBILE,MOTORCYCLE,TRUCK,TRSN_CITY_VEH,EMERG_VEH,PASSENGER,SPEEDING,AG_DRIV,REDLIGHT,ALCOHOL,DISABILITY,HOUR,TIME,VISIBILITY,LIGHT,collision_lat,collision_long
8002273924,15045,Driver,30 to 34,None,Pick Up Truck,Turning Left,1,0,1,0,0,0,0,1,0,1,0,0,0,18,1811,Clear,"Dark, artificial",-79.4426,43.7062
8002273924,15046,Passenger,30 to 34,None,NULL,NULL,1,0,1,0,0,0,0,1,0,1,0,0,0,18,1811,Clear,"Dark, artificial",-79.4426,43.7062
8002273924,15047,Passenger,30 to 34,None,NULL,NULL,1,0,1,0,0,0,0,1,0,1,0,0,0,18,1811,Clear,"Dark, artificial",-79.4426,43.7062
8002273924,15049,Pedestrian,50 to 54,Major,NULL,NULL,1,0,1,0,0,0,0,1,0,1,0,0,0,18,1811,Clear,"Dark, artificial",-79.4426,43.7062
8002279854,15053,Driver,50 to 54,None,"Automobile, Station Wagon",Turning Right,1,0,1,0,0,0,0,0,0,1,0,0,0,16,1602,Clear,"Dark, artificial",-79.5229,43.7681
8002279854,15054,Pedestrian,65 to 69,Major,NULL,NULL,1,0,1,0,0,0,0,0,0,1,0,0,0,16,1602,Clear,"Dark, artificial",-79.5229,43.7681
8002342250,15076,Driver,40 to 44,None,"Automobile, Station Wagon",Going Ahead,0,0,1,0,0,0,0,1,0,1,0,0,0,12,1205,Clear,Daylight,-79.5169,43.6288
8002342250,15077,Driver,55 to 59,None,"Automobile, Station Wagon",Stopped,0,0,1,0,0,0,0,1,0,1,0,0,0,12,1205,Clear,Daylight,-79.5169,43.6288
8002342250,15078,Passenger,20 to 24,Major,NULL,NULL,0,0,1,0,0,0,0,1,0,1,0,0,0,12,1205,Clear,Daylight,-79.5169,43.6288
8002355627,15081,Passenger,10 to 14,Minor,NULL,NULL,0,0,1,0,0,0,0,1,0,1,0,1,0,21,2050,Clear,"Dark, artificial",-79.5906,43.7369
8002355627,15082,Passenger,0 to 4,None,NULL,NULL,0,0,1,0,0,0,0,1,0,1,0,1,0,21,2050,Clear,"Dark, artificial",-79.5906,43.7369
8002355627,15083,Other,35 to 39,Major,NULL,NULL,0,0,1,0,0,0,0,1,0,1,0,1,0,21,2050,Clear,"Dark, artificial",-79.5906,43.7369
8002355627,15084,Driver,25 to 29,Minor,"Automobile, Station Wagon",Going Ahead,0,0,1,0,0,0,0,1,0,1,0,1,0,21,2050,Clear,"Dark, artificial",-79.5906,43.7369
8002355627,15085,Driver,40 to 44,Minor,"Automobile, Station Wagon",Going Ahead,0,0,1,0,0,0,0,1,0,1,0,1,0,21,2050,Clear,"Dark, artificial",-79.5906,43.7369
9000054230,15149,Driver,unknown,None,"Automobile, Station Wagon",Going Ahead,1,0,1,0,0,0,0,0,1,1,0,0,0,19,1853,Clear,"Dark, artificial",-79.2922,43.7822
9000054230,15150,Pedestrian,85 to 89,Major,NULL,NULL,1,0,1,0,0,0,0,0,1,1,0,0,0,19,1853,Clear,"Dark, artificial",-79.2922,43.7822
9000119525,15171,Driver,25 to 29,None,"Automobile, Station Wagon",Going Ahead,1,0,1,0,0,0,0,0,0,0,0,0,0,21,2115,Snow,"Dark, artificial",-79.4018,43.6418
9000119525,15172,Pedestrian,40 to 44,Major,NULL,NULL,1,0,1,0,0,0,0,0,0,0,0,0,0,21,2115,Snow,"Dark, artificial",-79.4018,43.6418
9000242055,15206,Driver,20 to 24,None,"Automobile, Station Wagon",Going Ahead,0,0,1,0,0,0,0,1,1,1,0,0,0,16,1642,Rain,"Dark, artificial",-79.3073,43.75
9000242055,15207,Driver,40 to 44,Minimal,"Automobile, Station Wagon",Going Ahead,0,0,1,0,0,0,0,1,1,1,0,0,0,16,1642,Rain,"Dark, artificial",-79.3073,43.75
9000242055,15208,Passenger,25 to 29,Major,NULL,NULL,0,0,1,0,0,0,0,1,1,1,0,0,0,16,1642,Rain,"Dark, artificial",-79.3073,43.75
9000524060,15704,Driver,35 to 39,Fatal,Municipal Transit Bus (TTC),Turning Left,0,0,1,0,0,1,0,0,0,1,0,0,0,3,330,Other,Other,-79.4925,43.7434
9000524060,15703,Driver,25 to 29,None,"Automobile, Station Wagon",Going Ahead,0,0,1,0,0,1,0,0,0,1,0,0,0,3,330,Other,Other,-79.4925,43.7434
9000618680,15733,Driver,65 to 69,Minimal,"Automobile, Station Wagon",Slowing or Stopping,0,0,1,0,0,0,0,0,1,1,0,0,0,10,1041,Clear,Daylight,-79.3313,43.793
9000618680,15734,Driver,55 to 59,Minor,"Automobile, Station Wagon",Going Ahead,0,0,1,0,0,0,0,0,1,1,0,0,0,10,1041,Clear,Daylight,-79.3313,43.793
9000618680,15735,Driver,40 to 44,Fatal,"Automobile, Station Wagon",Slowing or Stopping,0,0,1,0,0,0,0,0,1,1,0,0,0,10,1041,Clear,Daylight,-79.3313,43.793
9000657461,15749,Driver,unknown,None,"Automobile, Station Wagon",Going Ahead,0,0,1,0,0,0,0,1,1,1,0,0,0,24,2355,Clear,"Dark, artificial",-79.5105,43.6455
9000657461,15750,Driver,70 to 74,None,"Automobile, Station Wagon",Going Ahead,0,0,1,0,0,0,0,1,1,1,0,0,0,24,2355,Clear,"Dark, artificial",-79.5105,43.6455
9000657461,15751,Driver,30 to 34,Major,"Automobile, Station Wagon",Going Ahead,0,0,1,0,0,0,0,1,1,1,0,0,0,24,2355,Clear,"Dark, artificial",-79.5105,43.6455
9000657461,15108,Passenger,70 to 74,None,NULL,NULL,0,0,1,0,0,0,0,1,1,1,0,0,0,24,2355,Clear,"Dark, artificial",-79.5105,43.6455
9000727833,15266,Driver,50 to 54,None,"Automobile, Station Wagon",Making U Turn,0,0,1,1,0,0,0,0,0,0,0,0,0,6,552,Clear,"Dark, artificial",-79.2914,43.6904
9000727833,15267,Motorcycle Driver,25 to 29,Major,Motorcycle,Going Ahead,0,0,1,1,0,0,0,0,0,0,0,0,0,6,552,Clear,"Dark, artificial",-79.2914,43.6904
9000738008,15272,Driver,35 to 39,Major,Other,Going Ahead,0,0,0,0,1,0,0,0,0,1,0,0,0,15,1500,Clear,Daylight,-79.2576,43.8098
9000738008,15273,Truck Driver,60 to 64,None,"Truck - Closed (Blazer, etc)",Turning Right,0,0,0,0,1,0,0,0,0,1,0,0,0,15,1500,Clear,Daylight,-79.2576,43.8098
9000786500,15277,Driver,55 to 59,None,"Automobile, Station Wagon",Turning Left,1,0,1,0,0,0,0,0,0,1,0,0,0,16,1634,Rain,Daylight,-79.2827,43.7161
9000786500,15278,Pedestrian,15 to 19,Major,NULL,NULL,1,0,1,0,0,0,0,0,0,1,0,0,0,16,1634,Rain,Daylight,-79.2827,43.7161
9000969517,15326,Driver,unknown,None,"Automobile, Station Wagon",Turning Right,0,1,1,0,0,0,0,0,0,1,0,0,0,9,910,Clear,Daylight,-79.3863,43.6479
9000969517,15327,Cyclist,20 to 24,Major,Bicycle,Going Ahead,0,1,1,0,0,0,0,0,0,1,0,0,0,9,910,Clear,Daylight,-79.3863,43.6479
9001006697,15119,Cyclist,30 to 34,Major,Bicycle,Going Ahead,0,1,1,0,0,0,0,0,0,1,0,0,0,15,1515,Clear,Daylight,-79.46,43.6546
9001006697,15106,Driver,60 to 64,None,"Automobile, Station Wagon",Turning Left,0,1,1,0,0,0,0,0,0,1,0,0,0,15,1515,Clear,Daylight,-79.46,43.6546
9001007644,15138,Driver,25 to 29,None,"Automobile, Station Wagon",Going Ahead,0,1,1,0,0,0,0,0,0,0,0,0,0,18,1827,Clear,Daylight,-79.4587,43.6644
9001007644,15132,Cyclist,15 to 19,Major,Bicycle,Turning Left,0,1,1,0,0,0,0,0,0,0,0,0,0,18,1827,Clear,Daylight,-79.4587,43.6644
9001042474,15755,Driver,60 to 64,Minimal,"Automobile, Station Wagon",Going Ahead,1,0,1,0,0,0,0,0,0,0,0,0,0,16,1550,Clear,Daylight,-79.4173,43.7869
9001042474,15758,Pedestrian,70 to 74,Major,NULL,NULL,1,0,1,0,0,0,0,0,0,0,0,0,0,16,1550,Clear,Daylight,-79.4173,43.7869
9001093937,15940,Driver,80 to 84,Fatal,"Automobile, Station Wagon",Going Ahead,0,0,1,0,0,0,0,1,0,0,0,0,1,19,1934,Clear,Daylight,-79.3411,43.7761
9001093937,15941,Driver,25 to 29,Minimal,"Automobile, Station Wagon",Turning Left,0,0,1,0,0,0,0,1,0,0,0,0,1,19,1934,Clear,Daylight,-79.3411,43.7761
9001093937,15942,Passenger,25 to 29,Minimal,"Automobile, Station Wagon",NULL,0,0,1,0,0,0,0,1,0,0,0,0,1,19,1934,Clear,Daylight,-79.3411,43.7761
9001143584,15954,Pedestrian,35 to 39,Fatal,NULL,NULL,1,0,1,0,0,0,0,0,0,0,0,0,0,13,1315,Clear,Daylight,-79.3617,43.6602
9001143584,15955,Driver,40 to 44,None,"Automobile, Station Wagon",Going Ahead,1,0,1,0,0,0,0,0,0,0,0,0,0,13,1315,Clear,Daylight,-79.3617,43.6602
9001177168,15968,Driver,30 to 34,None,"Automobile, Station Wagon",Turning Left,0,0,1,1,0,0,0,0,0,0,0,0,0,8,820,Clear,Daylight,-79.3086,43.753
9001177168,15969,Motorcycle Driver,30 to 34,Major,Motorcycle,Going Ahead,0,0,1,1,0,0,0,0,0,0,0,0,0,8,820,Clear,Daylight,-79.3086,43.753
9001182674,15980,Driver,65 to 69,Minimal,"Automobile, Station Wagon",Turning Left,0,0,1,1,0,0,0,0,0,1,0,0,0,22,2213,Clear,"Dark, artificial",-79.4644,43.7693
9001182674,15981,Motorcycle Driver,55 to 59,Major,Motorcycle,Going Ahead,0,0,1,1,0,0,0,0,0,1,0,0,0,22,2213,Clear,"Dark, artificial",-79.4644,43.7693
9001184914,15982,Driver,40 to 44,None,Truck - Open,Going Ahead,1,0,0,0,1,0,0,0,0,0,0,0,0,9,902,Clear,Daylight,-79.378,43.6526
9001184914,15983,Pedestrian,55 to 59,Fatal,NULL,NULL,1,0,0,0,1,0,0,0,0,0,0,0,0,9,902,Clear,Daylight,-79.378,43.6526
9001317528,15479,Motorcycle Driver,25 to 29,Major,Motorcycle,Going Ahead,0,0,1,1,0,0,0,1,1,1,0,0,0,13,1309,Clear,Daylight,-79.3073,43.7425
9001317528,15480,Driver,40 to 44,None,"Automobile, Station Wagon",Changing Lanes,0,0,1,1,0,0,0,1,1,1,0,0,0,13,1309,Clear,Daylight,-79.3073,43.7425
9001317528,15481,Passenger,35 to 39,None,NULL,NULL,0,0,1,1,0,0,0,1,1,1,0,0,0,13,1309,Clear,Daylight,-79.3073,43.7425
9001778423,15877,Truck Driver,60 to 64,None,Truck - Dump,Going Ahead,0,0,1,0,1,0,0,0,0,0,0,0,0,10,1016,Clear,Daylight,-79.2699,43.7905
9001778423,15876,Driver,20 to 24,Major,"Automobile, Station Wagon",Going Ahead,0,0,1,0,1,0,0,0,0,0,0,0,0,10,1016,Clear,Daylight,-79.2699,43.7905
9001943397,15913,Driver,20 to 24,None,"Automobile, Station Wagon",Going Ahead,1,0,1,0,0,0,0,0,0,0,0,0,0,17,1735,Clear,Daylight,-79.3858,43.6607
9001943397,15914,Pedestrian,45 to 49,Major,NULL,NULL,1,0,1,0,0,0,0,0,0,0,0,0,0,17,1735,Clear,Daylight,-79.3858,43.6607
9001955336,15917,Motorcycle Driver,50 to 54,Major,Motorcycle,Going Ahead,0,0,1,1,0,0,0,0,0,1,0,0,0,9,932,Clear,Daylight,-79.3826,43.6394
9001955336,15918,Driver,40 to 44,None,"Automobile, Station Wagon",Turning Left,0,0,1,1,0,0,0,0,0,1,0,0,0,9,932,Clear,Daylight,-79.3826,43.6394
9002016124,16315,Passenger,20 to 24,None,NULL,NULL,1,0,1,0,0,0,0,1,0,1,0,1,0,2,248,Clear,"Dark, artificial",-79.6043,43.7559
9002016124,16316,Pedestrian,25 to 29,Major,NULL,NULL,1,0,1,0,0,0,0,1,0,1,0,1,0,2,248,Clear,"Dark, artificial",-79.6043,43.7559
9002016124,16317,Pedestrian,20 to 24,Major,NULL,NULL,1,0,1,0,0,0,0,1,0,1,0,1,0,2,248,Clear,"Dark, artificial",-79.6043,43.7559
9002016124,16314,Driver,20 to 24,None,"Automobile, Station Wagon",Going Ahead,1,0,1,0,0,0,0,1,0,1,0,1,0,2,248,Clear,"Dark, artificial",-79.6043,43.7559
9002063791,16326,Driver,60 to 64,None,"Automobile, Station Wagon",Turning Left,0,1,1,0,0,0,0,0,0,1,0,0,0,20,2028,Clear,"Dark, artificial",-79.4098,43.7885
9002063791,16327,Cyclist,20 to 24,Major,Bicycle,Going Ahead,0,1,1,0,0,0,0,0,0,1,0,0,0,20,2028,Clear,"Dark, artificial",-79.4098,43.7885
9002113038,16350,Driver,25 to 29,None,"Automobile, Station Wagon",Going Ahead,1,0,1,0,0,0,0,0,0,1,0,0,0,18,1825,Clear,Dusk,-79.4074,43.6758
9002113038,16351,Pedestrian,45 to 49,Major,NULL,NULL,1,0,1,0,0,0,0,0,0,1,0,0,0,18,1825,Clear,Dusk,-79.4074,43.6758
9002192000,16373,Driver,65 to 69,Fatal,"Automobile, Station Wagon",Going Ahead,0,0,1,0,0,0,0,0,0,1,0,0,0,9,943,Clear,Daylight,-79.4576,43.7133
9002192000,16374,Driver,40 to 44,None,Pick Up Truck,Going Ahead,0,0,1,0,0,0,0,0,0,1,0,0,0,9,943,Clear,Daylight,-79.4576,43.7133
9002192530,16375,Truck Driver,60 to 64,None,Truck - Tank,Turning Right,1,0,0,0,1,0,0,0,0,1,0,0,0,11,1051,Snow,Daylight,-79.478,43.7085
9002192530,16376,Pedestrian,20 to 24,Fatal,NULL,NULL,1,0,0,0,1,0,0,0,0,1,0,0,0,11,1051,Snow,Daylight,-79.478,43.7085
9002239655,16384,Driver,80 to 84,Minimal,"Automobile, Station Wagon",Turning Left,0,0,1,0,0,0,0,0,0,1,0,0,0,10,951,Clear,Daylight,-79.2959,43.7483
9002239655,16011,Driver,20 to 24,Major,"Automobile, Station Wagon",Going Ahead,0,0,1,0,0,0,0,0,0,1,0,0,0,10,951,Clear,Daylight,-79.2959,43.7483
9002274826,16613,Passenger,15 to 19,Minor,NULL,NULL,0,0,1,0,0,0,0,1,0,1,0,0,0,12,1210,Clear,Daylight,-79.3408,43.7275
9002274826,16614,Driver,15 to 19,Minor,"Automobile, Station Wagon",Going Ahead,0,0,1,0,0,0,0,1,0,1,0,0,0,12,1210,Clear,Daylight,-79.3408,43.7275
9002274826,16615,Passenger,15 to 19,Fatal,NULL,NULL,0,0,1,0,0,0,0,1,0,1,0,0,0,12,1210,Clear,Daylight,-79.3408,43.7275
9002274826,16616,Passenger,15 to 19,Minor,NULL,NULL,0,0,1,0,0,0,0,1,0,1,0,0,0,12,1210,Clear,Daylight,-79.3408,43.7275
9002274826,16617,Driver,40 to 44,Minimal,"Automobile, Station Wagon",Turning Left,0,0,1,0,0,0,0,1,0,1,0,0,0,12,1210,Clear,Daylight,-79.3408,43.7275
9002276399,16618,Cyclist,45 to 49,Major,Bicycle,Going Ahead,0,1,1,0,0,0,0,0,0,0,0,0,0,16,1609,Clear,Daylight,-79.3865,43.6388
9002276399,16619,Driver,25 to 29,None,Pick Up Truck,Going Ahead,0,1,1,0,0,0,0,0,0,0,0,0,0,16,1609,Clear,Daylight,-79.3865,43.6388
9002354607,16635,Pedestrian,75 to 79,Fatal,NULL,Going Ahead,1,0,1,0,0,0,0,0,0,0,0,0,0,17,1720,Clear,Dark,-79.4886,43.7538
9002354607,16636,Driver,25 to 29,None,"Automobile, Station Wagon",Going Ahead,1,0,1,0,0,0,0,0,0,0,0,0,0,17,1720,Clear,Dark,-79.4886,43.7538
9002365700,16639,Driver,35 to 39,None,"Automobile, Station Wagon",Turning Left,0,0,1,1,0,0,0,0,1,1,0,0,0,12,1205,Clear,Daylight,-79.2854,43.6917
9002365700,16640,Motorcycle Driver,40 to 44,Major,Motorcycle,Going Ahead,0,0,1,1,0,0,0,0,1,1,0,0,0,12,1205,Clear,Daylight,-79.2854,43.6917
9002365700,16641,Driver,45 to 49,None,"Automobile, Station Wagon",Going Ahead,0,0,1,1,0,0,0,0,1,1,0,0,0,12,1205,Clear,Daylight,-79.2854,43.6917
9002403770,16655,Driver,40 to 44,None,"Automobile, Station Wagon",Turning Right,0,1,1,0,0,0,0,0,0,1,0,0,0,17,1653,Clear,"Dusk, artificial",-79.5189,43.6455
9002403770,16656,Cyclist,15 to 19,Major,Bicycle,Going Ahead,0,1,1,0,0,0,0,0,0,1,0,0,0,17,1653,Clear,"Dusk, artificial",-79.5189,43.6455
9001317528,15482,Passenger,70 to 74,None,NULL,NULL,0,0,1,1,0,0,0,1,1,1,0,0,0,13,1309,Clear,Daylight,-79.3073,43.7425
9001317528,15483,Passenger,0 to 4,None,NULL,NULL,0,0,1,1,0,0,0,1,1,1,0,0,0,13,1309,Clear,Daylight,-79.3073,43.7425
9001317528,15484,Passenger,0 to 4,None,NULL,NULL,0,0,1,1,0,0,0,1,1,1,0,0,0,13,1309,Clear,Daylight,-79.3073,43.7425
9001407311,15514,Cyclist,50 to 54,Major,Bicycle,Turning Left,0,1,1,0,0,0,0,1,0,0,0,0,0,14,1436,Clear,Daylight,-79.5234,43.6216
9001407311,15515,Driver,35 to 39,None,"Automobile, Station Wagon",Going Ahead,0,1,1,0,0,0,0,1,0,0,0,0,0,14,1436,Clear,Daylight,-79.5234,43.6216
9001407311,15516,Cyclist Passenger,25 to 29,Major,NULL,NULL,0,1,1,0,0,0,0,1,0,0,0,0,0,14,1436,Clear,Daylight,-79.5234,43.6216
9001417397,15527,Driver,25 to 29,Minor,"Automobile, Station Wagon",Going Ahead,0,0,1,0,0,0,0,1,1,1,0,0,0,1,148,Clear,"Dark, artificial",-79.2618,43.7405
9001417397,15528,Passenger,20 to 24,Major,NULL,NULL,0,0,1,0,0,0,0,1,1,1,0,0,0,1,148,Clear,"Dark, artificial",-79.2618,43.7405
9001437273,15538,Driver,45 to 49,None,"Automobile, Station Wagon",Turning Right,1,0,1,0,0,0,0,1,0,0,0,0,0,22,2153,Clear,"Dark, artificial",-79.486,43.6945
9001437273,15539,Passenger,5 to 9,None,NULL,NULL,1,0,1,0,0,0,0,1,0,0,0,0,0,22,2153,Clear,"Dark, artificial",-79.486,43.6945
9001437273,15540,Pedestrian,45 to 49,Major,NULL,NULL,1,0,1,0,0,0,0,1,0,0,0,0,0,22,2153,Clear,"Dark, artificial",-79.486,43.6945
9001444522,15549,Driver,30 to 34,None,Street Car,Going Ahead,1,0,0,0,0,1,0,1,0,0,0,0,0,21,2147,Clear,"Dark, artificial",-79.4264,43.6425
9001444522,15550,Driver - Not Hit,30 to 34,None,NULL,NULL,1,0,0,0,0,1,0,1,0,0,0,0,0,21,2147,Clear,"Dark, artificial",-79.4264,43.6425
9001444522,15551,Passenger,30 to 34,None,NULL,NULL,1,0,0,0,0,1,0,1,0,0,0,0,0,21,2147,Clear,"Dark, artificial",-79.4264,43.6425
9001444522,15552,Pedestrian,35 to 39,Major,NULL,NULL,1,0,0,0,0,1,0,1,0,0,0,0,0,21,2147,Clear,"Dark, artificial",-79.4264,43.6425
9001464052,15556,Motorcycle Driver,25 to 29,Major,Motorcycle,Going Ahead,0,0,0,1,0,0,0,0,0,0,0,0,0,14,1435,Clear,Daylight,-79.4823,43.7074
9001466378,15346,Motorcycle Driver,15 to 19,Major,Motorcycle,Going Ahead,0,0,1,1,0,0,0,1,1,1,0,0,0,20,2027,Clear,"Dark, artificial",-79.4698,43.6371
9001466378,15351,Motorcycle Passenger,15 to 19,Major,NULL,NULL,0,0,1,1,0,0,0,1,1,1,0,0,0,20,2027,Clear,"Dark, artificial",-79.4698,43.6371
9001466378,15245,Driver,20 to 24,None,"Automobile, Station Wagon",Turning Left,0,0,1,1,0,0,0,1,1,1,0,0,0,20,2027,Clear,"Dark, artificial",-79.4698,43.6371
9001563776,15388,Driver,75 to 79,None,"Automobile, Station Wagon",Going Ahead,1,0,1,0,0,0,0,0,0,0,0,0,0,12,1235,Clear,Daylight,-79.3456,43.7795
9001563776,15389,Pedestrian,75 to 79,Major,NULL,NULL,1,0,1,0,0,0,0,0,0,0,0,0,0,12,1235,Clear,Daylight,-79.3456,43.7795
9001563776,15390,Pedestrian,70 to 74,Minor,NULL,NULL,1,0,1,0,0,0,0,0,0,0,0,0,0,12,1235,Clear,Daylight,-79.3456,43.7795
9001605294,15418,Truck Driver,35 to 39,None,"Truck - Closed (Blazer, etc)",Going Ahead,0,0,0,0,1,1,0,1,0,1,0,0,0,8,752,Clear,Daylight,-79.4157,43.6766
9001605294,15419,Driver,25 to 29,Minimal,Municipal Transit Bus (TTC),Stopped,0,0,0,0,1,1,0,1,0,1,0,0,0,8,752,Clear,Daylight,-79.4157,43.6766
9001605294,15420,Passenger,25 to 29,None,NULL,NULL,0,0,0,0,1,1,0,1,0,1,0,0,0,8,752,Clear,Daylight,-79.4157,43.6766
9001605294,15421,Passenger,40 to 44,Major,NULL,NULL,0,0,0,0,1,1,0,1,0,1,0,0,0,8,752,Clear,Daylight,-79.4157,43.6766
9001605294,15422,Passenger,60 to 64,Minimal,NULL,NULL,0,0,0,0,1,1,0,1,0,1,0,0,0,8,752,Clear,Daylight,-79.4157,43.6766
9001911446,15907,Driver,45 to 49,None,"Automobile, Station Wagon",Turning Left,1,0,1,0,0,0,0,0,0,1,0,0,0,10,955,Clear,Daylight,-79.4138,43.7034
9001911446,15908,Pedestrian,40 to 44,Major,NULL,NULL,1,0,1,0,0,0,0,0,0,1,0,0,0,10,955,Clear,Daylight,-79.4138,43.7034
9001957432,15919,Cyclist,30 to 34,Major,Bicycle,Going Ahead,0,1,1,0,0,0,0,0,0,0,0,0,0,14,1429,Clear,Daylight,-79.4242,43.6781
9001957432,15920,Driver,45 to 49,None,"Automobile, Station Wagon",Going Ahead,0,1,1,0,0,0,0,0,0,0,0,0,0,14,1429,Clear,Daylight,-79.4242,43.6781
9002039731,16318,Driver,60 to 64,None,"Automobile, Station Wagon",Going Ahead,1,0,1,0,0,0,0,0,0,0,0,0,0,18,1756,Clear,Daylight,-79.294,43.8185
9002039731,16319,Pedestrian,80 to 84,Major,NULL,NULL,1,0,1,0,0,0,0,0,0,0,0,0,0,18,1756,Clear,Daylight,-79.294,43.8185
9002056879,16324,Driver,20 to 24,Major,"Automobile, Station Wagon",Changing Lanes,0,0,1,0,0,0,0,1,0,0,0,0,0,21,2120,Clear,"Dark, artificial",-79.3617,43.7061
9002056879,16325,Passenger,55 to 59,Minimal,NULL,NULL,0,0,1,0,0,0,0,1,0,0,0,0,0,21,2120,Clear,"Dark, artificial",-79.3617,43.7061
9002080634,16338,Pedestrian,80 to 84,Fatal,NULL,NULL,1,0,1,0,0,0,0,0,0,0,0,0,0,10,1005,Clear,Daylight,-79.4856,43.6684
9002080634,16339,Pedestrian,65 to 69,Major,NULL,NULL,1,0,1,0,0,0,0,0,0,0,0,0,0,10,1005,Clear,Daylight,-79.4856,43.6684
9002080634,16340,Driver,50 to 54,None,Delivery Van,Turning Left,1,0,1,0,0,0,0,0,0,0,0,0,0,10,1005,Clear,Daylight,-79.4856,43.6684
9002086969,16341,Driver,35 to 39,None,"Automobile, Station Wagon",Turning Left,1,0,1,0,0,0,0,0,0,0,0,0,0,7,715,"Fog, Mist, Smoke, Dust","Dark, artificial",-79.2822,43.7693
9002086969,16342,Pedestrian,20 to 24,Major,NULL,NULL,1,0,1,0,0,0,0,0,0,0,0,0,0,7,715,"Fog, Mist, Smoke, Dust","Dark, artificial",-79.2822,43.7693
9002133907,16357,Driver,65 to 69,None,Passenger Van,Turning Left,1,0,1,0,0,0,0,0,0,1,0,0,0,7,720,Rain,Daylight,-79.4316,43.7153
9002133907,16358,Pedestrian,55 to 59,Major,NULL,NULL,1,0,1,0,0,0,0,0,0,1,0,0,0,7,720,Rain,Daylight,-79.4316,43.7153
9002151002,16361,Cyclist,75 to 79,Major,Bicycle,Changing Lanes,0,1,1,0,0,0,0,0,0,0,0,0,0,7,710,Clear,"Dawn, artificial",-79.3523,43.7825
9002151002,16362,Driver,35 to 39,None,"Automobile, Station Wagon",Going Ahead,0,1,1,0,0,0,0,0,0,0,0,0,0,7,710,Clear,"Dawn, artificial",-79.3523,43.7825
9002157584,16363,Driver,60 to 64,None,"Automobile, Station Wagon",Going Ahead,0,0,1,0,0,0,0,1,0,1,1,0,0,6,558,Clear,"Dark, artificial",-79.3,43.8252
9002157584,16364,Driver,55 to 59,None,Passenger Van,Going Ahead,0,0,1,0,0,0,0,1,0,1,1,0,0,6,558,Clear,"Dark, artificial",-79.3,43.8252
9002157584,16365,Driver,55 to 59,None,"Automobile, Station Wagon",Going Ahead,0,0,1,0,0,0,0,1,0,1,1,0,0,6,558,Clear,"Dark, artificial",-79.3,43.8252
9002157584,16366,Passenger,50 to 54,Major,NULL,NULL,0,0,1,0,0,0,0,1,0,1,1,0,0,6,558,Clear,"Dark, artificial",-79.3,43.8252
9002157584,16367,Passenger,45 to 49,Major,NULL,NULL,0,0,1,0,0,0,0,1,0,1,1,0,0,6,558,Clear,"Dark, artificial",-79.3,43.8252
9002258968,16401,Driver,unknown,None,"Automobile, Station Wagon",Going Ahead,1,0,1,0,0,0,0,0,0,0,0,0,0,23,2321,Clear,"Dark, artificial",-79.4256,43.6816
9002258968,16406,Pedestrian,80 to 84,Fatal,NULL,NULL,1,0,1,0,0,0,0,0,0,0,0,0,0,23,2321,Clear,"Dark, artificial",-79.4256,43.6816
9002266612,16611,Driver,35 to 39,None,"Automobile, Station Wagon",Going Ahead,0,0,1,0,0,0,0,0,1,1,0,0,0,3,257,Clear,"Dark, artificial",-79.2274,43.7293
9002266612,16612,Driver,45 to 49,Major,"Automobile, Station Wagon",Going Ahead,0,0,1,0,0,0,0,0,1,1,0,0,0,3,257,Clear,"Dark, artificial",-79.2274,43.7293
9002297507,16622,Truck Driver,55 to 59,None,Truck - Dump,Turning Right,1,0,0,0,1,0,0,0,0,1,0,0,0,14,1448,Clear,Daylight,-79.382,43.659
9002297507,16623,Pedestrian,65 to 69,Major,NULL,NULL,1,0,0,0,1,0,0,0,0,1,0,0,0,14,1448,Clear,Daylight,-79.382,43.659
9002374451,16642,Driver,25 to 29,None,"Automobile, Station Wagon",Turning Left,1,0,1,0,0,0,0,1,0,0,0,0,0,17,1732,Clear,"Dark, artificial",-79.3507,43.6777
9002374451,16643,Pedestrian,50 to 54,Major,NULL,NULL,1,0,1,0,0,0,0,1,0,0,0,0,0,17,1732,Clear,"Dark, artificial",-79.3507,43.6777
9002374451,16644,Passenger,20 to 24,None,NULL,NULL,1,0,1,0,0,0,0,1,0,0,0,0,0,17,1732,Clear,"Dark, artificial",-79.3507,43.6777
9002374451,16645,Passenger,25 to 29,None,NULL,NULL,1,0,1,0,0,0,0,1,0,0,0,0,0,17,1732,Clear,"Dark, artificial",-79.3507,43.6777
9002500056,16141,Driver,40 to 44,None,"Automobile, Station Wagon",Reversing,1,0,1,0,0,0,0,0,0,0,0,0,0,14,1439,Clear,Daylight,-79.4489,43.6765
9002500056,16148,Pedestrian,80 to 84,Major,NULL,NULL,1,0,1,0,0,0,0,0,0,0,0,0,0,14,1439,Clear,Daylight,-79.4489,43.6765